{"g1":{"pronunciation":"al'-fah","unicode":"Α","translit":"A","definition":"[Α] of Hebrew origin; the first letter of the alphabet; figuratively, only (from its use as a numeral) the first:  Often used (usually ἄν, before a vowel) also in composition (as a contraction from {{g427}}) in the sense of privation; so, in many words, beginning with this letter; occasionally in the sense of union (as a contraction of {{g260}}).","strongs_number":"g1"},"g2":{"pronunciation":"ah-ar-ohn'","unicode":"Ἀαρών","translit":"Aarṓn","definition":"[Ἀαρών] of Hebrew origin ({{h175}}); Aaron, the brother of Moses","strongs_number":"g2"},"g3":{"pronunciation":"ab-ad-dohn'","unicode":"Ἀβαδδών","translit":"Abaddṓn","definition":"[Ἀβαδδών] of Hebrew origin ({{h11}}); a destroying angel","strongs_number":"g3"},"g4":{"pronunciation":"ab-ar-ace'","unicode":"ἀβαρής","translit":"abarḗs","definition":"[ἀβαρής] from {{g1}} (as a negative particle) and {{g922}}; weightless, i.e. (figuratively) not burdensome","strongs_number":"g4"},"g5":{"pronunciation":"ab-bah'","unicode":"Ἀββᾶ","translit":"Abbâ","definition":"[Ἀββᾶ] of Chaldee origin ({{h2}}); father as a vocative","strongs_number":"g5"},"g6":{"pronunciation":"ab'-el","unicode":"Ἄβελ","translit":"Ábel","definition":"[Ἄβελ] of Hebrew origin ({{h1893}}); Abel, the son of Adam","strongs_number":"g6"},"g7":{"pronunciation":"ab-ee-ah'","unicode":"Ἀβιά","translit":"Abiá","definition":"[Ἀβιά] of Hebrew origin ({{h29}}); Abijah, the name of two Israelites","strongs_number":"g7"},"g8":{"pronunciation":"ab-ee-ath'-ar","unicode":"Ἀβιαθάρ","translit":"Abiathár","definition":"[Ἀβιαθάρ] of Hebrew origin ({{h54}}); Abiathar, an Israelite","strongs_number":"g8"},"g9":{"pronunciation":"ab-ee-lay-nay'","unicode":"Ἀβιληνή","translit":"Abilēnḗ","definition":"[Ἀβιληνή] of foreign origin (compare {{h58}}); Abilene, a region of Syria","strongs_number":"g9"},"g10":{"pronunciation":"ab-ee-ood'","unicode":"Ἀβιούδ","translit":"Abioúd","definition":"[Ἀβιούδ] of Hebrew origin ({{h31}}); Abihud, an Israelite","strongs_number":"g10"},"g11":{"pronunciation":"ab-rah-am'","unicode":"Ἀβραάμ","translit":"Abraám","definition":"[Ἀβραάμ] of Hebrew origin ({{h85}}); Abraham, the Hebrew patriarch (In Acts 7:16 the text should probably read Jacob.)","strongs_number":"g11"},"g12":{"pronunciation":"ab'-us-sos","unicode":"ἄβυσσος","translit":"ábyssos","definition":"[ἄβυσσος] from {{g1}} (as a negative particle) and a variation of {{g1037}}; depthless, i.e. (specially) (infernal) \"abyss\"","strongs_number":"g12"},"g13":{"pronunciation":"ag'-ab-os","unicode":"Ἄγαβος","translit":"Ágabos","definition":"[Ἄγαβος] of Hebrew origin (compare {{h2285}}); Agabus, an Israelite","strongs_number":"g13"},"g14":{"pronunciation":"ag-ath-er-gheh'-o","unicode":"ἀγαθοεργέω","translit":"agathoergéō","definition":"[ἀγαθοεργέω] from {{g18}} and {{g2041}}; to work good","strongs_number":"g14"},"g15":{"pronunciation":"ag-ath-op-oy-eh'-o","unicode":"ἀγαθοποιέω","translit":"agathopoiéō","definition":"[ἀγαθοποιέω] from {{g17}}; to be a well-doer (as a favor or a duty)","strongs_number":"g15"},"g16":{"pronunciation":"ag-ath-op-oy-ee'-ah","unicode":"ἀγαθοποιΐα","translit":"agathopoiḯa","definition":"[ἀγαθοποιΐα] from {{g17}}; well-doing, i.e. virtue","strongs_number":"g16"},"g17":{"pronunciation":"ag-ath-op-oy-os'","unicode":"ἀγαθοποιός","translit":"agathopoiós","definition":"[ἀγαθοποιός] from {{g18}} and {{g4160}}; a well-doer, i.e. virtuous","strongs_number":"g17"},"g18":{"pronunciation":"ag-ath-os'","unicode":"ἀγαθός","translit":"agathós","definition":"[ἀγαθός] a primary word; \"good\" (in any sense, often as noun) Compare {{g2570}}.","strongs_number":"g18"},"g19":{"pronunciation":"ag-ath-o-soo'-nay","unicode":"ἀγαθωσύνη","translit":"agathōsýnē","definition":"[ἀγαθωσύνη] from {{g18}}; goodness, i.e. virtue or beneficence","strongs_number":"g19"},"g20":{"pronunciation":"ag-al-lee'-as-is","unicode":"ἀγαλλίασις","translit":"agallíasis","definition":"[ἀγαλλίασις] from {{g21}}; exultation; specially, welcome","strongs_number":"g20"},"g21":{"pronunciation":"ag-al-lee-ah'-o","unicode":"ἀγαλλιάω","translit":"agalliáō","definition":"[ἀγαλλιάω] from agan (much) and {{g242}}; properly, to jump for joy, i.e. exult","strongs_number":"g21"},"g22":{"pronunciation":"ag'-am-os","unicode":"ἄγαμος","translit":"ágamos","definition":"[ἄγαμος] from {{g1}} (as a negative particle) and {{g1062}}; unmarried","strongs_number":"g22"},"g23":{"pronunciation":"ag-an-ak-teh'-o","unicode":"ἀγανακτέω","translit":"aganaktéō","definition":"[ἀγανακτέω] from ἄγαν (much) and ἄχθος (grief; akin to the base of {{g43}}); to be greatly afflicted, i.e. (figuratively) indignant","strongs_number":"g23"},"g24":{"pronunciation":"ag-an-ak'-tay-sis","unicode":"ἀγανάκτησις","translit":"aganáktēsis","definition":"[ἀγανάκτησις] from {{g23}}; indignation","strongs_number":"g24"},"g25":{"pronunciation":"ag-ap-ah'-o","unicode":"ἀγαπάω","translit":"agapáō","definition":"[ἀγαπάω] perhaps from ἄγαν (much) (or compare {{h5689}}); to love (in a social or moral sense) Compare {{g5368}}.","strongs_number":"g25"},"g26":{"pronunciation":"ag-ah'-pay","unicode":"ἀγάπη","translit":"agápē","definition":"[ἀγάπη] from {{g25}}; love, i.e. affection or benevolence; specially (plural) a love-feast","strongs_number":"g26"},"g27":{"pronunciation":"ag-ap-ay-tos'","unicode":"ἀγαπητός","translit":"agapētós","definition":"[ἀγαπητός] from {{g25}}; beloved","strongs_number":"g27"},"g28":{"pronunciation":"ag'-ar","unicode":"Ἄγαρ","translit":"Ágar","definition":"[Ἄγαρ] of Hebrew origin ({{h1904}}); Hagar, the concubine of Abraham","strongs_number":"g28"},"g29":{"pronunciation":"ang-ar-yew'-o","unicode":"ἀγγαρεύω","translit":"angareúō","definition":"[ἀγγαρεύω] of foreign origin (compare {{h104}}); properly, to be a courier, i.e. (by implication) to press into public service","strongs_number":"g29"},"g30":{"pronunciation":"ang-eye'-on","unicode":"ἀγγεῖον","translit":"angeîon","definition":"[ἀγγεῖον] from ἄγγος (a pail, perhaps as bent; compare the base of {{g43}}); a receptacle","strongs_number":"g30"},"g31":{"pronunciation":"ang-el-ee'-ah","unicode":"ἀγγελία","translit":"angelía","definition":"[ἀγγελία] from {{g32}}; an announcement, i.e. (by implication) precept","strongs_number":"g31"},"g32":{"pronunciation":"ang'-el-os","unicode":"ἄγγελος","translit":"ángelos","definition":"[ἄγγελος] from ἀγγέλλω (probably derived from {{g71}}; compare {{g34}}) (to bring tidings); a messenger; especially an \"angel\"; by implication, a pastor","strongs_number":"g32"},"g33":{"pronunciation":"ag'-eh","unicode":"ἄγε","translit":"áge","definition":"[ἄγε] imperative of {{g71}}; properly, lead, i.e. come on","strongs_number":"g33"},"g34":{"pronunciation":"ag-el'-ay","unicode":"ἀγέλη","translit":"agélē","definition":"[ἀγέλη] from {{g71}} (compare {{g32}}); a drove","strongs_number":"g34"},"g35":{"pronunciation":"ag-en-eh-al-og'-ay-tos","unicode":"ἀγενεαλόγητος","translit":"agenealógētos","definition":"[ἀγενεαλόγητος] from {{g1}} (as negative particle) and {{g1075}}; unregistered as to birth","strongs_number":"g35"},"g36":{"pronunciation":"ag-en-ace'","unicode":"ἀγενής","translit":"agenḗs","definition":"[ἀγενής] from {{g1}} (as negative particle) and {{g1085}}; properly, without kin, i.e. (of unknown descent, and by implication) ignoble","strongs_number":"g36"},"g37":{"pronunciation":"hag-ee-ad'-zo","unicode":"ἁγιάζω","translit":"hagiázō","definition":"[ἁγιάζω] from {{g40}}; to make holy, i.e. (ceremonially) purify or consecrate; (mentally) to venerate","strongs_number":"g37"},"g38":{"pronunciation":"hag-ee-as-mos'","unicode":"ἁγιασμός","translit":"hagiasmós","definition":"[ἁγιασμός] from {{g37}}; properly, purification, i.e. (the state) purity; concretely (by Hebraism) a purifier","strongs_number":"g38"},"g39":{"pronunciation":"hag'-ee-on","unicode":"ἅγιον","translit":"hágion","definition":"[ἅγιον] neuter of {{g40}}; a sacred thing (i.e. spot)","strongs_number":"g39"},"g40":{"pronunciation":"hag'-ee-os","unicode":"ἅγιος","translit":"hágios","definition":"[ἅγιος] from ἅγος (an awful thing) (compare {{g53}}, {{g2282}}); sacred (physically, pure, morally blameless or religious, ceremonially, consecrated)","strongs_number":"g40"},"g41":{"pronunciation":"hag-ee-ot'-ace","unicode":"ἁγιότης","translit":"hagiótēs","definition":"[ἁγιότης] from {{g40}}; sanctity (i.e. properly, the state)","strongs_number":"g41"},"g42":{"pronunciation":"hag-ee-o-soo'-nay","unicode":"ἁγιωσύνη","translit":"hagiōsýnē","definition":"[ἁγιωσύνη] from {{g40}}; sacredness (i.e. properly, the quality)","strongs_number":"g42"},"g43":{"pronunciation":"ang-kal'-ay","unicode":"ἀγκάλη","translit":"ankálē","definition":"[ἀγκάλη] from ἄγκος (a bend, \"ache\"); an arm (as curved)","strongs_number":"g43"},"g44":{"pronunciation":"ang'-kis-tron","unicode":"ἄγκιστρον","translit":"ánkistron","definition":"[ἄγκιστρον] from the same as {{g43}}; a hook (as bent)","strongs_number":"g44"},"g45":{"pronunciation":"ang'-koo-rah","unicode":"ἄγκυρα","translit":"ánkyra","definition":"[ἄγκυρα] from the same as {{g43}}; an \"anchor\" (as crooked)","strongs_number":"g45"},"g46":{"pronunciation":"ag'-naf-os","unicode":"ἄγναφος","translit":"ágnaphos","definition":"[ἄγναφος] from {{g1}} (as a negative particle) and the same as {{g1102}}; properly, unfulled, i.e. (by implication) new (cloth)","strongs_number":"g46"},"g47":{"pronunciation":"hag-ni'-ah","unicode":"ἁγνεία","translit":"hagneía","definition":"[ἁγνεία] from {{g53}}; cleanliness (the quality), i.e. (specially) chastity","strongs_number":"g47"},"g48":{"pronunciation":"hag-nid'-zo","unicode":"ἁγνίζω","translit":"hagnízō","definition":"[ἁγνίζω] from {{g53}}; to make clean, i.e. (figuratively) sanctify (ceremonially or morally)","strongs_number":"g48"},"g49":{"pronunciation":"hag-nis-mos'","unicode":"ἁγνισμός","translit":"hagnismós","definition":"[ἁγνισμός] from {{g48}}; a cleansing (the act), i.e. (ceremonially) lustration","strongs_number":"g49"},"g50":{"pronunciation":"ag-no-eh'-o","unicode":"ἀγνοέω","translit":"agnoéō","definition":"[ἀγνοέω] from {{g1}} (as a negative particle) and {{g3539}}; not to know (through lack of information or intelligence); by implication, to ignore (through disinclination)","strongs_number":"g50"},"g51":{"pronunciation":"ag-no'-ay-mah","unicode":"ἀγνόημα","translit":"agnóēma","definition":"[ἀγνόημα] from {{g50}}; a thing ignored, i.e. shortcoming","strongs_number":"g51"},"g52":{"pronunciation":"ag'-noy-ah","unicode":"ἄγνοια","translit":"ágnoia","definition":"[ἄγνοια] from {{g50}}; ignorance (properly, the quality)","strongs_number":"g52"},"g53":{"pronunciation":"hag-nos'","unicode":"ἁγνός","translit":"hagnós","definition":"[ἁγνός] from the same as {{g40}}; properly, clean, i.e. (figuratively) innocent, modest, perfect","strongs_number":"g53"},"g54":{"pronunciation":"hag-not'-ace","unicode":"ἁγνότης","translit":"hagnótēs","definition":"[ἁγνότης] from {{g53}}; cleanness (the state), i.e. (figuratively) blamelessness","strongs_number":"g54"},"g55":{"pronunciation":"hag-noce'","unicode":"ἁγνῶς","translit":"hagnōs","definition":"[ἁγνῶς] adverb from {{g53}}; purely, i.e. honestly","strongs_number":"g55"},"g56":{"pronunciation":"ag-no-see'-ah","unicode":"ἀγνωσία","translit":"agnōsía","definition":"[ἀγνωσία] from {{g1}} (as negative particle) and {{g1108}}; ignorance (properly, the state)","strongs_number":"g56"},"g57":{"pronunciation":"ag'-noce-tos'","unicode":"ἄγνωστος","translit":"ágnōstos","definition":"[ἄγνωστος] from {{g1}} (as negative particle) and {{g1110}}; unknown","strongs_number":"g57"},"g58":{"pronunciation":"ag-or-ah'","unicode":"ἀγορά","translit":"agorá","definition":"[ἀγορά] from ἀγείρω (to gather; probably akin to {{g1453}}); properly, the town-square (as a place of public resort); by implication, a market or thoroughfare","strongs_number":"g58"},"g59":{"pronunciation":"ag-or-ad'-zo","unicode":"ἀγοράζω","translit":"agorázō","definition":"[ἀγοράζω] from {{g58}}; properly, to go to market, i.e. (by implication) to purchase; specially, to redeem","strongs_number":"g59"},"g60":{"pronunciation":"ag-or-ah'-yos","unicode":"ἀγοραῖος","translit":"agoraîos","definition":"[ἀγοραῖος] from {{g58}}; relating to the market-place, i.e. forensic (times); by implication, vulgar","strongs_number":"g60"},"g61":{"pronunciation":"ag'-rah","unicode":"ἄγρα","translit":"ágra","definition":"[ἄγρα] from {{g71}}; (abstractly) a catching (of fish); also (concretely) a haul (of fish)","strongs_number":"g61"},"g62":{"pronunciation":"ag-ram-mat-os","unicode":"ἀγράμματος","translit":"agrámmatos","definition":"[ἀγράμματος] from {{g1}} (as negative particle) and {{g1121}}; unlettered, i.e. illiterate","strongs_number":"g62"},"g63":{"pronunciation":"ag-row-leh'-o","unicode":"ἀγραυλέω","translit":"agrauléō","definition":"[ἀγραυλέω] from {{g68}} and {{g832}} (in the sense of {{g833}}); to camp out","strongs_number":"g63"},"g64":{"pronunciation":"ag-rew'-o","unicode":"ἀγρεύω","translit":"agreúō","definition":"[ἀγρεύω] from {{g61}}; to hunt, i.e. (figuratively) to entrap","strongs_number":"g64"},"g65":{"pronunciation":"ag-ree-el'-ah-yos","unicode":"ἀγριέλαιος","translit":"agriélaios","definition":"[ἀγριέλαιος] from {{g66}} and {{g1636}}; an oleaster","strongs_number":"g65"},"g66":{"pronunciation":"ag'-ree-os","unicode":"ἄγριος","translit":"ágrios","definition":"[ἄγριος] from {{g68}}; wild (as pertaining to the country), literally (natural) or figuratively (fierce)","strongs_number":"g66"},"g67":{"pronunciation":"ag-rip'-pas","unicode":"Ἀγρίππας","translit":"Agríppas","definition":"[Ἀγρίππας] apparently from {{g66}} and {{g2462}}; wild-horse tamer; Agrippas, one of the Herods","strongs_number":"g67"},"g68":{"pronunciation":"ag-ros'","unicode":"ἀγρός","translit":"agrós","definition":"[ἀγρός] from {{g71}}; a field (as a drive for cattle); genitive case, the country; specially, a farm, i.e. hamlet","strongs_number":"g68"},"g69":{"pronunciation":"ag-roop-neh'-o","unicode":"ἀγρυπνέω","translit":"agrypnéō","definition":"[ἀγρυπνέω] ultimately from {{g1}} (as negative particle) and {{g5258}}; to be sleepless, i.e. keep awake","strongs_number":"g69"},"g70":{"pronunciation":"ag-roop-nee'-ah","unicode":"ἀγρυπνία","translit":"agrypnía","definition":"[ἀγρυπνία] from {{g69}}; sleeplessness, i.e. a keeping awake","strongs_number":"g70"},"g71":{"pronunciation":"ag'-o","unicode":"ἄγω","translit":"ágō","definition":"[ἄγω] a primary verb; properly, to lead; by implication, to bring, drive, (reflexively) go, (specially) pass (time), or (figuratively) induce","strongs_number":"g71"},"g72":{"pronunciation":"ag-o-gay'","unicode":"ἀγωγή","translit":"agōgḗ","definition":"[ἀγωγή] reduplicated from {{g71}}; a bringing up, i.e. mode of living","strongs_number":"g72"},"g73":{"pronunciation":"ag-one'","unicode":"ἀγών","translit":"agṓn","definition":"[ἀγών] from {{g71}}; properly, a place of assembly (as if led), i.e. (by implication) a contest (held there); figuratively, an effort or anxiety","strongs_number":"g73"},"g74":{"pronunciation":"ag-o-nee'-ah","unicode":"ἀγωνία","translit":"agōnía","definition":"[ἀγωνία] from {{g73}}; a struggle (properly, the state), i.e. (figuratively) anguish","strongs_number":"g74"},"g75":{"pronunciation":"ag-o-nid'-zom-ahee","unicode":"ἀγωνίζομαι","translit":"agōnízomai","definition":"[ἀγωνίζομαι] from {{g73}}; to struggle, literally (to compete for a prize), figuratively (to contend with an adversary), or genitive case (to endeavor to accomplish something)","strongs_number":"g75"},"g76":{"pronunciation":"ad-am'","unicode":"Ἀδάμ","translit":"Adám","definition":"[Ἀδάμ] of Hebrew origin ({{h121}}); Adam, the first man; typically (of Jesus) man (as his representative)","strongs_number":"g76"},"g77":{"pronunciation":"ad-ap'-an-os","unicode":"ἀδάπανος","translit":"adápanos","definition":"[ἀδάπανος] from {{g1}} (as negative particle); and {{g1160}}; costless, i.e. gratuitous","strongs_number":"g77"},"g78":{"pronunciation":"ad-dee'","unicode":"Ἀδδί","translit":"Addí","definition":"[Ἀδδί] probably of Hebrew origin (compare {{h5716}}); Addi, an Israelite","strongs_number":"g78"},"g79":{"pronunciation":"ad-el-fay'","unicode":"ἀδελφή","translit":"adelphḗ","definition":"[ἀδελφή] feminine of {{g80}}; a sister (naturally or ecclesiastically)","strongs_number":"g79"},"g80":{"pronunciation":"ad-el-fos'","unicode":"ἀδελφός","translit":"adelphós","definition":"[ἀδελφός] from {{g1}} (as a connective particle) and δελφύς (the womb); a brother (literally or figuratively) near or remote (much like {{g1}})","strongs_number":"g80"},"g81":{"pronunciation":"ad-el-fot'-ace","unicode":"ἀδελφότης","translit":"adelphótēs","definition":"[ἀδελφότης] from {{g80}}; brotherhood (properly, the feeling of brotherliness), i.e. the (Christian) fraternity","strongs_number":"g81"},"g82":{"pronunciation":"ad'-ay-los","unicode":"ἄδηλος","translit":"ádēlos","definition":"[ἄδηλος] from {{g1}} (as a negative particle) and {{g1212}}; hidden, figuratively, indistinct","strongs_number":"g82"},"g83":{"pronunciation":"ad-ay-lot'-ace","unicode":"ἀδηλότης","translit":"adēlótēs","definition":"[ἀδηλότης] from {{g82}}; uncertainty","strongs_number":"g83"},"g84":{"pronunciation":"ad-ay'-loce","unicode":"ἀδήλως","translit":"adḗlōs","definition":"[ἀδήλως] adverb from {{g82}}; uncertainly","strongs_number":"g84"},"g85":{"pronunciation":"ad-ay-mon-eh'-o","unicode":"ἀδημονέω","translit":"adēmonéō","definition":"[ἀδημονέω] from a derivative of ἀδέω (to be sated to loathing); to be in distress (of mind)","strongs_number":"g85"},"g86":{"pronunciation":"hah'-dace","unicode":"ᾅδης","translit":"háidēs","definition":"[ᾅδης] from {{g1}} (as negative particle) and {{g1492}}; properly, unseen, i.e. \"Hades\" or the place (state) of departed souls","strongs_number":"g86"},"g87":{"pronunciation":"ad-ee-ak'-ree-tos","unicode":"ἀδιάκριτος","translit":"adiákritos","definition":"[ἀδιάκριτος] from {{g1}} (as a negative particle) and a derivative of {{g1252}}; properly, undistinguished, i.e. (actively) impartial","strongs_number":"g87"},"g88":{"pronunciation":"ad-ee-al'-ipe-tos","unicode":"ἀδιάλειπτος","translit":"adiáleiptos","definition":"[ἀδιάλειπτος] from {{g1}} (as a negative particle) and a derivative of a compound of {{g1223}} and {{g3007}}; unintermitted, i.e. permanent","strongs_number":"g88"},"g89":{"pronunciation":"ad-ee-al-ipe'-toce","unicode":"ἀδιαλείπτως","translit":"adialeíptōs","definition":"[ἀδιαλείπτως] adverb from {{g88}}; uninterruptedly, i.e. without omission (on an appropriate occasion)","strongs_number":"g89"},"g90":{"pronunciation":"ad-ee-af-thor-ee'-ah","unicode":"ἀδιαφθορία","translit":"adiaphthoría","definition":"[ἀδιαφθορία] from a derivative of a compound of {{g1}} (as a negative particle) and a derivative of {{g1311}}; incorruptibleness, i.e. (figuratively) purity (of doctrine)","strongs_number":"g90"},"g91":{"pronunciation":"ad-ee-keh'-o","unicode":"ἀδικέω","translit":"adikéō","definition":"[ἀδικέω] from {{g94}}; to be unjust, i.e. (actively) do wrong (morally, socially or physically)","strongs_number":"g91"},"g92":{"pronunciation":"ad-eek'-ay-mah","unicode":"ἀδίκημα","translit":"adíkēma","definition":"[ἀδίκημα] from {{g91}}; a wrong done","strongs_number":"g92"},"g93":{"pronunciation":"ad-ee-kee'-ah","unicode":"ἀδικία","translit":"adikía","definition":"[ἀδικία] from {{g94}}; (legal) injustice (properly, the quality, by implication, the act); morally, wrongfulness (of character, life or act)","strongs_number":"g93"},"g94":{"pronunciation":"ad'-ee-kos","unicode":"ἄδικος","translit":"ádikos","definition":"[ἄδικος] from {{g1}} (as a negative particle) and {{g1349}}; unjust; by extension wicked; by implication, treacherous; specially, heathen","strongs_number":"g94"},"g95":{"pronunciation":"ad-ee'-koce","unicode":"ἀδίκως","translit":"adíkōs","definition":"[ἀδίκως] adverb from {{g94}}; unjustly","strongs_number":"g95"},"g96":{"pronunciation":"ad-ok'-ee-mos","unicode":"ἀδόκιμος","translit":"adókimos","definition":"[ἀδόκιμος] from {{g1}} (as a negative particle) and {{g1384}}; unapproved, i.e. rejected; by implication, worthless (literally or morally)","strongs_number":"g96"},"g97":{"pronunciation":"ad'-ol-os","unicode":"ἄδολος","translit":"ádolos","definition":"[ἄδολος] from {{g1}} (as a negative particle); and {{g1388}}; undeceitful, i.e. (figuratively) unadulterated","strongs_number":"g97"},"g98":{"pronunciation":"ad-ram-oot-tay-nos'","unicode":"Ἀδραμυττηνός","translit":"Adramyttēnós","definition":"[Ἀδραμυττηνός] from Ἀδραμύττειον (a place in Asia Minor); Adramyttene or belonging to Adramyttium","strongs_number":"g98"},"g99":{"pronunciation":"ad-ree'-as","unicode":"Ἀδρίας","translit":"Adrías","definition":"[Ἀδρίας] from Ἀδρία (a place near its shore); the Adriatic sea (including the Ionian)","strongs_number":"g99"},"g100":{"pronunciation":"had-rot'-ace","unicode":"ἁδρότης","translit":"hadrótēs","definition":"[ἁδρότης] from ἁδρός (stout); plumpness, i.e. (figuratively) liberality","strongs_number":"g100"}}