{"g1301":{"pronunciation":"dee-at-ay-reh'-o","unicode":"διατηρέω","translit":"diatēréō","definition":"[διατηρέω] from {{g1223}} and {{g5083}}; to watch thoroughly, i.e. (positively and transitively) to observe strictly, or (negatively and reflexively) to avoid wholly","strongs_number":"g1301"},"g1302":{"pronunciation":"dee-at-ee'","unicode":"διατί","translit":"diatí","definition":"[διατί] from {{g1223}} and {{g5101}}; through what cause ?, i.e. why?","strongs_number":"g1302"},"g1303":{"pronunciation":"dee-at-ith'-em-ahee","unicode":"διατίθεμαι","translit":"diatíthemai","definition":"[διατίθεμαι] middle voice from {{g1223}} and {{g5087}}; to put apart, i.e. (figuratively) dispose (by assignment, compact, or bequest)","strongs_number":"g1303"},"g1304":{"pronunciation":"dee-at-ree'-bo","unicode":"διατρίβω","translit":"diatríbō","definition":"[διατρίβω] from {{g1223}} and the base of {{g5147}}; to wear through (time), i.e. remain","strongs_number":"g1304"},"g1305":{"pronunciation":"dee-at-rof-ay'","unicode":"διατροφή","translit":"diatrophḗ","definition":"[διατροφή] from a compound of {{g1223}} and {{g5142}}; nourishment","strongs_number":"g1305"},"g1306":{"pronunciation":"dee-ow-gad'-zo","unicode":"διαυγάζω","translit":"diaugázō","definition":"[διαυγάζω] from {{g1223}} and {{g826}}; to glimmer through, i.e. break (as day)","strongs_number":"g1306"},"g1307":{"pronunciation":"dee-af-an-ace'","unicode":"διαφανής","translit":"diaphanḗs","definition":"[διαφανής] from {{g1223}} and {{g5316}}; appearing through, i.e. \"diaphanous\"","strongs_number":"g1307"},"g1308":{"pronunciation":"dee-af-er'-o","unicode":"διαφέρω","translit":"diaphérō","definition":"[διαφέρω] from {{g1223}} and {{g5342}}; to bear through, i.e. (literally) transport; usually to bear apart, i.e. (objectively) to toss about (figuratively, report); subjectively, to \"differ\", or (by implication) surpass","strongs_number":"g1308"},"g1309":{"pronunciation":"dee-af-yoo'-go","unicode":"διαφεύγω","translit":"diapheúgō","definition":"[διαφεύγω] from {{g1223}} and {{g5343}}; to flee through, i.e. escape","strongs_number":"g1309"},"g1310":{"pronunciation":"dee-af-ay-mid'-zo","unicode":"διαφημίζω","translit":"diaphēmízō","definition":"[διαφημίζω] from {{g1223}} and a derivative of {{g5345}}; to report thoroughly, i.e. divulgate","strongs_number":"g1310"},"g1311":{"pronunciation":"dee-af-thi'-ro","unicode":"διαφθείρω","translit":"diaphtheírō","definition":"[διαφθείρω] from {{g1225}} and {{g5351}}; to rot thoroughly, i.e. (by implication) to ruin (passively, decay utterly, figuratively, pervert)","strongs_number":"g1311"},"g1312":{"pronunciation":"dee-af-thor-ah'","unicode":"διαφθορά","translit":"diaphthorá","definition":"[διαφθορά] from {{g1311}}; decay","strongs_number":"g1312"},"g1313":{"pronunciation":"dee-af'-or-os","unicode":"διάφορος","translit":"diáphoros","definition":"[διάφορος] from {{g1308}}; varying; also surpassing","strongs_number":"g1313"},"g1314":{"pronunciation":"dee-af-oo-las'-so","unicode":"διαφυλάσσω","translit":"diaphylássō","definition":"[διαφυλάσσω] from {{g1223}} and {{g5442}}; to guard thoroughly, i.e. protect","strongs_number":"g1314"},"g1315":{"pronunciation":"dee-akh-i-rid'-zom-ahee","unicode":"διαχειρίζομαι","translit":"diacheirízomai","definition":"[διαχειρίζομαι] from {{g1223}} and a derivative of {{g5495}}; to handle thoroughly, i.e. lay violent hands upon","strongs_number":"g1315"},"g1316":{"pronunciation":"dee-akh-o-rid'-zom-ahee","unicode":"διαχωρίζομαι","translit":"diachōrízomai","definition":"[διαχωρίζομαι] from {{g1223}} and the middle voice of {{g5563}}; to remove (oneself) wholly, i.e. retire","strongs_number":"g1316"},"g1317":{"pronunciation":"did-ak-tik-os'","unicode":"διδακτικός","translit":"didaktikós","definition":"[διδακτικός] from {{g1318}}; instructive (\"didactic\")","strongs_number":"g1317"},"g1318":{"pronunciation":"did-ak-tos'","unicode":"διδακτός","translit":"didaktós","definition":"[διδακτός] from {{g1321}}; (subjectively) instructed, or (objectively) communicated by teaching","strongs_number":"g1318"},"g1319":{"pronunciation":"did-as-kal-ee'-ah","unicode":"διδασκαλία","translit":"didaskalía","definition":"[διδασκαλία] from {{g1320}}; instruction (the function or the information)","strongs_number":"g1319"},"g1320":{"pronunciation":"did-as'-kal-os","unicode":"διδάσκαλος","translit":"didáskalos","definition":"[διδάσκαλος] from {{g1321}}; an instructor (genitive case or specially)","strongs_number":"g1320"},"g1321":{"pronunciation":"did-as'-ko","unicode":"διδάσκω","translit":"didáskō","definition":"[διδάσκω] a prolonged (causative) form of a primary verb δάω (to learn); to teach (in the same broad application)","strongs_number":"g1321"},"g1322":{"pronunciation":"did-akh-ay'","unicode":"διδαχή","translit":"didachḗ","definition":"[διδαχή] from {{g1321}}; instruction (the act or the matter)","strongs_number":"g1322"},"g1323":{"pronunciation":"did'-rakh-mon","unicode":"δίδραχμον","translit":"dídrachmon","definition":"[δίδραχμον] from {{g1364}} and {{g1406}}; a double drachma (didrachm)","strongs_number":"g1323"},"g1324":{"pronunciation":"did'-oo-mos","unicode":"Δίδυμος","translit":"Dídymos","definition":"[Δίδυμος] prolongation from {{g1364}}; double, i.e. twin; Didymus, a Christian","strongs_number":"g1324"},"g1325":{"pronunciation":"did'-o-mee","unicode":"δίδωμι","translit":"dídōmi","definition":"[δίδωμι] a prolonged form of a primary verb (which is used as an alternative in most of the tenses); to give (used in a very wide application, properly, or by implication, literally or figuratively; greatly modified by the connection)","strongs_number":"g1325"},"g1326":{"pronunciation":"dee-eg-i'-ro","unicode":"διεγείρω","translit":"diegeírō","definition":"[διεγείρω] from {{g1223}} and {{g1453}}; to wake fully; i.e. arouse (literally or figuratively)","strongs_number":"g1326"},"g1327":{"pronunciation":"dee-ex'-od-os","unicode":"διέξοδος","translit":"diéxodos","definition":"[διέξοδος] from {{g1223}} and {{g1841}}; an outlet through, i.e. probably an open square (from which roads diverge)","strongs_number":"g1327"},"g1328":{"pronunciation":"dee-er-main-yoo-tace'","unicode":"διερμηνευτής","translit":"diermēneutḗs","definition":"[διερμηνευτής] from {{g1329}}; an explainer","strongs_number":"g1328"},"g1329":{"pronunciation":"dee-er-main-yoo'-o","unicode":"διερμηνεύω","translit":"diermēneúō","definition":"[διερμηνεύω] from {{g1223}} and {{g2059}}; to explain thoroughly, by implication, to translate","strongs_number":"g1329"},"g1330":{"pronunciation":"dee-er'-khom-ahee","unicode":"διέρχομαι","translit":"diérchomai","definition":"[διέρχομαι] from {{g1223}} and {{g2064}}; to traverse (literally)","strongs_number":"g1330"},"g1331":{"pronunciation":"dee-er-o-tah'-o","unicode":"διερωτάω","translit":"dierōtáō","definition":"[διερωτάω] from {{g1223}} and {{g2065}}; to question throughout, i.e. ascertain by interrogation","strongs_number":"g1331"},"g1332":{"pronunciation":"dee-et-ace'","unicode":"διετής","translit":"dietḗs","definition":"[διετής] from {{g1364}} and {{g2094}}; of two years (in age)","strongs_number":"g1332"},"g1333":{"pronunciation":"dee-et-ee'-a","unicode":"διετία","translit":"dietía","definition":"[διετία] from {{g1332}}; a space of two years (biennium)","strongs_number":"g1333"},"g1334":{"pronunciation":"dee-ayg-eh'-om-ahee","unicode":"διηγέομαι","translit":"diēgéomai","definition":"[διηγέομαι] from {{g1223}} and {{g2233}}; to relate fully","strongs_number":"g1334"},"g1335":{"pronunciation":"dee-ayg'-es-is","unicode":"διήγεσις","translit":"diḗgesis","definition":"[διήγεσις] from {{g1334}}; a recital","strongs_number":"g1335"},"g1336":{"pronunciation":"dee-ay-nek-es'","unicode":"διηνεκής","translit":"diēnekḗs","definition":"[διηνεκής] neuter of a compound of {{g1223}} and a derivative of an alternate of {{g5342}}; carried through, i.e. (adverbially with {{g1519}} and {{g3588}} prefixed) perpetually","strongs_number":"g1336"},"g1337":{"pronunciation":"dee-thal'-as-sos","unicode":"διθάλασσος","translit":"dithálassos","definition":"[διθάλασσος] from {{g1364}} and {{g2281}}; having two seas, i.e. a sound with a double outlet","strongs_number":"g1337"},"g1338":{"pronunciation":"dee-ik-neh'-om-ahee","unicode":"διϊκνέομαι","translit":"diïknéomai","definition":"[διϊκνέομαι] from {{g1223}} and the base of {{g2425}}; to reach through, i.e. penetrate","strongs_number":"g1338"},"g1339":{"pronunciation":"dee-is'-tay-mee","unicode":"διΐστημι","translit":"diḯstēmi","definition":"[διΐστημι] from {{g1223}} and {{g2476}}; to stand apart, i.e. (reflexively) to remove, intervene","strongs_number":"g1339"},"g1340":{"pronunciation":"dee-is-khoo-rid'-zom-ahee","unicode":"διϊσχυρίζομαι","translit":"diïschyrízomai","definition":"[διϊσχυρίζομαι] from {{g1223}} and a derivative of {{g2478}}; to stout it through, i.e. asservate","strongs_number":"g1340"},"g1341":{"pronunciation":"dik-ah-yok-ris-ee'-ah","unicode":"δικαιοκρισία","translit":"dikaiokrisía","definition":"[δικαιοκρισία] from {{g1342}} and {{g2920}}; a just sentence","strongs_number":"g1341"},"g1342":{"pronunciation":"dik'-ah-yos","unicode":"δίκαιος","translit":"díkaios","definition":"[δίκαιος] from {{g1349}}; equitable (in character or act); by implication, innocent, holy (absolutely or relatively)","strongs_number":"g1342"},"g1343":{"pronunciation":"dik-ah-yos-oo'-nay","unicode":"δικαιοσύνη","translit":"dikaiosýnē","definition":"[δικαιοσύνη] from {{g1342}}; equity (of character or act); specially (Christian) justification","strongs_number":"g1343"},"g1344":{"pronunciation":"dik-ah-yo'-o","unicode":"δικαιόω","translit":"dikaióō","definition":"[δικαιόω] from {{g1342}}; to render (i.e. show or regard as) just or innocent","strongs_number":"g1344"},"g1345":{"pronunciation":"dik-ah'-yo-mah","unicode":"δικαίωμα","translit":"dikaíōma","definition":"[δικαίωμα] from {{g1344}}; an equitable deed; by implication, a statute or decision","strongs_number":"g1345"},"g1346":{"pronunciation":"dik-ah'-yoce","unicode":"δικαίως","translit":"dikaíōs","definition":"[δικαίως] adverb from {{g1342}}; equitably","strongs_number":"g1346"},"g1347":{"pronunciation":"dik-ah'-yo-sis","unicode":"δικαίωσις","translit":"dikaíōsis","definition":"[δικαίωσις] from {{g1344}}; aquittal (for Christ's sake)","strongs_number":"g1347"},"g1348":{"pronunciation":"dik-as-tace'","unicode":"δικαστής","translit":"dikastḗs","definition":"[δικαστής] from a derivative of {{g1349}}; a judger","strongs_number":"g1348"},"g1349":{"pronunciation":"dee'-kay","unicode":"δίκη","translit":"díkē","definition":"[δίκη] probably from {{g1166}}; right (as self-evident), i.e. justice (the principle, a decision, or its execution)","strongs_number":"g1349"},"g1350":{"pronunciation":"dik'-too-on","unicode":"δίκτυον","translit":"díktyon","definition":"[δίκτυον] probably from a primary verb δίκω (to cast); a seine (for fishing)","strongs_number":"g1350"},"g1351":{"pronunciation":"dil'-og-os","unicode":"δίλογος","translit":"dílogos","definition":"[δίλογος] from {{g1364}} and {{g3056}}; equivocal, i.e. telling a different story","strongs_number":"g1351"},"g1352":{"pronunciation":"dee-o'","unicode":"διό","translit":"dió","definition":"[διό] from {{g1223}} and {{g3739}}; through which thing, i.e. consequently","strongs_number":"g1352"},"g1353":{"pronunciation":"dee-od-yoo'-o","unicode":"διοδεύω","translit":"diodeúō","definition":"[διοδεύω] from {{g1223}} and {{g3593}}; to travel through","strongs_number":"g1353"},"g1354":{"pronunciation":"dee-on-oo'-see-os","unicode":"Διονύσιος","translit":"Dionýsios","definition":"[Διονύσιος] from Διόνυσος (Bacchus); reveller; Dionysius, an Athenian","strongs_number":"g1354"},"g1355":{"pronunciation":"dee-op'-er","unicode":"διόπερ","translit":"dióper","definition":"[διόπερ] from {{g1352}} and {{g4007}}; on which very account","strongs_number":"g1355"},"g1356":{"pronunciation":"dee-op-et'-ace","unicode":"διοπετής","translit":"diopetḗs","definition":"[διοπετής] from the alternate of {{g2203}} and the alternate of {{g4098}}; sky-fallen (i.e. an aerolite)","strongs_number":"g1356"},"g1357":{"pronunciation":"dee-or'-tho-sis","unicode":"διόρθωσις","translit":"diórthōsis","definition":"[διόρθωσις] from a compound of {{g1223}} and a derivative of {{g3717}}, meaning to straighten thoroughly; rectification, i.e. (specially) the Messianic restauration","strongs_number":"g1357"},"g1358":{"pronunciation":"dee-or-oos'-so","unicode":"διορύσσω","translit":"diorýssō","definition":"[διορύσσω] from {{g1223}} and {{g3736}}; to penetrate burglariously","strongs_number":"g1358"},"g1359":{"pronunciation":"dee-os'-koo-roy","unicode":"Διόσκουροι","translit":"Dióskouroi","definition":"[Διόσκουροι] from the alternate of {{g2203}} and a form of the base of {{g2877}}; sons of Jupiter, i.e. the twins Dioscuri","strongs_number":"g1359"},"g1360":{"pronunciation":"dee-ot'-ee","unicode":"διότι","translit":"dióti","definition":"[διότι] from {{g1223}} and {{g3754}}; on the very account that, or inasmuch as","strongs_number":"g1360"},"g1361":{"pronunciation":"dee-ot-ref-ace'","unicode":"Διοτρεφής","translit":"Diotrephḗs","definition":"[Διοτρεφής] from the alternate of {{g2203}} and {{g5142}}; Jove-nourished; Diotrephes, an opponent of Christianity","strongs_number":"g1361"},"g1362":{"pronunciation":"dip-looce'","unicode":"διπλοῦς","translit":"diploûs","definition":"[διπλοῦς] from {{g1364}} and (probably) the base of {{g4119}}; two-fold","strongs_number":"g1362"},"g1363":{"pronunciation":"dip-lo'-o","unicode":"διπλόω","translit":"diplóō","definition":"[διπλόω] from {{g1362}}; to render two-fold","strongs_number":"g1363"},"g1364":{"pronunciation":"dece","unicode":"δίς","translit":"dís","definition":"[δίς] adverb from {{g1417}}; twice","strongs_number":"g1364"},"g1365":{"pronunciation":"dis-tad'-zo","unicode":"διστάζω","translit":"distázō","definition":"[διστάζω] from {{g1364}}; properly, to duplicate, i.e. (mentally) to waver (in opinion)","strongs_number":"g1365"},"g1366":{"pronunciation":"dis'-tom-os","unicode":"δίστομος","translit":"dístomos","definition":"[δίστομος] from {{g1364}} and {{g4750}}; double-edged","strongs_number":"g1366"},"g1367":{"pronunciation":"dis-khil'-ee-oy","unicode":"δισχίλιοι","translit":"dischílioi","definition":"[δισχίλιοι] from {{g1364}} and {{g5507}}; two thousand","strongs_number":"g1367"},"g1368":{"pronunciation":"dee-oo-lid'-zo","unicode":"διϋλίζω","translit":"diÿlízō","definition":"[διϋλίζω] from {{g1223}} and ὑλίζω (to filter); to strain out","strongs_number":"g1368"},"g1369":{"pronunciation":"dee-khad'-zo","unicode":"διχάζω","translit":"dicházō","definition":"[διχάζω] from a derivative of {{g1364}}; to make apart, i.e. sunder (figuratively, alienate)","strongs_number":"g1369"},"g1370":{"pronunciation":"dee-khos-tas-ee'-ah","unicode":"διχοστασία","translit":"dichostasía","definition":"[διχοστασία] from a derivative of {{g1364}} and {{g4714}}; disunion, i.e. (figuratively) dissension","strongs_number":"g1370"},"g1371":{"pronunciation":"dee-khot-om-eh'-o","unicode":"διχοτομέω","translit":"dichotoméō","definition":"[διχοτομέω] from a compound of a derivative of {{g1364}} and a derivative of τέμνω (to cut); to bisect, i.e. (by extension) to flog severely","strongs_number":"g1371"},"g1372":{"pronunciation":"dip-sah'-o","unicode":"διψάω","translit":"dipsáō","definition":"[διψάω] from a variation of {{g1373}}; to thirst for (literally or figuratively)","strongs_number":"g1372"},"g1373":{"pronunciation":"dip'-sos","unicode":"δίψος","translit":"dípsos","definition":"[δίψος] of uncertain affinity; thirst","strongs_number":"g1373"},"g1374":{"pronunciation":"dip'-soo-khos","unicode":"δίψυχος","translit":"dípsychos","definition":"[δίψυχος] from {{g1364}} and {{g5590}}; two-spirited, i.e. vacillating (in opinion or purpose)","strongs_number":"g1374"},"g1375":{"pronunciation":"dee-ogue-mos'","unicode":"διωγμός","translit":"diōgmós","definition":"[διωγμός] from {{g1377}}; persecution","strongs_number":"g1375"},"g1376":{"pronunciation":"dee-oke'-tace","unicode":"διώκτης","translit":"diṓktēs","definition":"[διώκτης] from {{g1377}}; a persecutor","strongs_number":"g1376"},"g1377":{"pronunciation":"dee-o'-ko","unicode":"διώκω","translit":"diṓkō","definition":"[διώκω] a prolonged (and causative) form of a primary verb δίω (to flee; compare the base of {{g1169}} and {{g1249}}); to pursue (literally or figuratively); by implication, to persecute","strongs_number":"g1377"},"g1378":{"pronunciation":"dog'-mah","unicode":"δόγμα","translit":"dógma","definition":"[δόγμα] from the base of {{g1380}}; a law (civil, ceremonial or ecclesiastical)","strongs_number":"g1378"},"g1379":{"pronunciation":"dog-mat-id'-zo","unicode":"δογματίζω","translit":"dogmatízō","definition":"[δογματίζω] from {{g1378}}; to prescribe by statute, i.e. (reflexively) to submit to, ceremonially rule","strongs_number":"g1379"},"g1380":{"pronunciation":"dok-eh'-o","unicode":"δοκέω","translit":"dokéō","definition":"[δοκέω] a prolonged form of a primary verb, δόκω (used only in an alternate in certain tenses; compare the base of {{g1166}}) of the same meaning; to think; by implication, to seem (truthfully or uncertainly)","strongs_number":"g1380"},"g1381":{"pronunciation":"dok-im-ad'-zo","unicode":"δοκιμάζω","translit":"dokimázō","definition":"[δοκιμάζω] from {{g1384}}; to test (literally or figuratively); by implication, to approve","strongs_number":"g1381"},"g1382":{"pronunciation":"dok-ee-may'","unicode":"δοκιμή","translit":"dokimḗ","definition":"[δοκιμή] from the same as {{g1384}}; test (abstractly or concretely); by implication, trustiness","strongs_number":"g1382"},"g1383":{"pronunciation":"dok-im'-ee-on","unicode":"δοκίμιον","translit":"dokímion","definition":"[δοκίμιον] neuter of a presumed derivative of {{g1382}}; a testing; by implication, trustworthiness","strongs_number":"g1383"},"g1384":{"pronunciation":"dok'-ee-mos","unicode":"δόκιμος","translit":"dókimos","definition":"[δόκιμος] from {{g1380}}; properly, acceptable (current after assayal), i.e. approved","strongs_number":"g1384"},"g1385":{"pronunciation":"dok-os'","unicode":"δοκός","translit":"dokós","definition":"[δοκός] from {{g1209}} (through the idea of holding up); a stick of timber","strongs_number":"g1385"},"g1386":{"pronunciation":"dol'-ee-os","unicode":"δόλιος","translit":"dólios","definition":"[δόλιος] from {{g1388}}; guileful","strongs_number":"g1386"},"g1387":{"pronunciation":"dol-ee-o'-o","unicode":"δολιόω","translit":"dolióō","definition":"[δολιόω] from {{g1386}}; to be guileful","strongs_number":"g1387"},"g1388":{"pronunciation":"dol'-os","unicode":"δόλος","translit":"dólos","definition":"[δόλος] from an obsolete primary verb, δέλλω (probably meaning to decoy; compare {{g1185}}); a trick (bait), i.e. (figuratively) wile","strongs_number":"g1388"},"g1389":{"pronunciation":"dol-o'-o","unicode":"δολόω","translit":"dolóō","definition":"[δολόω] from {{g1388}}; to ensnare, i.e. (figuratively) adulterate","strongs_number":"g1389"},"g1390":{"pronunciation":"dom'-ah","unicode":"δόμα","translit":"dóma","definition":"[δόμα] from the base of {{g1325}}; a present","strongs_number":"g1390"},"g1391":{"pronunciation":"dox'-ah","unicode":"δόξα","translit":"dóxa","definition":"[δόξα] from the base of {{g1380}}; glory (as very apparent), in a wide application (literal or figurative, objective or subjective)","strongs_number":"g1391"},"g1392":{"pronunciation":"dox-ad'-zo","unicode":"δοξάζω","translit":"doxázō","definition":"[δοξάζω] from {{g1391}}; to render (or esteem) glorious (in a wide application)","strongs_number":"g1392"},"g1393":{"pronunciation":"dor-kas'","unicode":"Δορκάς","translit":"Dorkás","definition":"[Δορκάς] gazelle; Dorcas, a Christian woman","strongs_number":"g1393"},"g1394":{"pronunciation":"dos'-is","unicode":"δόσις","translit":"dósis","definition":"[δόσις] from the base of {{g1325}}; a giving; by implication, (concretely) a gift","strongs_number":"g1394"},"g1395":{"pronunciation":"dot'-ace","unicode":"δότης","translit":"dótēs","definition":"[δότης] from the base of {{g1325}}; a giver","strongs_number":"g1395"},"g1396":{"pronunciation":"doo-lag-ogue-eh'-o","unicode":"δουλαγωγέω","translit":"doulagōgéō","definition":"[δουλαγωγέω] from a presumed compound of {{g1401}} and {{g71}}; to be a slave-driver, i.e. to enslave (figuratively, subdue)","strongs_number":"g1396"},"g1397":{"pronunciation":"doo-li'-ah","unicode":"δουλεία","translit":"douleía","definition":"[δουλεία] from {{g1398}}; slavery (ceremonially or figuratively)","strongs_number":"g1397"},"g1398":{"pronunciation":"dool-yoo'-o","unicode":"δουλεύω","translit":"douleúō","definition":"[δουλεύω] from {{g1401}}; to be a slave to (literal or figurative, involuntary or voluntary)","strongs_number":"g1398"},"g1399":{"pronunciation":"doo'-lay","unicode":"δούλη","translit":"doúlē","definition":"[δούλη] feminine of {{g1401}}; a female slave (involuntarily or voluntarily)","strongs_number":"g1399"},"g1400":{"pronunciation":"doo'-lon","unicode":"δοῦλον","translit":"doûlon","definition":"[δοῦλον] neuter of {{g1401}}; subservient","strongs_number":"g1400"}}