{"g1501":{"pronunciation":"i'-kos-ee","unicode":"εἴκοσι","translit":"eíkosi","definition":"[εἴκοσι] of uncertain affinity; a score","strongs_number":"g1501"},"g1502":{"pronunciation":"i'-ko","unicode":"εἴκω","translit":"eíkō","definition":"[εἴκω] apparently a primary verb; properly, to be weak, i.e. yield","strongs_number":"g1502"},"g1503":{"pronunciation":"i'-ko","unicode":"εἴκω","translit":"eíkō","definition":"[εἴκω] apparently a primary verb (perhaps akin to {{g1502}} through the idea of faintness as a copy); to resemble","strongs_number":"g1503"},"g1504":{"pronunciation":"i-kone'","unicode":"εἰκών","translit":"eikṓn","definition":"[εἰκών] from {{g1503}}; a likeness, i.e. (literally) statue, profile, or (figuratively) representation, resemblance","strongs_number":"g1504"},"g1505":{"pronunciation":"i-lik-ree'-ni-ah","unicode":"εἰλικρίνεια","translit":"eilikríneia","definition":"[εἰλικρίνεια] from {{g1506}}; clearness, i.e. (by implication) purity (figuratively)","strongs_number":"g1505"},"g1506":{"pronunciation":"i-lik-ree-nace'","unicode":"εἰλικρινής","translit":"eilikrinḗs","definition":"[εἰλικρινής] from εἵλη (the sun's ray) and {{g2919}}; judged by sunlight, i.e. tested as genuine (figuratively)","strongs_number":"g1506"},"g1507":{"pronunciation":"hi-lis'-so","unicode":"εἱλίσσω","translit":"heilíssō","definition":"[εἱλίσσω] a prolonged form of a primary but defective verb εἵλω (of the same meaning); to coil or wrap See also {{g1667}}.","strongs_number":"g1507"},"g1508":{"pronunciation":"i may","unicode":"εἰ μή","translit":"ei mḗ","definition":"[εἰ μή] from {{g1487}} and {{g3361}}; if not","strongs_number":"g1508"},"g1509":{"pronunciation":"i may tee","unicode":"εἰ μή τι","translit":"ei mḗ ti","definition":"[εἰ μή τι] from {{g1508}} and the neuter of {{g5100}}; if not somewhat","strongs_number":"g1509"},"g1510":{"pronunciation":"i-mee'","unicode":"εἰμί","translit":"eimí","definition":"[εἰμί] the first person singular present indicative; a prolonged form of a primary and defective verb; I exist (used only when emphatic) See also {{g1488}}, {{g1498}}, {{g1511}}, {{g1526}}, {{g2258}}, {{g2071}}, {{g2070}}, {{g2075}}, {{g2076}}, {{g2771}}, {{g2468}}, {{g5600}}.","strongs_number":"g1510"},"g1511":{"pronunciation":"i'-nahee","unicode":"εἶναι","translit":"eînai","definition":"[εἶναι] present infinitive from {{g1510}}; to exist come, is, X lust after, X please well, there is, to be, was.","strongs_number":"g1511"},"g1512":{"pronunciation":"i per","unicode":"εἴ περ","translit":"eí per","definition":"[εἴ περ] from {{g1487}} and {{g4007}}; if perhaps","strongs_number":"g1512"},"g1513":{"pronunciation":"i poce","unicode":"εἴ πως","translit":"eí pōs","definition":"[εἴ πως] from {{g1487}} and {{g4458}}; if somehow","strongs_number":"g1513"},"g1514":{"pronunciation":"i-rane-yoo'-o","unicode":"εἰρηνεύω","translit":"eirēneúō","definition":"[εἰρηνεύω] from {{g1515}}; to be (act) peaceful","strongs_number":"g1514"},"g1515":{"pronunciation":"i-ray'-nay","unicode":"εἰρήνη","translit":"eirḗnē","definition":"[εἰρήνη] probably from a primary verb εἴρω (to join); peace (literally or figuratively); by implication, prosperity","strongs_number":"g1515"},"g1516":{"pronunciation":"i-ray-nee-kos'","unicode":"εἰρηνικός","translit":"eirēnikós","definition":"[εἰρηνικός] from {{g1515}}; pacific; by implication, salutary","strongs_number":"g1516"},"g1517":{"pronunciation":"i-ray-nop-oy-eh'-o","unicode":"εἰρηνοποιέω","translit":"eirēnopoiéō","definition":"[εἰρηνοποιέω] from {{g1518}}; to be a peace-maker, i.e. (figuratively) to harmonize","strongs_number":"g1517"},"g1518":{"pronunciation":"i-ray-nop-oy-os'","unicode":"εἰρηνοποιός","translit":"eirēnopoiós","definition":"[εἰρηνοποιός] from {{g1515}} and {{g4160}}; pacificatory, i.e. (subjectively) peaceable","strongs_number":"g1518"},"g1519":{"pronunciation":"ice","unicode":"εἰς","translit":"eis","definition":"[εἰς] a primary preposition; to or into (indicating the point reached or entered), of place, time, or (figuratively) purpose (result, etc.); also in adverbial phrases Often used in composition with the same general import, but only with verbs (etc.) expressing motion (literally or figuratively).","strongs_number":"g1519"},"g1520":{"pronunciation":"hice","unicode":"εἷς","translit":"heîs","definition":"[εἷς]  (including the neuter (etc.) hen);  a primary numeral; one See also {{g1527}}, {{g3367}}, {{g3391}}, {{g3762}}.","strongs_number":"g1520"},"g1521":{"pronunciation":"ice-ag'-o","unicode":"εἰσάγω","translit":"eiságō","definition":"[εἰσάγω] from {{g1519}} and {{g71}}; to introduce (literally or figuratively)","strongs_number":"g1521"},"g1522":{"pronunciation":"ice-ak-oo'-o","unicode":"εἰσακούω","translit":"eisakoúō","definition":"[εἰσακούω] from {{g1519}} and {{g191}}; to listen to","strongs_number":"g1522"},"g1523":{"pronunciation":"ice-dekh'-om-ahee","unicode":"εἰσδέχομαι","translit":"eisdéchomai","definition":"[εἰσδέχομαι] from {{g1519}} and {{g1209}}; to take into one's favor","strongs_number":"g1523"},"g1524":{"pronunciation":"ice'-i-mee","unicode":"εἴσειμι","translit":"eíseimi","definition":"[εἴσειμι] from {{g1519}} and εἶμι (to go); to enter","strongs_number":"g1524"},"g1525":{"pronunciation":"ice-er'-khom-ahee","unicode":"εἰσέρχομαι","translit":"eisérchomai","definition":"[εἰσέρχομαι] from {{g1519}} and {{g2064}}; to enter (literally or figuratively)","strongs_number":"g1525"},"g1526":{"pronunciation":"i-see'","unicode":"εἰσί","translit":"eisí","definition":"[εἰσί] 3rd person plural present indicative of {{g1510}}; they are","strongs_number":"g1526"},"g1527":{"pronunciation":"hice kath hice","unicode":"εἷς καθ’ εἷς","translit":"heîs kath’ heîs","definition":"[εἷς καθ’ εἷς] from {{g1520}} repeated with {{g2596}} inserted; severally","strongs_number":"g1527"},"g1528":{"pronunciation":"ice-kal-eh'-o","unicode":"εἰσκαλέω","translit":"eiskaléō","definition":"[εἰσκαλέω] from {{g1519}} and {{g2564}}; to invite in","strongs_number":"g1528"},"g1529":{"pronunciation":"ice'-od-os","unicode":"εἴσοδος","translit":"eísodos","definition":"[εἴσοδος] from {{g1519}} and {{g3598}}; an entrance (literally or figuratively)","strongs_number":"g1529"},"g1530":{"pronunciation":"ice-pay-dah'-o","unicode":"εἰσπηδάω","translit":"eispēdáō","definition":"[εἰσπηδάω] from {{g1519}} and πηδάω (to leap); to rush in","strongs_number":"g1530"},"g1531":{"pronunciation":"ice-por-yoo'-om-ahee","unicode":"εἰσπορεύομαι","translit":"eisporeúomai","definition":"[εἰσπορεύομαι] from {{g1519}} and {{g4198}}; to enter (literally or figuratively)","strongs_number":"g1531"},"g1532":{"pronunciation":"ice-trekh'-o","unicode":"εἰστρέχω","translit":"eistréchō","definition":"[εἰστρέχω] from {{g1519}} and {{g5143}}; to hasten inward","strongs_number":"g1532"},"g1533":{"pronunciation":"ice-fer'-o","unicode":"εἰσφέρω","translit":"eisphérō","definition":"[εἰσφέρω] from {{g1519}} and {{g5342}}; to carry inward (literally or figuratively)","strongs_number":"g1533"},"g1534":{"pronunciation":"i'-tah","unicode":"εἶτα","translit":"eîta","definition":"[εἶτα] of uncertain affinity; a particle of succession (in time or logical enumeration), then, moreover See also {{g1899}}.","strongs_number":"g1534"},"g1535":{"pronunciation":"i'-teh","unicode":"εἴτε","translit":"eíte","definition":"[εἴτε] from {{g1487}} and {{g5037}}; if too","strongs_number":"g1535"},"g1536":{"pronunciation":"i tis","unicode":"εἴ τις","translit":"eí tis","definition":"[εἴ τις] from {{g1487}} and {{g5100}}; if any","strongs_number":"g1536"},"g1537":{"pronunciation":"ek","unicode":"ἐκ","translit":"ek","definition":"[ἐκ]   or ἐξa primary preposition denoting origin (the point whence action or motion proceeds), from, out (of place, time, or cause; literal or figurative; direct or remote) Often used in composition, with the same general import; often of completion.","strongs_number":"g1537"},"g1538":{"pronunciation":"hek'-as-tos","unicode":"ἕκαστος","translit":"hékastos","definition":"[ἕκαστος] as if a superlative of ἕκας (afar); each or every","strongs_number":"g1538"},"g1539":{"pronunciation":"hek-as'-tot-eh","unicode":"ἑκάστοτε","translit":"hekástote","definition":"[ἑκάστοτε] as if from {{g1538}} and {{g5119}}; at every time","strongs_number":"g1539"},"g1540":{"pronunciation":"hek-at-on'","unicode":"ἑκατόν","translit":"hekatón","definition":"[ἑκατόν] of uncertain affinity; a hundred","strongs_number":"g1540"},"g1541":{"pronunciation":"hek-at-on-tah-et'-ace","unicode":"ἑκατονταέτης","translit":"hekatontaétēs","definition":"[ἑκατονταέτης] from {{g1540}} and {{g2094}}; centenarian","strongs_number":"g1541"},"g1542":{"pronunciation":"hek-at-on-ta-plah-sec'-own","unicode":"ἑκατονταπλασίων","translit":"hekatontaplasíōn","definition":"[ἑκατονταπλασίων] from {{g1540}} and a presumed derivative of {{g4111}}; a hundred times","strongs_number":"g1542"},"g1543":{"pronunciation":"hek-at-on-tar'-khace","unicode":"ἑκατοντάρχης","translit":"hekatontárchēs","definition":"[ἑκατοντάρχης]   or ἑκατόνταρχοςfrom {{g1540}} and {{g757}}; the captain of one hundred men","strongs_number":"g1543"},"g1544":{"pronunciation":"ek-bal'-lo","unicode":"ἐκβάλλω","translit":"ekbállō","definition":"[ἐκβάλλω] from {{g1537}} and {{g906}}; to eject (literally or figuratively)","strongs_number":"g1544"},"g1545":{"pronunciation":"ek'-bas-is","unicode":"ἔκβασις","translit":"ékbasis","definition":"[ἔκβασις] from a compound of {{g1537}} and the base of {{g939}} (meaning to go out); an exit (literally or figuratively)","strongs_number":"g1545"},"g1546":{"pronunciation":"ek-bol-ay'","unicode":"ἐκβολή","translit":"ekbolḗ","definition":"[ἐκβολή] from {{g1544}}; ejection, i.e. (specially) a throwing overboard of the cargo","strongs_number":"g1546"},"g1547":{"pronunciation":"ek-gam-id'-zo","unicode":"ἐκγαμίζω","translit":"ekgamízō","definition":"[ἐκγαμίζω] from {{g1537}} and a form of {{g1061}} (compare {{g1548}}); to marry off a daughter","strongs_number":"g1547"},"g1548":{"pronunciation":"ek-gam-is'-ko","unicode":"ἐκγαμίσκω","translit":"ekgamískō","definition":"[ἐκγαμίσκω] from {{g1537}} and {{g1061}}; the same as 1547","strongs_number":"g1548"},"g1549":{"pronunciation":"ek'-gon-on","unicode":"ἔκγονον","translit":"ékgonon","definition":"[ἔκγονον] neuter of a derivative of a compound of {{g1537}} and {{g1096}}; a descendant, i.e. (specially) grandchild","strongs_number":"g1549"},"g1550":{"pronunciation":"ek-dap-an-ah'-o","unicode":"ἐκδαπανάω","translit":"ekdapanáō","definition":"[ἐκδαπανάω] from {{g1537}} and {{g1159}}; to expend (wholly), i.e. (figuratively) exhaust","strongs_number":"g1550"},"g1551":{"pronunciation":"ek-dekh'-om-ahee","unicode":"ἐκδέχομαι","translit":"ekdéchomai","definition":"[ἐκδέχομαι] from {{g1537}} and {{g1209}}; to accept from some source, i.e. (by implication) to await","strongs_number":"g1551"},"g1552":{"pronunciation":"ek'-day-los","unicode":"ἔκδηλος","translit":"ékdēlos","definition":"[ἔκδηλος] from {{g1537}} and {{g1212}}; wholly evident","strongs_number":"g1552"},"g1553":{"pronunciation":"ek-day-meh'-o","unicode":"ἐκδημέω","translit":"ekdēméō","definition":"[ἐκδημέω] from a compound of {{g1537}} and {{g1218}}; to emigrate, i.e. (figuratively) vacate or quit","strongs_number":"g1553"},"g1554":{"pronunciation":"ek-did-o'-mee","unicode":"ἐκδίδωμι","translit":"ekdídōmi","definition":"[ἐκδίδωμι] from {{g1537}} and {{g1325}}; to give forth, i.e. (specially) to lease","strongs_number":"g1554"},"g1555":{"pronunciation":"ek-dee-ayg-eh'-om-ahee","unicode":"ἐκδιηγέομαι","translit":"ekdiēgéomai","definition":"[ἐκδιηγέομαι] from {{g1537}} and a compound of {{g1223}} and {{g2233}}; to narrate through wholly","strongs_number":"g1555"},"g1556":{"pronunciation":"ek-dik-eh'-o","unicode":"ἐκδικέω","translit":"ekdikéō","definition":"[ἐκδικέω] from {{g1558}}; to vindicate, retaliate, punish","strongs_number":"g1556"},"g1557":{"pronunciation":"ek-dik'-ay-sis","unicode":"ἐκδίκησις","translit":"ekdíkēsis","definition":"[ἐκδίκησις] from {{g1556}}; vindication, retribution","strongs_number":"g1557"},"g1558":{"pronunciation":"ek'-dik-os","unicode":"ἔκδικος","translit":"ékdikos","definition":"[ἔκδικος] from {{g1537}} and {{g1349}}; carrying justice out, i.e. a punisher","strongs_number":"g1558"},"g1559":{"pronunciation":"ek-dee-o'-ko","unicode":"ἐκδιώκω","translit":"ekdiṓkō","definition":"[ἐκδιώκω] from {{g1537}} and {{g1377}}; to pursue out, i.e. expel or persecute implacably","strongs_number":"g1559"},"g1560":{"pronunciation":"ek'-dot-os","unicode":"ἔκδοτος","translit":"ékdotos","definition":"[ἔκδοτος] from {{g1537}} and a derivative of {{g1325}}; given out or over, i.e. surrendered","strongs_number":"g1560"},"g1561":{"pronunciation":"ek-dokh-ay'","unicode":"ἐκδοχή","translit":"ekdochḗ","definition":"[ἐκδοχή] from {{g1551}}; expectation","strongs_number":"g1561"},"g1562":{"pronunciation":"ek-doo'-o","unicode":"ἐκδύω","translit":"ekdýō","definition":"[ἐκδύω] from {{g1537}} and the base of {{g1416}}; to cause to sink out of, i.e. (specially as of clothing) to divest","strongs_number":"g1562"},"g1563":{"pronunciation":"ek-i'","unicode":"ἐκεῖ","translit":"ekeî","definition":"[ἐκεῖ] of uncertain affinity; there; by extension, thither","strongs_number":"g1563"},"g1564":{"pronunciation":"ek-i'-then","unicode":"ἐκεῖθεν","translit":"ekeîthen","definition":"[ἐκεῖθεν] from {{g1563}}; thence","strongs_number":"g1564"},"g1565":{"pronunciation":"ek-i'-nos","unicode":"ἐκεῖνος","translit":"ekeînos","definition":"[ἐκεῖνος] from {{g1563}}; that one (or (neuter) thing); often intensified by the article prefixed See also {{g3778}}.","strongs_number":"g1565"},"g1566":{"pronunciation":"ek-i'-seh","unicode":"ἐκεῖσε","translit":"ekeîse","definition":"[ἐκεῖσε] from {{g1563}}; thither","strongs_number":"g1566"},"g1567":{"pronunciation":"ek-zay-teh'-o","unicode":"ἐκζητέω","translit":"ekzētéō","definition":"[ἐκζητέω] from {{g1537}} and {{g2212}}; to search out, i.e. (figuratively)investigate, crave, demand, (by Hebraism) worship","strongs_number":"g1567"},"g1568":{"pronunciation":"ek-tham-beh'-o","unicode":"ἐκθαμβέω","translit":"ekthambéō","definition":"[ἐκθαμβέω] from {{g1569}}; to astonish utterly","strongs_number":"g1568"},"g1569":{"pronunciation":"ek'-tham-bos","unicode":"ἔκθαμβος","translit":"ékthambos","definition":"[ἔκθαμβος] from {{g1537}} and {{g2285}}; utterly astounded","strongs_number":"g1569"},"g1570":{"pronunciation":"ek'-thet-os","unicode":"ἔκθετος","translit":"ékthetos","definition":"[ἔκθετος] from {{g1537}} and a derivative of {{g5087}}; put out, i.e. exposed to perish","strongs_number":"g1570"},"g1571":{"pronunciation":"ek-kath-ah'-ee-ro","unicode":"ἐκκαθαίρω","translit":"ekkathaírō","definition":"[ἐκκαθαίρω] from {{g1537}} and {{g2508}}; to cleanse thoroughly","strongs_number":"g1571"},"g1572":{"pronunciation":"ek-kah'-yo","unicode":"ἐκκαίω","translit":"ekkaíō","definition":"[ἐκκαίω] from {{g1537}} and {{g2545}}; to inflame deeply","strongs_number":"g1572"},"g1573":{"pronunciation":"ek-kak-eh'-o","unicode":"ἐκκακέω","translit":"ekkakéō","definition":"[ἐκκακέω] from {{g1537}} and {{g2556}}; to be (bad or) weak, i.e. (by implication) to fail (in heart)","strongs_number":"g1573"},"g1574":{"pronunciation":"ek-ken-teh'-o","unicode":"ἐκκεντέω","translit":"ekkentéō","definition":"[ἐκκεντέω] from {{g1537}} and the base of {{g2759}}; to transfix","strongs_number":"g1574"},"g1575":{"pronunciation":"ek-klah'-o","unicode":"ἐκκλάω","translit":"ekkláō","definition":"[ἐκκλάω] from {{g1537}} and {{g2806}}; to exscind","strongs_number":"g1575"},"g1576":{"pronunciation":"ek-kli'-o","unicode":"ἐκκλείω","translit":"ekkleíō","definition":"[ἐκκλείω] from {{g1537}} and {{g2808}}; to shut out (literally or figuratively)","strongs_number":"g1576"},"g1577":{"pronunciation":"ek-klay-see'-ah","unicode":"ἐκκλησία","translit":"ekklēsía","definition":"[ἐκκλησία] from a compound of {{g1537}} and a derivative of {{g2564}}; a calling out, i.e. (concretely) a popular meeting, especially a religious congregation (Jewish synagogue, or Christian community of members on earth or saints in heaven or both)","strongs_number":"g1577"},"g1578":{"pronunciation":"ek-klee'-no","unicode":"ἐκκλίνω","translit":"ekklínō","definition":"[ἐκκλίνω] from {{g1537}} and {{g2827}}; to deviate, i.e. (absolutely) to shun (literally or figuratively), or (relatively) to decline (from piety)","strongs_number":"g1578"},"g1579":{"pronunciation":"ek-kol-oom-bah'-o","unicode":"ἐκκολυμβάω","translit":"ekkolymbáō","definition":"[ἐκκολυμβάω] from {{g1537}} and {{g2860}}; to escape by swimming","strongs_number":"g1579"},"g1580":{"pronunciation":"ek-kom-id'-zo","unicode":"ἐκκομίζω","translit":"ekkomízō","definition":"[ἐκκομίζω] from {{g1537}} and {{g2865}}; to bear forth (to burial)","strongs_number":"g1580"},"g1581":{"pronunciation":"ek-kop'-to","unicode":"ἐκκόπτω","translit":"ekkóptō","definition":"[ἐκκόπτω] from {{g1537}} and {{g2875}}; to exscind; figuratively, to frustrate","strongs_number":"g1581"},"g1582":{"pronunciation":"ek-krem'-am-ahee","unicode":"ἐκκρέμαμαι","translit":"ekkrémamai","definition":"[ἐκκρέμαμαι] middle voice from {{g1537}} and {{g2910}}; to hang upon the lips of a speaker, i.e. listen closely","strongs_number":"g1582"},"g1583":{"pronunciation":"ek-lal-eh'-o","unicode":"ἐκλαλέω","translit":"eklaléō","definition":"[ἐκλαλέω] from {{g1537}} and {{g2980}}; to divulge","strongs_number":"g1583"},"g1584":{"pronunciation":"ek-lam'-po","unicode":"ἐκλάμπω","translit":"eklámpō","definition":"[ἐκλάμπω] from {{g1537}} and {{g2989}}; to be resplendent","strongs_number":"g1584"},"g1585":{"pronunciation":"ek-lan-than'-om-ahee","unicode":"ἐκλανθάνομαι","translit":"eklanthánomai","definition":"[ἐκλανθάνομαι] middle voice from {{g1537}} and {{g2990}}; to be utterly oblivious of","strongs_number":"g1585"},"g1586":{"pronunciation":"ek-leg'-om-ahee","unicode":"ἐκλέγομαι","translit":"eklégomai","definition":"[ἐκλέγομαι] middle voice from {{g1537}} and {{g3004}} (in its primary sense); to select","strongs_number":"g1586"},"g1587":{"pronunciation":"ek-li'-po","unicode":"ἐκλείπω","translit":"ekleípō","definition":"[ἐκλείπω] from {{g1537}} and {{g3007}}; to omit, i.e. (by implication) cease (die)","strongs_number":"g1587"},"g1588":{"pronunciation":"ek-lek-tos'","unicode":"ἐκλεκτός","translit":"eklektós","definition":"[ἐκλεκτός] from {{g1586}}; select; by implication, favorite","strongs_number":"g1588"},"g1589":{"pronunciation":"ek-log-ay'","unicode":"ἐκλογή","translit":"eklogḗ","definition":"[ἐκλογή] from {{g1586}}; (divine) selection (abstractly or concretely)","strongs_number":"g1589"},"g1590":{"pronunciation":"ek-loo'-o","unicode":"ἐκλύω","translit":"eklýō","definition":"[ἐκλύω] from {{g1537}} and {{g3089}}; to relax (literally or figuratively)","strongs_number":"g1590"},"g1591":{"pronunciation":"ek-mas'-so","unicode":"ἐκμάσσω","translit":"ekmássō","definition":"[ἐκμάσσω] from {{g1537}} and the base of {{g3145}}; to knead out, i.e. (by analogy) to wipe dry","strongs_number":"g1591"},"g1592":{"pronunciation":"ek-mook-ter-id'-zo","unicode":"ἐκμυκτηρίζω","translit":"ekmyktērízō","definition":"[ἐκμυκτηρίζω] from {{g1537}} and {{g3456}}; to sneer outright at","strongs_number":"g1592"},"g1593":{"pronunciation":"ek-nyoo'-o","unicode":"ἐκνεύω","translit":"ekneúō","definition":"[ἐκνεύω] from {{g1537}} and {{g3506}}; (by analogy) to slip off, i.e. quietly withdraw","strongs_number":"g1593"},"g1594":{"pronunciation":"ek-nay'-fo","unicode":"ἐκνήφω","translit":"eknḗphō","definition":"[ἐκνήφω] from {{g1537}} and {{g3525}}; (figuratively) to rouse (oneself) out of stupor","strongs_number":"g1594"},"g1595":{"pronunciation":"hek-oo'-see-on","unicode":"ἑκούσιον","translit":"hekoúsion","definition":"[ἑκούσιον] neuter of a derivative from {{g1635}}; voluntariness","strongs_number":"g1595"},"g1596":{"pronunciation":"hek-oo-see'-ose","unicode":"ἑκουσίως","translit":"hekousíōs","definition":"[ἑκουσίως] adverb from the same as {{g1595}}; voluntarily","strongs_number":"g1596"},"g1597":{"pronunciation":"eh'-pal-ahee","unicode":"ἔκπαλαι","translit":"ékpalai","definition":"[ἔκπαλαι] from {{g1537}} and {{g3819}}; long ago, for a long while","strongs_number":"g1597"},"g1598":{"pronunciation":"ek-pi-rad'-zo","unicode":"ἐκπειράζω","translit":"ekpeirázō","definition":"[ἐκπειράζω] from {{g1537}} and {{g3985}}; to test thoroughly","strongs_number":"g1598"},"g1599":{"pronunciation":"ek-pem'-po","unicode":"ἐκπέμπω","translit":"ekpémpō","definition":"[ἐκπέμπω] from {{g1537}} and {{g3992}}; to despatch","strongs_number":"g1599"},"g1600":{"pronunciation":"ek-pet-an'-noo-mee","unicode":"ἐκπετάννυμι","translit":"ekpetánnymi","definition":"[ἐκπετάννυμι] from {{g1537}} and a form of {{g4072}}; to fly out, i.e. (by analogy) to extend","strongs_number":"g1600"}}