{"g1601":{"pronunciation":"ek-pip'-to","unicode":"ἐκπίπτω","translit":"ekpíptō","definition":"[ἐκπίπτω] from {{g1537}} and {{g4098}}; to drop away; specially, be driven out of one's course; figuratively, to lose, become inefficient","strongs_number":"g1601"},"g1602":{"pronunciation":"ek-pleh'-o","unicode":"ἐκπλέω","translit":"ekpléō","definition":"[ἐκπλέω] from {{g1537}} and {{g4126}}; to depart by ship","strongs_number":"g1602"},"g1603":{"pronunciation":"ek-play-ro'-o","unicode":"ἐκπληρόω","translit":"ekplēróō","definition":"[ἐκπληρόω] from {{g1537}} and {{g4137}}; to accomplish entirely","strongs_number":"g1603"},"g1604":{"pronunciation":"ek-play'-ro-sis","unicode":"ἐκπλήρωσις","translit":"ekplḗrōsis","definition":"[ἐκπλήρωσις] from {{g1603}}; completion","strongs_number":"g1604"},"g1605":{"pronunciation":"ek-place'-so","unicode":"ἐκπλήσσω","translit":"ekplḗssō","definition":"[ἐκπλήσσω] from {{g1537}} and {{g4141}}; to strike with astonishment","strongs_number":"g1605"},"g1606":{"pronunciation":"ek-pneh'-o","unicode":"ἐκπνέω","translit":"ekpnéō","definition":"[ἐκπνέω] from {{g1537}} and {{g4154}}; to expire","strongs_number":"g1606"},"g1607":{"pronunciation":"ek-por-yoo'-om-ahee","unicode":"ἐκπορεύομαι","translit":"ekporeúomai","definition":"[ἐκπορεύομαι] from {{g1537}} and {{g4198}}; to depart, be discharged, proceed, project","strongs_number":"g1607"},"g1608":{"pronunciation":"ek-porn-yoo'-o","unicode":"ἐκπορνεύω","translit":"ekporneúō","definition":"[ἐκπορνεύω] from {{g1537}} and {{g4203}}; to be utterly unchaste","strongs_number":"g1608"},"g1609":{"pronunciation":"ek-ptoo'-o","unicode":"ἐκπτύω","translit":"ekptýō","definition":"[ἐκπτύω] from {{g1537}} and {{g4429}}; to spit out, i.e. (figuratively) spurn","strongs_number":"g1609"},"g1610":{"pronunciation":"ek-rid-zo'-o","unicode":"ἐκριζόω","translit":"ekrizóō","definition":"[ἐκριζόω] from {{g1537}} and {{g4492}}; to uproot","strongs_number":"g1610"},"g1611":{"pronunciation":"ek'-stas-is","unicode":"ἔκστασις","translit":"ékstasis","definition":"[ἔκστασις] from {{g1839}}; a displacement of the mind, i.e. bewilderment, \"ecstasy\"","strongs_number":"g1611"},"g1612":{"pronunciation":"ek-stref'-o","unicode":"ἐκστρέφω","translit":"ekstréphō","definition":"[ἐκστρέφω] from {{g1537}} and {{g4762}}; to pervert (figuratively)","strongs_number":"g1612"},"g1613":{"pronunciation":"ek-tar-as'-so","unicode":"ἐκταράσσω","translit":"ektarássō","definition":"[ἐκταράσσω] from {{g1537}} and {{g5015}}; to disturb wholly","strongs_number":"g1613"},"g1614":{"pronunciation":"ek-ti'-no","unicode":"ἐκτείνω","translit":"ekteínō","definition":"[ἐκτείνω] from {{g1537}} and teino (to stretch); to extend","strongs_number":"g1614"},"g1615":{"pronunciation":"ek-tel-eh'-o","unicode":"ἐκτελέω","translit":"ekteléō","definition":"[ἐκτελέω] from {{g1537}} and {{g5055}}; to complete fully","strongs_number":"g1615"},"g1616":{"pronunciation":"ek-ten'-i-ah","unicode":"ἐκτένεια","translit":"ekténeia","definition":"[ἐκτένεια] from {{g1618}}; intentness","strongs_number":"g1616"},"g1617":{"pronunciation":"ek-ten-es'-ter-on","unicode":"ἐκτενέστερον","translit":"ektenésteron","definition":"[ἐκτενέστερον] neuter of the comparative of {{g1618}}; more intently","strongs_number":"g1617"},"g1618":{"pronunciation":"ek-ten-ace'","unicode":"ἐκτενής","translit":"ektenḗs","definition":"[ἐκτενής] from {{g1614}}; intent","strongs_number":"g1618"},"g1619":{"pronunciation":"ek-ten-oce'","unicode":"ἐκτενῶς","translit":"ektenōs","definition":"[ἐκτενῶς] adverb from {{g1618}}; intently","strongs_number":"g1619"},"g1620":{"pronunciation":"ek-tith'-ay-mee","unicode":"ἐκτίθημι","translit":"ektíthēmi","definition":"[ἐκτίθημι] from {{g1537}} and {{g5087}}; to expose; figuratively, to declare","strongs_number":"g1620"},"g1621":{"pronunciation":"ek-tin-as'-so","unicode":"ἐκτινάσσω","translit":"ektinássō","definition":"[ἐκτινάσσω] from {{g1537}} and tinasso (to swing); to shake violently","strongs_number":"g1621"},"g1622":{"pronunciation":"ek-tos'","unicode":"ἐκτός","translit":"ektós","definition":"[ἐκτός] from {{g1537}}; the exterior; figuratively (as a preposition) aside from, besides","strongs_number":"g1622"},"g1623":{"pronunciation":"hek'-tos","unicode":"ἕκτος","translit":"héktos","definition":"[ἕκτος] ordinal from {{g1803}}; sixth","strongs_number":"g1623"},"g1624":{"pronunciation":"ek-trep'-o","unicode":"ἐκτρέπω","translit":"ektrépō","definition":"[ἐκτρέπω] from {{g1537}} and the base of {{g5157}}; to deflect, i.e. turn away (literally or figuratively)","strongs_number":"g1624"},"g1625":{"pronunciation":"ek-tref'-o","unicode":"ἐκτρέφω","translit":"ektréphō","definition":"[ἐκτρέφω] from {{g1537}} and {{g5142}}; to rear up to maturity, i.e. (genitive case) to cherish or train","strongs_number":"g1625"},"g1626":{"pronunciation":"ek'-tro-mah","unicode":"ἔκτρωμα","translit":"éktrōma","definition":"[ἔκτρωμα] from a comparative of {{g1537}} and τιτρώσκω (to wound); a miscarriage (abortion), i.e. (by analogy) untimely birth","strongs_number":"g1626"},"g1627":{"pronunciation":"ek-fer'-o","unicode":"ἐκφέρω","translit":"ekphérō","definition":"[ἐκφέρω] from {{g1537}} and {{g5342}}; to bear out (literally or figuratively)","strongs_number":"g1627"},"g1628":{"pronunciation":"ek-fyoo'-go","unicode":"ἐκφεύγω","translit":"ekpheúgō","definition":"[ἐκφεύγω] from {{g1537}} and {{g5343}}; to flee out","strongs_number":"g1628"},"g1629":{"pronunciation":"ek-fob-eh'-o","unicode":"ἐκφοβέω","translit":"ekphobéō","definition":"[ἐκφοβέω] from {{g1537}} and {{g5399}}; to frighten utterly","strongs_number":"g1629"},"g1630":{"pronunciation":"ek'-fob-os","unicode":"ἔκφοβος","translit":"ékphobos","definition":"[ἔκφοβος] from {{g1537}} and {{g5401}}; frightened out of one's wits","strongs_number":"g1630"},"g1631":{"pronunciation":"ek-foo'-o","unicode":"ἐκφύω","translit":"ekphýō","definition":"[ἐκφύω] from {{g1537}} and {{g5453}}; to sprout up","strongs_number":"g1631"},"g1632":{"pronunciation":"ek-kheh'-o","unicode":"ἐκχέω","translit":"ekchéō","definition":"[ἐκχέω] ,     or (by variation)      ἐκχύνωfrom {{g1537}} and χέω (to pour); to pour forth; figuratively, to bestow","strongs_number":"g1632"},"g1633":{"pronunciation":"ek-kho-reh'-o","unicode":"ἐκχωρέω","translit":"ekchōréō","definition":"[ἐκχωρέω] from {{g1537}} and {{g5562}}; to depart","strongs_number":"g1633"},"g1634":{"pronunciation":"ek-psoo'-kho","unicode":"ἐκψύχω","translit":"ekpsýchō","definition":"[ἐκψύχω] from {{g1537}} and {{g5594}}; to expire","strongs_number":"g1634"},"g1635":{"pronunciation":"hek-own'","unicode":"ἑκών","translit":"hekṓn","definition":"[ἑκών] of uncertain affinity; voluntary","strongs_number":"g1635"},"g1636":{"pronunciation":"el-ah'-yah","unicode":"ἐλαία","translit":"elaía","definition":"[ἐλαία] feminine of a presumed derivative from an obsolete primary; an olive (the tree or the fruit)","strongs_number":"g1636"},"g1637":{"pronunciation":"el'-ah-yon","unicode":"ἔλαιον","translit":"élaion","definition":"[ἔλαιον] neuter of the same as {{g1636}}; olive oil","strongs_number":"g1637"},"g1638":{"pronunciation":"el-ah-yone'","unicode":"ἐλαιών","translit":"elaiṓn","definition":"[ἐλαιών] from {{g1636}}; an olive-orchard, i.e. (specially) the Mount of Olives","strongs_number":"g1638"},"g1639":{"pronunciation":"el-am-ee'-tace","unicode":"Ἐλαμίτης","translit":"Elamítēs","definition":"[Ἐλαμίτης] of Hebrew origin ({{h5867}}); an Elamite or Persian","strongs_number":"g1639"},"g1640":{"pronunciation":"el-as'-sone","unicode":"ἐλάσσων","translit":"elássōn","definition":"[ἐλάσσων]   or ἐλάττωνcomparative of the same as {{g1646}}; smaller (in size, quantity, age or quality)","strongs_number":"g1640"},"g1641":{"pronunciation":"el-at-ton-eh-o","unicode":"ἐλαττονέω","translit":"elattonéō","definition":"[ἐλαττονέω] from {{g1640}}; to diminish, i.e. fall short","strongs_number":"g1641"},"g1642":{"pronunciation":"el-at-to'-o","unicode":"ἐλαττόω","translit":"elattóō","definition":"[ἐλαττόω] from {{g1640}}; to lessen (in rank or influence)","strongs_number":"g1642"},"g1643":{"pronunciation":"el-ow'-no","unicode":"ἐλαύνω","translit":"elaúnō","definition":"[ἐλαύνω] a prolonged form of a primary verb (obsolete except in certain tenses as an alternative of this) of uncertain affinity; to push (as wind, oars or dæmonical power)","strongs_number":"g1643"},"g1644":{"pronunciation":"el-af-ree'-ah","unicode":"ἐλαφρία","translit":"elaphría","definition":"[ἐλαφρία] from {{g1645}}; levity (figuratively), i.e. fickleness","strongs_number":"g1644"},"g1645":{"pronunciation":"el-af-ros'","unicode":"ἐλαφρός","translit":"elaphrós","definition":"[ἐλαφρός] probably akin to {{g1643}} and the base of {{g1640}}; light, i.e. easy","strongs_number":"g1645"},"g1646":{"pronunciation":"el-akh'-is-tos","unicode":"ἐλάχιστος","translit":"eláchistos","definition":"[ἐλάχιστος] superlative of ἔλαχυς (short); used as equivalent to {{g3398}}; least (in size, amount, dignity, etc.)","strongs_number":"g1646"},"g1647":{"pronunciation":"el-akh-is-tot'-er-os","unicode":"ἐλαχιστότερος","translit":"elachistóteros","definition":"[ἐλαχιστότερος] comparative of {{g1646}}; far less","strongs_number":"g1647"},"g1648":{"pronunciation":"el-eh-ad'-zar","unicode":"Ἐλεάζαρ","translit":"Eleázar","definition":"[Ἐλεάζαρ] of Hebrew origin ({{h499}}); Eleazar, an Israelite","strongs_number":"g1648"},"g1649":{"pronunciation":"el'-eng-xis","unicode":"ἔλεγξις","translit":"élenxis","definition":"[ἔλεγξις] from {{g1651}}; refutation, i.e. reproof","strongs_number":"g1649"},"g1650":{"pronunciation":"el'-eng-khos","unicode":"ἔλεγχος","translit":"élenchos","definition":"[ἔλεγχος] from {{g1651}}; proof, conviction","strongs_number":"g1650"},"g1651":{"pronunciation":"el-eng'-kho","unicode":"ἐλέγχω","translit":"elénchō","definition":"[ἐλέγχω] of uncertain affinity; to confute, admonish","strongs_number":"g1651"},"g1652":{"pronunciation":"el-eh-i-nos'","unicode":"ἐλεεινός","translit":"eleeinós","definition":"[ἐλεεινός] from {{g1656}}; pitiable","strongs_number":"g1652"},"g1653":{"pronunciation":"el-eh-eh'-o","unicode":"ἐλεέω","translit":"eleéō","definition":"[ἐλεέω] from {{g1656}}; to compassionate (by word or deed, specially, by divine grace)","strongs_number":"g1653"},"g1654":{"pronunciation":"el-eh-ay-mos-oo'-nay","unicode":"ἐλεημοσύνη","translit":"eleēmosýnē","definition":"[ἐλεημοσύνη] from {{g1656}}; compassionateness, i.e. (as exercised towards the poor) beneficence, or (concretely) a benefaction","strongs_number":"g1654"},"g1655":{"pronunciation":"el-eh-ay'-mone","unicode":"ἐλεήμων","translit":"eleḗmōn","definition":"[ἐλεήμων] from {{g1653}}; compassionate (actively)","strongs_number":"g1655"},"g1656":{"pronunciation":"el'-eh-os","unicode":"ἔλεος","translit":"éleos","definition":"[ἔλεος] of uncertain affinity; compassion (human or divine, especially active)","strongs_number":"g1656"},"g1657":{"pronunciation":"el-yoo-ther-ee'-ah","unicode":"ἐλευθερία","translit":"eleuthería","definition":"[ἐλευθερία] from {{g1658}}; freedom (legitimate or licentious, chiefly moral or ceremonial)","strongs_number":"g1657"},"g1658":{"pronunciation":"el-yoo'-ther-os","unicode":"ἐλεύθερος","translit":"eleútheros","definition":"[ἐλεύθερος] probably from the alternate of {{g2064}}; unrestrained (to go at pleasure), i.e. (as a citizen) not a slave (whether freeborn or manumitted), or (genitive case) exempt (from obligation or liability)","strongs_number":"g1658"},"g1659":{"pronunciation":"el-yoo-ther-o'-o","unicode":"ἐλευθερόω","translit":"eleutheróō","definition":"[ἐλευθερόω] from {{g1658}}; to liberate, i.e. (figuratively) to exempt (from moral, ceremonial or mortal liability)","strongs_number":"g1659"},"g1660":{"pronunciation":"el'-yoo-sis","unicode":"ἔλευσις","translit":"éleusis","definition":"[ἔλευσις] from the alternate of {{g2064}}; an advent","strongs_number":"g1660"},"g1661":{"pronunciation":"el-ef-an'-tee-nos","unicode":"ἐλεφάντινος","translit":"elephántinos","definition":"[ἐλεφάντινος] from ἔλεφας (an \"elephant\"); elephantine, i.e. (by implication) composed of ivory","strongs_number":"g1661"},"g1662":{"pronunciation":"el-ee-ak-ime'","unicode":"Ἐλιακείμ","translit":"Eliakeím","definition":"[Ἐλιακείμ] of Hebrew origin ({{h471}}); Eliakim, an Israelite","strongs_number":"g1662"},"g1663":{"pronunciation":"el-ee-ed'-zer","unicode":"Ἐλιέζερ","translit":"Eliézer","definition":"[Ἐλιέζερ] of Hebrew origin ({{h461}}); Eliezer, an Israelite","strongs_number":"g1663"},"g1664":{"pronunciation":"el-ee-ood'","unicode":"Ἐλιούδ","translit":"Elioúd","definition":"[Ἐλιούδ] of Hebrew origin ({{h410}} and {{h1935}}); God of majesty; Eliud, an Israelite","strongs_number":"g1664"},"g1665":{"pronunciation":"el-ee-sab'-et","unicode":"Ἐλισάβετ","translit":"Elisábet","definition":"[Ἐλισάβετ] of Hebrew origin ({{h472}}); Elisabet, an Israelitess","strongs_number":"g1665"},"g1666":{"pronunciation":"el-is-sah'-yos","unicode":"Ἐλισσαῖος","translit":"Elissaîos","definition":"[Ἐλισσαῖος] of Hebrew origin ({{h477}}); Elissæus, an Israelite","strongs_number":"g1666"},"g1667":{"pronunciation":"hel-is'-so","unicode":"ἑλίσσω","translit":"helíssō","definition":"[ἑλίσσω] a form of {{g1507}}; to coil or wrap","strongs_number":"g1667"},"g1668":{"pronunciation":"hel'-kos","unicode":"ἕλκος","translit":"hélkos","definition":"[ἕλκος] probably from {{g1670}}; an ulcer (as if drawn together)","strongs_number":"g1668"},"g1669":{"pronunciation":"hel-ko'-o","unicode":"ἑλκόω","translit":"helkóō","definition":"[ἑλκόω] from {{g1668}}; to cause to ulcerate, i.e. (passively) be ulcerous","strongs_number":"g1669"},"g1670":{"pronunciation":"hel-koo'-o","unicode":"ἑλκύω","translit":"helkýō","definition":"[ἑλκύω]   or ἕλκω;  probably akin to {{g138}}; to drag (literally or figuratively) Compare {{g1667}}.","strongs_number":"g1670"},"g1671":{"pronunciation":"hel-las'","unicode":"Ἑλλάς","translit":"Hellás","definition":"[Ἑλλάς] of uncertain affinity; Hellas (or Greece), a country of Europe","strongs_number":"g1671"},"g1672":{"pronunciation":"hel'-lane","unicode":"Ἕλλην","translit":"Héllēn","definition":"[Ἕλλην] from {{g1671}}; a Hellen (Grecian) or inhabitant of Hellas; by extension a Greek-speaking person, especially a non-Jew","strongs_number":"g1672"},"g1673":{"pronunciation":"hel-lay-nee-kos'","unicode":"Ἑλληνικός","translit":"Hellēnikós","definition":"[Ἑλληνικός] from {{g1672}}; Hellenic, i.e. Grecian (in language)","strongs_number":"g1673"},"g1674":{"pronunciation":"hel-lay-nis'","unicode":"Ἑλληνίς","translit":"Hellēnís","definition":"[Ἑλληνίς] feminine of {{g1672}}; a Grecian (i.e. non-Jewish) woman","strongs_number":"g1674"},"g1675":{"pronunciation":"hel-lay-nis-tace'","unicode":"Ἑλληνιστής","translit":"Hellēnistḗs","definition":"[Ἑλληνιστής] from a derivative of {{g1672}}; a Hellenist or Greek-speaking Jew","strongs_number":"g1675"},"g1676":{"pronunciation":"hel-lay-nis-tee'","unicode":"Ἑλληνιστί","translit":"Hellēnistí","definition":"[Ἑλληνιστί] adverb from the same as {{g1675}}; Hellenistically, i.e. in the Grecian language","strongs_number":"g1676"},"g1677":{"pronunciation":"el-log-eh'-o","unicode":"ἐλλογέω","translit":"ellogéō","definition":"[ἐλλογέω] from {{g1722}} and {{g3056}} (in the sense of account); to reckon in, i.e. attribute","strongs_number":"g1677"},"g1678":{"pronunciation":"el-mo-dam'","unicode":"Ἐλμωδάμ","translit":"Elmōdám","definition":"[Ἐλμωδάμ] of Hebrew origin (perhaps for {{h486}}); Elmodam, an Israelite","strongs_number":"g1678"},"g1679":{"pronunciation":"el-pid'-zo","unicode":"ἐλπίζω","translit":"elpízō","definition":"[ἐλπίζω] from {{g1680}}; to expect or confide","strongs_number":"g1679"},"g1680":{"pronunciation":"el-pece'","unicode":"ἐλπίς","translit":"elpís","definition":"[ἐλπίς] from a primary ἔλπω (to anticipate, usually with pleasure); expectation (abstractly or concretely) or confidence","strongs_number":"g1680"},"g1681":{"pronunciation":"el-oo'-mas","unicode":"Ἐλύμας","translit":"Elýmas","definition":"[Ἐλύμας] of foreign origin; Elymas, a wizard","strongs_number":"g1681"},"g1682":{"pronunciation":"el-o-ee'","unicode":"ἐλοΐ","translit":"eloḯ","definition":"[ἐλοΐ] of Chaldean origin ({{h426}} with pronominal suffix) my God","strongs_number":"g1682"},"g1683":{"pronunciation":"em-ow-too'","unicode":"ἐμαυτοῦ","translit":"emautoû","definition":"[ἐμαυτοῦ] genitive case compound of {{g1700}} and {{g846}}; of myself so likewise the dative case      ἐμαυτῷ, and accusative case      ἐμαυτόν","strongs_number":"g1683"},"g1684":{"pronunciation":"em-ba'-hee-no","unicode":"ἐμβαίνω","translit":"embaínō","definition":"[ἐμβαίνω] from {{g1722}} and the base of {{g939}}; to walk on, i.e. embark (aboard a vessel), reach (a pool)","strongs_number":"g1684"},"g1685":{"pronunciation":"em-bal'-lo","unicode":"ἐμβάλλω","translit":"embállō","definition":"[ἐμβάλλω] from {{g1722}} and {{g906}}; to throw on, i.e. (figuratively) subject to (eternal punishment)","strongs_number":"g1685"},"g1686":{"pronunciation":"em-bap'-to","unicode":"ἐμβάπτω","translit":"embáptō","definition":"[ἐμβάπτω] from {{g1722}} and {{g911}}; to whelm on, i.e. wet (a part of the person, etc.) by contact with a fluid","strongs_number":"g1686"},"g1687":{"pronunciation":"em-bat-yoo'-o","unicode":"ἐμβατεύω","translit":"embateúō","definition":"[ἐμβατεύω] from {{g1722}} and a presumed derivative of the base of {{g939}}; equivalent to {{g1684}}; to intrude on (figuratively)","strongs_number":"g1687"},"g1688":{"pronunciation":"em-bib-ad'-zo","unicode":"ἐμβιβάζω","translit":"embibázō","definition":"[ἐμβιβάζω] from {{g1722}} and βιβάζω (to mount; causative of {{g1684}}); to place on, i.e. transfer (aboard a vessel)","strongs_number":"g1688"},"g1689":{"pronunciation":"em-blep'-o","unicode":"ἐμβλέπω","translit":"emblépō","definition":"[ἐμβλέπω] from {{g1722}} and {{g991}}; to look on, i.e. (relatively) to observe fixedly, or (absolutely) to discern clearly","strongs_number":"g1689"},"g1690":{"pronunciation":"em-brim-ah'-om-ahee","unicode":"ἐμβριμάομαι","translit":"embrimáomai","definition":"[ἐμβριμάομαι] from {{g1722}} and βριμάομαι (to snort with anger); to have indignation on, i.e. (transitively) to blame, (intransitively) to sigh with chagrin, (specially) to sternly enjoin","strongs_number":"g1690"},"g1691":{"pronunciation":"em-eh'","unicode":"ἐμέ","translit":"emé","definition":"[ἐμέ] a prolonged form of {{g3165}}; me","strongs_number":"g1691"},"g1692":{"pronunciation":"em-eh'-o","unicode":"ἐμέω","translit":"eméō","definition":"[ἐμέω] of uncertain affinity; to vomit","strongs_number":"g1692"},"g1693":{"pronunciation":"em-mah'-ee-nom-ahee","unicode":"ἐμμαίνομαι","translit":"emmaínomai","definition":"[ἐμμαίνομαι] from {{g1722}} and {{g3105}}; to rave on, i.e. rage at","strongs_number":"g1693"},"g1694":{"pronunciation":"em-man-oo-ale'","unicode":"Ἐμμανουήλ","translit":"Emmanouḗl","definition":"[Ἐμμανουήλ] of Hebrew origin ({{h6005}}); God with us; Emmanuel, a name of Christ","strongs_number":"g1694"},"g1695":{"pronunciation":"em-mah-ooce'","unicode":"Ἐμμαούς","translit":"Emmaoús","definition":"[Ἐμμαούς] probably of Hebrew origin (compare {{h3222}}); Emmaus, a place in Palestine","strongs_number":"g1695"},"g1696":{"pronunciation":"em-men'-o","unicode":"ἐμμένω","translit":"emménō","definition":"[ἐμμένω] from {{g1722}} and {{g3306}}; to stay in the same place, i.e. (figuratively) persevere","strongs_number":"g1696"},"g1697":{"pronunciation":"em-mor'","unicode":"Ἐμμόρ","translit":"Emmór","definition":"[Ἐμμόρ] of Hebrew origin ({{h2544}}); Emmor (i.e. Chamor), a Canaanite","strongs_number":"g1697"},"g1698":{"pronunciation":"em-oy'","unicode":"ἐμοί","translit":"emoí","definition":"[ἐμοί] a prolonged form of {{g3427}}; to me","strongs_number":"g1698"},"g1699":{"pronunciation":"em-os'","unicode":"ἐμός","translit":"emós","definition":"[ἐμός] from the oblique cases of {{g1473}} ({{g1698}}, {{g1700}}, {{g1691}}); my","strongs_number":"g1699"},"g1700":{"pronunciation":"em-oo'","unicode":"ἐμοῦ","translit":"emoû","definition":"[ἐμοῦ] a prolonged form of {{g3449}}; of me","strongs_number":"g1700"}}