{"g1701":{"pronunciation":"emp-aheeg-mos'","unicode":"ἐμπαιγμός","translit":"empaigmós","definition":"[ἐμπαιγμός] from {{g1702}}; derision","strongs_number":"g1701"},"g1702":{"pronunciation":"emp-aheed'-zo","unicode":"ἐμπαίζω","translit":"empaízō","definition":"[ἐμπαίζω] from {{g1722}} and {{g3815}}; to jeer at, i.e. deride","strongs_number":"g1702"},"g1703":{"pronunciation":"emp-aheek-tace'","unicode":"ἐμπαίκτης","translit":"empaíktēs","definition":"[ἐμπαίκτης] from {{g1702}}; a derider, i.e. (by implication) a false teacher","strongs_number":"g1703"},"g1704":{"pronunciation":"em-per-ee-pat-eh'-o","unicode":"ἐμπεριπατέω","translit":"emperipatéō","definition":"[ἐμπεριπατέω] from {{g1722}} and {{g4043}}; to perambulate on a place, i.e. (figuratively) to be occupied among persons","strongs_number":"g1704"},"g1705":{"pronunciation":"em-pip'-lay-mee","unicode":"ἐμπίπλημι","translit":"empíplēmi","definition":"[ἐμπίπλημι]   or ἐμπλήθωfrom {{g1722}} and the base of {{g4118}};to fill in (up), i.e. (by implication) to satisfy (literally or figuratively)","strongs_number":"g1705"},"g1706":{"pronunciation":"em-pip'-to","unicode":"ἐμπίπτω","translit":"empíptō","definition":"[ἐμπίπτω] from {{g1722}} and {{g4098}}; to fall on, i.e. (literally) to be entrapped by, or (figuratively) be overwhelmed with","strongs_number":"g1706"},"g1707":{"pronunciation":"em-plek'-o","unicode":"ἐμπλέκω","translit":"emplékō","definition":"[ἐμπλέκω] from {{g1722}} and {{g4120}}; to entwine, i.e. (figuratively) involve with","strongs_number":"g1707"},"g1708":{"pronunciation":"em-plok-ay'","unicode":"ἐμπλοκή","translit":"emplokḗ","definition":"[ἐμπλοκή] from {{g1707}}; elaborate braiding of the hair","strongs_number":"g1708"},"g1709":{"pronunciation":"emp-neh'-o","unicode":"ἐμπνέω","translit":"empnéō","definition":"[ἐμπνέω] from {{g1722}} and {{g4154}}; to inhale, i.e. (figuratively) to be animated by (bent upon)","strongs_number":"g1709"},"g1710":{"pronunciation":"em-por-yoo'-om-ahee","unicode":"ἐμπορεύομαι","translit":"emporeúomai","definition":"[ἐμπορεύομαι] from {{g1722}} and {{g4198}}; to travel in (a country as a pedlar), i.e. (by implication) to trade","strongs_number":"g1710"},"g1711":{"pronunciation":"em-por-ee'-ah","unicode":"ἐμπορία","translit":"emporía","definition":"[ἐμπορία] feminine from {{g1713}}; traffic","strongs_number":"g1711"},"g1712":{"pronunciation":"em-por'-ee-on","unicode":"ἐμπόριον","translit":"empórion","definition":"[ἐμπόριον] neuter from {{g1713}}; a mart (\"emporium\")","strongs_number":"g1712"},"g1713":{"pronunciation":"em'-por-os","unicode":"ἔμπορος","translit":"émporos","definition":"[ἔμπορος] from {{g1722}} and the base of {{g4198}}; a (wholesale) tradesman","strongs_number":"g1713"},"g1714":{"pronunciation":"em-pray'-tho","unicode":"ἐμπρήθω","translit":"emprḗthō","definition":"[ἐμπρήθω] from {{g1722}} and πρήθω (to blow a flame); to enkindle, i.e. set on fire","strongs_number":"g1714"},"g1715":{"pronunciation":"em'-pros-then","unicode":"ἔμπροσθεν","translit":"émprosthen","definition":"[ἔμπροσθεν] from {{g1722}} and {{g4314}}; in front of (in place (literally or figuratively) or time)","strongs_number":"g1715"},"g1716":{"pronunciation":"emp-too'-o","unicode":"ἐμπτύω","translit":"emptýō","definition":"[ἐμπτύω] from {{g1722}} and {{g4429}}; to spit at or on","strongs_number":"g1716"},"g1717":{"pronunciation":"em-fan-ace'","unicode":"ἐμφανής","translit":"emphanḗs","definition":"[ἐμφανής] from a compound of {{g1722}} and {{g5316}}; apparent in self","strongs_number":"g1717"},"g1718":{"pronunciation":"em-fan-id'-zo","unicode":"ἐμφανίζω","translit":"emphanízō","definition":"[ἐμφανίζω] from {{g1717}}; to exhibit (in person) or disclose (by words)","strongs_number":"g1718"},"g1719":{"pronunciation":"em'-fob-os","unicode":"ἔμφοβος","translit":"émphobos","definition":"[ἔμφοβος] from {{g1722}} and {{g5401}}; in fear, i.e. alarmed","strongs_number":"g1719"},"g1720":{"pronunciation":"em-foo-sah'-o","unicode":"ἐμφυσάω","translit":"emphysáō","definition":"[ἐμφυσάω] from {{g1722}} and φυσάω (to puff) (compare {{g5453}}); to blow at or on","strongs_number":"g1720"},"g1721":{"pronunciation":"em'-foo-tos","unicode":"ἔμφυτος","translit":"émphytos","definition":"[ἔμφυτος] from {{g1722}} and a derivative of {{g5453}}; implanted (figuratively)","strongs_number":"g1721"},"g1722":{"pronunciation":"en","unicode":"ἐν","translit":"en","definition":"[ἐν] a primary preposition denoting (fixed) position (in place, time or state), and (by implication) instrumentality (medially or constructively), i.e. a relation of rest (intermediate between {{g1519}} and {{g1537}}); \"in,\" at, (up-)on, by, etc. Often used in compounds, with substantially the same import; rarely with verbs of motion, and then not to indicate direction, except (elliptically) by a separate (and different) preposition.","strongs_number":"g1722"},"g1723":{"pronunciation":"en-ang-kal-id'-zom-ahee","unicode":"ἐναγκαλίζομαι","translit":"enankalízomai","definition":"[ἐναγκαλίζομαι] from {{g1722}} and a derivative of {{g43}}; to take in one's arms, i.e. embrace","strongs_number":"g1723"},"g1724":{"pronunciation":"en-al'-ee-os","unicode":"ἐνάλιος","translit":"enálios","definition":"[ἐνάλιος] from {{g1722}} and {{g251}}; in the sea, i.e. marine","strongs_number":"g1724"},"g1725":{"pronunciation":"en'-an-tee","unicode":"ἔναντι","translit":"énanti","definition":"[ἔναντι] from {{g1722}} and {{g473}}; in front (i.e. figuratively, presence) of","strongs_number":"g1725"},"g1726":{"pronunciation":"en-an-tee'-on","unicode":"ἐναντίον","translit":"enantíon","definition":"[ἐναντίον] neuter of {{g1727}}; (adverbially) in the presence (view) of","strongs_number":"g1726"},"g1727":{"pronunciation":"en-an-tee'-os","unicode":"ἐναντίος","translit":"enantíos","definition":"[ἐναντίος] from {{g1725}}; opposite; figuratively, antagonistic","strongs_number":"g1727"},"g1728":{"pronunciation":"en-ar'-khom-ahee","unicode":"ἐνάρχομαι","translit":"enárchomai","definition":"[ἐνάρχομαι] from {{g1722}} and {{g756}}; to commence on","strongs_number":"g1728"},"g1729":{"pronunciation":"en-deh-ace'","unicode":"ἐνδεής","translit":"endeḗs","definition":"[ἐνδεής] from a compound of {{g1722}} and {{g1210}} (in the sense of lacking); deficient in","strongs_number":"g1729"},"g1730":{"pronunciation":"en'-dighe-mah","unicode":"ἔνδειγμα","translit":"éndeigma","definition":"[ἔνδειγμα] from {{g1731}}; an indication (concretely)","strongs_number":"g1730"},"g1731":{"pronunciation":"en-dike'-noo-mee","unicode":"ἐνδείκνυμι","translit":"endeíknymi","definition":"[ἐνδείκνυμι] from {{g1722}} and {{g1166}}; to indicate (by word or act)","strongs_number":"g1731"},"g1732":{"pronunciation":"en'-dike-sis","unicode":"ἔνδειξις","translit":"éndeixis","definition":"[ἔνδειξις] from {{g1731}}; indication (abstractly)","strongs_number":"g1732"},"g1733":{"pronunciation":"hen'-dek-ah","unicode":"ἕνδεκα","translit":"héndeka","definition":"[ἕνδεκα] from (the neuter of) {{g1520}} and {{g1176}}; one and ten, i.e. eleven","strongs_number":"g1733"},"g1734":{"pronunciation":"hen-dek'-at-os","unicode":"ἑνδέκατος","translit":"hendékatos","definition":"[ἑνδέκατος] ordinal from {{g1733}}; eleventh","strongs_number":"g1734"},"g1735":{"pronunciation":"en-dekh'-et-ahee","unicode":"ἐνδέχεται","translit":"endéchetai","definition":"[ἐνδέχεται] third person singular present of a compound of {{g1722}} and {{g1209}}; (impersonally) it is accepted in, i.e. admitted (possible)","strongs_number":"g1735"},"g1736":{"pronunciation":"en-day-meh'-o","unicode":"ἐνδημέω","translit":"endēméō","definition":"[ἐνδημέω] from a compound of {{g1722}} and {{g1218}}; to be in one's own country, i.e. home (figuratively)","strongs_number":"g1736"},"g1737":{"pronunciation":"en-did-oos'-ko","unicode":"ἐνδιδύσκω","translit":"endidýskō","definition":"[ἐνδιδύσκω] a prolonged form of {{g1746}}; to invest (with a garment)","strongs_number":"g1737"},"g1738":{"pronunciation":"en'-dee-kos","unicode":"ἔνδικος","translit":"éndikos","definition":"[ἔνδικος] from {{g1722}} and {{g1349}}; in the right, i.e. equitable","strongs_number":"g1738"},"g1739":{"pronunciation":"en-dom'-ay-sis","unicode":"ἐνδόμησις","translit":"endómēsis","definition":"[ἐνδόμησις] from a compound of {{g1722}} and a derivative of the base of {{g1218}}; a housing in (residence), i.e. structure","strongs_number":"g1739"},"g1740":{"pronunciation":"en-dox-ad'-zo","unicode":"ἐνδοξάζω","translit":"endoxázō","definition":"[ἐνδοξάζω] from {{g1741}}; to glorify","strongs_number":"g1740"},"g1741":{"pronunciation":"en'-dox-os","unicode":"ἔνδοξος","translit":"éndoxos","definition":"[ἔνδοξος] from {{g1722}} and {{g1391}}; in glory, i.e. splendid, (figuratively) noble","strongs_number":"g1741"},"g1742":{"pronunciation":"en'-doo-mah","unicode":"ἔνδυμα","translit":"éndyma","definition":"[ἔνδυμα] from {{g1746}}; apparel (especially the outer robe)","strongs_number":"g1742"},"g1743":{"pronunciation":"en-doo-nam-o'-o","unicode":"ἐνδυναμόω","translit":"endynamóō","definition":"[ἐνδυναμόω] from {{g1722}} and {{g1412}}; to empower","strongs_number":"g1743"},"g1744":{"pronunciation":"en-doo'-no","unicode":"ἐνδύνω","translit":"endýnō","definition":"[ἐνδύνω] from {{g1772}} and {{g1416}}; to sink (by implication, wrap (compare {{g1746}}) on, i.e. (figuratively) sneak","strongs_number":"g1744"},"g1745":{"pronunciation":"en'-doo-sis","unicode":"ἔνδυσις","translit":"éndysis","definition":"[ἔνδυσις] from {{g1746}}; investment with clothing","strongs_number":"g1745"},"g1746":{"pronunciation":"en-doo'-o","unicode":"ἐνδύω","translit":"endýō","definition":"[ἐνδύω] from {{g1722}} and {{g1416}} (in the sense of sinking into a garment); to invest with clothing (literally or figuratively)","strongs_number":"g1746"},"g1747":{"pronunciation":"en-ed'-rah","unicode":"ἐνέδρα","translit":"enédra","definition":"[ἐνέδρα] feminine from {{g1722}} and the base of {{g1476}}; an ambuscade, i.e. (figuratively) murderous purpose See also {{g1749}}.","strongs_number":"g1747"},"g1748":{"pronunciation":"en-ed-ryoo'-o","unicode":"ἐνεδρεύω","translit":"enedreúō","definition":"[ἐνεδρεύω] from {{g1747}}; to lurk, i.e. (figuratively) plot assassination","strongs_number":"g1748"},"g1749":{"pronunciation":"en'-ed-ron","unicode":"ἔνεδρον","translit":"énedron","definition":"[ἔνεδρον] neuter of the same as {{g1747}}; an ambush, i.e. (figuratively) murderous design","strongs_number":"g1749"},"g1750":{"pronunciation":"en-i-leh'-o","unicode":"ἐνειλέω","translit":"eneiléō","definition":"[ἐνειλέω] from {{g1772}} and the base of {{g1507}}; to enwrap","strongs_number":"g1750"},"g1751":{"pronunciation":"en'-i-mee","unicode":"ἔνειμι","translit":"éneimi","definition":"[ἔνειμι] from {{g1772}} and {{g1510}}; to be within (neuter participle plural) See also {{g1762}}.","strongs_number":"g1751"},"g1752":{"pronunciation":"hen'-ek-ah","unicode":"ἕνεκα","translit":"héneka","definition":"[ἕνεκα]   or ἕνεκεν  or εἵνεκενof uncertain affinity; on account of","strongs_number":"g1752"},"g1753":{"pronunciation":"en-erg'-i-ah","unicode":"ἐνέργεια","translit":"enérgeia","definition":"[ἐνέργεια] from {{g1756}}; efficiency (\"energy\")","strongs_number":"g1753"},"g1754":{"pronunciation":"en-erg-eh'-o","unicode":"ἐνεργέω","translit":"energéō","definition":"[ἐνεργέω] from {{g1756}}; to be active, efficient","strongs_number":"g1754"},"g1755":{"pronunciation":"en-erg'-ay-mah","unicode":"ἐνέργημα","translit":"enérgēma","definition":"[ἐνέργημα] from {{g1754}}; an effect","strongs_number":"g1755"},"g1756":{"pronunciation":"en-er-gace'","unicode":"ἐνεργής","translit":"energḗs","definition":"[ἐνεργής] from {{g1722}} and {{g2041}}; active, operative","strongs_number":"g1756"},"g1757":{"pronunciation":"en-yoo-log-eh'-o","unicode":"ἐνευλογέω","translit":"eneulogéō","definition":"[ἐνευλογέω] from {{g1722}} and {{g2127}}; to confer a benefit on","strongs_number":"g1757"},"g1758":{"pronunciation":"en-ekh'-o","unicode":"ἐνέχω","translit":"enéchō","definition":"[ἐνέχω] from {{g1722}} and {{g2192}}; to hold in or upon, i.e. ensnare; by implication, to keep a grudge","strongs_number":"g1758"},"g1759":{"pronunciation":"en-thad'-eh","unicode":"ἐνθάδε","translit":"entháde","definition":"[ἐνθάδε] from a prolonged form of {{g1722}}; properly, within, i.e. (of place) here, hither","strongs_number":"g1759"},"g1760":{"pronunciation":"en-thoo-meh'-om-ahee","unicode":"ἐνθυμέομαι","translit":"enthyméomai","definition":"[ἐνθυμέομαι] from a compound of {{g1722}} and {{g2372}}; to be inspirited, i.e. ponder","strongs_number":"g1760"},"g1761":{"pronunciation":"en-thoo'-may-sis","unicode":"ἐνθύμησις","translit":"enthýmēsis","definition":"[ἐνθύμησις] from {{g1760}}; deliberation","strongs_number":"g1761"},"g1762":{"pronunciation":"en'-ee","unicode":"ἔνι","translit":"éni","definition":"[ἔνι] contraction for the third person singular present indicative of {{g1751}}; impersonally, there is in or among","strongs_number":"g1762"},"g1763":{"pronunciation":"en-ee-ow-tos'","unicode":"ἐνιαυτός","translit":"eniautós","definition":"[ἐνιαυτός] prolongation from a primary ἔνος (a year); a year","strongs_number":"g1763"},"g1764":{"pronunciation":"en-is'-tay-mee","unicode":"ἐνίστημι","translit":"enístēmi","definition":"[ἐνίστημι] from {{g1722}} and {{g2476}}; to place on hand, i.e. (reflexively) impend, (participle) be instant","strongs_number":"g1764"},"g1765":{"pronunciation":"en-is-khoo'-o","unicode":"ἐνισχύω","translit":"enischýō","definition":"[ἐνισχύω] from {{g1722}} and {{g2480}}; to invigorate (transitively or reflexively)","strongs_number":"g1765"},"g1766":{"pronunciation":"en'-nat-os","unicode":"ἔννατος","translit":"énnatos","definition":"[ἔννατος] ordinal from {{g1767}}; ninth","strongs_number":"g1766"},"g1767":{"pronunciation":"en-neh'-ah","unicode":"ἐννέα","translit":"ennéa","definition":"[ἐννέα] a primary number; nine","strongs_number":"g1767"},"g1768":{"pronunciation":"en-nen-ay-kon-tah-en-neh'-ah","unicode":"ἐννενηκονταεννέα","translit":"ennenēkontaennéa","definition":"[ἐννενηκονταεννέα] from a (tenth) multiple of {{g1767}} and {{g1767}} itself; ninety-nine","strongs_number":"g1768"},"g1769":{"pronunciation":"en-neh-os'","unicode":"ἐννεός","translit":"enneós","definition":"[ἐννεός] from {{g1770}}; dumb (as making signs), i.e. silent from astonishment","strongs_number":"g1769"},"g1770":{"pronunciation":"en-nyoo'-o","unicode":"ἐννεύω","translit":"enneúō","definition":"[ἐννεύω] from {{g1722}} and {{g3506}}; to nod at, i.e. beckon or communicate by gesture","strongs_number":"g1770"},"g1771":{"pronunciation":"en'-noy-ah","unicode":"ἔννοια","translit":"énnoia","definition":"[ἔννοια] from a compound of {{g1722}} and {{g3563}}; thoughtfulness, i.e. moral understanding","strongs_number":"g1771"},"g1772":{"pronunciation":"en'-nom-os","unicode":"ἔννομος","translit":"énnomos","definition":"[ἔννομος] from {{g1722}} and {{g3551}}; (subjectively) legal, or (objectively) subject to","strongs_number":"g1772"},"g1773":{"pronunciation":"en'-noo-khon","unicode":"ἔννυχον","translit":"énnychon","definition":"[ἔννυχον] neuter of a compound of {{g1722}} and {{g3571}}; (adverbially) by night","strongs_number":"g1773"},"g1774":{"pronunciation":"en-oy-keh'-o","unicode":"ἐνοικέω","translit":"enoikéō","definition":"[ἐνοικέω] from {{g1722}} and {{g3611}}; to inhabit (figuratively)","strongs_number":"g1774"},"g1775":{"pronunciation":"hen-ot-ace'","unicode":"ἑνότης","translit":"henótēs","definition":"[ἑνότης] from {{g1520}}; oneness, i.e. (figuratively) unanimity","strongs_number":"g1775"},"g1776":{"pronunciation":"en-okh-leh'-o","unicode":"ἐνοχλέω","translit":"enochléō","definition":"[ἐνοχλέω] from {{g1722}} and {{g3791}}; to crowd in, i.e. (figuratively) to annoy","strongs_number":"g1776"},"g1777":{"pronunciation":"en'-okh-os","unicode":"ἔνοχος","translit":"énochos","definition":"[ἔνοχος] from {{g1758}}; liable to (a condition, penalty or imputation)","strongs_number":"g1777"},"g1778":{"pronunciation":"en'-tal-mah","unicode":"ἔνταλμα","translit":"éntalma","definition":"[ἔνταλμα] from {{g1781}}; an injunction, i.e. religious precept","strongs_number":"g1778"},"g1779":{"pronunciation":"en-taf-ee-ad'-zo","unicode":"ἐνταφιάζω","translit":"entaphiázō","definition":"[ἐνταφιάζω] from a compound of {{g1722}} and {{g5028}}; to inswathe with cerements for interment","strongs_number":"g1779"},"g1780":{"pronunciation":"en-taf-ee-as-mos'","unicode":"ἐνταφιασμός","translit":"entaphiasmós","definition":"[ἐνταφιασμός] from {{g1779}}; preparation for interment","strongs_number":"g1780"},"g1781":{"pronunciation":"en-tel'-lom-ahee","unicode":"ἐντέλλομαι","translit":"entéllomai","definition":"[ἐντέλλομαι] from {{g1722}} and the base of {{g5056}}; to enjoin","strongs_number":"g1781"},"g1782":{"pronunciation":"ent-yoo'-then","unicode":"ἐντεῦθεν","translit":"enteûthen","definition":"[ἐντεῦθεν] from the same as {{g1759}}; hence (literally or figuratively); (repeated) on both sides","strongs_number":"g1782"},"g1783":{"pronunciation":"ent'-yook-sis","unicode":"ἔντευξις","translit":"énteuxis","definition":"[ἔντευξις] from {{g1793}}; an interview, i.e. (specially) supplication","strongs_number":"g1783"},"g1784":{"pronunciation":"en'-tee-mos","unicode":"ἔντιμος","translit":"éntimos","definition":"[ἔντιμος] from {{g1722}} and {{g5092}}; valued (figuratively)","strongs_number":"g1784"},"g1785":{"pronunciation":"en-tol-ay'","unicode":"ἐντολή","translit":"entolḗ","definition":"[ἐντολή] from {{g1781}}; injunction, i.e. an authoritative prescription","strongs_number":"g1785"},"g1786":{"pronunciation":"en-top'-ee-os","unicode":"ἐντόπιος","translit":"entópios","definition":"[ἐντόπιος] from {{g1722}} and {{g5117}}; a resident","strongs_number":"g1786"},"g1787":{"pronunciation":"en-tos'","unicode":"ἐντός","translit":"entós","definition":"[ἐντός] from {{g1722}}; inside (adverb or noun)","strongs_number":"g1787"},"g1788":{"pronunciation":"en-trep'-o","unicode":"ἐντρέπω","translit":"entrépō","definition":"[ἐντρέπω] from {{g1722}} and the base of {{g5157}}; to invert, i.e. (figuratively and reflexively) in a good sense, to respect; or in a bad one, to confound","strongs_number":"g1788"},"g1789":{"pronunciation":"en-tref'-o","unicode":"ἐντρέφω","translit":"entréphō","definition":"[ἐντρέφω] from {{g1722}} and {{g5142}}; (figuratively) to educate","strongs_number":"g1789"},"g1790":{"pronunciation":"en'-trom-os","unicode":"ἔντρομος","translit":"éntromos","definition":"[ἔντρομος] from {{g1722}} and {{g5156}}; terrified","strongs_number":"g1790"},"g1791":{"pronunciation":"en-trop-ay'","unicode":"ἐντροπή","translit":"entropḗ","definition":"[ἐντροπή] from {{g1788}}; confusion","strongs_number":"g1791"},"g1792":{"pronunciation":"en-troo-fah'-o","unicode":"ἐντρυφάω","translit":"entrypháō","definition":"[ἐντρυφάω] from {{g1722}} and {{g5171}}; to revel in","strongs_number":"g1792"},"g1793":{"pronunciation":"en-toong-khan'-o","unicode":"ἐντυγχάνω","translit":"entynchánō","definition":"[ἐντυγχάνω] from {{g1722}} and {{g5177}}; to chance upon, i.e. (by implication) confer with; by extension to entreat (in favor or against)","strongs_number":"g1793"},"g1794":{"pronunciation":"en-too-lis'-so","unicode":"ἐντυλίσσω","translit":"entylíssō","definition":"[ἐντυλίσσω] from {{g1722}} and τυλίσσω (to twist; probably akin to {{g1507}}); to entwine, i.e. wind up in","strongs_number":"g1794"},"g1795":{"pronunciation":"en-too-po'-o","unicode":"ἐντυπόω","translit":"entypóō","definition":"[ἐντυπόω] from {{g1722}} and a derivative of {{g5179}}; to enstamp, i.e. engrave","strongs_number":"g1795"},"g1796":{"pronunciation":"en-oo-brid'-zo","unicode":"ἐνυβρίζω","translit":"enybrízō","definition":"[ἐνυβρίζω] from {{g1722}} and {{g5195}}; to insult","strongs_number":"g1796"},"g1797":{"pronunciation":"en-oop-nee-ad'-zom-ahee","unicode":"ἐνυπνιάζομαι","translit":"enypniázomai","definition":"[ἐνυπνιάζομαι] middle voice from {{g1798}}; to dream","strongs_number":"g1797"},"g1798":{"pronunciation":"en-oop'-nee-on","unicode":"ἐνύπνιον","translit":"enýpnion","definition":"[ἐνύπνιον] from {{g1722}} and {{g5258}}; something seen in sleep, i.e. a dream (vision in a dream)","strongs_number":"g1798"},"g1799":{"pronunciation":"en-o'-pee-on","unicode":"ἐνώπιον","translit":"enṓpion","definition":"[ἐνώπιον] neuter of a compound of {{g1722}} and a derivative of {{g3700}}; in the face of (literally or figuratively)","strongs_number":"g1799"},"g1800":{"pronunciation":"en-oce'","unicode":"Ἐνώς","translit":"Enṓs","definition":"[Ἐνώς] of Hebrew origin ({{h583}}); Enos (i.e. Enosh), a patriarch","strongs_number":"g1800"}}