{"g201":{"pronunciation":"ak-ro-at-ay'-ree-on","unicode":"ἀκροατήριον","translit":"akroatḗrion","definition":"[ἀκροατήριον] from {{g202}}; an audience-room","strongs_number":"g201"},"g202":{"pronunciation":"ak-ro-at-ace'","unicode":"ἀκροατής","translit":"akroatḗs","definition":"[ἀκροατής] from ἀκροάομαι (to listen; apparently an intensive of {{g191}}); a hearer (merely)","strongs_number":"g202"},"g203":{"pronunciation":"ak-rob-oos-tee'-ah","unicode":"ἀκροβυστία","translit":"akrobystía","definition":"[ἀκροβυστία] from {{g206}} and probably a modified form of πόσθη (the penis or male sexual organ); the prepuce; by implication, an uncircumcised (i.e. gentile, figuratively, unregenerate) state or person","strongs_number":"g203"},"g204":{"pronunciation":"ak-rog-o-nee-ah'-yos","unicode":"ἀκρογωνιαῖος","translit":"akrogōniaîos","definition":"[ἀκρογωνιαῖος] from {{g206}} and {{g1137}}; belonging to the extreme corner","strongs_number":"g204"},"g205":{"pronunciation":"ak-roth-in'-ee-on","unicode":"ἀκροθίνιον","translit":"akrothínion","definition":"[ἀκροθίνιον] from {{g206}} and θίς (a heap); properly (in the plural) the top of the heap, i.e. (by implication) best of the booty","strongs_number":"g205"},"g206":{"pronunciation":"ak'-ron","unicode":"ἄκρον","translit":"ákron","definition":"[ἄκρον] neuter of an adjective probably akin to the base of {{g188}}; the extremity","strongs_number":"g206"},"g207":{"pronunciation":"ak-oo'-las","unicode":"Ἀκύλας","translit":"Akýlas","definition":"[Ἀκύλας] probably for Latin  (an eagle); Akulas, an Israelite","strongs_number":"g207"},"g208":{"pronunciation":"ak-oo-ro'-o","unicode":"ἀκυρόω","translit":"akyróō","definition":"[ἀκυρόω] from {{g1}} (as a negative particle) and {{g2964}}; to invalidate","strongs_number":"g208"},"g209":{"pronunciation":"ak-o-loo'-toce","unicode":"ἀκωλύτως","translit":"akōlýtōs","definition":"[ἀκωλύτως] adverb from a compound of {{g1}} (as a negative particle) and a derivative of {{g2967}}; in an unhindered manner, i.e. freely","strongs_number":"g209"},"g210":{"pronunciation":"ak'-ohn","unicode":"ἄκων","translit":"ákōn","definition":"[ἄκων] from {{g1}} (as a negative particle) and {{g1635}}; unwilling","strongs_number":"g210"},"g211":{"pronunciation":"al-ab'-as-tron","unicode":"ἀλάβαστρον","translit":"alábastron","definition":"[ἀλάβαστρον] neuter of ἀλάβαστρος (of uncertain derivation), the name of a stone; properly, an \"alabaster\" box, i.e. (by extension) a perfume vase (of any material)","strongs_number":"g211"},"g212":{"pronunciation":"al-ad-zon-i'-a","unicode":"ἀλαζονεία","translit":"alazoneía","definition":"[ἀλαζονεία] from {{g213}}; braggadocio, i.e. (by implication) self-confidence","strongs_number":"g212"},"g213":{"pronunciation":"al-ad-zone'","unicode":"ἀλαζών","translit":"alazṓn","definition":"[ἀλαζών] from ἄλη (vagrancy); braggart","strongs_number":"g213"},"g214":{"pronunciation":"al-al-ad'-zo","unicode":"ἀλαλάζω","translit":"alalázō","definition":"[ἀλαλάζω] from ἀλαλή ( a shout, \"halloo\"); to vociferate, i.e. (by implication) to wail; figuratively, to clang","strongs_number":"g214"},"g215":{"pronunciation":"al-al'-ay-tos","unicode":"ἀλάλητος","translit":"alálētos","definition":"[ἀλάλητος] from {{g1}} (as a negative particle) and a derivative of {{g2980}}; unspeakable","strongs_number":"g215"},"g216":{"pronunciation":"al'-al-os","unicode":"ἄλαλος","translit":"álalos","definition":"[ἄλαλος] from {{g1}} (as a negative particle) and {{g2980}}; mute","strongs_number":"g216"},"g217":{"pronunciation":"hal'-as","unicode":"ἅλας","translit":"hálas","definition":"[ἅλας] from {{g251}}; salt; figuratively, prudence","strongs_number":"g217"},"g218":{"pronunciation":"al-i'-fo","unicode":"ἀλείφω","translit":"aleíphō","definition":"[ἀλείφω] from {{g1}} (as particle of union) and the base of {{g3045}}; to oil (with perfume)","strongs_number":"g218"},"g219":{"pronunciation":"al-ek-tor-of-o-nee'-ah","unicode":"ἀλεκτοροφωνία","translit":"alektorophōnía","definition":"[ἀλεκτοροφωνία] from {{g220}} and {{g5456}}; cock-crow, i.e. the third night-watch","strongs_number":"g219"},"g220":{"pronunciation":"al-ek'-tore","unicode":"ἀλέκτωρ","translit":"aléktōr","definition":"[ἀλέκτωρ] from ἀλέκω (to ward off); a cock or male fowl","strongs_number":"g220"},"g221":{"pronunciation":"al-ex-and-reuce'","unicode":"Ἀλεξανδρεύς","translit":"Alexandreús","definition":"[Ἀλεξανδρεύς] from Ἀλεξάνδρεια (the city so called); an Alexandreian or inhabitant of Alexandria","strongs_number":"g221"},"g222":{"pronunciation":"al-ex-an-dree'-nos","unicode":"Ἀλεξανδρῖνος","translit":"Alexandrînos","definition":"[Ἀλεξανδρῖνος] from the same as {{g221}}; Alexandrine, or belonging to Alexandria","strongs_number":"g222"},"g223":{"pronunciation":"al-ex'-an-dros","unicode":"Ἀλέξανδρος","translit":"Aléxandros","definition":"[Ἀλέξανδρος] from the same as (the first part of) {{g220}} and {{g435}}; man-defender; Alexander, the name of three Israelites and one other man","strongs_number":"g223"},"g224":{"pronunciation":"al'-yoo-ron","unicode":"ἄλευρον","translit":"áleuron","definition":"[ἄλευρον] from ἀλέω(to grind); flour","strongs_number":"g224"},"g225":{"pronunciation":"al-ay'-thi-a","unicode":"ἀλήθεια","translit":"alḗtheia","definition":"[ἀλήθεια] from {{g227}}; truth","strongs_number":"g225"},"g226":{"pronunciation":"al-ayth-yoo'-o","unicode":"ἀληθεύω","translit":"alētheúō","definition":"[ἀληθεύω] from {{g227}}; to be true (in doctrine and profession)","strongs_number":"g226"},"g227":{"pronunciation":"al-ay-thace'","unicode":"ἀληθής","translit":"alēthḗs","definition":"[ἀληθής] from {{g1}} (as a negative particle) and {{g2990}}; true (as not concealing)","strongs_number":"g227"},"g228":{"pronunciation":"al-ay-thee-nos'","unicode":"ἀληθινός","translit":"alēthinós","definition":"[ἀληθινός] from {{g227}}; truthful","strongs_number":"g228"},"g229":{"pronunciation":"al-ay'-tho","unicode":"ἀλήθω","translit":"alḗthō","definition":"[ἀλήθω] from the same as {{g224}}; to grind","strongs_number":"g229"},"g230":{"pronunciation":"al-ay-thoce'","unicode":"ἀληθῶς","translit":"alēthōs","definition":"[ἀληθῶς] adverb from {{g227}}; truly","strongs_number":"g230"},"g231":{"pronunciation":"hal-ee-yoos'","unicode":"ἁλιεύς","translit":"halieús","definition":"[ἁλιεύς] from {{g251}}; a sailor (as engaged on the salt water), i.e. (by implication) a fisher","strongs_number":"g231"},"g232":{"pronunciation":"hal-ee-yoo'-o","unicode":"ἁλιεύω","translit":"halieúō","definition":"[ἁλιεύω] from {{g231}}; to be a fisher, i.e. (by implication) to fish","strongs_number":"g232"},"g233":{"pronunciation":"hal-id'-zo","unicode":"ἁλίζω","translit":"halízō","definition":"[ἁλίζω] from {{g251}}; to salt","strongs_number":"g233"},"g234":{"pronunciation":"al-is'-ghem-ah","unicode":"ἀλίσγεμα","translit":"alísgema","definition":"[ἀλίσγεμα] from ἀλισγέω (to soil); (ceremonially) defilement","strongs_number":"g234"},"g235":{"pronunciation":"al-lah'","unicode":"ἀλλά","translit":"allá","definition":"[ἀλλά] neuter plural of {{g243}}; properly, other things, i.e. (adverbially) contrariwise (in many relations)","strongs_number":"g235"},"g236":{"pronunciation":"al-las'-so","unicode":"ἀλλάσσω","translit":"allássō","definition":"[ἀλλάσσω] from {{g243}}; to make different","strongs_number":"g236"},"g237":{"pronunciation":"al-lakh-oth'-en","unicode":"ἀλλαχόθεν","translit":"allachóthen","definition":"[ἀλλαχόθεν] from {{g243}}; from elsewhere","strongs_number":"g237"},"g238":{"pronunciation":"al-lay-gor-eh'-o","unicode":"ἀλληγορέω","translit":"allēgoréō","definition":"[ἀλληγορέω] from {{g243}} and ἀγορέω (to harangue (compare {{g58}})); to allegorize","strongs_number":"g238"},"g239":{"pronunciation":"al-lay-loo'-ee-ah","unicode":"ἀλληλουϊα","translit":"allēlouïa","definition":"[ἀλληλουϊα] of Hebrew origin (imperative of {{h1984}} and {{h3050}}); praise ye Jah!, an adoring exclamation","strongs_number":"g239"},"g240":{"pronunciation":"al-lay'-lone","unicode":"ἀλλήλων","translit":"allḗlōn","definition":"[ἀλλήλων] Genitive plural from {{g243}} reduplicated; one another","strongs_number":"g240"},"g241":{"pronunciation":"al-log-en-ace'","unicode":"ἀλλογενής","translit":"allogenḗs","definition":"[ἀλλογενής] from {{g243}} and {{g1085}}; foreign, i.e. not a Jew","strongs_number":"g241"},"g242":{"pronunciation":"hal'-lom-ahee","unicode":"ἅλλομαι","translit":"hállomai","definition":"[ἅλλομαι] middle voice of apparently a primary verb; to jump; figuratively, to gush","strongs_number":"g242"},"g243":{"pronunciation":"al'-los","unicode":"ἄλλος","translit":"állos","definition":"[ἄλλος] a primary word; \"else,\" i.e. different (in many applications)","strongs_number":"g243"},"g244":{"pronunciation":"al-lot-ree-ep-is'-kop-os","unicode":"ἀλλοτριεπίσκοπος","translit":"allotriepískopos","definition":"[ἀλλοτριεπίσκοπος] from {{g245}} and {{g1985}}; overseeing others' affairs, i.e. a meddler (specially, in Gentile customs)","strongs_number":"g244"},"g245":{"pronunciation":"al-lot'-ree-os","unicode":"ἀλλότριος","translit":"allótrios","definition":"[ἀλλότριος] from {{g243}}; another's, i.e. not one's own; by extension foreign, not akin, hostile","strongs_number":"g245"},"g246":{"pronunciation":"al-lof'-oo-los","unicode":"ἀλλόφυλος","translit":"allóphylos","definition":"[ἀλλόφυλος] from {{g243}} and {{g5443}}; foreign, i.e. (specially) Gentile","strongs_number":"g246"},"g247":{"pronunciation":"al'-loce","unicode":"ἄλλως","translit":"állōs","definition":"[ἄλλως] adverb from {{g243}}; differently","strongs_number":"g247"},"g248":{"pronunciation":"al-o-ah'-o","unicode":"ἀλοάω","translit":"aloáō","definition":"[ἀλοάω] from the same as {{g257}}; to tread out grain","strongs_number":"g248"},"g249":{"pronunciation":"al'-og-os","unicode":"ἄλογος","translit":"álogos","definition":"[ἄλογος] from {{g1}} (as a negative particle) and {{g3056}}; irrational","strongs_number":"g249"},"g250":{"pronunciation":"al-o-ay'","unicode":"ἀλόη","translit":"alóē","definition":"[ἀλόη] of foreign origin (compare {{g174}}); aloes (the gum)","strongs_number":"g250"},"g251":{"pronunciation":"halce","unicode":"ἅλς","translit":"háls","definition":"[ἅλς] a primary word; \"salt\"","strongs_number":"g251"},"g252":{"pronunciation":"hal-oo-kos'","unicode":"ἁλυκός","translit":"halykós","definition":"[ἁλυκός] from {{g251}}; briny","strongs_number":"g252"},"g253":{"pronunciation":"al-oo-pot'-er-os","unicode":"ἀλυπότερος","translit":"alypóteros","definition":"[ἀλυπότερος] comparative of a compound of {{g1}} (as a negative particle) and {{g3077}}; more without grief","strongs_number":"g253"},"g254":{"pronunciation":"hal'-oo-sis","unicode":"ἅλυσις","translit":"hálysis","definition":"[ἅλυσις] of uncertain derivation; a fetter or manacle","strongs_number":"g254"},"g255":{"pronunciation":"al-oo-sit-el-ace'","unicode":"ἀλυσιτελής","translit":"alysitelḗs","definition":"[ἀλυσιτελής] from {{g1}} (as a negative particle) and the base of {{g3081}}; gainless, i.e. (by implication) pernicious","strongs_number":"g255"},"g256":{"pronunciation":"al-fah'-yos","unicode":"Ἀλφαῖος","translit":"Alphaîos","definition":"[Ἀλφαῖος] of Hebrew origin (compare {{h2501}}); Alphæus, an Israelite","strongs_number":"g256"},"g257":{"pronunciation":"hal'-ohn","unicode":"ἅλων","translit":"hálōn","definition":"[ἅλων] probably from the base of {{g1507}}; a threshing-floor (as rolled hard), i.e. (figuratively) the grain (and chaff, as just threshed)","strongs_number":"g257"},"g258":{"pronunciation":"al-o'-pakes","unicode":"ἀλώπηξ","translit":"alṓpēx","definition":"[ἀλώπηξ] of uncertain derivation; a fox, i.e. (figuratively) a cunning person","strongs_number":"g258"},"g259":{"pronunciation":"hal'-o-sis","unicode":"ἅλωσις","translit":"hálōsis","definition":"[ἅλωσις] from a collateral form of {{g138}}; capture, be taken.","strongs_number":"g259"},"g260":{"pronunciation":"ham'-ah","unicode":"ἅμα","translit":"háma","definition":"[ἅμα] a primary particle; properly, at the \"same\" time, but freely used as a preposition or adverb denoting close association","strongs_number":"g260"},"g261":{"pronunciation":"am-ath-ace'","unicode":"ἀμαθής","translit":"amathḗs","definition":"[ἀμαθής] from {{g1}} (as a negative particle) and {{g3129}}; ignorant","strongs_number":"g261"},"g262":{"pronunciation":"am-ar-an'-tee-nos","unicode":"ἀμαράντινος","translit":"amarántinos","definition":"[ἀμαράντινος] from {{g263}}; \"amaranthine\", i.e. (by implication) fadeless","strongs_number":"g262"},"g263":{"pronunciation":"am-ar'-an-tos","unicode":"ἀμάραντος","translit":"amárantos","definition":"[ἀμάραντος] from {{g1}} (as a negative particle) and a presumed derivative of {{g3133}}; unfading, i.e. (by implication) perpetual","strongs_number":"g263"},"g264":{"pronunciation":"ham-ar-tan'-o","unicode":"ἁμαρτάνω","translit":"hamartánō","definition":"[ἁμαρτάνω] perhaps from {{g1}} (as a negative particle) and the base of {{g3313}}; properly, to miss the mark (and so not share in the prize), i.e. (figuratively) to err, especially (morally) to sin","strongs_number":"g264"},"g265":{"pronunciation":"ham-ar'-tay-mah","unicode":"ἁμάρτημα","translit":"hamártēma","definition":"[ἁμάρτημα] from {{g264}}; a sin (properly concrete)","strongs_number":"g265"},"g266":{"pronunciation":"ham-ar-tee'-ah","unicode":"ἁμαρτία","translit":"hamartía","definition":"[ἁμαρτία] from {{g264}}; a sin (properly abstract)","strongs_number":"g266"},"g267":{"pronunciation":"am-ar'-too-ros","unicode":"ἀμάρτυρος","translit":"amártyros","definition":"[ἀμάρτυρος] from {{g1}} (as a negative particle) and a form of {{g3144}}; unattested","strongs_number":"g267"},"g268":{"pronunciation":"ham-ar-to-los'","unicode":"ἁμαρτωλός","translit":"hamartōlós","definition":"[ἁμαρτωλός] from {{g264}}; sinful, i.e. a sinner","strongs_number":"g268"},"g269":{"pronunciation":"am'-akh-os","unicode":"ἄμαχος","translit":"ámachos","definition":"[ἄμαχος] from {{g1}} (as a negative particle) and {{g3163}}; peaceable","strongs_number":"g269"},"g270":{"pronunciation":"am-ah'-o","unicode":"ἀμάω","translit":"amáō","definition":"[ἀμάω] from {{g260}}; properly, to collect, i.e. (by implication) reap","strongs_number":"g270"},"g271":{"pronunciation":"am-eth'-oos-tos","unicode":"ἀμέθυστος","translit":"améthystos","definition":"[ἀμέθυστος] from {{g1}} (as a negative particle) and a derivative of {{g3184}}; the \"amethyst\" (supposed to prevent intoxication)","strongs_number":"g271"},"g272":{"pronunciation":"am-el-eh'-o","unicode":"ἀμελέω","translit":"ameléō","definition":"[ἀμελέω] from {{g1}} (as a negative particle) and {{g3199}}; to be careless of","strongs_number":"g272"},"g273":{"pronunciation":"am'-emp-tos","unicode":"ἄμεμπτος","translit":"ámemptos","definition":"[ἄμεμπτος] from {{g1}} (as a negative particle) and a derivative of {{g3201}}; irreproachable","strongs_number":"g273"},"g274":{"pronunciation":"am-emp'-toce","unicode":"ἀμέμπτως","translit":"amémptōs","definition":"[ἀμέμπτως] adverb from {{g273}}; faultlessly","strongs_number":"g274"},"g275":{"pronunciation":"am-er'-im-nos","unicode":"ἀμέριμνος","translit":"amérimnos","definition":"[ἀμέριμνος] from {{g1}} (as a negative particle) and {{g3308}}; not anxious","strongs_number":"g275"},"g276":{"pronunciation":"am-et-ath'-et-os","unicode":"ἀμετάθετος","translit":"ametáthetos","definition":"[ἀμετάθετος] from {{g1}} (as a negative particle) and a derivative of {{g3346}}; unchangeable, or (neuter as abstract) unchangeability","strongs_number":"g276"},"g277":{"pronunciation":"am-et-ak-in'-ay-tos","unicode":"ἀμετακίνητος","translit":"ametakínētos","definition":"[ἀμετακίνητος] from {{g1}} (as a negative particle) and a derivative of {{g3334}}; immovable","strongs_number":"g277"},"g278":{"pronunciation":"am-et-am-el'-ay-tos","unicode":"ἀμεταμέλητος","translit":"ametamélētos","definition":"[ἀμεταμέλητος] from {{g1}} (as a negative particle) and a presumed derivative of {{g3338}}; irrevocable","strongs_number":"g278"},"g279":{"pronunciation":"am-et-an-o'-ay-tos","unicode":"ἀμετανόητος","translit":"ametanóētos","definition":"[ἀμετανόητος] from {{g1}} (as a negative particle) and a presumed derivative of {{g3340}}; unrepentant","strongs_number":"g279"},"g280":{"pronunciation":"am'-et-ros","unicode":"ἄμετρος","translit":"ámetros","definition":"[ἄμετρος] from {{g1}} (as a negative particle) and {{g3358}}; immoderate","strongs_number":"g280"},"g281":{"pronunciation":"am-ane'","unicode":"ἀμήν","translit":"amḗn","definition":"[ἀμήν] of Hebrew origin ({{h543}}); properly, firm, i.e. (figuratively) trustworthy; adverbially, surely (often as interjection, so be it)","strongs_number":"g281"},"g282":{"pronunciation":"am-ay'-tore","unicode":"ἀμήτωρ","translit":"amḗtōr","definition":"[ἀμήτωρ] from {{g1}} (as a negative particle) and {{g3384}}; motherless, i.e. of unknown maternity","strongs_number":"g282"},"g283":{"pronunciation":"am-ee'-an-tos","unicode":"ἀμίαντος","translit":"amíantos","definition":"[ἀμίαντος] from {{g1}} (as a negative particle) and a derivative of {{g3392}}; unsoiled, i.e. (figuratively) pure","strongs_number":"g283"},"g284":{"pronunciation":"am-ee-nad-ab'","unicode":"Ἀμιναδάβ","translit":"Aminadáb","definition":"[Ἀμιναδάβ] of Hebrew origin ({{h5992}}); Aminadab, an Israelite","strongs_number":"g284"},"g285":{"pronunciation":"am'-mos","unicode":"ἄμμος","translit":"ámmos","definition":"[ἄμμος] perhaps from {{g260}}; sand (as heaped on the beach)","strongs_number":"g285"},"g286":{"pronunciation":"am-nos'","unicode":"ἀμνός","translit":"amnós","definition":"[ἀμνός] apparently a primary word; a lamb","strongs_number":"g286"},"g287":{"pronunciation":"am-oy-bay'","unicode":"ἀμοιβή","translit":"amoibḗ","definition":"[ἀμοιβή] from ἀμείβω (to exchange); requital","strongs_number":"g287"},"g288":{"pronunciation":"am'-pel-os","unicode":"ἄμπελος","translit":"ámpelos","definition":"[ἄμπελος] probably from the base of {{g297}} and that of {{g257}}; a vine (as coiling about a support)","strongs_number":"g288"},"g289":{"pronunciation":"am-pel-oor-gos'","unicode":"ἀμπελουργός","translit":"ampelourgós","definition":"[ἀμπελουργός] from {{g288}} and {{g2041}}; a vine-worker, i.e. pruner","strongs_number":"g289"},"g290":{"pronunciation":"am-pel-ohn'","unicode":"ἀμπελών","translit":"ampelṓn","definition":"[ἀμπελών] from {{g288}}; a vineyard","strongs_number":"g290"},"g291":{"pronunciation":"am-plee'-as","unicode":"Ἀμπλίας","translit":"Amplías","definition":"[Ἀμπλίας] contracted for Latin  (enlarged); Amplias, a Roman Christian","strongs_number":"g291"},"g292":{"pronunciation":"am-oo'-nom-ahee","unicode":"ἀμύνομαι","translit":"amýnomai","definition":"[ἀμύνομαι] middle voice of a primary verb; to ward off (for oneself), i.e. protect","strongs_number":"g292"},"g293":{"pronunciation":"am-fib'-lace-tron","unicode":"ἀμφίβληστρον","translit":"amphíblēstron","definition":"[ἀμφίβληστρον] from a compound of the base of {{g297}} and {{g906}}; a (fishing) net (as thrown about the fish)","strongs_number":"g293"},"g294":{"pronunciation":"am-fee-en'-noo-mee","unicode":"ἀμφιέννυμι","translit":"amphiénnymi","definition":"[ἀμφιέννυμι] from the base of {{g297}} and ἕννυμι (to invest); to enrobe","strongs_number":"g294"},"g295":{"pronunciation":"am-fip'-ol-is","unicode":"Ἀμφίπολις","translit":"Amphípolis","definition":"[Ἀμφίπολις] from the base of {{g297}} and {{g4172}}; a city surrounded by a river; Amphipolis, a place in Macedonia","strongs_number":"g295"},"g296":{"pronunciation":"am'-fod-on","unicode":"ἄμφοδον","translit":"ámphodon","definition":"[ἄμφοδον] from the base of {{g297}} and {{g3598}}; a fork in the road","strongs_number":"g296"},"g297":{"pronunciation":"am-fot'-er-os","unicode":"ἀμφότερος","translit":"amphóteros","definition":"[ἀμφότερος] comparative of ἀμφί (around); (in plural) both","strongs_number":"g297"},"g298":{"pronunciation":"am-o'-may-tos","unicode":"ἀμώμητος","translit":"amṓmētos","definition":"[ἀμώμητος] from {{g1}} (as a negative particle) and a derivative of {{g3469}}; unblamable","strongs_number":"g298"},"g299":{"pronunciation":"am'-o-mos","unicode":"ἄμωμος","translit":"ámōmos","definition":"[ἄμωμος] from {{g1}} (as a negative particle) and {{g3470}}; unblemished (literally or figuratively)","strongs_number":"g299"},"g300":{"pronunciation":"am-one'","unicode":"Ἀμών","translit":"Amṓn","definition":"[Ἀμών] of Hebrew origin ({{h526}}); Amon, an Israelite","strongs_number":"g300"}}