{"g2001":{"pronunciation":"ep-is-khoo'-o","unicode":"ἐπισχύω","translit":"epischýō","definition":"[ἐπισχύω] from {{g1909}} and {{g2480}}; to avail further, i.e. (figuratively) insist stoutly","strongs_number":"g2001"},"g2002":{"pronunciation":"ep-ee-so-ryoo'-o","unicode":"ἐπισωρεύω","translit":"episōreúō","definition":"[ἐπισωρεύω] from {{g1909}} and {{g4987}}; to accumulate further, i.e. (figuratively) seek additionally","strongs_number":"g2002"},"g2003":{"pronunciation":"ep-ee-tag-ay'","unicode":"ἐπιταγή","translit":"epitagḗ","definition":"[ἐπιταγή] from {{g2004}}; an injunction or decree; by implication, authoritativeness","strongs_number":"g2003"},"g2004":{"pronunciation":"ep-ee-tas'-so","unicode":"ἐπιτάσσω","translit":"epitássō","definition":"[ἐπιτάσσω] from {{g1909}} and {{g5021}}; to arrange upon, i.e. order","strongs_number":"g2004"},"g2005":{"pronunciation":"ep-ee-tel-eh'-o","unicode":"ἐπιτελέω","translit":"epiteléō","definition":"[ἐπιτελέω] from {{g1909}} and {{g5055}}; to fulfill further (or completely), i.e. execute; by implication, to terminate, undergo","strongs_number":"g2005"},"g2006":{"pronunciation":"ep-ee-tay'-di-os","unicode":"ἐπιτήδειος","translit":"epitḗdeios","definition":"[ἐπιτήδειος] from ἐπιτηδές (enough); serviceable, i.e. (by implication) requisite","strongs_number":"g2006"},"g2007":{"pronunciation":"ep-ee-tith'-ay-mee","unicode":"ἐπιτίθημι","translit":"epitíthēmi","definition":"[ἐπιτίθημι] from {{g1909}} and {{g5087}}; to impose (in a friendly or hostile sense)","strongs_number":"g2007"},"g2008":{"pronunciation":"ep-ee-tee-mah'-o","unicode":"ἐπιτιμάω","translit":"epitimáō","definition":"[ἐπιτιμάω] from {{g1909}} and {{g5091}}; to tax upon, i.e. censure or admonish; by implication, forbid","strongs_number":"g2008"},"g2009":{"pronunciation":"ep-ee-tee-mee'-ah","unicode":"ἐπιτιμία","translit":"epitimía","definition":"[ἐπιτιμία] from a compound of {{g1909}} and {{g5092}}; properly, esteem, i.e. citizenship; used (in the sense of {{g2008}}) of a penalty","strongs_number":"g2009"},"g2010":{"pronunciation":"ep-ee-trep'-o","unicode":"ἐπιτρέπω","translit":"epitrépō","definition":"[ἐπιτρέπω] from {{g1909}} and the base of {{g5157}}; to turn over (transfer), i.e. allow","strongs_number":"g2010"},"g2011":{"pronunciation":"ep-ee-trop-ay'","unicode":"ἐπιτροπή","translit":"epitropḗ","definition":"[ἐπιτροπή] from {{g2010}}; permission, i.e. (by implication) full power","strongs_number":"g2011"},"g2012":{"pronunciation":"ep-it'-rop-os","unicode":"ἐπίτροπος","translit":"epítropos","definition":"[ἐπίτροπος] from {{g1909}} and {{g5158}} (in the sense of {{g2011}}); a commissioner, i.e. domestic manager, guardian","strongs_number":"g2012"},"g2013":{"pronunciation":"ep-ee-toong-khan'-o","unicode":"ἐπιτυγχάνω","translit":"epitynchánō","definition":"[ἐπιτυγχάνω] from {{g1909}} and {{g5177}}; to chance upon, i.e. (by implication) to attain","strongs_number":"g2013"},"g2014":{"pronunciation":"ep-ee-fah'-ee-no","unicode":"ἐπιφαίνω","translit":"epiphaínō","definition":"[ἐπιφαίνω] from {{g1909}} and {{g5316}}; to shine upon, i.e. become (literally) visible or (figuratively) known","strongs_number":"g2014"},"g2015":{"pronunciation":"ep-if-an'-i-ah","unicode":"ἐπιφάνεια","translit":"epipháneia","definition":"[ἐπιφάνεια] from {{g2016}}; a manifestation, i.e. (specially) the advent of Christ (past or future)","strongs_number":"g2015"},"g2016":{"pronunciation":"ep-if-an-ace'","unicode":"ἐπιφανής","translit":"epiphanḗs","definition":"[ἐπιφανής] from {{g2014}}; conspicuous, i.e. (figuratively) memorable","strongs_number":"g2016"},"g2017":{"pronunciation":"ep-ee-fow'-o","unicode":"ἐπιφαύω","translit":"epiphaúō","definition":"[ἐπιφαύω] a form of {{g2014}}; to illuminate (figuratively)","strongs_number":"g2017"},"g2018":{"pronunciation":"ep-ee-fer'-o","unicode":"ἐπιφέρω","translit":"epiphérō","definition":"[ἐπιφέρω] from {{g1909}} and {{g5342}}; to bear upon (or further), i.e. adduce (personally or judicially (accuse, inflict)), superinduce","strongs_number":"g2018"},"g2019":{"pronunciation":"ep-ee-fo-neh'-o","unicode":"ἐπιφωνέω","translit":"epiphōnéō","definition":"[ἐπιφωνέω] from {{g1909}} and {{g5455}}; to call at something, i.e. exclaim","strongs_number":"g2019"},"g2020":{"pronunciation":"ep-ee-foce'-ko","unicode":"ἐπιφώσκω","translit":"epiphṓskō","definition":"[ἐπιφώσκω] a form of {{g2017}}; to begin to grow light","strongs_number":"g2020"},"g2021":{"pronunciation":"ep-ee-khi-reh'-o","unicode":"ἐπιχειρέω","translit":"epicheiréō","definition":"[ἐπιχειρέω] from {{g1909}} and {{g5495}}; to put the hand upon, i.e. undertake","strongs_number":"g2021"},"g2022":{"pronunciation":"ep-ee-kheh'-o","unicode":"ἐπιχέω","translit":"epichéō","definition":"[ἐπιχέω] from {{g1909}} and χέω (to pour);","strongs_number":"g2022"},"g2023":{"pronunciation":"ep-ee-khor-ayg-eh'-o","unicode":"ἐπιχορηγέω","translit":"epichorēgéō","definition":"[ἐπιχορηγέω] from {{g1909}} and {{g5524}}; to furnish besides, i.e. fully supply, (figuratively) aid or contribute","strongs_number":"g2023"},"g2024":{"pronunciation":"ep-ee-khor-ayg-ee'-ah","unicode":"ἐπιχορηγία","translit":"epichorēgía","definition":"[ἐπιχορηγία] from {{g2023}}; contribution","strongs_number":"g2024"},"g2025":{"pronunciation":"ep-ee-khree'-o","unicode":"ἐπιχρίω","translit":"epichríō","definition":"[ἐπιχρίω] from {{g1909}} and {{g5548}}; to smear over","strongs_number":"g2025"},"g2026":{"pronunciation":"ep-oy-kod-om-eh'-o","unicode":"ἐποικοδομέω","translit":"epoikodoméō","definition":"[ἐποικοδομέω] from {{g1909}} and {{g3618}}; to build upon, i.e. (figuratively) to rear up","strongs_number":"g2026"},"g2027":{"pronunciation":"ep-ok-el'-lo","unicode":"ἐποκέλλω","translit":"epokéllō","definition":"[ἐποκέλλω] from {{g1909}} and ὀκέλλω (to urge); to drive upon the shore, i.e. to beach a vessel","strongs_number":"g2027"},"g2028":{"pronunciation":"ep-on-om-ad'-zo","unicode":"ἐπονομάζω","translit":"eponomázō","definition":"[ἐπονομάζω] from {{g1909}} and {{g3687}}; to name further, i.e. denominate","strongs_number":"g2028"},"g2029":{"pronunciation":"ep-opt-yoo'-o","unicode":"ἐποπτεύω","translit":"epopteúō","definition":"[ἐποπτεύω] from {{g1909}} and a derivative of {{g3700}}; to inspect, i.e. watch","strongs_number":"g2029"},"g2030":{"pronunciation":"ep-op'-tace","unicode":"ἐπόπτης","translit":"epóptēs","definition":"[ἐπόπτης] from {{g1909}} and a presumed derivative of {{g3700}}; a looker-on","strongs_number":"g2030"},"g2031":{"pronunciation":"ep'-os","unicode":"ἔπος","translit":"épos","definition":"[ἔπος] from {{g2036}}; a word","strongs_number":"g2031"},"g2032":{"pronunciation":"ep-oo-ran'-ee-os","unicode":"ἐπουράνιος","translit":"epouránios","definition":"[ἐπουράνιος] from {{g1909}} and {{g3772}}; above the sky","strongs_number":"g2032"},"g2033":{"pronunciation":"hep-tah'","unicode":"ἑπτά","translit":"heptá","definition":"[ἑπτά] a primary number; seven","strongs_number":"g2033"},"g2034":{"pronunciation":"hep-tak-is'","unicode":"ἑπτάκις","translit":"heptákis","definition":"[ἑπτάκις] adverb from {{g2033}}; seven times","strongs_number":"g2034"},"g2035":{"pronunciation":"hep-tak-is-khil'-ee-oy","unicode":"ἑπτακισχίλιοι","translit":"heptakischílioi","definition":"[ἑπτακισχίλιοι] from {{g2034}} and {{g5507}}; seven times a thousand","strongs_number":"g2035"},"g2036":{"pronunciation":"ep'-o","unicode":"ἔπω","translit":"épō","definition":"[ἔπω] a primary verb (used only in the definite past tense, the others being borrowed from {{g2046}}, {{g4483}}, and {{g5346}}); to speak or say (by word or writing) Compare {{g3004}}.","strongs_number":"g2036"},"g2037":{"pronunciation":"er'-as-tos","unicode":"Ἔραστος","translit":"Érastos","definition":"[Ἔραστος] from ἐράω (to love); beloved; Erastus, a Christian","strongs_number":"g2037"},"g2038":{"pronunciation":"er-gad'-zom-ahee","unicode":"ἐργάζομαι","translit":"ergázomai","definition":"[ἐργάζομαι] middle voice from {{g2041}}; to toil (as a task, occupation, etc.), (by implication) effect, be engaged in or with, etc.","strongs_number":"g2038"},"g2039":{"pronunciation":"er-gas-ee'-ah","unicode":"ἐργασία","translit":"ergasía","definition":"[ἐργασία] from {{g2040}}; occupation; by implication, profit, pains","strongs_number":"g2039"},"g2040":{"pronunciation":"er-gat'-ace","unicode":"ἐργάτης","translit":"ergátēs","definition":"[ἐργάτης] from {{g2041}}; a toiler; figuratively, a teacher","strongs_number":"g2040"},"g2041":{"pronunciation":"er'-gon","unicode":"ἔργον","translit":"érgon","definition":"[ἔργον] from a primary (but obsolete) ἔργω (to work); toil (as an effort or occupation); by implication, an act","strongs_number":"g2041"},"g2042":{"pronunciation":"er-eth-id'-zo","unicode":"ἐρεθίζω","translit":"erethízō","definition":"[ἐρεθίζω] from a presumed prolonged form of {{g2054}}; to stimulate (especially to anger)","strongs_number":"g2042"},"g2043":{"pronunciation":"er-i'-do","unicode":"ἐρείδω","translit":"ereídō","definition":"[ἐρείδω] of obscure affinity; to prop, i.e. (reflexively) get fast","strongs_number":"g2043"},"g2044":{"pronunciation":"er-yoog'-om-ahee","unicode":"ἐρεύγομαι","translit":"ereúgomai","definition":"[ἐρεύγομαι] of uncertain affinity; to belch, i.e. (figuratively) to speak out","strongs_number":"g2044"},"g2045":{"pronunciation":"er-yoo-nah'-o","unicode":"ἐρευνάω","translit":"ereunáō","definition":"[ἐρευνάω] apparently from {{g2046}} (through the idea of inquiry); to seek, i.e. (figuratively) to investigate","strongs_number":"g2045"},"g2046":{"pronunciation":"er-eh'-o","unicode":"ἐρέω","translit":"eréō","definition":"[ἐρέω] probably a fuller form of {{g4483}}; an alternate for {{g2036}} in certain tenses; to utter, i.e. speak or say","strongs_number":"g2046"},"g2047":{"pronunciation":"er-ay-mee'-ah","unicode":"ἐρημία","translit":"erēmía","definition":"[ἐρημία] from {{g2048}}; solitude (concretely)","strongs_number":"g2047"},"g2048":{"pronunciation":"er'-ay-mos","unicode":"ἔρημος","translit":"érēmos","definition":"[ἔρημος] of uncertain affinity; lonesome, i.e. (by implication) waste (usually as a noun, {{g5561}} being implied)","strongs_number":"g2048"},"g2049":{"pronunciation":"er-ay-mo'-o","unicode":"ἐρημόω","translit":"erēmóō","definition":"[ἐρημόω] from {{g2048}}; to lay waste (literally or figuratively)","strongs_number":"g2049"},"g2050":{"pronunciation":"er-ay'-mo-sis","unicode":"ἐρήμωσις","translit":"erḗmōsis","definition":"[ἐρήμωσις] from {{g2049}}; despoliation","strongs_number":"g2050"},"g2051":{"pronunciation":"er-id'-zo","unicode":"ἐρίζω","translit":"erízō","definition":"[ἐρίζω] from {{g2054}}; to wrangle","strongs_number":"g2051"},"g2052":{"pronunciation":"er-ith-i'-ah","unicode":"ἐριθεία","translit":"eritheía","definition":"[ἐριθεία] perhaps as the same as {{g2042}}; properly, intrigue, i.e. (by implication) faction","strongs_number":"g2052"},"g2053":{"pronunciation":"er'-ee-on","unicode":"ἔριον","translit":"érion","definition":"[ἔριον] of obscure affinity; wool","strongs_number":"g2053"},"g2054":{"pronunciation":"er'-is","unicode":"ἔρις","translit":"éris","definition":"[ἔρις] of uncertain affinity; a quarrel, i.e. (by implication) wrangling","strongs_number":"g2054"},"g2055":{"pronunciation":"er-if'-ee-on","unicode":"ἐρίφιον","translit":"eríphion","definition":"[ἐρίφιον] from {{g2056}}; a kidling, i.e. (genitive case) goat (symbolically, wicked person)","strongs_number":"g2055"},"g2056":{"pronunciation":"er'-if-os","unicode":"ἔριφος","translit":"ériphos","definition":"[ἔριφος] perhaps from the same as {{g2053}} (through the idea of hairiness); a kid or (genitive case) goat","strongs_number":"g2056"},"g2057":{"pronunciation":"her-mas'","unicode":"Ἑρμᾶς","translit":"Hermâs","definition":"[Ἑρμᾶς] probably from {{g2060}}; Hermas, a Christian","strongs_number":"g2057"},"g2058":{"pronunciation":"her-may-ni'-ah","unicode":"ἑρμηνεία","translit":"hermēneía","definition":"[ἑρμηνεία] from the same as {{g2059}}; translation","strongs_number":"g2058"},"g2059":{"pronunciation":"her-mayn-yoo'-o","unicode":"ἑρμηνεύω","translit":"hermēneúō","definition":"[ἑρμηνεύω] from a presumed derivative of {{g2060}} (as the god of language); to translate","strongs_number":"g2059"},"g2060":{"pronunciation":"her-mace'","unicode":"Ἑρμῆς","translit":"Hermēs","definition":"[Ἑρμῆς] perhaps from {{g2046}}; Hermes, the name of the messenger of the Greek deities; also of a Christian","strongs_number":"g2060"},"g2061":{"pronunciation":"her-mog-en'-ace","unicode":"Ἑρμογένης","translit":"Hermogénēs","definition":"[Ἑρμογένης] from {{g2060}} and {{g1096}}; born of Hermes; Hermogenes, an apostate Christian","strongs_number":"g2061"},"g2062":{"pronunciation":"her-pet-on'","unicode":"ἑρπετόν","translit":"herpetón","definition":"[ἑρπετόν] neuter of a derivative of ἕρπω (to creep); a reptile, i.e. (by Hebraism (compare {{h7431}})) a small animal","strongs_number":"g2062"},"g2063":{"pronunciation":"er-oo-thros'","unicode":"ἐρυθρός","translit":"erythrós","definition":"[ἐρυθρός] of uncertain affinity; red, i.e. (with {{g2281}}) the Red Sea","strongs_number":"g2063"},"g2064":{"pronunciation":"er'-khom-ahee","unicode":"ἔρχομαι","translit":"érchomai","definition":"[ἔρχομαι] middle voice of a primary verb  (used only in the present and imperfect tenses, the others being  supplied by a kindred (middle voice)             ἐλεύθομαι,    or (active)      ἔλθω,        which do not otherwise occur); to come or go (in a great variety of applications, literally and  figuratively)","strongs_number":"g2064"},"g2065":{"pronunciation":"er-o-tah'-o","unicode":"ἐρωτάω","translit":"erōtáō","definition":"[ἐρωτάω] apparently from {{g2046}} (compare {{g2045}}); to interrogate; by implication, to request Compare {{g4441}}.","strongs_number":"g2065"},"g2066":{"pronunciation":"es-thace'","unicode":"ἐσθής","translit":"esthḗs","definition":"[ἐσθής] from ἕννυμι (to clothe); dress","strongs_number":"g2066"},"g2067":{"pronunciation":"es'-thay-sis","unicode":"ἔσθησις","translit":"ésthēsis","definition":"[ἔσθησις] from a derivative of {{g2066}}; clothing (concretely)","strongs_number":"g2067"},"g2068":{"pronunciation":"es-thee'-o","unicode":"ἐσθίω","translit":"esthíō","definition":"[ἐσθίω] strengthened for a primary ἔδω (to eat); used only in certain tenses, the rest being supplied by {{g5315}}; to eat (usually literal)","strongs_number":"g2068"},"g2069":{"pronunciation":"es-lee'","unicode":"Ἐσλί","translit":"Eslí","definition":"[Ἐσλί] of Hebrew origin (probably for {{h454}}); Esli, an Israelite","strongs_number":"g2069"},"g2070":{"pronunciation":"es-men'","unicode":"ἐσμέν","translit":"esmén","definition":"[ἐσμέν] first person plural indicative of {{g1510}}; we are","strongs_number":"g2070"},"g2071":{"pronunciation":"es'-om-ahee","unicode":"ἔσομαι","translit":"ésomai","definition":"[ἔσομαι] future of {{g1510}}; will be","strongs_number":"g2071"},"g2072":{"pronunciation":"es'-op-tron","unicode":"ἔσοπτρον","translit":"ésoptron","definition":"[ἔσοπτρον] from {{g1519}} and a presumed derivative of {{g3700}}; a mirror (for looking into) Compare {{g2734}}.","strongs_number":"g2072"},"g2073":{"pronunciation":"hes-per'-ah","unicode":"ἑσπέρα","translit":"hespéra","definition":"[ἑσπέρα] feminine of an adjective hesperos (evening); the eve ({{g5610}} being implied)","strongs_number":"g2073"},"g2074":{"pronunciation":"es-rome","unicode":"Ἐσρώμ","translit":"Esrṓm","definition":"[Ἐσρώμ] of Hebrew origin ({{h2696}}); Esrom (i.e. Chetsron), an Israelite","strongs_number":"g2074"},"g2075":{"pronunciation":"es-teh'","unicode":"ἐστέ","translit":"esté","definition":"[ἐστέ] second person plural present indicative of {{g1510}}; ye are","strongs_number":"g2075"},"g2076":{"pronunciation":"es-tee'","unicode":"ἐστί","translit":"estí","definition":"[ἐστί] third person singular present indicative of {{g1510}}; he (she or it) is; also (with neuter plural) they are","strongs_number":"g2076"},"g2077":{"pronunciation":"es'-to","unicode":"ἔστω","translit":"éstō","definition":"[ἔστω] second person singular present imperative of {{g1510}}; be thou;  also  ἔστωσαν, third person of the same; let them be","strongs_number":"g2077"},"g2078":{"pronunciation":"es'-khat-os","unicode":"ἔσχατος","translit":"éschatos","definition":"[ἔσχατος] a superlative probably from {{g2192}} (in the sense of contiguity); farthest, final (of place or time)","strongs_number":"g2078"},"g2079":{"pronunciation":"es-khat'-oce","unicode":"ἐσχάτως","translit":"eschátōs","definition":"[ἐσχάτως] adverb from {{g2078}}; finally, i.e. (with {{g2192}}) at the extremity of life","strongs_number":"g2079"},"g2080":{"pronunciation":"es'-o","unicode":"ἔσω","translit":"ésō","definition":"[ἔσω] from {{g1519}}; inside (as preposition or adjective)","strongs_number":"g2080"},"g2081":{"pronunciation":"es'-o-then","unicode":"ἔσωθεν","translit":"ésōthen","definition":"[ἔσωθεν] from {{g2080}}; from inside; also used as equivalent to {{g2080}} (inside)","strongs_number":"g2081"},"g2082":{"pronunciation":"es-o'-ter-os","unicode":"ἐσώτερος","translit":"esṓteros","definition":"[ἐσώτερος] comparative of {{g2080}}; interior","strongs_number":"g2082"},"g2083":{"pronunciation":"het-ah'-ee-ros","unicode":"ἑταῖρος","translit":"hetaîros","definition":"[ἑταῖρος] from ἔτης (a clansman); a comrade","strongs_number":"g2083"},"g2084":{"pronunciation":"het-er-og'-loce-sos","unicode":"ἑτερόγλωσσος","translit":"heteróglōssos","definition":"[ἑτερόγλωσσος] from {{g2087}} and {{g1100}}; other- tongued, i.e. a foreigner","strongs_number":"g2084"},"g2085":{"pronunciation":"het-er-od-id-as-kal-eh'-o","unicode":"ἑτεροδιδασκαλέω","translit":"heterodidaskaléō","definition":"[ἑτεροδιδασκαλέω] from {{g2087}} and {{g1320}}; to instruct differently","strongs_number":"g2085"},"g2086":{"pronunciation":"het-er-od-zoog-eh'-o","unicode":"ἑτεροζυγέω","translit":"heterozygéō","definition":"[ἑτεροζυγέω] from a compound of {{g2087}} and {{g2218}}; to yoke up differently, i.e. (figuratively) to associate discordantly","strongs_number":"g2086"},"g2087":{"pronunciation":"het'-er-os","unicode":"ἕτερος","translit":"héteros","definition":"[ἕτερος] of uncertain affinity; (an-, the) other or different","strongs_number":"g2087"},"g2088":{"pronunciation":"het-er'-oce","unicode":"ἑτέρως","translit":"hetérōs","definition":"[ἑτέρως] adverb from {{g2087}}; differently","strongs_number":"g2088"},"g2089":{"pronunciation":"et'-ee","unicode":"ἔτι","translit":"éti","definition":"[ἔτι] perhaps akin to {{g2094}}; \"yet,\" still (of time or degree)","strongs_number":"g2089"},"g2090":{"pronunciation":"het-oy-mad'-zo","unicode":"ἑτοιμάζω","translit":"hetoimázō","definition":"[ἑτοιμάζω] from {{g2092}}; to prepare Compare {{g2680}}.","strongs_number":"g2090"},"g2091":{"pronunciation":"het-oy-mas-ee'-ah","unicode":"ἑτοιμασία","translit":"hetoimasía","definition":"[ἑτοιμασία] from {{g2090}}; preparation","strongs_number":"g2091"},"g2092":{"pronunciation":"het-oy'-mos","unicode":"ἕτοιμος","translit":"hétoimos","definition":"[ἕτοιμος] from an old noun ἐτεός (fitness); adjusted, i.e. ready","strongs_number":"g2092"},"g2093":{"pronunciation":"het'-oy-moce","unicode":"ἑτοίμως","translit":"hetoímōs","definition":"[ἑτοίμως] adverb from {{g2092}}; in readiness","strongs_number":"g2093"},"g2094":{"pronunciation":"et'-os","unicode":"ἔτος","translit":"étos","definition":"[ἔτος] apparently a primary word; a year","strongs_number":"g2094"},"g2095":{"pronunciation":"yoo","unicode":"εὖ","translit":"eû","definition":"[εὖ] neuter of a primary εὖς (good); (adverbially) well","strongs_number":"g2095"},"g2096":{"pronunciation":"yoo'-ah","unicode":"Εὖα","translit":"Eûa","definition":"[Εὖα] of Hebrew origin ({{h2332}}); Eua (or Eva, i.e. Chavvah), the first woman","strongs_number":"g2096"},"g2097":{"pronunciation":"yoo-ang-ghel-id'-zo","unicode":"εὐαγγελίζω","translit":"euangelízō","definition":"[εὐαγγελίζω] from {{g2095}} and {{g32}}; to announce good news (\"evangelize\") especially the gospel","strongs_number":"g2097"},"g2098":{"pronunciation":"yoo-ang-ghel'-ee-on","unicode":"εὐαγγέλιον","translit":"euangélion","definition":"[εὐαγγέλιον] from the same as {{g2097}}; a good message, i.e. the gospel","strongs_number":"g2098"},"g2099":{"pronunciation":"yoo-ang-ghel-is-tace'","unicode":"εὐαγγελιστής","translit":"euangelistḗs","definition":"[εὐαγγελιστής] from {{g2097}}; a preacher of the gospel","strongs_number":"g2099"},"g2100":{"pronunciation":"yoo-ar-es-teh'-o","unicode":"εὐαρεστέω","translit":"euarestéō","definition":"[εὐαρεστέω] from {{g2101}}; to gratify entirely","strongs_number":"g2100"}}