{"g2101":{"pronunciation":"yoo-ar'-es-tos","unicode":"εὐάρεστος","translit":"euárestos","definition":"[εὐάρεστος] from {{g2095}} and {{g701}}; fully agreeable","strongs_number":"g2101"},"g2102":{"pronunciation":"yoo-ar-es'-toce","unicode":"εὐαρέστως","translit":"euaréstōs","definition":"[εὐαρέστως] adverb from {{g2101}}; quite agreeably","strongs_number":"g2102"},"g2103":{"pronunciation":"yoo'-boo-los","unicode":"Εὔβουλος","translit":"Eúboulos","definition":"[Εὔβουλος] from {{g2095}} and {{g1014}}; good-willer; Eubulus, a Christian","strongs_number":"g2103"},"g2104":{"pronunciation":"yoog-en'-ace","unicode":"εὐγενής","translit":"eugenḗs","definition":"[εὐγενής] from {{g2095}} and {{g1096}}; well born, i.e. (literally) high in rank, or (figuratively) generous","strongs_number":"g2104"},"g2105":{"pronunciation":"yoo-dee'-ah","unicode":"εὐδία","translit":"eudía","definition":"[εὐδία] feminine from {{g2095}} and the alternate of {{g2203}} (as the god of the weather); a clear sky, i.e. fine weather","strongs_number":"g2105"},"g2106":{"pronunciation":"yoo-dok-eh'-o","unicode":"εὐδοκέω","translit":"eudokéō","definition":"[εὐδοκέω] from {{g2095}} and {{g1380}}; to think well of, i.e. approve (an act); specially, to approbate (a person or thing)","strongs_number":"g2106"},"g2107":{"pronunciation":"yoo-dok-ee'-ah","unicode":"εὐδοκία","translit":"eudokía","definition":"[εὐδοκία] from a presumed compound of {{g2095}} and the base of {{g1380}}; satisfaction, i.e. (subjectively) delight, or (objectively) kindness, wish, purpose","strongs_number":"g2107"},"g2108":{"pronunciation":"yoo-erg-es-ee'-ah","unicode":"εὐεργεσία","translit":"euergesía","definition":"[εὐεργεσία] from {{g2110}}; beneficence (genitive case or specially)","strongs_number":"g2108"},"g2109":{"pronunciation":"yoo-erg-et-eh'-o","unicode":"εὐεργετέω","translit":"euergetéō","definition":"[εὐεργετέω] from {{g2110}}; to be philanthropic","strongs_number":"g2109"},"g2110":{"pronunciation":"yoo-erg-et'-ace","unicode":"εὐεργέτης","translit":"euergétēs","definition":"[εὐεργέτης] from {{g2095}} and the base of {{g2041}}; a worker of good, i.e. (specially) a philanthropist","strongs_number":"g2110"},"g2111":{"pronunciation":"yoo'-thet-os","unicode":"εὔθετος","translit":"eúthetos","definition":"[εὔθετος] from {{g2095}} and a derivative of {{g5087}}; well placed, i.e. (figuratively) appropriate","strongs_number":"g2111"},"g2112":{"pronunciation":"yoo-theh'-oce","unicode":"εὐθέως","translit":"euthéōs","definition":"[εὐθέως] adverb from {{g2117}}; directly, i.e. at once or soon","strongs_number":"g2112"},"g2113":{"pronunciation":"yoo-thoo-drom-eh'-o","unicode":"εὐθυδρομέω","translit":"euthydroméō","definition":"[εὐθυδρομέω] from {{g2117}} and {{g1408}}; to lay a straight course, i.e. sail direct","strongs_number":"g2113"},"g2114":{"pronunciation":"yoo-thoo-meh'-o","unicode":"εὐθυμέω","translit":"euthyméō","definition":"[εὐθυμέω] from {{g2115}}; to cheer up, i.e. (intransitively) be cheerful; neuter comparative (adverbially) more cheerfully","strongs_number":"g2114"},"g2115":{"pronunciation":"yoo'-thoo-mos","unicode":"εὔθυμος","translit":"eúthymos","definition":"[εὔθυμος] from {{g2095}} and {{g2372}}; in fine spirits, i.e. cheerful","strongs_number":"g2115"},"g2116":{"pronunciation":"yoo-thoo'-no","unicode":"εὐθύνω","translit":"euthýnō","definition":"[εὐθύνω] from {{g2117}}; to straighten (level); technically, to steer","strongs_number":"g2116"},"g2117":{"pronunciation":"yoo-thoos'","unicode":"εὐθύς","translit":"euthýs","definition":"[εὐθύς] perhaps from {{g2095}} and {{g5087}}; straight, i.e. (literally) level, or (figuratively) true; adverbially (of time) at once","strongs_number":"g2117"},"g2118":{"pronunciation":"yoo-thoo'-tace","unicode":"εὐθύτης","translit":"euthýtēs","definition":"[εὐθύτης] from {{g2117}}; rectitude","strongs_number":"g2118"},"g2119":{"pronunciation":"yoo-kahee-reh'-o","unicode":"εὐκαιρέω","translit":"eukairéō","definition":"[εὐκαιρέω] from {{g2121}}; to have good time, i.e. opportunity or leisure","strongs_number":"g2119"},"g2120":{"pronunciation":"yoo-kahee-ree'-ah","unicode":"εὐκαιρία","translit":"eukairía","definition":"[εὐκαιρία] from {{g2121}}; a favorable occasion","strongs_number":"g2120"},"g2121":{"pronunciation":"yoo'-kahee-ros","unicode":"εὔκαιρος","translit":"eúkairos","definition":"[εὔκαιρος] from {{g2095}} and {{g2540}}; well-timed, i.e. opportune","strongs_number":"g2121"},"g2122":{"pronunciation":"yoo-kah'-ee-roce","unicode":"εὐκαίρως","translit":"eukaírōs","definition":"[εὐκαίρως] adverb from {{g2121}}; opportunely","strongs_number":"g2122"},"g2123":{"pronunciation":"yoo-kop-o'-ter-os","unicode":"εὐκοπώτερος","translit":"eukopṓteros","definition":"[εὐκοπώτερος] comparative of a compound of {{g2095}} and {{g2873}}; better for toil, i.e. more facile","strongs_number":"g2123"},"g2124":{"pronunciation":"yoo-lab'-i-ah","unicode":"εὐλάβεια","translit":"eulábeia","definition":"[εὐλάβεια] from {{g2126}}; properly, caution, i.e. (religiously) reverence (piety); by implication, dread (concretely)","strongs_number":"g2124"},"g2125":{"pronunciation":"yoo-lab-eh'-om-ahee","unicode":"εὐλαβέομαι","translit":"eulabéomai","definition":"[εὐλαβέομαι] middle voice from {{g2126}}; to be circumspect, i.e. (by implication) to be apprehensive; religiously, to reverence","strongs_number":"g2125"},"g2126":{"pronunciation":"yoo-lab-ace'","unicode":"εὐλαβής","translit":"eulabḗs","definition":"[εὐλαβής] from {{g2095}} and {{g2983}}; taking well (carefully), i.e. circumspect (religiously, pious)","strongs_number":"g2126"},"g2127":{"pronunciation":"yoo-log-eh'-o","unicode":"εὐλογέω","translit":"eulogéō","definition":"[εὐλογέω] from a compound of {{g2095}} and {{g3056}}; to speak well of, i.e. (religiously) to bless (thank or invoke a benediction upon, prosper)","strongs_number":"g2127"},"g2128":{"pronunciation":"yoo-log-ay-tos'","unicode":"εὐλογητός","translit":"eulogētós","definition":"[εὐλογητός] from {{g2127}}; adorable","strongs_number":"g2128"},"g2129":{"pronunciation":"yoo-log-ee'-ah","unicode":"εὐλογία","translit":"eulogía","definition":"[εὐλογία] from the same as {{g2127}}; fine speaking, i.e. elegance of language; commendation (\"eulogy\"), i.e. (reverentially) adoration; religiously, benediction; by implication, consecration; by extension, benefit or largess","strongs_number":"g2129"},"g2130":{"pronunciation":"yoo-met-ad'-ot-os","unicode":"εὐμετάδοτος","translit":"eumetádotos","definition":"[εὐμετάδοτος] from {{g2095}} and a presumed derivative of {{g3330}}; good at imparting, i.e. liberal","strongs_number":"g2130"},"g2131":{"pronunciation":"yoo-nee'-kay","unicode":"Εὐνίκη","translit":"Euníkē","definition":"[Εὐνίκη] from {{g2095}} and {{g3529}}; victorious; Eunice, a Jewess","strongs_number":"g2131"},"g2132":{"pronunciation":"yoo-no-eh'-o","unicode":"εὐνοέω","translit":"eunoéō","definition":"[εὐνοέω] from a compound of {{g2095}} and {{g3563}}; to be well- minded, i.e. reconcile","strongs_number":"g2132"},"g2133":{"pronunciation":"yoo'-noy-ah","unicode":"εὔνοια","translit":"eúnoia","definition":"[εὔνοια] from the same as {{g2132}}; kindness; euphemistically, conjugal duty","strongs_number":"g2133"},"g2134":{"pronunciation":"yoo-noo-khid'-zo","unicode":"εὐνουχίζω","translit":"eunouchízō","definition":"[εὐνουχίζω] from {{g2135}}; to castrate (figuratively, live unmarried)","strongs_number":"g2134"},"g2135":{"pronunciation":"yoo-noo'-khos","unicode":"εὐνοῦχος","translit":"eunoûchos","definition":"[εὐνοῦχος] from εὐνή (a bed) and {{g2192}}; a castrated person (such being employed in Oriental bed-chambers); by extension an impotent or unmarried man; by implication, a chamberlain (state-officer)","strongs_number":"g2135"},"g2136":{"pronunciation":"yoo-od-ee'-ah","unicode":"Εὐοδία","translit":"Euodía","definition":"[Εὐοδία] from the same as {{g2137}}; fine travelling; Euodia, a Christian woman","strongs_number":"g2136"},"g2137":{"pronunciation":"yoo-od-o'-o","unicode":"εὐοδόω","translit":"euodóō","definition":"[εὐοδόω] from a compound of {{g2095}} and {{g3598}}; to help on the road, i.e. (passively) succeed in reaching; figuratively, to succeed in business affairs","strongs_number":"g2137"},"g2138":{"pronunciation":"yoo-pi-thace'","unicode":"εὐπειθής","translit":"eupeithḗs","definition":"[εὐπειθής] from {{g2095}} and {{g3982}}; good for persuasion, i.e. (intransitively) complaint","strongs_number":"g2138"},"g2139":{"pronunciation":"yoo-per-is'-tat-os","unicode":"εὐπερίστατος","translit":"euperístatos","definition":"[εὐπερίστατος] from {{g2095}} and a derivative of a presumed compound of {{g4012}} and {{g2476}}; well standing around, i.e. (a competitor) thwarting (a racer) in every direction (figuratively, of sin in genitive case)","strongs_number":"g2139"},"g2140":{"pronunciation":"yoo-poy-ee'-ah","unicode":"εὐποιΐα","translit":"eupoiḯa","definition":"[εὐποιΐα] from a compound of {{g2095}} and {{g4160}}; well-doing, i.e. beneficence","strongs_number":"g2140"},"g2141":{"pronunciation":"yoo-por-eh'-o","unicode":"εὐπορέω","translit":"euporéō","definition":"[εὐπορέω] from a compound of {{g2090}} and the base of {{g4197}}; (intransitively) to be good for passing through, i.e. (figuratively) have pecuniary means","strongs_number":"g2141"},"g2142":{"pronunciation":"yoo-por-ee'-ah","unicode":"εὐπορία","translit":"euporía","definition":"[εὐπορία] from the same as {{g2141}}; pecuniary resources","strongs_number":"g2142"},"g2143":{"pronunciation":"yoo-prep'-i-ah","unicode":"εὐπρέπεια","translit":"euprépeia","definition":"[εὐπρέπεια] from a compound of {{g2095}} and {{g4241}}; good suitableness, i.e. gracefulness","strongs_number":"g2143"},"g2144":{"pronunciation":"yoo-pros'-dek-tos","unicode":"εὐπρόσδεκτος","translit":"euprósdektos","definition":"[εὐπρόσδεκτος] from {{g2095}} and a derivative of {{g4327}}; well-received, i.e. approved, favorable","strongs_number":"g2144"},"g2145":{"pronunciation":"yoo-pros'-ed-ros","unicode":"εὐπρόσεδρος","translit":"euprósedros","definition":"[εὐπρόσεδρος] from {{g2095}} and the same as {{g4332}}; sitting well towards, i.e. (figuratively) assiduous (neuter, diligent service)","strongs_number":"g2145"},"g2146":{"pronunciation":"yoo-pros-o-peh'-o","unicode":"εὐπροσωπέω","translit":"euprosōpéō","definition":"[εὐπροσωπέω] from a compound of {{g2095}} and {{g4383}}; to be of good countenance, i.e. (figuratively) to make a display","strongs_number":"g2146"},"g2147":{"pronunciation":"hyoo-ris'-ko","unicode":"εὑρίσκω","translit":"heurískō","definition":"[εὑρίσκω] , a prolonged form of a primary             εὕρω,      which                                 (together with another cognate form)             εὑρέω    is used for it in all the tenses                                except the present and imperfect; to find (literally or figuratively)","strongs_number":"g2147"},"g2148":{"pronunciation":"yoo-rok-loo'-dohn","unicode":"Εὐροκλύδων","translit":"Euroklýdōn","definition":"[Εὐροκλύδων] from Εὖρος (the east wind) and {{g2830}}; a storm from the East (or southeast), i.e. (in modern phrase) a Levanter","strongs_number":"g2148"},"g2149":{"pronunciation":"yoo-roo'-kho-ros","unicode":"εὐρύχωρος","translit":"eurýchōros","definition":"[εὐρύχωρος] from εὐρύς (wide) and {{g5561}}; spacious","strongs_number":"g2149"},"g2150":{"pronunciation":"yoo-seb'-i-ah","unicode":"εὐσέβεια","translit":"eusébeia","definition":"[εὐσέβεια] from {{g2152}}; piety; specially, the gospel scheme","strongs_number":"g2150"},"g2151":{"pronunciation":"yoo-seb-eh'-o","unicode":"εὐσεβέω","translit":"eusebéō","definition":"[εὐσεβέω] from {{g2152}}; to be pious, i.e. (towards God) to worship, or (towards parents) to respect (support)","strongs_number":"g2151"},"g2152":{"pronunciation":"yoo-seb-ace'","unicode":"εὐσεβής","translit":"eusebḗs","definition":"[εὐσεβής] from {{g2095}} and {{g4576}}; well-reverent, i.e. pious","strongs_number":"g2152"},"g2153":{"pronunciation":"yoo-seb-oce'","unicode":"εὐσεβῶς","translit":"eusebōs","definition":"[εὐσεβῶς] adverb from {{g2152}}; piously","strongs_number":"g2153"},"g2154":{"pronunciation":"yoo'-say-mos","unicode":"εὔσημος","translit":"eúsēmos","definition":"[εὔσημος] from {{g2095}} and the base of {{g4591}}; well indicated, i.e. (figuratively) significant","strongs_number":"g2154"},"g2155":{"pronunciation":"yoo'-splangkh-nos","unicode":"εὔσπλαγχνος","translit":"eúsplanchnos","definition":"[εὔσπλαγχνος] from {{g2095}} and {{g4698}}; well compassioned, i.e. sympathetic","strongs_number":"g2155"},"g2156":{"pronunciation":"yoo-skhay-mon'-ose","unicode":"εὐσχημόνως","translit":"euschēmónōs","definition":"[εὐσχημόνως] adverb from {{g2158}}; decorously","strongs_number":"g2156"},"g2157":{"pronunciation":"yoo-skhay-mos-oo'-nay","unicode":"εὐσχημοσύνη","translit":"euschēmosýnē","definition":"[εὐσχημοσύνη] from {{g2158}}; decorousness","strongs_number":"g2157"},"g2158":{"pronunciation":"yoo-skhay'-mone","unicode":"εὐσχήμων","translit":"euschḗmōn","definition":"[εὐσχήμων] from {{g2095}} and {{g4976}}; well-formed, i.e. (figuratively) decorous, noble (in rank)","strongs_number":"g2158"},"g2159":{"pronunciation":"yoo-ton'-oce","unicode":"εὐτόνως","translit":"eutónōs","definition":"[εὐτόνως] adverb from a compound of {{g2095}} and a derivative of τείνω (to stretch); in a well-strung manner, i.e. (figuratively) intensely (in a good sense, cogently; in a bad one, fiercely)","strongs_number":"g2159"},"g2160":{"pronunciation":"yoo-trap-el-ee'-ah","unicode":"εὐτραπελία","translit":"eutrapelía","definition":"[εὐτραπελία] from a compound of {{g2095}} and a derivative of the base of {{g5157}} (meaning well-turned, i.e. ready at repartee, jocose); witticism, i.e. (in a vulgar sense) ribaldry","strongs_number":"g2160"},"g2161":{"pronunciation":"yoo'-too-khos","unicode":"Εὔτυχος","translit":"Eútychos","definition":"[Εὔτυχος] from {{g2095}} and a derivative of {{g5177}}; well- fated, i.e. fortunate; Eutychus, a young man","strongs_number":"g2161"},"g2162":{"pronunciation":"yoo-fay-mee'-ah","unicode":"εὐφημία","translit":"euphēmía","definition":"[εὐφημία] from {{g2163}}; good language (\"euphemy\"), i.e. praise (repute)","strongs_number":"g2162"},"g2163":{"pronunciation":"yoo'-fay-mos","unicode":"εὔφημος","translit":"eúphēmos","definition":"[εὔφημος] from {{g2095}} and {{g5345}}; well spoken of, i.e. reputable","strongs_number":"g2163"},"g2164":{"pronunciation":"yoo-for-eh'-o","unicode":"εὐφορέω","translit":"euphoréō","definition":"[εὐφορέω] from {{g2095}} and {{g5409}}; to bear well, i.e. be fertile","strongs_number":"g2164"},"g2165":{"pronunciation":"yoo-frah'-ee-no","unicode":"εὐφραίνω","translit":"euphraínō","definition":"[εὐφραίνω] from {{g2095}} and {{g5424}}; to put (middle voice or passively, be) in a good frame of mind, i.e. rejoice","strongs_number":"g2165"},"g2166":{"pronunciation":"yoo-frat'-ace","unicode":"Εὐφράτης","translit":"Euphrátēs","definition":"[Εὐφράτης] of foreign origin (compare {{h6578}}); Euphrates, a river of Asia","strongs_number":"g2166"},"g2167":{"pronunciation":"yoo-fros-oo'-nay","unicode":"εὐφροσύνη","translit":"euphrosýnē","definition":"[εὐφροσύνη] from the same as {{g2165}}; joyfulness","strongs_number":"g2167"},"g2168":{"pronunciation":"yoo-khar-is-teh'-o","unicode":"εὐχαριστέω","translit":"eucharistéō","definition":"[εὐχαριστέω] from {{g2170}}; to be grateful, i.e. (actively) to express gratitude (towards); specially, to say grace at a meal","strongs_number":"g2168"},"g2169":{"pronunciation":"yoo-khar-is-tee'-ah","unicode":"εὐχαριστία","translit":"eucharistía","definition":"[εὐχαριστία] from {{g2170}}; gratitude; actively, grateful language (to God, as an act of worship)","strongs_number":"g2169"},"g2170":{"pronunciation":"yoo-khar'-is-tos","unicode":"εὐχάριστος","translit":"eucháristos","definition":"[εὐχάριστος] from {{g2095}} and a derivative of {{g5483}}; well favored, i.e. (by implication) grateful","strongs_number":"g2170"},"g2171":{"pronunciation":"yoo-khay'","unicode":"εὐχή","translit":"euchḗ","definition":"[εὐχή] from {{g2172}}; properly, a wish, expressed as a petition to God, or in votive obligation","strongs_number":"g2171"},"g2172":{"pronunciation":"yoo'-khom-ahee","unicode":"εὔχομαι","translit":"eúchomai","definition":"[εὔχομαι] middle voice of a primary verb; to wish; by implication, to pray to God","strongs_number":"g2172"},"g2173":{"pronunciation":"yoo'-khrays-tos","unicode":"εὔχρηστος","translit":"eúchrēstos","definition":"[εὔχρηστος] from {{g2095}} and {{g5543}}; easily used, i.e. useful","strongs_number":"g2173"},"g2174":{"pronunciation":"yoo-psoo-kheh'-o","unicode":"εὐψυχέω","translit":"eupsychéō","definition":"[εὐψυχέω] from a compound of {{g2095}} and {{g5590}}; to be in good spirits, i.e. feel encouraged","strongs_number":"g2174"},"g2175":{"pronunciation":"yoo-o-dee'-ah","unicode":"εὐωδία","translit":"euōdía","definition":"[εὐωδία] from a compound of {{g2095}} and a derivative of {{g3605}}; good-scentedness, i.e. fragrance","strongs_number":"g2175"},"g2176":{"pronunciation":"yoo-o'-noo-mos","unicode":"εὐώνυμος","translit":"euṓnymos","definition":"[εὐώνυμος] from {{g2095}} and {{g3686}}; properly, well-named (good-omened), i.e. the left (which was the lucky side among the pagan Greeks); neuter as adverbial, at the left hand","strongs_number":"g2176"},"g2177":{"pronunciation":"ef-al'-lom-ahee","unicode":"ἐφάλλομαι","translit":"ephállomai","definition":"[ἐφάλλομαι] from {{g1909}} and {{g242}}; to spring upon","strongs_number":"g2177"},"g2178":{"pronunciation":"ef-ap'-ax","unicode":"ἐφάπαξ","translit":"ephápax","definition":"[ἐφάπαξ] from {{g1909}} and {{g530}}; upon one occasion (only)","strongs_number":"g2178"},"g2179":{"pronunciation":"ef-es-ee'-nos","unicode":"Ἐφεσῖνος","translit":"Ephesînos","definition":"[Ἐφεσῖνος] from {{g2181}}; Ephesine, or situated at Ephesus","strongs_number":"g2179"},"g2180":{"pronunciation":"ef-es'-ee-os","unicode":"Ἐφέσιος","translit":"Ephésios","definition":"[Ἐφέσιος] from {{g2181}}; an Ephesian or inhabitant of Ephesus","strongs_number":"g2180"},"g2181":{"pronunciation":"ef'-es-os","unicode":"Ἔφεσος","translit":"Éphesos","definition":"[Ἔφεσος] probably of foreign origin; Ephesus, a city of Asia Minor","strongs_number":"g2181"},"g2182":{"pronunciation":"ef-yoo-ret'-ace","unicode":"ἐφευρετής","translit":"epheuretḗs","definition":"[ἐφευρετής] from a compound of {{g1909}} and {{g2147}}; a discoverer, i.e. contriver","strongs_number":"g2182"},"g2183":{"pronunciation":"ef-ay-mer-ee'-ah","unicode":"ἐφημερία","translit":"ephēmería","definition":"[ἐφημερία] from {{g2184}}; diurnality, i.e. (specially) the quotidian rotation or class of the Jewish priests' service at the Temple, as distributed by families","strongs_number":"g2183"},"g2184":{"pronunciation":"ef-ay'-mer-os","unicode":"ἐφήμερος","translit":"ephḗmeros","definition":"[ἐφήμερος] from {{g1909}} and {{g2250}}; for a day (\"ephemeral\"), i.e. diurnal","strongs_number":"g2184"},"g2185":{"pronunciation":"ef-ik-neh'-om-ahee","unicode":"ἐφικνέομαι","translit":"ephiknéomai","definition":"[ἐφικνέομαι] from {{g1909}} and a cognate of {{g2240}}; to arrive upon, i.e. extend to","strongs_number":"g2185"},"g2186":{"pronunciation":"ef-is'-tay-mee","unicode":"ἐφίστημι","translit":"ephístēmi","definition":"[ἐφίστημι] from {{g1909}} and {{g2476}}; to stand upon, i.e. be present (in various applications, friendly or otherwise, usually literal); ","strongs_number":"g2186"},"g2187":{"pronunciation":"ef-rah-im'","unicode":"Ἐφραίμ","translit":"Ephraím","definition":"[Ἐφραίμ] of Hebrew origin ({{h669}} or better {{h6085}}); Ephraim, a place in Palestine","strongs_number":"g2187"},"g2188":{"pronunciation":"ef-fath-ah'","unicode":"ἐφφαθά","translit":"ephphathá","definition":"[ἐφφαθά] of Chaldee origin ({{h6606}}); be opened!","strongs_number":"g2188"},"g2189":{"pronunciation":"ekh'-thrah","unicode":"ἔχθρα","translit":"échthra","definition":"[ἔχθρα] feminine of {{g2190}}; hostility; by implication, a reason for opposition","strongs_number":"g2189"},"g2190":{"pronunciation":"ech-thros'","unicode":"ἐχθρός","translit":"echthrós","definition":"[ἐχθρός] from a primary ἔχθω (to hate); hateful (passively, odious, or actively, hostile); usually as a noun, an adversary (especially Satan)","strongs_number":"g2190"},"g2191":{"pronunciation":"ekh'-id-nah","unicode":"ἔχιδνα","translit":"échidna","definition":"[ἔχιδνα] of uncertain origin; an adder or other poisonous snake (literally or figuratively)","strongs_number":"g2191"},"g2192":{"pronunciation":"ekh'-o","unicode":"ἔχω","translit":"échō","definition":"[ἔχω] ,    including an alternate form      σχέω;  (used in certain tenses only) a primary verb; to hold (used in very various applications, literally or figuratively, direct or remote; such as possession; ability, contiuity, relation, or condition)","strongs_number":"g2192"},"g2193":{"pronunciation":"heh'-oce","unicode":"ἕως","translit":"héōs","definition":"[ἕως] of uncertain affinity; a conjunction, preposition and adverb of continuance, until (of time and place)","strongs_number":"g2193"},"g2194":{"pronunciation":"dzab-oo-lone'","unicode":"Ζαβουλών","translit":"Zaboulṓn","definition":"[Ζαβουλών] of Hebrew origin ({{h2074}}); Zabulon (i.e. Zebulon), a region of Palestine","strongs_number":"g2194"},"g2195":{"pronunciation":"dzak-chah'-ee-yos","unicode":"Ζακχαῖος","translit":"Zakchaîos","definition":"[Ζακχαῖος] of Hebrew origin (compare {{h2140}}); Zacchæus, an Israelite","strongs_number":"g2195"},"g2196":{"pronunciation":"dzar-ah'","unicode":"Ζαρά","translit":"Zará","definition":"[Ζαρά] of Hebrew origin ({{h2226}}); Zara, (i.e. Zerach), an Israelite","strongs_number":"g2196"},"g2197":{"pronunciation":"dzakh-ar-ee'-as","unicode":"Ζαχαρίας","translit":"Zacharías","definition":"[Ζαχαρίας] of Hebrew origin ({{h2148}}); Zacharias (i.e. Zechariah), the name of two Israelites","strongs_number":"g2197"},"g2198":{"pronunciation":"dzah'-o","unicode":"ζάω","translit":"záō","definition":"[ζάω] a primary verb; to live (literally or figuratively)","strongs_number":"g2198"},"g2199":{"pronunciation":"dzeb-ed-ah'-yos","unicode":"Ζεβεδαῖος","translit":"Zebedaîos","definition":"[Ζεβεδαῖος] of Hebrew origin (compare {{h2067}}); Zebedæus, an Israelite","strongs_number":"g2199"},"g2200":{"pronunciation":"dzes-tos'","unicode":"ζεστός","translit":"zestós","definition":"[ζεστός] from {{g2204}}; boiled, i.e. (by implication) calid (figuratively, fervent)","strongs_number":"g2200"}}