{"g2201":{"pronunciation":"dzyoo'-gos","unicode":"ζεῦγος","translit":"zeûgos","definition":"[ζεῦγος] from the same as {{g2218}}; a couple, i.e. a team (of oxen yoked together) or brace (of birds tied together)","strongs_number":"g2201"},"g2202":{"pronunciation":"dzook-tay-ree'-ah","unicode":"ζευκτηρία","translit":"zeuktēría","definition":"[ζευκτηρία] feminine of a derivative (at the second stage) from the same as {{g2218}}; a fastening (tiller-rope)","strongs_number":"g2202"},"g2203":{"pronunciation":"dzyooce","unicode":"Ζεύς","translit":"Zeús","definition":"[Ζεύς] of uncertain affinity; in the oblique cases there is used instead of it a (probably cognate) name      Δίς, which is otherwise obsolete;        Zeus or Dis (among the Latins, Jupiter or Jove), the supreme deity of the Greeks","strongs_number":"g2203"},"g2204":{"pronunciation":"dzeh'-o","unicode":"ζέω","translit":"zéō","definition":"[ζέω] a primary verb; to be hot (boil, of liquids; or glow, of solids), i.e. (figuratively) be fervid (earnest)","strongs_number":"g2204"},"g2205":{"pronunciation":"dzay'-los","unicode":"ζῆλος","translit":"zēlos","definition":"[ζῆλος] from {{g2204}}; properly, heat, i.e. (figuratively) \"zeal\" (in a favorable sense, ardor; in an unfavorable one, jealousy, as of a husband (figuratively, of God), or an enemy, malice)","strongs_number":"g2205"},"g2206":{"pronunciation":"dzay-lo'-o","unicode":"ζηλόω","translit":"zēlóō","definition":"[ζηλόω] from {{g2205}}; to have warmth of feeling for or against","strongs_number":"g2206"},"g2207":{"pronunciation":"dzay-lo-tace'","unicode":"ζηλωτής","translit":"zēlōtḗs","definition":"[ζηλωτής] from {{g2206}}; a \"zealot\"","strongs_number":"g2207"},"g2208":{"pronunciation":"dzay-lo-tace'","unicode":"Ζηλωτής","translit":"Zēlōtḗs","definition":"[Ζηλωτής] the same as {{g2207}}; a Zealot, i.e. (specially) partisan for Jewish political independence","strongs_number":"g2208"},"g2209":{"pronunciation":"dzay-mee'-ah","unicode":"ζημία","translit":"zēmía","definition":"[ζημία] probably akin to the base of {{g1150}} (through the idea of violence); detriment","strongs_number":"g2209"},"g2210":{"pronunciation":"dzay-mee-o'-o","unicode":"ζημιόω","translit":"zēmióō","definition":"[ζημιόω] from {{g2209}}; to injure, i.e. (reflexively or passively) to experience detriment","strongs_number":"g2210"},"g2211":{"pronunciation":"dzay-nas'","unicode":"Ζηνᾶς","translit":"Zēnâs","definition":"[Ζηνᾶς] probably contracted from a poetic form of {{g2203}} and {{g1435}}; Jove-given; Zenas, a Christian","strongs_number":"g2211"},"g2212":{"pronunciation":"dzay-teh'-o","unicode":"ζητέω","translit":"zētéō","definition":"[ζητέω] of uncertain affinity; to seek (literally or figuratively); specially, (by Hebraism) to worship (God), or (in a bad sense) to plot (against life) Compare {{g4441}}.","strongs_number":"g2212"},"g2213":{"pronunciation":"dzay'-tay-mah","unicode":"ζήτημα","translit":"zḗtēma","definition":"[ζήτημα] from {{g2212}}; a search (properly concretely), i.e. (in words) a debate","strongs_number":"g2213"},"g2214":{"pronunciation":"dzay'-tay-sis","unicode":"ζήτησις","translit":"zḗtēsis","definition":"[ζήτησις] from {{g2212}}; a searching (properly, the act), i.e. a dispute or its theme","strongs_number":"g2214"},"g2215":{"pronunciation":"dziz-an'-ee-on","unicode":"ζιζάνιον","translit":"zizánion","definition":"[ζιζάνιον] of uncertain origin; darnel or false grain","strongs_number":"g2215"},"g2216":{"pronunciation":"dzor-ob-ab'-el","unicode":"Ζοροβάβελ","translit":"Zorobábel","definition":"[Ζοροβάβελ] of Hebrew origin ({{h2216}}); Zorobabel (i.e. Zerubbabel), an Israelite","strongs_number":"g2216"},"g2217":{"pronunciation":"dzof'-os","unicode":"ζόφος","translit":"zóphos","definition":"[ζόφος] akin to the base of {{g3509}}; gloom (as shrouding like a cloud)","strongs_number":"g2217"},"g2218":{"pronunciation":"dzoo-gos'","unicode":"ζυγός","translit":"zygós","definition":"[ζυγός] from the root of ζεύγνυμι (to join, especially by a \"yoke\"); a coupling, i.e. (figuratively) servitude (a law or obligation); also (literally) the beam of the balance (as connecting the scales)","strongs_number":"g2218"},"g2219":{"pronunciation":"dzoo'-may","unicode":"ζύμη","translit":"zýmē","definition":"[ζύμη] probably from {{g2204}}; ferment (as if boiling up)","strongs_number":"g2219"},"g2220":{"pronunciation":"dzoo-mo'-o","unicode":"ζυμόω","translit":"zymóō","definition":"[ζυμόω] from {{g2219}}; to cause to ferment","strongs_number":"g2220"},"g2221":{"pronunciation":"dzogue-reh'-o","unicode":"ζωγρέω","translit":"zōgréō","definition":"[ζωγρέω] from the same as {{g2226}} and {{g64}}; to take alive (make a prisoner of war), i.e. (figuratively) to capture or ensnare","strongs_number":"g2221"},"g2222":{"pronunciation":"dzo-ay'","unicode":"ζωή","translit":"zōḗ","definition":"[ζωή] from {{g2198}}; life (literally or figuratively) Compare {{g5590}}.","strongs_number":"g2222"},"g2223":{"pronunciation":"dzo'-nay","unicode":"ζώνη","translit":"zṓnē","definition":"[ζώνη] probably akin to the base of {{g2218}}; a belt; by implication, a pocket","strongs_number":"g2223"},"g2224":{"pronunciation":"dzone'-noo-mi","unicode":"ζώννυμι","translit":"zṓnnymi","definition":"[ζώννυμι] from {{g2223}}; to bind about (especially with a belt)","strongs_number":"g2224"},"g2225":{"pronunciation":"dzo-og-on-eh'-o","unicode":"ζωογονέω","translit":"zōogonéō","definition":"[ζωογονέω] from the same as {{g2226}} and a derivative of {{g1096}}; to engender alive, i.e. (by analogy) to rescue (passively, be saved) from death","strongs_number":"g2225"},"g2226":{"pronunciation":"dzo'-on","unicode":"ζῶον","translit":"zōon","definition":"[ζῶον] neuter of a derivative of {{g2198}}; a live thing, i.e. an animal","strongs_number":"g2226"},"g2227":{"pronunciation":"dzo-op-oy-eh'-o","unicode":"ζωοποιέω","translit":"zōopoiéō","definition":"[ζωοποιέω] from the same as {{g2226}} and {{g4160}}; to (re-)vitalize (literally or figuratively)","strongs_number":"g2227"},"g2228":{"pronunciation":"ay","unicode":"ἤ","translit":"ḗ","definition":"[ἤ] a primary particle of distinction between two connected terms; disjunctive, or; comparative, than Often used in connection with other particles. Compare especially {{g2235}}, {{g2260}}, {{g2273}}.","strongs_number":"g2228"},"g2229":{"pronunciation":"ay","unicode":"ἦ","translit":"ē","definition":"[ἦ] an adverb of confirmation; perhaps intensive of {{g2228}}; used only (in the New Testament) before {{g3303}}; assuredly","strongs_number":"g2229"},"g2230":{"pronunciation":"hayg-em-on-yoo'-o","unicode":"ἡγεμονεύω","translit":"hēgemoneúō","definition":"[ἡγεμονεύω] from {{g2232}}; to act as ruler","strongs_number":"g2230"},"g2231":{"pronunciation":"hayg-em-on-ee'-ah","unicode":"ἡγεμονία","translit":"hēgemonía","definition":"[ἡγεμονία] from {{g2232}}; government, i.e. (in time) official term","strongs_number":"g2231"},"g2232":{"pronunciation":"hayg-em-ohn'","unicode":"ἡγεμών","translit":"hēgemṓn","definition":"[ἡγεμών] from {{g2233}}; a leader, i.e. chief person (or figuratively, place) of a province","strongs_number":"g2232"},"g2233":{"pronunciation":"hayg-eh'-om-ahee","unicode":"ἡγέομαι","translit":"hēgéomai","definition":"[ἡγέομαι] middle voice of a (presumed) strengthened form of {{g71}}; to lead, i.e. command (with official authority); figuratively, to deem, i.e. consider","strongs_number":"g2233"},"g2234":{"pronunciation":"hay-deh'-oce","unicode":"ἡδέως","translit":"hēdéōs","definition":"[ἡδέως] adverb from a derivative of the base of {{g2237}}; sweetly, i.e. (figuratively) with pleasure","strongs_number":"g2234"},"g2235":{"pronunciation":"ay'-day","unicode":"ἤδη","translit":"ḗdē","definition":"[ἤδη] apparently from {{g2228}} (or possibly {{g2229}}) and {{g1211}}; even now","strongs_number":"g2235"},"g2236":{"pronunciation":"hay'-dis-tah","unicode":"ἥδιστα","translit":"hḗdista","definition":"[ἥδιστα] neuter plural of the superlative of the same as {{g2234}}; with great pleasure","strongs_number":"g2236"},"g2237":{"pronunciation":"hay-don-ay'","unicode":"ἡδονή","translit":"hēdonḗ","definition":"[ἡδονή] from ἁνδάνω (to please); sensual delight; by implication, desire","strongs_number":"g2237"},"g2238":{"pronunciation":"hay-doo'-os-mon","unicode":"ἡδύοσμον","translit":"hēdýosmon","definition":"[ἡδύοσμον] neuter of the compound of the same as {{g2234}} and {{g3744}}; a sweet-scented plant, i.e. mint","strongs_number":"g2238"},"g2239":{"pronunciation":"ay'-thos","unicode":"ἦθος","translit":"ēthos","definition":"[ἦθος] a strengthened form of {{g1485}}; usage, i.e. (plural) moral habits","strongs_number":"g2239"},"g2240":{"pronunciation":"hay'-ko","unicode":"ἥκω","translit":"hḗkō","definition":"[ἥκω] a primary verb; to arrive, i.e. be present (literally or figuratively)","strongs_number":"g2240"},"g2241":{"pronunciation":"ay-lee'","unicode":"ἠλί","translit":"ēlí","definition":"[ἠλί] of Hebrew origin ({{h410}} with pronominal suffix); my God","strongs_number":"g2241"},"g2242":{"pronunciation":"hay-lee'","unicode":"Ἡλί","translit":"Hēlí","definition":"[Ἡλί] of Hebrew origin ({{h5941}}); Heli (i.e. Eli), an Israelite","strongs_number":"g2242"},"g2243":{"pronunciation":"hay-lee'-as","unicode":"Ἡλίας","translit":"Hēlías","definition":"[Ἡλίας] of Hebrew origin ({{h452}}); Helias (i.e. Elijah), an Israelite","strongs_number":"g2243"},"g2244":{"pronunciation":"hay-lik-ee'-ah","unicode":"ἡλικία","translit":"hēlikía","definition":"[ἡλικία] from the same as {{g2245}}; maturity (in years or size)","strongs_number":"g2244"},"g2245":{"pronunciation":"hay-lee'-kos","unicode":"ἡλίκος","translit":"hēlíkos","definition":"[ἡλίκος] from ἧλιξ (a comrade, i.e. one of the same age); as big as, i.e. (interjectively) how much","strongs_number":"g2245"},"g2246":{"pronunciation":"hay'-lee-os","unicode":"ἥλιος","translit":"hḗlios","definition":"[ἥλιος] from ἕλη (a ray; perhaps akin to the alternate of {{g138}}); the sun; by implication, light","strongs_number":"g2246"},"g2247":{"pronunciation":"hay'-los","unicode":"ἧλος","translit":"hēlos","definition":"[ἧλος] of uncertain affinity; a stud, i.e. spike","strongs_number":"g2247"},"g2248":{"pronunciation":"hay-mas'","unicode":"ἡμᾶς","translit":"hēmâs","definition":"[ἡμᾶς] accusative case plural of {{g1473}}; us","strongs_number":"g2248"},"g2249":{"pronunciation":"hay-mice'","unicode":"ἡμεῖς","translit":"hēmeîs","definition":"[ἡμεῖς] nominative plural of {{g1473}}; we (only used when emphatic)","strongs_number":"g2249"},"g2250":{"pronunciation":"hay-mer'-ah","unicode":"ἡμέρα","translit":"hēméra","definition":"[ἡμέρα] feminine (with {{g5610}} implied) of a derivative of ἧμαι (to sit; akin to the base of {{g1476}}) meaning tame, i.e. gentle; day, i.e. (literally) the time space between dawn and dark, or the whole 24 hours (but several days were usually reckoned by the Jews as inclusive of the parts of both extremes); figuratively, a period (always defined more or less clearly by the context)","strongs_number":"g2250"},"g2251":{"pronunciation":"hay-met'-er-os","unicode":"ἡμέτερος","translit":"hēméteros","definition":"[ἡμέτερος] from {{g2349}}; our","strongs_number":"g2251"},"g2252":{"pronunciation":"ay'-mane","unicode":"ἤμην","translit":"ḗmēn","definition":"[ἤμην] a prolonged form of {{g2258}}; I was (Sometimes unexpressed).","strongs_number":"g2252"},"g2253":{"pronunciation":"hay-mee-than-ace'","unicode":"ἡμιθανής","translit":"hēmithanḗs","definition":"[ἡμιθανής] from a presumed compound of the base of {{g2255}} and {{g2348}}; half dead, i.e. entirely exhausted","strongs_number":"g2253"},"g2254":{"pronunciation":"hay-meen'","unicode":"ἡμῖν","translit":"hēmîn","definition":"[ἡμῖν] dative case plural of {{g1473}}; to (or for, with, by) us","strongs_number":"g2254"},"g2255":{"pronunciation":"hay'-mee-soo","unicode":"ἥμισυ","translit":"hḗmisy","definition":"[ἥμισυ] neuter of a derivative from an inseparable prefix akin to {{g260}} (through the idea of partition involved in connection) and meaning semi-; (as noun) half","strongs_number":"g2255"},"g2256":{"pronunciation":"hay-mee-o'-ree-on","unicode":"ἡμιώριον","translit":"hēmiṓrion","definition":"[ἡμιώριον] from the base of {{g2255}} and {{g5610}}; a half-hour","strongs_number":"g2256"},"g2257":{"pronunciation":"hay-mone'","unicode":"ἡμῶν","translit":"hēmōn","definition":"[ἡμῶν] genitive case plural of {{g1473}}; of (or from) us","strongs_number":"g2257"},"g2258":{"pronunciation":"ane","unicode":"ἦν","translit":"ēn","definition":"[ἦν] imperfect of {{g1510}}; I (thou, etc.) was (wast or were)","strongs_number":"g2258"},"g2259":{"pronunciation":"hay-nee'-kah","unicode":"ἡνίκα","translit":"hēníka","definition":"[ἡνίκα] of uncertain affinity; at which time","strongs_number":"g2259"},"g2260":{"pronunciation":"ay'-per","unicode":"ἤπερ","translit":"ḗper","definition":"[ἤπερ] from {{g2228}} and {{g4007}}; than at all (or than perhaps, than indeed)","strongs_number":"g2260"},"g2261":{"pronunciation":"ay'-pee-os","unicode":"ἤπιος","translit":"ḗpios","definition":"[ἤπιος] probably from {{g2031}}; properly, affable, i.e. mild or kind","strongs_number":"g2261"},"g2262":{"pronunciation":"ayr","unicode":"Ἤρ","translit":"Ḗr","definition":"[Ἤρ] of Hebrew origin ({{h6147}}); Er, an Israelite","strongs_number":"g2262"},"g2263":{"pronunciation":"ay'-rem-os","unicode":"ἤρεμος","translit":"ḗremos","definition":"[ἤρεμος] perhaps by transposition from {{g2048}} (through the idea of stillness); tranquil","strongs_number":"g2263"},"g2264":{"pronunciation":"hay-ro'-dace","unicode":"Ἡρώδης","translit":"Hērṓdēs","definition":"[Ἡρώδης] compound of ἥρως (a \"hero\") and {{g1491}}; heroic; Herod, the name of four Jewish kings","strongs_number":"g2264"},"g2265":{"pronunciation":"hay-ro-dee-an-oy'","unicode":"Ἡρωδιανοί","translit":"Hērōdianoí","definition":"[Ἡρωδιανοί] plural of a derivative of {{g2264}}; Herodians, i.e. partisans of Herod","strongs_number":"g2265"},"g2266":{"pronunciation":"hay-ro-dee-as'","unicode":"Ἡρωδιάς","translit":"Hērōdiás","definition":"[Ἡρωδιάς] from {{g2264}}; Herodias, a woman of the Heodian family","strongs_number":"g2266"},"g2267":{"pronunciation":"hay-ro-dee'-ohn","unicode":"Ἡρωδίων","translit":"Hērōdíōn","definition":"[Ἡρωδίων] from {{g2264}}; Herodion, a Christian","strongs_number":"g2267"},"g2268":{"pronunciation":"hay-sah-ee'-as","unicode":"Ἡσαΐας","translit":"Hēsaḯas","definition":"[Ἡσαΐας] of Hebrew origin ({{h3470}}); Hesaias (i.e. Jeshajah), an Israelite","strongs_number":"g2268"},"g2269":{"pronunciation":"ay-sow'","unicode":"Ἠσαῦ","translit":"Ēsaû","definition":"[Ἠσαῦ] of Hebrew origin ({{h6215}}); Esau, an Edomite","strongs_number":"g2269"},"g2270":{"pronunciation":"hay-soo-khad'-zo","unicode":"ἡσυχάζω","translit":"hēsycházō","definition":"[ἡσυχάζω] from the same as {{g2272}}; to keep still (intransitively), i.e. refrain from labor, meddlesomeness or speech","strongs_number":"g2270"},"g2271":{"pronunciation":"hay-soo-khee'-ah","unicode":"ἡσυχία","translit":"hēsychía","definition":"[ἡσυχία] feminine of {{g2272}}; (as noun) stillness, i.e. desistance from bustle or language","strongs_number":"g2271"},"g2272":{"pronunciation":"hay-soo'-khee-os","unicode":"ἡσύχιος","translit":"hēsýchios","definition":"[ἡσύχιος] a prolonged form of a compound probably of a derivative of the base of {{g1476}} and perhaps {{g2192}}; properly, keeping one's seat (sedentary), i.e. (by implication) still (undisturbed, undisturbing)","strongs_number":"g2272"},"g2273":{"pronunciation":"ay'-toy","unicode":"ἤτοι","translit":"ḗtoi","definition":"[ἤτοι] from {{g2228}} and {{g5104}}; either indeed","strongs_number":"g2273"},"g2274":{"pronunciation":"hayt-tah'-o","unicode":"ἡττάω","translit":"hēttáō","definition":"[ἡττάω] from the same as {{g2276}}; to make worse, i.e. vanquish (literally or figuratively); by implication, to rate lower","strongs_number":"g2274"},"g2275":{"pronunciation":"hayt'-tay-mah","unicode":"ἥττημα","translit":"hḗttēma","definition":"[ἥττημα] from {{g2274}}; a deterioration, i.e. (objectively) failure or (subjectively) loss","strongs_number":"g2275"},"g2276":{"pronunciation":"hate'-ton","unicode":"ἥττον","translit":"hḗtton","definition":"[ἥττον] neuter of comparative of ἧκα (slightly) used for that of {{g2556}}; worse (as noun); by implication, less (as adverb)","strongs_number":"g2276"},"g2277":{"pronunciation":"ay'-to","unicode":"ἤτω","translit":"ḗtō","definition":"[ἤτω] third person singular imperative of {{g1510}}; let him (or it) be","strongs_number":"g2277"},"g2278":{"pronunciation":"ay-kheh'-o","unicode":"ἠχέω","translit":"ēchéō","definition":"[ἠχέω] from {{g2279}}; to make a loud noise, i.e. reverberate","strongs_number":"g2278"},"g2279":{"pronunciation":"ay'-khos","unicode":"ἦχος","translit":"ēchos","definition":"[ἦχος] of uncertain affinity; a loud or confused noise (\"echo\"), i.e. roar; figuratively, a rumor","strongs_number":"g2279"},"g2280":{"pronunciation":"thad-dah'-yos","unicode":"Θαδδαῖος","translit":"Thaddaîos","definition":"[Θαδδαῖος] of uncertain origin; Thaddæus, one of the Apostles","strongs_number":"g2280"},"g2281":{"pronunciation":"thal'-as-sah","unicode":"θάλασσα","translit":"thálassa","definition":"[θάλασσα] probably prolonged from {{g251}}; the sea (genitive case or specially)","strongs_number":"g2281"},"g2282":{"pronunciation":"thal'-po","unicode":"θάλπω","translit":"thálpō","definition":"[θάλπω] probably akin to θάλλω (to warm); to brood, i.e. (figuratively) to foster","strongs_number":"g2282"},"g2283":{"pronunciation":"tham'-ar","unicode":"Θάμαρ","translit":"Thámar","definition":"[Θάμαρ] of Hebrew origin ({{h8559}}); Thamar (i.e. Tamar), an Israelitess","strongs_number":"g2283"},"g2284":{"pronunciation":"tham-beh'-o","unicode":"θαμβέω","translit":"thambéō","definition":"[θαμβέω] from {{g2285}}; to stupefy (with surprise), i.e. astound","strongs_number":"g2284"},"g2285":{"pronunciation":"tham'-bos","unicode":"θάμβος","translit":"thámbos","definition":"[θάμβος] akin to an obsolete τάφω (to dumbfound); stupefaction (by surprise), i.e. astonishment","strongs_number":"g2285"},"g2286":{"pronunciation":"than-as'-ee-mos","unicode":"θανάσιμος","translit":"thanásimos","definition":"[θανάσιμος] from {{g2288}}; fatal, i.e. poisonous","strongs_number":"g2286"},"g2287":{"pronunciation":"than-at-ay'-for-os","unicode":"θανατήφορος","translit":"thanatḗphoros","definition":"[θανατήφορος] from (the feminine form of) {{g2288}} and {{g5342}}; death-bearing, i.e. fatal","strongs_number":"g2287"},"g2288":{"pronunciation":"than'-at-os","unicode":"θάνατος","translit":"thánatos","definition":"[θάνατος] from {{g2348}}; (properly, an adjective used as a noun) death (literally or figuratively)","strongs_number":"g2288"},"g2289":{"pronunciation":"than-at-o'-o","unicode":"θανατόω","translit":"thanatóō","definition":"[θανατόω] from {{g2288}} to kill (literally or figuratively)","strongs_number":"g2289"},"g2290":{"pronunciation":"thap'-to","unicode":"θάπτω","translit":"tháptō","definition":"[θάπτω] a primary verb; to celebrate funeral rites, i.e. inter","strongs_number":"g2290"},"g2291":{"pronunciation":"thar'-ah","unicode":"Θάρα","translit":"Thára","definition":"[Θάρα] of Hebrew origin ({{h8646}}); Thara (i.e. Terach), the father of Abraham","strongs_number":"g2291"},"g2292":{"pronunciation":"thar-hreh'-o","unicode":"θαῤῥέω","translit":"tharrhéō","definition":"[θαῤῥέω] another form for {{g2293}}; to exercise courage Compare {{g5111}}.","strongs_number":"g2292"},"g2293":{"pronunciation":"thar-seh'-o","unicode":"θαρσέω","translit":"tharséō","definition":"[θαρσέω] from {{g2294}}; to have courage Compare {{g2292}}.","strongs_number":"g2293"},"g2294":{"pronunciation":"thar'-sos","unicode":"θάρσος","translit":"thársos","definition":"[θάρσος] akin (by transposition) to θράσος (daring); boldness (subjectively)","strongs_number":"g2294"},"g2295":{"pronunciation":"thos'-mah","unicode":"θαῦμα","translit":"thaûma","definition":"[θαῦμα] apparently from a form of {{g2300}}; wonder (properly concrete; but by implication, abstract)","strongs_number":"g2295"},"g2296":{"pronunciation":"thou-mad'-zo","unicode":"θαυμάζω","translit":"thaumázō","definition":"[θαυμάζω] from {{g2295}}; to wonder; by implication, to admire","strongs_number":"g2296"},"g2297":{"pronunciation":"thow-mas'-ee-os","unicode":"θαυμάσιος","translit":"thaumásios","definition":"[θαυμάσιος] from {{g2295}}; wondrous, i.e. (neuter as noun) a miracle","strongs_number":"g2297"},"g2298":{"pronunciation":"thow-mas-tos'","unicode":"θαυμαστός","translit":"thaumastós","definition":"[θαυμαστός] from {{g2296}}; wondered at, i.e. (by implication) wonderful","strongs_number":"g2298"},"g2299":{"pronunciation":"theh-ah'","unicode":"θεά","translit":"theá","definition":"[θεά] feminine of {{g2316}}; a female deity","strongs_number":"g2299"},"g2300":{"pronunciation":"theh-ah'-om-ahee","unicode":"θεάομαι","translit":"theáomai","definition":"[θεάομαι] a prolonged form of a primary verb; to look closely at, i.e. (by implication) perceive (literally or figuratively); by extension to visit Compare {{g3700}}.","strongs_number":"g2300"}}