{"g2401":{"pronunciation":"id-oo-mah'-yah","unicode":"Ἰδουμαία","translit":"Idoumaía","definition":"[Ἰδουμαία] of Hebrew origin ({{h123}}); Idumæa (i.e. Edom), a region East (and South) of Palestine","strongs_number":"g2401"},"g2402":{"pronunciation":"hid-roce'","unicode":"ἱδρώς","translit":"hidrṓs","definition":"[ἱδρώς] a strengthened form of a primary idos (sweat); perspiration","strongs_number":"g2402"},"g2403":{"pronunciation":"ee-ed-zab-ale'","unicode":"Ἰεζαβήλ","translit":"Iezabḗl","definition":"[Ἰεζαβήλ] of Hebrew origin ({{h348}}); Jezabel (i.e. Jezebel), a Tyrian woman (used as a synonym of a termagant or false teacher)","strongs_number":"g2403"},"g2404":{"pronunciation":"hee-er-ap'-ol-is","unicode":"Ἱεράπολις","translit":"Hierápolis","definition":"[Ἱεράπολις] from {{g2413}} and {{g4172}}; holy city; Hierapolis, a place in Asia Minor","strongs_number":"g2404"},"g2405":{"pronunciation":"hee-er-at-i'-ah","unicode":"ἱερατεία","translit":"hierateía","definition":"[ἱερατεία] from {{g2407}}; priestliness, i.e. the sacerdotal function","strongs_number":"g2405"},"g2406":{"pronunciation":"hee-er-at'-yoo-mah","unicode":"ἱεράτευμα","translit":"hieráteuma","definition":"[ἱεράτευμα] from {{g2407}}; the priestly fraternity, i.e. sacerdotal order (figuratively)","strongs_number":"g2406"},"g2407":{"pronunciation":"hee-er-at-yoo'-o","unicode":"ἱερατεύω","translit":"hierateúō","definition":"[ἱερατεύω] prolongation from {{g2409}}; to be a priest, i.e. perform his functions","strongs_number":"g2407"},"g2408":{"pronunciation":"hee-er-em-ee'-as","unicode":"Ἱερεμίας","translit":"Hieremías","definition":"[Ἱερεμίας] of Hebrew origin ({{h3414}}); Hieremias (i.e. Jermijah), an Israelite","strongs_number":"g2408"},"g2409":{"pronunciation":"hee-er-yooce'","unicode":"ἱερεύς","translit":"hiereús","definition":"[ἱερεύς] from {{g2413}}; a priest (literally or figuratively)","strongs_number":"g2409"},"g2410":{"pronunciation":"hee-er-ee-kho'","unicode":"Ἱεριχώ","translit":"Hierichṓ","definition":"[Ἱεριχώ] of Hebrew origin ({{h3405}}); Jericho, a place in Palestine","strongs_number":"g2410"},"g2411":{"pronunciation":"hee-er-on'","unicode":"ἱερόν","translit":"hierón","definition":"[ἱερόν] neuter of {{g2413}}; a sacred place, i.e. the entire precincts (whereas {{g3485}} denotes the central sanctuary itself) of the Temple (at Jerusalem or elsewhere)","strongs_number":"g2411"},"g2412":{"pronunciation":"hee-er-op-rep-ace'","unicode":"ἱεροπρεπής","translit":"hieroprepḗs","definition":"[ἱεροπρεπής] from {{g2413}} and the same as {{g4241}}; reverent","strongs_number":"g2412"},"g2413":{"pronunciation":"hee-er-os'","unicode":"ἱερός","translit":"hierós","definition":"[ἱερός] of uncertain affinity; sacred","strongs_number":"g2413"},"g2414":{"pronunciation":"hee-er-os-ol'-oo-mah","unicode":"Ἱεροσόλυμα","translit":"Hierosólyma","definition":"[Ἱεροσόλυμα] of Hebrew origin ({{h3389}}); Hierosolyma (i.e. Jerushalaim), the capitol of Palestine Compare {{g2419}}.","strongs_number":"g2414"},"g2415":{"pronunciation":"hee-er-os-ol-oo-mee'-tace","unicode":"Ἱεροσολυμίτης","translit":"Hierosolymítēs","definition":"[Ἱεροσολυμίτης] from {{g2414}}; a Hierosolymite, i.e. inhabitant of Hierosolyma","strongs_number":"g2415"},"g2416":{"pronunciation":"hee-er-os-ool-eh'-o","unicode":"ἱεροσυλέω","translit":"hierosyléō","definition":"[ἱεροσυλέω] from {{g2417}}; to be a temple-robber (figuratively)","strongs_number":"g2416"},"g2417":{"pronunciation":"hee-er-os'-oo-los","unicode":"ἱερόσυλος","translit":"hierósylos","definition":"[ἱερόσυλος] from {{g2411}} and {{g4813}}; a temple-despoiler","strongs_number":"g2417"},"g2418":{"pronunciation":"hee-er-oorg-eh'-o","unicode":"ἱερουργέω","translit":"hierourgéō","definition":"[ἱερουργέω] from a compound of {{g2411}} and the base of {{g2041}}; to be a temple-worker, i.e. officiate as a priest (figuratively)","strongs_number":"g2418"},"g2419":{"pronunciation":"hee-er-oo-sal-ame'","unicode":"Ἱερουσαλήμ","translit":"Hierousalḗm","definition":"[Ἱερουσαλήμ] of Hebrew origin ({{h3389}}); Hierusalem (i.e. Jerushalem), the capitol of Palestine Compare {{g2414}}.","strongs_number":"g2419"},"g2420":{"pronunciation":"hee-er-o-soo'-nay","unicode":"ἱερωσύνη","translit":"hierōsýnē","definition":"[ἱερωσύνη] from {{g2413}}; sacredness, i.e. (by implication) the priestly office","strongs_number":"g2420"},"g2421":{"pronunciation":"es-es-sah'-ee","unicode":"Ἰεσσαί","translit":"Iessaí","definition":"[Ἰεσσαί] of Hebrew origin ({{h3448}}); Jessæ (i.e. Jishai), an Israelite","strongs_number":"g2421"},"g2422":{"pronunciation":"ee-ef-thah'-eh","unicode":"Ἰεφθάε","translit":"Iephtháe","definition":"[Ἰεφθάε] of Hebrew origin ({{h3316}}); Jephthaë (i.e. Jiphtach), an Israelite","strongs_number":"g2422"},"g2423":{"pronunciation":"ee-ekh-on-ee'-as","unicode":"Ἰεχονίας","translit":"Iechonías","definition":"[Ἰεχονίας] of Hebrew origin ({{h3204}}); Jechonias (i.e. Jekonjah), an Israelite","strongs_number":"g2423"},"g2424":{"pronunciation":"ee-ay-sooce'","unicode":"Ἰησοῦς","translit":"Iēsoûs","definition":"[Ἰησοῦς] of Hebrew origin ({{h3091}}); Jesus (i.e. Jehoshua), the name of our Lord and two (three) other Israelites","strongs_number":"g2424"},"g2425":{"pronunciation":"hik-an-os'","unicode":"ἱκανός","translit":"hikanós","definition":"[ἱκανός] from ἵκω (ἱκάνω or ἱκνέομαι, akin to {{g2240}}) (to arrive); competent (as if coming in season), i.e. ample (in amount) or fit (in character)","strongs_number":"g2425"},"g2426":{"pronunciation":"hik-an-ot'-ace","unicode":"ἱκανότης","translit":"hikanótēs","definition":"[ἱκανότης] from {{g2425}}; ability","strongs_number":"g2426"},"g2427":{"pronunciation":"hik-an-o'-o","unicode":"ἱκανόω","translit":"hikanóō","definition":"[ἱκανόω] from {{g2425}}; to enable, i.e. qualify","strongs_number":"g2427"},"g2428":{"pronunciation":"hik-et-ay-ree'-ah","unicode":"ἱκετηρία","translit":"hiketēría","definition":"[ἱκετηρία] from a derivative of the base of {{g2425}} (through the idea of approaching for a favor); intreaty","strongs_number":"g2428"},"g2429":{"pronunciation":"hik-mas'","unicode":"ἱκμάς","translit":"hikmás","definition":"[ἱκμάς] of uncertain affinity; dampness","strongs_number":"g2429"},"g2430":{"pronunciation":"ee-kon'-ee-on","unicode":"Ἰκόνιον","translit":"Ikónion","definition":"[Ἰκόνιον] perhaps from {{g1504}}; image-like; Iconium, a place in Asia Minor","strongs_number":"g2430"},"g2431":{"pronunciation":"hil-ar-os'","unicode":"ἱλαρός","translit":"hilarós","definition":"[ἱλαρός] from the same as {{g2436}}; propitious or merry (\"hilarious\"), i.e. prompt or willing","strongs_number":"g2431"},"g2432":{"pronunciation":"hil-ar-ot'-ace","unicode":"ἱλαρότης","translit":"hilarótēs","definition":"[ἱλαρότης] from {{g2431}}; alacrity","strongs_number":"g2432"},"g2433":{"pronunciation":"hil-as'-kom-ahee","unicode":"ἱλάσκομαι","translit":"hiláskomai","definition":"[ἱλάσκομαι] middle voice from the same as {{g2436}}; to conciliate, i.e. (transitively) to atone for (sin), or (intransitively) be propitious","strongs_number":"g2433"},"g2434":{"pronunciation":"hil-as-mos'","unicode":"ἱλασμός","translit":"hilasmós","definition":"[ἱλασμός] atonement, i.e. (concretely) an expiator","strongs_number":"g2434"},"g2435":{"pronunciation":"hil-as-tay'-ree-on","unicode":"ἱλαστήριον","translit":"hilastḗrion","definition":"[ἱλαστήριον] neuter of a derivative of {{g2433}}; an expiatory (place or thing), i.e. (concretely) an atoning victim, or (specially) the lid of the Ark (in the Temple)","strongs_number":"g2435"},"g2436":{"pronunciation":"hil'-eh-oce","unicode":"ἵλεως","translit":"híleōs","definition":"[ἵλεως] perhaps from the alternate form of {{g138}}; cheerful (as attractive), i.e. propitious; adverbially (by Hebraism) God be gracious!, i.e. (in averting some calamity) far be it","strongs_number":"g2436"},"g2437":{"pronunciation":"il-loo-ree-kon'","unicode":"Ἰλλυρικόν","translit":"Illyrikón","definition":"[Ἰλλυρικόν] neuter of an adjective from a name of uncertain derivation; (the) Illyrican (shore), i.e. (as a name itself) Illyricum, a region of Europe","strongs_number":"g2437"},"g2438":{"pronunciation":"hee-mas'","unicode":"ἱμάς","translit":"himás","definition":"[ἱμάς] perhaps from the same as {{g260}}; a strap, i.e. (specially) the tie (of a sandal) or the lash (of a scourge)","strongs_number":"g2438"},"g2439":{"pronunciation":"him-at-id'-zo","unicode":"ἱματίζω","translit":"himatízō","definition":"[ἱματίζω] from {{g2440}}; to dress","strongs_number":"g2439"},"g2440":{"pronunciation":"him-at'-ee-on","unicode":"ἱμάτιον","translit":"himátion","definition":"[ἱμάτιον] neuter of a presumed derivative of ennumi (to put on); a dress (inner or outer)","strongs_number":"g2440"},"g2441":{"pronunciation":"him-at-is-mos'","unicode":"ἱματισμός","translit":"himatismós","definition":"[ἱματισμός] from {{g2439}}; clothing","strongs_number":"g2441"},"g2442":{"pronunciation":"him-i'-rom-ahee","unicode":"ἱμείρομαι","translit":"himeíromai","definition":"[ἱμείρομαι] middle voice from ἵμερος (a yearning; of uncertain affinity); to long for","strongs_number":"g2442"},"g2443":{"pronunciation":"hin'-ah","unicode":"ἵνα","translit":"hína","definition":"[ἵνα] probably from the same as the former part of {{g1438}} (through the demonstrative idea; compare {{g3588}}); in order that (denoting the purpose or the result) Compare {{g3363}}.","strongs_number":"g2443"},"g2444":{"pronunciation":"hin-at-ee'","unicode":"ἱνατί","translit":"hinatí","definition":"[ἱνατί] from {{g2443}} and {{g5101}}; for what reason ?, i.e. why?","strongs_number":"g2444"},"g2445":{"pronunciation":"ee-op'-pay","unicode":"Ἰόππη","translit":"Ióppē","definition":"[Ἰόππη] of Hebrew origin ({{h3305}}); Joppe (i.e. Japho), a place in Palestine","strongs_number":"g2445"},"g2446":{"pronunciation":"ee-or-dan'-ace","unicode":"Ἰορδάνης","translit":"Iordánēs","definition":"[Ἰορδάνης] of Hebrew origin ({{h3383}}); the Jordanes (i.e. Jarden), a river of Palestine","strongs_number":"g2446"},"g2447":{"pronunciation":"ee-os'","unicode":"ἰός","translit":"iós","definition":"[ἰός] perhaps from εἶμι (to go) or ἵημι (to send); rust (as if emitted by metals); also venom (as emitted by serpents)","strongs_number":"g2447"},"g2448":{"pronunciation":"ee-oo-dah'","unicode":"Ἰουδά","translit":"Ioudá","definition":"[Ἰουδά] of Hebrew origin ({{h3063}} or perhaps {{h3194}}); Judah (i.e. Jehudah or Juttah), a part of (or place in) Palestine","strongs_number":"g2448"},"g2449":{"pronunciation":"ee-oo-dah'-yah","unicode":"Ἰουδαία","translit":"Ioudaía","definition":"[Ἰουδαία] feminine of {{g2453}} (with {{g1093}} implied); the Judæan land (i.e. Judæa), a region of Palestine","strongs_number":"g2449"},"g2450":{"pronunciation":"ee-oo-dah-id'-zo","unicode":"Ἰουδαΐζω","translit":"Ioudaḯzō","definition":"[Ἰουδαΐζω] from {{g2453}}; to become a Judæan, i.e. \"Judaize\"","strongs_number":"g2450"},"g2451":{"pronunciation":"ee-oo-dah-ee-kos'","unicode":"Ἰουδαϊκός","translit":"Ioudaïkós","definition":"[Ἰουδαϊκός] from {{g2453}}; Judaïc, i.e. resembling a Judæan","strongs_number":"g2451"},"g2452":{"pronunciation":"ee-oo-dah-ee-koce'","unicode":"Ἰουδαϊκῶς","translit":"Ioudaïkōs","definition":"[Ἰουδαϊκῶς] adverb from {{g2451}}; Judaïcally or in a manner resembling a Judæan","strongs_number":"g2452"},"g2453":{"pronunciation":"ee-oo-dah'-yos","unicode":"Ἰουδαῖος","translit":"Ioudaîos","definition":"[Ἰουδαῖος] from {{g2448}} (in the sense of {{g2455}} as a country); Judæan, i.e. belonging to Jehudah","strongs_number":"g2453"},"g2454":{"pronunciation":"ee-oo-dah-is-mos'","unicode":"Ἰουδαϊσμός","translit":"Ioudaïsmós","definition":"[Ἰουδαϊσμός] from {{g2450}}; \"Judaism\", i.e. the Jewish faith and usages","strongs_number":"g2454"},"g2455":{"pronunciation":"ee-oo-das'","unicode":"Ἰούδας","translit":"Ioúdas","definition":"[Ἰούδας] of Hebrew origin ({{h3063}}); Judas (i.e. Jehudah), the name of ten Israelites; also of the posterity of one of them and its region","strongs_number":"g2455"},"g2456":{"pronunciation":"ee-oo-lee'-ah","unicode":"Ἰουλία","translit":"Ioulía","definition":"[Ἰουλία] feminine of the same as {{g2457}}; Julia, a Christian woman","strongs_number":"g2456"},"g2457":{"pronunciation":"ee-oo'-lee-os","unicode":"Ἰούλιος","translit":"Ioúlios","definition":"[Ἰούλιος] of Latin origin; Julius, a centurion","strongs_number":"g2457"},"g2458":{"pronunciation":"ee-oo-nee'-as","unicode":"Ἰουνιᾶς","translit":"Iouniâs","definition":"[Ἰουνιᾶς] of Latin origin; Junias, a Christian","strongs_number":"g2458"},"g2459":{"pronunciation":"ee-ooce'-tos","unicode":"Ἰοῦστος","translit":"Ioûstos","definition":"[Ἰοῦστος] of Latin origin (\"just\"); Justus, the name of three Christian","strongs_number":"g2459"},"g2460":{"pronunciation":"hip-yooce'","unicode":"ἱππεύς","translit":"hippeús","definition":"[ἱππεύς] from {{g2462}}; an equestrian, i.e. member of a cavalry corps","strongs_number":"g2460"},"g2461":{"pronunciation":"hip-pee-kon'","unicode":"ἱππικόν","translit":"hippikón","definition":"[ἱππικόν] neuter of a derivative of {{g2462}}; the cavalry force","strongs_number":"g2461"},"g2462":{"pronunciation":"hip'-pos","unicode":"ἵππος","translit":"híppos","definition":"[ἵππος] of uncertain affinity; a horse","strongs_number":"g2462"},"g2463":{"pronunciation":"ee'-ris","unicode":"ἶρις","translit":"îris","definition":"[ἶρις] perhaps from {{g2046}} (as a symbol of the female messenger of the pagan deities); a rainbow (\"iris\")","strongs_number":"g2463"},"g2464":{"pronunciation":"ee-sah-ak'","unicode":"Ἰσαάκ","translit":"Isaák","definition":"[Ἰσαάκ] of Hebrew origin ({{h3327}}); Isaac (i.e. Jitschak), the son of Abraham","strongs_number":"g2464"},"g2465":{"pronunciation":"ee-sang'-el-los","unicode":"ἰσάγγελος","translit":"isángelos","definition":"[ἰσάγγελος] from {{g2470}} and {{g32}}; like an angel, i.e. angelic","strongs_number":"g2465"},"g2466":{"pronunciation":"ee-sakh-ar'","unicode":"Ἰσαχάρ","translit":"Isachár","definition":"[Ἰσαχάρ] of Hebrew origin ({{h3485}}); Isachar (i.e. Jissaskar), a son of Jacob (figuratively, his descendant)","strongs_number":"g2466"},"g2467":{"pronunciation":"is'-ay-mee","unicode":"ἴσημι","translit":"ísēmi","definition":"[ἴσημι] assumed by some as the base of certain irregular forms of {{g1492}}; to know","strongs_number":"g2467"},"g2468":{"pronunciation":"is'-thee","unicode":"ἴσθι","translit":"ísthi","definition":"[ἴσθι] second person imperative present of {{g1510}}; be thou","strongs_number":"g2468"},"g2469":{"pronunciation":"is-kar-ee-o'-tace","unicode":"Ἰσκαριώτης","translit":"Iskariṓtēs","definition":"[Ἰσκαριώτης] of Hebrew origin (probably {{h377}} and {{h7149}}); inhabitant of Kerioth; Iscariotes (i.e. Keriothite), an epithet of Judas the traitor","strongs_number":"g2469"},"g2470":{"pronunciation":"ee'-sos","unicode":"ἴσος","translit":"ísos","definition":"[ἴσος] probably from {{g1492}} (through the idea of seeming); similar (in amount and kind)","strongs_number":"g2470"},"g2471":{"pronunciation":"ee-sot'-ace","unicode":"ἰσότης","translit":"isótēs","definition":"[ἰσότης] likeness (in condition or proportion); by implication, equity","strongs_number":"g2471"},"g2472":{"pronunciation":"ee-sot'-ee-mos","unicode":"ἰσότιμος","translit":"isótimos","definition":"[ἰσότιμος] from {{g2470}} and {{g5092}}; of equal value or honor","strongs_number":"g2472"},"g2473":{"pronunciation":"ee-sop'-soo-khos","unicode":"ἰσόψυχος","translit":"isópsychos","definition":"[ἰσόψυχος] from {{g2470}} and {{g5590}}; of similar spirit","strongs_number":"g2473"},"g2474":{"pronunciation":"is-rah-ale'","unicode":"Ἰσραήλ","translit":"Israḗl","definition":"[Ἰσραήλ] of Hebrew origin ({{h3478}}); Israel (i.e. Jisrael), the adopted name of Jacob, including his descendants (literally or figuratively)","strongs_number":"g2474"},"g2475":{"pronunciation":"is-rah-ale-ee'-tace","unicode":"Ἰσραηλίτης","translit":"Israēlítēs","definition":"[Ἰσραηλίτης] from {{g2474}}; an \"Israelite\", i.e. descendant of Israel (literally or figuratively)","strongs_number":"g2475"},"g2476":{"pronunciation":"his'-tay-mee","unicode":"ἵστημι","translit":"hístēmi","definition":"[ἵστημι] a prolonged form of a primary στάω (of the same meaning, and used for it in certain tenses); to stand (transitively or intransitively), used in various applications (literally or figuratively) Compare {{g5087}}.","strongs_number":"g2476"},"g2477":{"pronunciation":"his-tor-eh'-o","unicode":"ἱστορέω","translit":"historéō","definition":"[ἱστορέω] from a derivative of {{g1492}}; to be knowing (learned), i.e. (by implication) to visit for information (interview)","strongs_number":"g2477"},"g2478":{"pronunciation":"is-khoo-ros'","unicode":"ἰσχυρός","translit":"ischyrós","definition":"[ἰσχυρός] from {{g2479}}; forcible (literally or figuratively)","strongs_number":"g2478"},"g2479":{"pronunciation":"is-khoos'","unicode":"ἰσχύς","translit":"ischýs","definition":"[ἰσχύς] from a derivative of ἰς (force; compare ἔσχον, a form of {{g2192}}); forcefulness (literally or figuratively)","strongs_number":"g2479"},"g2480":{"pronunciation":"is-khoo'-o","unicode":"ἰσχύω","translit":"ischýō","definition":"[ἰσχύω] from {{g2479}}; to have (or exercise) force (literally or figuratively)","strongs_number":"g2480"},"g2481":{"pronunciation":"ee'-soce","unicode":"ἴσως","translit":"ísōs","definition":"[ἴσως] adverb from {{g2470}}; likely, i.e. perhaps","strongs_number":"g2481"},"g2482":{"pronunciation":"ee-tal-ee'-ah","unicode":"Ἰταλία","translit":"Italía","definition":"[Ἰταλία] probably of foreign origin; Italia, a region of Europe","strongs_number":"g2482"},"g2483":{"pronunciation":"ee-tal-ee-kos'","unicode":"Ἰταλικός","translit":"Italikós","definition":"[Ἰταλικός] from {{g2482}}; Italic, i.e. belonging to Italia","strongs_number":"g2483"},"g2484":{"pronunciation":"ee-too-rah'-yah","unicode":"Ἰτουραΐα","translit":"Itouraḯa","definition":"[Ἰτουραΐα] of Hebrew origin ({{h3195}}); Ituræa (i.e. Jetur), a region of Palestine","strongs_number":"g2484"},"g2485":{"pronunciation":"ikh-thoo'-dee-on","unicode":"ἰχθύδιον","translit":"ichthýdion","definition":"[ἰχθύδιον] diminutive from {{g2486}}; a petty fish","strongs_number":"g2485"},"g2486":{"pronunciation":"ikh-thoos'","unicode":"ἰχθύς","translit":"ichthýs","definition":"[ἰχθύς] of uncertain affinity; a fish","strongs_number":"g2486"},"g2487":{"pronunciation":"ikh'-nos","unicode":"ἴχνος","translit":"íchnos","definition":"[ἴχνος] from ἰκνέομαι (to arrive; compare {{g2240}}); a track (figuratively)","strongs_number":"g2487"},"g2488":{"pronunciation":"ee-o-ath'-am","unicode":"Ἰωάθαμ","translit":"Iōátham","definition":"[Ἰωάθαμ] of Hebrew origin ({{h3147}}); Joatham (i.e. Jotham), an Israelite","strongs_number":"g2488"},"g2489":{"pronunciation":"ee-o-an'-nah","unicode":"Ἰωάννα","translit":"Iōánna","definition":"[Ἰωάννα] feminine of the same as {{g2491}}; Joanna, a Christian","strongs_number":"g2489"},"g2490":{"pronunciation":"ee-o-an-nas'","unicode":"Ἰωαννᾶς","translit":"Iōannâs","definition":"[Ἰωαννᾶς] a form of {{g2491}}; Joannas, an Israelite","strongs_number":"g2490"},"g2491":{"pronunciation":"ee-o-an'-nace","unicode":"Ἰωάννης","translit":"Iōánnēs","definition":"[Ἰωάννης] of Hebrew origin ({{h3110}}); Joannes (i.e. Jochanan), the name of four Israelites","strongs_number":"g2491"},"g2492":{"pronunciation":"ee-obe'","unicode":"Ἰώβ","translit":"Iṓb","definition":"[Ἰώβ] of Hebrew origin ({{h347}}); Job (i.e. Ijob), a patriarch","strongs_number":"g2492"},"g2493":{"pronunciation":"ee-o-ale'","unicode":"Ἰωήλ","translit":"Iōḗl","definition":"[Ἰωήλ] of Hebrew origin ({{h3100}}); Joel, an Israelite","strongs_number":"g2493"},"g2494":{"pronunciation":"ee-o-nan'","unicode":"Ἰωνάν","translit":"Iōnán","definition":"[Ἰωνάν] probably for {{g2491}} or {{g2495}}; Jonan, an Israelite","strongs_number":"g2494"},"g2495":{"pronunciation":"ee-o-nas'","unicode":"Ἰωνᾶς","translit":"Iōnâs","definition":"[Ἰωνᾶς] of Hebrew origin ({{h3124}}); Jonas (i.e. Jonah), the name of two Israelites","strongs_number":"g2495"},"g2496":{"pronunciation":"ee-o-ram'","unicode":"Ἰωράμ","translit":"Iōrám","definition":"[Ἰωράμ] of Hebrew origin ({{h3141}}); Joram, an Israelite","strongs_number":"g2496"},"g2497":{"pronunciation":"ee-o-rime'","unicode":"Ἰωρείμ","translit":"Iōreím","definition":"[Ἰωρείμ] perhaps for {{g2496}}; Jorim, an Israelite","strongs_number":"g2497"},"g2498":{"pronunciation":"ee-o-saf-at'","unicode":"Ἰωσαφάτ","translit":"Iōsaphát","definition":"[Ἰωσαφάτ] of Hebrew origin ({{h3092}}); Josaphat (i.e. Jehoshaphat), an Israelite","strongs_number":"g2498"},"g2499":{"pronunciation":"ee-o-say'","unicode":"Ἰωσή","translit":"Iōsḗ","definition":"[Ἰωσή] genitive case of {{g2500}}; Jose, an Israelite","strongs_number":"g2499"},"g2500":{"pronunciation":"ee-o-sace'","unicode":"Ἰωσῆς","translit":"Iōsēs","definition":"[Ἰωσῆς] perhaps for {{g2501}}; Joses, the name of two Israelites Compare {{g2499}}.","strongs_number":"g2500"}}