{"g2801":{"pronunciation":"klas'-mah","unicode":"κλάσμα","translit":"klásma","definition":"[κλάσμα] from {{g2806}}; a piece (bit)","strongs_number":"g2801"},"g2802":{"pronunciation":"klow'-day","unicode":"Κλαύδη","translit":"Klaúdē","definition":"[Κλαύδη] of uncertain derivation; Claude, an island near Crete","strongs_number":"g2802"},"g2803":{"pronunciation":"klow-dee'-ah","unicode":"Κλαυδία","translit":"Klaudía","definition":"[Κλαυδία] feminine of {{g2804}}; Claudia, a Christian woman","strongs_number":"g2803"},"g2804":{"pronunciation":"klow'-dee-os","unicode":"Κλαύδιος","translit":"Klaúdios","definition":"[Κλαύδιος] of Latin origin; Claudius, the name of two Romans","strongs_number":"g2804"},"g2805":{"pronunciation":"klowth-mos'","unicode":"κλαυθμός","translit":"klauthmós","definition":"[κλαυθμός] from {{g2799}}; lamentation","strongs_number":"g2805"},"g2806":{"pronunciation":"klah'-o","unicode":"κλάω","translit":"kláō","definition":"[κλάω] a primary verb; to break (specially, of bread)","strongs_number":"g2806"},"g2807":{"pronunciation":"klice","unicode":"κλείς","translit":"kleís","definition":"[κλείς] from {{g2808}}; a key (as shutting a lock), literally or figuratively","strongs_number":"g2807"},"g2808":{"pronunciation":"kli'-o","unicode":"κλείω","translit":"kleíō","definition":"[κλείω] a primary verb; to close (literally or figuratively)","strongs_number":"g2808"},"g2809":{"pronunciation":"klem'-mah","unicode":"κλέμμα","translit":"klémma","definition":"[κλέμμα] from {{g2813}}; stealing (properly, the thing stolen, but used of the act)","strongs_number":"g2809"},"g2810":{"pronunciation":"kleh-op'-as","unicode":"Κλεόπας","translit":"Kleópas","definition":"[Κλεόπας] probably contracted from Κλεόπατρος (compound of {{g2811}} and {{g3962}}); Cleopas, a Christian","strongs_number":"g2810"},"g2811":{"pronunciation":"kleh'-os","unicode":"κλέος","translit":"kléos","definition":"[κλέος] from a shorter form of {{g2564}}; renown (as if being called)","strongs_number":"g2811"},"g2812":{"pronunciation":"klep'-tace","unicode":"κλέπτης","translit":"kléptēs","definition":"[κλέπτης] from {{g2813}}; a stealer (literally or figuratively) Compare {{g3027}}.","strongs_number":"g2812"},"g2813":{"pronunciation":"klep'-to","unicode":"κλέπτω","translit":"kléptō","definition":"[κλέπτω] a primary verb; to filch","strongs_number":"g2813"},"g2814":{"pronunciation":"kaly'-mah","unicode":"κλῆμα","translit":"klēma","definition":"[κλῆμα] from {{g2806}}; a limb or shoot (as if broken off)","strongs_number":"g2814"},"g2815":{"pronunciation":"klay'-mace","unicode":"Κλήμης","translit":"Klḗmēs","definition":"[Κλήμης] of Latin origin; merciful; Clemes (i.e. Clemens), a Christian","strongs_number":"g2815"},"g2816":{"pronunciation":"klay-ron-om-eh'-o","unicode":"κληρονομέω","translit":"klēronoméō","definition":"[κληρονομέω] from {{g2818}}; to be an heir to (literally or figuratively)","strongs_number":"g2816"},"g2817":{"pronunciation":"klay-ron-om-ee'-ah","unicode":"κληρονομία","translit":"klēronomía","definition":"[κληρονομία] from {{g2818}}; heirship, i.e. (concretely) a patrimony or (genitive case) a possession","strongs_number":"g2817"},"g2818":{"pronunciation":"klay-ron-om'-os","unicode":"κληρονόμος","translit":"klēronómos","definition":"[κληρονόμος] from {{g2819}} and the base of {{g3551}} (in its original sense of partitioning, i.e. (reflexively) getting by apportionment); a sharer by lot, i.e. inheritor (literally or figuratively); by implication, a possessor","strongs_number":"g2818"},"g2819":{"pronunciation":"klay'-ros","unicode":"κλῆρος","translit":"klēros","definition":"[κλῆρος] probably from {{g2806}} (through the idea of using bits of wood, etc., for the purpose; a die (for drawing chances); by implication, a portion (as if so secured); by extension, an acquisition (especially a patrimony, figuratively)","strongs_number":"g2819"},"g2820":{"pronunciation":"klay-ro'-o","unicode":"κληρόω","translit":"klēróō","definition":"[κληρόω] from {{g2819}}; to allot, i.e. (figuratively) to assign (a privilege)","strongs_number":"g2820"},"g2821":{"pronunciation":"klay'-sis","unicode":"κλῆσις","translit":"klēsis","definition":"[κλῆσις] from a shorter form of {{g2564}}; an invitation (figuratively)","strongs_number":"g2821"},"g2822":{"pronunciation":"klay-tos'","unicode":"κλητός","translit":"klētós","definition":"[κλητός] from the same as {{g2821}}; invited, i.e. appointed, or (specially), a saint","strongs_number":"g2822"},"g2823":{"pronunciation":"klib'-an-os","unicode":"κλίβανος","translit":"klíbanos","definition":"[κλίβανος] of uncertain derivation; an earthen pot used for baking in","strongs_number":"g2823"},"g2824":{"pronunciation":"klee'-mah","unicode":"κλίμα","translit":"klíma","definition":"[κλίμα] from {{g2827}}; a slope, i.e. (specially) a \"clime\" or tract of country","strongs_number":"g2824"},"g2825":{"pronunciation":"klee'-nay","unicode":"κλίνη","translit":"klínē","definition":"[κλίνη] from {{g2827}}; a couch (for sleep, sickness, sitting or eating)","strongs_number":"g2825"},"g2826":{"pronunciation":"klin-id'-ee-on","unicode":"κλινίδιον","translit":"klinídion","definition":"[κλινίδιον] neuter of a presumed derivative of {{g2825}}; a pallet or little couch","strongs_number":"g2826"},"g2827":{"pronunciation":"klee'-no","unicode":"κλίνω","translit":"klínō","definition":"[κλίνω] a primary verb; to slant or slope, i.e. incline or recline (literally or figuratively)","strongs_number":"g2827"},"g2828":{"pronunciation":"klee-see'-ah","unicode":"κλισία","translit":"klisía","definition":"[κλισία] from a derivative of {{g2827}}; properly, reclination, i.e. (concretely and specially), a party at a meal","strongs_number":"g2828"},"g2829":{"pronunciation":"klop-ay'","unicode":"κλοπή","translit":"klopḗ","definition":"[κλοπή] from {{g2813}}; stealing","strongs_number":"g2829"},"g2830":{"pronunciation":"kloo'-dohn","unicode":"κλύδων","translit":"klýdōn","definition":"[κλύδων] from κλύζω (to billow or dash over); a surge of the sea (literally or figuratively)","strongs_number":"g2830"},"g2831":{"pronunciation":"kloo-do-nid'-zom-ahee","unicode":"κλυδωνίζομαι","translit":"klydōnízomai","definition":"[κλυδωνίζομαι] middle voice from {{g2830}}; to surge, i.e. (figuratively) to fluctuate","strongs_number":"g2831"},"g2832":{"pronunciation":"klo-pas'","unicode":"Κλωπᾶς","translit":"Klōpâs","definition":"[Κλωπᾶς] of Chaldee origin (corresponding to {{h256}}); Clopas, an Israelite","strongs_number":"g2832"},"g2833":{"pronunciation":"knay'-tho","unicode":"κνήθω","translit":"knḗthō","definition":"[κνήθω] from a primary κνάω (to scrape); to scratch, i.e. (by implication) to tickle","strongs_number":"g2833"},"g2834":{"pronunciation":"knee'-dos","unicode":"Κνίδος","translit":"Knídos","definition":"[Κνίδος] probably of foreign origin; Cnidus, a place in Asia Minor","strongs_number":"g2834"},"g2835":{"pronunciation":"kod-ran'-tace","unicode":"κοδράντης","translit":"kodrántēs","definition":"[κοδράντης] of Latin origin; a quadrans, i.e. the fourth part of an as","strongs_number":"g2835"},"g2836":{"pronunciation":"koy-lee'-ah","unicode":"κοιλία","translit":"koilía","definition":"[κοιλία] from κοῖλος (\"hollow\"); a cavity, i.e. (especially) the abdomen; by implication, the matrix; figuratively, the heart","strongs_number":"g2836"},"g2837":{"pronunciation":"koy-mah'-o","unicode":"κοιμάω","translit":"koimáō","definition":"[κοιμάω] from {{g2749}}; to put to sleep, i.e. (passively or reflexively) to slumber; figuratively, to decease","strongs_number":"g2837"},"g2838":{"pronunciation":"koy'-may-sis","unicode":"κοίμησις","translit":"koímēsis","definition":"[κοίμησις] from {{g2837}}; sleeping, i.e. (by implication) repose","strongs_number":"g2838"},"g2839":{"pronunciation":"koy-nos'","unicode":"κοινός","translit":"koinós","definition":"[κοινός] probably from {{g4862}}; common, i.e. (literally) shared by all or several, or (ceremonially) profane","strongs_number":"g2839"},"g2840":{"pronunciation":"koy-no'-o","unicode":"κοινόω","translit":"koinóō","definition":"[κοινόω] from {{g2839}}; to make (or consider) profane (ceremonially)","strongs_number":"g2840"},"g2841":{"pronunciation":"koy-no-neh'-o","unicode":"κοινωνέω","translit":"koinōnéō","definition":"[κοινωνέω] from {{g2844}}; to share with others (objectively or subjectively)","strongs_number":"g2841"},"g2842":{"pronunciation":"koy-nohn-ee'-ah","unicode":"κοινωνία","translit":"koinōnía","definition":"[κοινωνία] from {{g2844}}; partnership, i.e. (literally) participation, or (social) intercourse, or (pecuniary) benefaction","strongs_number":"g2842"},"g2843":{"pronunciation":"koy-no-nee-kos'","unicode":"κοινωνικός","translit":"koinōnikós","definition":"[κοινωνικός] from {{g2844}}; communicative, i.e. (pecuniarily) liberal","strongs_number":"g2843"},"g2844":{"pronunciation":"koy-no-nos'","unicode":"κοινωνός","translit":"koinōnós","definition":"[κοινωνός] from {{g2839}}; a sharer, i.e. associate","strongs_number":"g2844"},"g2845":{"pronunciation":"koy'-tay","unicode":"κοίτη","translit":"koítē","definition":"[κοίτη] from {{g2749}}; a couch; by extension, cohabitation; by implication, the male sperm","strongs_number":"g2845"},"g2846":{"pronunciation":"koy-tone'","unicode":"κοιτών","translit":"koitṓn","definition":"[κοιτών] from {{g2845}}; a bedroom","strongs_number":"g2846"},"g2847":{"pronunciation":"kok'-kee-nos","unicode":"κόκκινος","translit":"kókkinos","definition":"[κόκκινος] from {{g2848}} (from the kernel-shape of the insect); crimson-colored","strongs_number":"g2847"},"g2848":{"pronunciation":"kok'-kos","unicode":"κόκκος","translit":"kókkos","definition":"[κόκκος] apparently a primary word; a kernel of seed","strongs_number":"g2848"},"g2849":{"pronunciation":"kol-ad'-zo","unicode":"κολάζω","translit":"kolázō","definition":"[κολάζω] from κόλος (dwarf); properly, to curtail, i.e. (figuratively) to chastise (or reserve for infliction)","strongs_number":"g2849"},"g2850":{"pronunciation":"kol-ak-i'-ah","unicode":"κολακεία","translit":"kolakeía","definition":"[κολακεία] from a derivative of κόλαξ (a fawner); flattery","strongs_number":"g2850"},"g2851":{"pronunciation":"kol'-as-is","unicode":"κόλασις","translit":"kólasis","definition":"[κόλασις] from {{g2849}}; penal infliction","strongs_number":"g2851"},"g2852":{"pronunciation":"kol-af-id'-zo","unicode":"κολαφίζω","translit":"kolaphízō","definition":"[κολαφίζω] from a derivative of the base of {{g2849}}; to rap with the fist","strongs_number":"g2852"},"g2853":{"pronunciation":"kol-lah'-o","unicode":"κολλάω","translit":"kolláō","definition":"[κολλάω] from κόλλα (\"glue\"); to glue, i.e. (passively or reflexively) to stick (figuratively)","strongs_number":"g2853"},"g2854":{"pronunciation":"kol-loo'-ree-on","unicode":"κολλούριον","translit":"kolloúrion","definition":"[κολλούριον] neuter of a presumed derivative of κολλύρα (a cake; prob akin to the base of {{g2853}}); properly, a poultice (as made of or in the form of crackers), i.e. (by analogy) a plaster","strongs_number":"g2854"},"g2855":{"pronunciation":"kol-loo-bis-tace'","unicode":"κολλυβιστής","translit":"kollybistḗs","definition":"[κολλυβιστής] from a presumed derivative of κόλλυβος (a small coin; probably akin to {{g2854}}); a coin-dealer","strongs_number":"g2855"},"g2856":{"pronunciation":"kol-ob-o'-o","unicode":"κολοβόω","translit":"kolobóō","definition":"[κολοβόω] from a derivative of the base of {{g2849}}; to dock, i.e. (figuratively) abridge","strongs_number":"g2856"},"g2857":{"pronunciation":"kol-os-sah'-ee","unicode":"Κολοσσαί","translit":"Kolossaí","definition":"[Κολοσσαί] apparently feminine plural of kolossos (\"colossal\"); Colossæ, a place in Asia Minor","strongs_number":"g2857"},"g2858":{"pronunciation":"kol-os-sayoos'","unicode":"Κολοσσαεύς","translit":"Kolossaeús","definition":"[Κολοσσαεύς] from {{g2857}}; a Colossæan, (i.e. inhabitant of Colossæ","strongs_number":"g2858"},"g2859":{"pronunciation":"kol'-pos","unicode":"κόλπος","translit":"kólpos","definition":"[κόλπος] apparently a primary word; the bosom; by analogy, a bay","strongs_number":"g2859"},"g2860":{"pronunciation":"kol-oom-bah'-o","unicode":"κολυμβάω","translit":"kolymbáō","definition":"[κολυμβάω] from κόλυμβος (a diver); to plunge into water","strongs_number":"g2860"},"g2861":{"pronunciation":"kol-oom-bay'-thrah","unicode":"κολυμβήθρα","translit":"kolymbḗthra","definition":"[κολυμβήθρα] from {{g2860}}; a diving-place, i.e. pond for bathing (or swimming)","strongs_number":"g2861"},"g2862":{"pronunciation":"kol-o-nee'-ah","unicode":"κολωνία","translit":"kolōnía","definition":"[κολωνία] of Latin origin; a Roman \"colony\" for veterans","strongs_number":"g2862"},"g2863":{"pronunciation":"kom-ah'-o","unicode":"κομάω","translit":"komáō","definition":"[κομάω] from {{g2864}}; to wear tresses of hair","strongs_number":"g2863"},"g2864":{"pronunciation":"kom'-ay","unicode":"κόμη","translit":"kómē","definition":"[κόμη] apparently from the same as {{g2865}}; the hair of the head (locks, as ornamental, and thus differing from {{g2359}}; which properly denotes merely the scalp)","strongs_number":"g2864"},"g2865":{"pronunciation":"kom-id'-zo","unicode":"κομίζω","translit":"komízō","definition":"[κομίζω] from a primary κομέω (to tend, i.e. take care of); properly, to provide for, i.e. (by implication) to carry off (as if from harm; genitive case obtain)","strongs_number":"g2865"},"g2866":{"pronunciation":"komp-sot'-er-on","unicode":"κομψότερον","translit":"kompsóteron","definition":"[κομψότερον] neuter comparative of a derivative of the base of 2865 (meaning, properly, well dressed, i.e. nice); figuratively, convalescent","strongs_number":"g2866"},"g2867":{"pronunciation":"kon-ee-ah'-o","unicode":"κονιάω","translit":"koniáō","definition":"[κονιάω] from κονία (dust; by analogy, lime); to whitewash","strongs_number":"g2867"},"g2868":{"pronunciation":"kon-ee-or-tos'","unicode":"κονιορτός","translit":"koniortós","definition":"[κονιορτός] from the base of {{g2867}} and ornumi (to \"rouse\"); pulverulence (as blown about)","strongs_number":"g2868"},"g2869":{"pronunciation":"kop-ad'-zo","unicode":"κοπάζω","translit":"kopázō","definition":"[κοπάζω] from {{g2873}}; to tire, i.e. (figuratively) to relax","strongs_number":"g2869"},"g2870":{"pronunciation":"kop-et-os'","unicode":"κοπετός","translit":"kopetós","definition":"[κοπετός] from {{g2875}}; mourning (properly, by beating the breast)","strongs_number":"g2870"},"g2871":{"pronunciation":"kop-ay'","unicode":"κοπή","translit":"kopḗ","definition":"[κοπή] from {{g2875}}; cutting, i.e. carnage","strongs_number":"g2871"},"g2872":{"pronunciation":"kop-ee-ah'-o","unicode":"κοπιάω","translit":"kopiáō","definition":"[κοπιάω] from a derivative of {{g2873}}; to feel fatigue; by implication, to work hard","strongs_number":"g2872"},"g2873":{"pronunciation":"kop'-os","unicode":"κόπος","translit":"kópos","definition":"[κόπος] from {{g2875}}; a cut, i.e. (by analogy) toil (as reducing the strength), literally or figuratively; by implication, pains","strongs_number":"g2873"},"g2874":{"pronunciation":"kop-ree'-ah","unicode":"κοπρία","translit":"kopría","definition":"[κοπρία] from κόπρος (ordure; perhaps akin to {{g2875}}); manure","strongs_number":"g2874"},"g2875":{"pronunciation":"kop'-to","unicode":"κόπτω","translit":"kóptō","definition":"[κόπτω] a primary verb; to \"chop\"; specially, to beat the breast in grief Compare the base of {{g5114}}.","strongs_number":"g2875"},"g2876":{"pronunciation":"kor'-ax","unicode":"κόραξ","translit":"kórax","definition":"[κόραξ] perhaps from {{g2880}}; a crow (from its voracity)","strongs_number":"g2876"},"g2877":{"pronunciation":"kor-as'-ee-on","unicode":"κοράσιον","translit":"korásion","definition":"[κοράσιον] neuter of a presumed derivative of κόρη (a maiden); a (little) girl","strongs_number":"g2877"},"g2878":{"pronunciation":"kor-ban'","unicode":"κορβᾶν","translit":"korbân","definition":"[κορβᾶν]   and κορβανᾶςof Hebrew and Chaldee origin respectively ({{h7133}}); a votive offering and the offering; a consecrated present (to the Temple fund); by extension (the latter term) the Treasury itself, i.e. the room where the contribution boxes stood","strongs_number":"g2878"},"g2879":{"pronunciation":"kor-eh'","unicode":"Κορέ","translit":"Koré","definition":"[Κορέ] of Hebrew origin ({{h7141}}); Core (i.e. Korach), an Israelite","strongs_number":"g2879"},"g2880":{"pronunciation":"kor-en'-noo-mee","unicode":"κορέννυμι","translit":"korénnymi","definition":"[κορέννυμι] a primary verb; to cram, i.e. glut or sate","strongs_number":"g2880"},"g2881":{"pronunciation":"kor-in'-thee-os","unicode":"Κορίνθιος","translit":"Korínthios","definition":"[Κορίνθιος] from {{g2882}}; a Corinthian, i.e. inhabitant of Corinth","strongs_number":"g2881"},"g2882":{"pronunciation":"kor'-in-thos","unicode":"Κόρινθος","translit":"Kórinthos","definition":"[Κόρινθος] of uncertain derivation; Corinthus, a city of Greece","strongs_number":"g2882"},"g2883":{"pronunciation":"kor-nay'-lee-os","unicode":"Κορνήλιος","translit":"Kornḗlios","definition":"[Κορνήλιος] of Latin origin; Cornelius, a Roman","strongs_number":"g2883"},"g2884":{"pronunciation":"kor'-os","unicode":"κόρος","translit":"kóros","definition":"[κόρος] of Hebrew origin ({{h3734}}); a cor, i.e. a specific measure","strongs_number":"g2884"},"g2885":{"pronunciation":"kos-meh'-o","unicode":"κοσμέω","translit":"kosméō","definition":"[κοσμέω] from {{g2889}}; to put in proper order, i.e. decorate (literally or figuratively); specially, to snuff (a wick)","strongs_number":"g2885"},"g2886":{"pronunciation":"kos-mee-kos'","unicode":"κοσμικός","translit":"kosmikós","definition":"[κοσμικός] from {{g2889}} (in its secondary sense); terrene (\"cosmic\"), literally (mundane) or figuratively (corrupt)","strongs_number":"g2886"},"g2887":{"pronunciation":"kos'-mee-os","unicode":"κόσμιος","translit":"kósmios","definition":"[κόσμιος] from {{g2889}} (in its primary sense); orderly, i.e. decorous","strongs_number":"g2887"},"g2888":{"pronunciation":"kos-mok-fat'-ore","unicode":"κοσμοκράτωρ","translit":"kosmokrátōr","definition":"[κοσμοκράτωρ] from {{g2889}} and {{g2902}}; a world-ruler, an epithet of Satan","strongs_number":"g2888"},"g2889":{"pronunciation":"kos'-mos","unicode":"κόσμος","translit":"kósmos","definition":"[κόσμος] probably from the base of {{g2865}}; orderly arrangement, i.e. decoration; by implication, the world (in a wide or narrow sense, including its inhabitants, literally or figuratively (morally))","strongs_number":"g2889"},"g2890":{"pronunciation":"koo'-ar-tos","unicode":"Κούαρτος","translit":"Koúartos","definition":"[Κούαρτος] of Latin origin (fourth); Quartus, a Christian","strongs_number":"g2890"},"g2891":{"pronunciation":"koo'-mee","unicode":"κοῦμι","translit":"koûmi","definition":"[κοῦμι] of Chaldee origin ({{h6966}}); cumi (i.e. rise!)","strongs_number":"g2891"},"g2892":{"pronunciation":"koos-to-dee'-ah","unicode":"κουστωδία","translit":"koustōdía","definition":"[κουστωδία] of Latin origin; \"custody\", i.e. a Roman sentry","strongs_number":"g2892"},"g2893":{"pronunciation":"koo-fid'-zo","unicode":"κουφίζω","translit":"kouphízō","definition":"[κουφίζω] from κοῦφος (light in weight); to unload","strongs_number":"g2893"},"g2894":{"pronunciation":"kof'-ee-nos","unicode":"κόφινος","translit":"kóphinos","definition":"[κόφινος] of uncertain derivation; a (small) basket","strongs_number":"g2894"},"g2895":{"pronunciation":"krab'-bat-os","unicode":"κράββατος","translit":"krábbatos","definition":"[κράββατος] probably of foreign origin; a mattress","strongs_number":"g2895"},"g2896":{"pronunciation":"krad'-zo","unicode":"κράζω","translit":"krázō","definition":"[κράζω] a primary verb; properly, to \"croak\" (as a raven) or scream, i.e. (genitive case) to call aloud (shriek, exclaim, intreat)","strongs_number":"g2896"},"g2897":{"pronunciation":"krahee-pal'-ay","unicode":"κραιπάλη","translit":"kraipálē","definition":"[κραιπάλη] probably from the same as {{g726}}; properly, a headache (as a seizure of pain) from drunkenness, i.e. (by implication) a debauch (by analogy, a glut)","strongs_number":"g2897"},"g2898":{"pronunciation":"kran-ee'-on","unicode":"κρανίον","translit":"kraníon","definition":"[κρανίον] diminutive of a derivative of the base of {{g2768}}; a skull (\"cranium\")","strongs_number":"g2898"},"g2899":{"pronunciation":"kras'-ped-on","unicode":"κράσπεδον","translit":"kráspedon","definition":"[κράσπεδον] of uncertain derivation; a margin, i.e. (specially), a fringe or tassel","strongs_number":"g2899"},"g2900":{"pronunciation":"krat-ah-yos'","unicode":"κραταιός","translit":"krataiós","definition":"[κραταιός] from {{g2904}}; powerful","strongs_number":"g2900"}}