{"g2901":{"pronunciation":"krat-ah-yo'-o","unicode":"κραταιόω","translit":"krataióō","definition":"[κραταιόω] from {{g2900}}; to empower, i.e. (passively) increase in vigor","strongs_number":"g2901"},"g2902":{"pronunciation":"krat-eh'-o","unicode":"κρατέω","translit":"kratéō","definition":"[κρατέω] from {{g2904}}; to use strength, i.e. seize or retain (literally or figuratively)","strongs_number":"g2902"},"g2903":{"pronunciation":"krat'-is-tos","unicode":"κράτιστος","translit":"krátistos","definition":"[κράτιστος] superlative of a derivative of {{g2904}}; strongest, i.e. (in dignity) very honorable","strongs_number":"g2903"},"g2904":{"pronunciation":"krat'-os","unicode":"κράτος","translit":"krátos","definition":"[κράτος] perhaps a primary word; vigor (\"great\") (literally or figuratively)","strongs_number":"g2904"},"g2905":{"pronunciation":"krow-gad'-zo","unicode":"κραυγάζω","translit":"kraugázō","definition":"[κραυγάζω] from {{g2906}}; to clamor","strongs_number":"g2905"},"g2906":{"pronunciation":"krow-gay'","unicode":"κραυγή","translit":"kraugḗ","definition":"[κραυγή] from {{g2896}}; an outcry (in notification, tumult or grief)","strongs_number":"g2906"},"g2907":{"pronunciation":"kreh'-as","unicode":"κρέας","translit":"kréas","definition":"[κρέας] perhaps a primary word; (butcher's) meat","strongs_number":"g2907"},"g2908":{"pronunciation":"krice'-son","unicode":"κρεῖσσον","translit":"kreîsson","definition":"[κρεῖσσον] neuter of an alternate form of {{g2909}}; (as noun) better, i.e. greater advantage","strongs_number":"g2908"},"g2909":{"pronunciation":"krite'-tohn","unicode":"κρείττων","translit":"kreíttōn","definition":"[κρείττων] comparative of a derivative of {{g2904}}; stronger, i.e. (figuratively) better, i.e. nobler","strongs_number":"g2909"},"g2910":{"pronunciation":"krem-an'-noo-mee","unicode":"κρεμάννυμι","translit":"kremánnymi","definition":"[κρεμάννυμι] a prolonged form of a primary verb; to hang","strongs_number":"g2910"},"g2911":{"pronunciation":"krame-nos'","unicode":"κρημνός","translit":"krēmnós","definition":"[κρημνός] from {{g2910}}; overhanging, i.e. a precipice","strongs_number":"g2911"},"g2912":{"pronunciation":"krace","unicode":"Κρής","translit":"Krḗs","definition":"[Κρής] from {{g2914}}; a Cretan, i.e. inhabitant of Crete","strongs_number":"g2912"},"g2913":{"pronunciation":"krace'-kace","unicode":"Κρήσκης","translit":"Krḗskēs","definition":"[Κρήσκης] of Latin origin; growing; Cresces (i.e. Crescens), a Christian","strongs_number":"g2913"},"g2914":{"pronunciation":"kray'-tay","unicode":"Κρήτη","translit":"Krḗtē","definition":"[Κρήτη] of uncertain derivation; Crete, an island in the Mediterranean","strongs_number":"g2914"},"g2915":{"pronunciation":"kree-thay'","unicode":"κριθή","translit":"krithḗ","definition":"[κριθή] of uncertain derivation; barley","strongs_number":"g2915"},"g2916":{"pronunciation":"kree'-thee-nos","unicode":"κρίθινος","translit":"kríthinos","definition":"[κρίθινος] from {{g2915}}; consisting of barley","strongs_number":"g2916"},"g2917":{"pronunciation":"kree'-mah","unicode":"κρίμα","translit":"kríma","definition":"[κρίμα] from {{g2919}}; a decision (the function or the effect, for or against (\"crime\"))","strongs_number":"g2917"},"g2918":{"pronunciation":"kree'-non","unicode":"κρίνον","translit":"krínon","definition":"[κρίνον] perhaps a prim word; a lily","strongs_number":"g2918"},"g2919":{"pronunciation":"kree'-no","unicode":"κρίνω","translit":"krínō","definition":"[κρίνω] properly, to distinguish, i.e. decide (mentally or judicially); by implication, to try, condemn, punish","strongs_number":"g2919"},"g2920":{"pronunciation":"kree'-sis","unicode":"κρίσις","translit":"krísis","definition":"[κρίσις] decision (subjectively or objectively, for or against); by extension, a tribunal; by implication, justice (especially, divine law)","strongs_number":"g2920"},"g2921":{"pronunciation":"kris'-pos","unicode":"Κρίσπος","translit":"Kríspos","definition":"[Κρίσπος] of Latin origin; \"crisp\"; Crispus, a Corinthian","strongs_number":"g2921"},"g2922":{"pronunciation":"kree-tay'-ree-on","unicode":"κριτήριον","translit":"kritḗrion","definition":"[κριτήριον] neuter of a presumed derivative of {{g2923}}; a rule of judging (\"criterion\"), i.e. (by implication) a tribunal","strongs_number":"g2922"},"g2923":{"pronunciation":"kree-tace'","unicode":"κριτής","translit":"kritḗs","definition":"[κριτής] from {{g2919}}; a judge (genitive case or specially)","strongs_number":"g2923"},"g2924":{"pronunciation":"krit-ee-kos'","unicode":"κριτικός","translit":"kritikós","definition":"[κριτικός] from {{g2923}}; decisive (\"critical\"), i.e. discriminative","strongs_number":"g2924"},"g2925":{"pronunciation":"kroo'-o","unicode":"κρούω","translit":"kroúō","definition":"[κρούω] apparently a primary verb; to rap","strongs_number":"g2925"},"g2926":{"pronunciation":"kroop-tay'","unicode":"κρύπτη","translit":"krýptē","definition":"[κρύπτη] feminine of {{g2927}}; a hidden place, i.e. cellar (\"crypt\")","strongs_number":"g2926"},"g2927":{"pronunciation":"kroop-tos'","unicode":"κρυπτός","translit":"kryptós","definition":"[κρυπτός] from {{g2928}}; concealed, i.e. private","strongs_number":"g2927"},"g2928":{"pronunciation":"kroop'-to","unicode":"κρύπτω","translit":"krýptō","definition":"[κρύπτω] a primary verb; to conceal (properly, by covering)","strongs_number":"g2928"},"g2929":{"pronunciation":"kroos-tal-lid'-zo","unicode":"κρυσταλλίζω","translit":"krystallízō","definition":"[κρυσταλλίζω] from {{g2930}}; to make (i.e. intransitively, resemble) ice (\"crystallize\")","strongs_number":"g2929"},"g2930":{"pronunciation":"kroos'-tal-los","unicode":"κρύσταλλος","translit":"krýstallos","definition":"[κρύσταλλος] from a derivative of κρύος (frost); ice, i.e. (by analogy) rock \"crystal\"","strongs_number":"g2930"},"g2931":{"pronunciation":"kroo-fay'","unicode":"κρυφῆ","translit":"kryphē","definition":"[κρυφῆ] adverb from {{g2928}}; privately","strongs_number":"g2931"},"g2932":{"pronunciation":"ktah'-om-ahee","unicode":"κτάομαι","translit":"ktáomai","definition":"[κτάομαι] a primary verb; to get, i.e. acquire (by any means; own)","strongs_number":"g2932"},"g2933":{"pronunciation":"ktay'-mah","unicode":"κτῆμα","translit":"ktēma","definition":"[κτῆμα] from {{g2932}}; an acquirement, i.e. estate","strongs_number":"g2933"},"g2934":{"pronunciation":"ktay'-nos","unicode":"κτῆνος","translit":"ktēnos","definition":"[κτῆνος] from {{g2932}}; property, i.e. (specially) a domestic animal","strongs_number":"g2934"},"g2935":{"pronunciation":"ktay'-tore","unicode":"κτήτωρ","translit":"ktḗtōr","definition":"[κτήτωρ] from {{g2932}}; an owner","strongs_number":"g2935"},"g2936":{"pronunciation":"ktid'-zo","unicode":"κτίζω","translit":"ktízō","definition":"[κτίζω] probably akin to {{g2932}} (through the idea of proprietorship of the manufacturer); to fabricate, i.e. found (form originally)","strongs_number":"g2936"},"g2937":{"pronunciation":"ktis'-is","unicode":"κτίσις","translit":"ktísis","definition":"[κτίσις] from {{g2936}}; original formation (properly, the act; by implication, the thing, literally or figuratively)","strongs_number":"g2937"},"g2938":{"pronunciation":"ktis'-mah","unicode":"κτίσμα","translit":"ktísma","definition":"[κτίσμα] from {{g2936}}; an original formation (concretely), i.e. product (created thing)","strongs_number":"g2938"},"g2939":{"pronunciation":"ktis-tace'","unicode":"κτίστης","translit":"ktístēs","definition":"[κτίστης] from {{g2936}}; a founder, i.e. God (as author of all things)","strongs_number":"g2939"},"g2940":{"pronunciation":"koo-bi'-ah","unicode":"κυβεία","translit":"kybeía","definition":"[κυβεία] from κύβος (a \"cube\", i.e. die for playing); gambling, i.e. (figuratively) artifice or fraud","strongs_number":"g2940"},"g2941":{"pronunciation":"koo-ber'-nay-sis","unicode":"κυβέρνησις","translit":"kybérnēsis","definition":"[κυβέρνησις] from κυβερνάω (of Latin origin, to steer); pilotage, i.e. (figuratively) directorship (in the church)","strongs_number":"g2941"},"g2942":{"pronunciation":"koo-ber-nay'-tace","unicode":"κυβερνήτης","translit":"kybernḗtēs","definition":"[κυβερνήτης] from the same as {{g2941}}; helmsman, i.e. (by implication) captain","strongs_number":"g2942"},"g2943":{"pronunciation":"koo-kloth'-en","unicode":"κυκλόθεν","translit":"kyklóthen","definition":"[κυκλόθεν] adverb from the same as {{g2945}}; from the circle, i.e. all around","strongs_number":"g2943"},"g2944":{"pronunciation":"koo-klo'-o","unicode":"κυκλόω","translit":"kyklóō","definition":"[κυκλόω] from the same as {{g2945}}; to encircle, i.e. surround","strongs_number":"g2944"},"g2945":{"pronunciation":"koo'-klo","unicode":"κύκλῳ","translit":"kýklōi","definition":"[κύκλῳ] as if dative case of κύκλος (a ring, \"cycle\"; akin to {{g2947}}); i.e. in a circle (by implication, of {{g1722}}), i.e. (adverbially) all around","strongs_number":"g2945"},"g2946":{"pronunciation":"koo'-lis-mah","unicode":"κύλισμα","translit":"kýlisma","definition":"[κύλισμα] from {{g2947}}; a wallow (the effect of rolling), i.e. filth","strongs_number":"g2946"},"g2947":{"pronunciation":"koo-lee-o'-o","unicode":"κυλιόω","translit":"kylióō","definition":"[κυλιόω] from the base of {{g2949}} (through the idea of circularity; compare {{g2945}}, {{g1507}}); to roll about","strongs_number":"g2947"},"g2948":{"pronunciation":"kool-los'","unicode":"κυλλός","translit":"kyllós","definition":"[κυλλός] from the same as {{g2947}}; rocking about, i.e. crippled (maimed, in feet or hands)","strongs_number":"g2948"},"g2949":{"pronunciation":"koo'-mah","unicode":"κῦμα","translit":"kŷma","definition":"[κῦμα] from κύω (to swell (with young), i.e. bend, curve); a billow (as bursting or toppling)","strongs_number":"g2949"},"g2950":{"pronunciation":"koom'-bal-on","unicode":"κύμβαλον","translit":"kýmbalon","definition":"[κύμβαλον] from a derivative of the base of {{g2949}}; a \"cymbal\" (as hollow)","strongs_number":"g2950"},"g2951":{"pronunciation":"koo'-min-on","unicode":"κύμινον","translit":"kýminon","definition":"[κύμινον] of foreign origin (compare {{h3646}}); dill or fennel (\"cummin\")","strongs_number":"g2951"},"g2952":{"pronunciation":"koo-nar'-ee-on","unicode":"κυνάριον","translit":"kynárion","definition":"[κυνάριον] neuter of a presumed derivative of {{g2965}}; a puppy","strongs_number":"g2952"},"g2953":{"pronunciation":"koo'-pree-os","unicode":"Κύπριος","translit":"Kýprios","definition":"[Κύπριος] from {{g2954}}; a Cyprian (Cypriot), i.e. inhabitant of Cyprus","strongs_number":"g2953"},"g2954":{"pronunciation":"koo'-pros","unicode":"Κύπρος","translit":"Kýpros","definition":"[Κύπρος] of uncertain origin; Cyprus, an island in the Mediterranean","strongs_number":"g2954"},"g2955":{"pronunciation":"koop'-to","unicode":"κύπτω","translit":"kýptō","definition":"[κύπτω] probably from the base of {{g2949}}; to bend forward","strongs_number":"g2955"},"g2956":{"pronunciation":"koo-ray-nah'-yos","unicode":"Κυρηναῖος","translit":"Kyrēnaîos","definition":"[Κυρηναῖος] from {{g2957}}; i.e. Cyrenæan, i.e. inhabitant of Cyrene","strongs_number":"g2956"},"g2957":{"pronunciation":"koo-ray'-nay","unicode":"Κυρήνη","translit":"Kyrḗnē","definition":"[Κυρήνη] of uncertain derivation; Cyrene, a region of Africa","strongs_number":"g2957"},"g2958":{"pronunciation":"koo-ray'-nee-os","unicode":"Κυρήνιος","translit":"Kyrḗnios","definition":"[Κυρήνιος] of Latin origin; Cyrenius (i.e. Quirinus), a Roman","strongs_number":"g2958"},"g2959":{"pronunciation":"koo-ree'-ah","unicode":"Κυρία","translit":"Kyría","definition":"[Κυρία] feminine of {{g2962}}; Cyria, a Christian woman","strongs_number":"g2959"},"g2960":{"pronunciation":"koo-ree-ak-os'","unicode":"κυριακός","translit":"kyriakós","definition":"[κυριακός] from {{g2962}}; belonging to the Lord (Jehovah or Jesus)","strongs_number":"g2960"},"g2961":{"pronunciation":"ko-ree-yoo'-o","unicode":"κυριεύω","translit":"kyrieúō","definition":"[κυριεύω] from {{g2962}}; to rule","strongs_number":"g2961"},"g2962":{"pronunciation":"koo'-ree-os","unicode":"κύριος","translit":"kýrios","definition":"[κύριος] from κῦρος (supremacy); supreme in authority, i.e. (as noun) controller; by implication, Master (as a respectful title)","strongs_number":"g2962"},"g2963":{"pronunciation":"koo-ree-ot'-ace","unicode":"κυριότης","translit":"kyriótēs","definition":"[κυριότης] from {{g2962}}; mastery, i.e. (concretely and collectively) rulers","strongs_number":"g2963"},"g2964":{"pronunciation":"koo-ro'-o","unicode":"κυρόω","translit":"kyróō","definition":"[κυρόω] from the same as {{g2962}}; to make authoritative, i.e. ratify","strongs_number":"g2964"},"g2965":{"pronunciation":"koo'-ohn","unicode":"κύων","translit":"kýōn","definition":"[κύων] a primary word; a dog (\"hound\") (literally or figuratively)","strongs_number":"g2965"},"g2966":{"pronunciation":"ko'-lon","unicode":"κῶλον","translit":"kōlon","definition":"[κῶλον] from the base of {{g2849}}; a limb of the body (as if lopped)","strongs_number":"g2966"},"g2967":{"pronunciation":"ko-loo'-o","unicode":"κωλύω","translit":"kōlýō","definition":"[κωλύω] from the base of {{g2849}}; to estop, i.e. prevent (by word or act)","strongs_number":"g2967"},"g2968":{"pronunciation":"ko'-may","unicode":"κώμη","translit":"kṓmē","definition":"[κώμη] from {{g2749}}; a hamlet (as if laid down)","strongs_number":"g2968"},"g2969":{"pronunciation":"ko-mop'-ol-is","unicode":"κωμόπολις","translit":"kōmópolis","definition":"[κωμόπολις] from {{g2968}} and {{g4172}}; an unwalled city","strongs_number":"g2969"},"g2970":{"pronunciation":"ko'-mos","unicode":"κῶμος","translit":"kōmos","definition":"[κῶμος] from {{g2749}}; a carousal (as if letting loose)","strongs_number":"g2970"},"g2971":{"pronunciation":"ko'-nopes","unicode":"κώνωψ","translit":"kṓnōps","definition":"[κώνωψ] apparently a derivative of the base of {{g2759}} and a derivative of {{g3700}}; a mosquito (from its stinging proboscis)","strongs_number":"g2971"},"g2972":{"pronunciation":"koce","unicode":"Κώς","translit":"Kṓs","definition":"[Κώς] of uncertain origin; Cos, an island in the Mediterranean","strongs_number":"g2972"},"g2973":{"pronunciation":"ko-sam'","unicode":"Κωσάμ","translit":"Kōsám","definition":"[Κωσάμ] of Hebrew origin (compare {{h7081}}); Cosam (i.e. Kosam) an Israelite","strongs_number":"g2973"},"g2974":{"pronunciation":"ko-fos'","unicode":"κωφός","translit":"kōphós","definition":"[κωφός] from {{g2875}}; blunted, i.e. (figuratively) of hearing (deaf) or speech (dumb)","strongs_number":"g2974"},"g2975":{"pronunciation":"lang-khan'-o","unicode":"λαγχάνω","translit":"lanchánō","definition":"[λαγχάνω] a prolonged form of a primary verb, which is only used as an alternate in certain tenses; to lot, i.e. determine (by implication, receive) especially by lot","strongs_number":"g2975"},"g2976":{"pronunciation":"lad'-zar-os","unicode":"Λάζαρος","translit":"Lázaros","definition":"[Λάζαρος] probably of Hebrew origin ({{h499}}); Lazarus (i.e. Elazar), the name of two Israelites (one imaginary)","strongs_number":"g2976"},"g2977":{"pronunciation":"lath'-rah","unicode":"λάθρα","translit":"láthra","definition":"[λάθρα] adverb from {{g2990}}; privately","strongs_number":"g2977"},"g2978":{"pronunciation":"lah'-ee-laps","unicode":"λαῖλαψ","translit":"laîlaps","definition":"[λαῖλαψ] of uncertain derivation; a whirlwind (squall)","strongs_number":"g2978"},"g2979":{"pronunciation":"lak-tid'-zo","unicode":"λακτίζω","translit":"laktízō","definition":"[λακτίζω] from adverb λάξ (heelwise); to recalcitrate","strongs_number":"g2979"},"g2980":{"pronunciation":"lal-eh'-o","unicode":"λαλέω","translit":"laléō","definition":"[λαλέω] a prolonged form of an otherwise obsolete verb; to talk, i.e. utter words Compare {{g3004}}.","strongs_number":"g2980"},"g2981":{"pronunciation":"lal-ee-ah'","unicode":"λαλιά","translit":"laliá","definition":"[λαλιά] from {{g2980}}; talk","strongs_number":"g2981"},"g2982":{"pronunciation":"lam-ah'","unicode":"λαμά","translit":"lamá","definition":"[λαμά]   or λαμμᾶ;  of Hebrew origin ({{h4100}} with prepositional prefix); lama (i.e. why)","strongs_number":"g2982"},"g2983":{"pronunciation":"lam-ban'-o","unicode":"λαμβάνω","translit":"lambánō","definition":"[λαμβάνω] a prolonged form of a primary verb, which is use only as an alternate in certain tenses; to take (in very many applications, literally and figuratively (properly objective or active, to get hold of; whereas {{g1209}} is rather subjective or passive, to have offered to one; while {{g138}} is more violent, to seize or remove))","strongs_number":"g2983"},"g2984":{"pronunciation":"lam'-ekh","unicode":"Λάμεχ","translit":"Lámech","definition":"[Λάμεχ] of Hebrew origin ({{h3929}}); Lamech (i.e. Lemek), a patriarch","strongs_number":"g2984"},"g2985":{"pronunciation":"lam-pas'","unicode":"λαμπάς","translit":"lampás","definition":"[λαμπάς] from {{g2989}}; a \"lamp\" or flambeau","strongs_number":"g2985"},"g2986":{"pronunciation":"lam-pros'","unicode":"λαμπρός","translit":"lamprós","definition":"[λαμπρός] from the same as {{g2985}}; radiant; by analogy, limpid; figuratively, magnificent or sumptuous (in appearance)","strongs_number":"g2986"},"g2987":{"pronunciation":"lam-prot'-ace","unicode":"λαμπρότης","translit":"lamprótēs","definition":"[λαμπρότης] from {{g2986}}; brilliancy","strongs_number":"g2987"},"g2988":{"pronunciation":"lam-proce'","unicode":"λαμπρῶς","translit":"lamprōs","definition":"[λαμπρῶς] adverb from {{g2986}}; brilliantly, i.e. figuratively, luxuriously","strongs_number":"g2988"},"g2989":{"pronunciation":"lam'-po","unicode":"λάμπω","translit":"lámpō","definition":"[λάμπω] a primary verb; to beam, i.e. radiate brilliancy (literally or figuratively)","strongs_number":"g2989"},"g2990":{"pronunciation":"lan-than'-o","unicode":"λανθάνω","translit":"lanthánō","definition":"[λανθάνω] a prolonged form of a primary verb, which is used only as an alternate in certain tenses; to lie hid (literally or figuratively); often used adverbially, unwittingly","strongs_number":"g2990"},"g2991":{"pronunciation":"lax-yoo-tos'","unicode":"λαξευτός","translit":"laxeutós","definition":"[λαξευτός] from a compound of λᾶς (a stone) and the base of {{g3584}} (in its original sense of scraping); rock-quarried","strongs_number":"g2991"},"g2992":{"pronunciation":"lah-os'","unicode":"λαός","translit":"laós","definition":"[λαός] apparently a primary word; a people (in general; thus differing from {{g1218}}, which denotes one's own populace)","strongs_number":"g2992"},"g2993":{"pronunciation":"lah-od-ik'-i-ah","unicode":"Λαοδίκεια","translit":"Laodíkeia","definition":"[Λαοδίκεια] from a compound of {{g2992}} and {{g1349}}; Laodicia, a place in Asia Minor","strongs_number":"g2993"},"g2994":{"pronunciation":"lah-od-ik-yooce'","unicode":"Λαοδικεύς","translit":"Laodikeús","definition":"[Λαοδικεύς] from {{g2993}}; a Laodicean, i.e. inhabitant of Laodicia","strongs_number":"g2994"},"g2995":{"pronunciation":"lar'-oongks","unicode":"λάρυγξ","translit":"lárynx","definition":"[λάρυγξ] of uncertain derivation; the throat (\"larynx\")","strongs_number":"g2995"},"g2996":{"pronunciation":"las-ah'-yah","unicode":"Λασαία","translit":"Lasaía","definition":"[Λασαία] of uncertain origin; Lasæa, a place in Crete","strongs_number":"g2996"},"g2997":{"pronunciation":"las'-kho","unicode":"λάσχω","translit":"láschō","definition":"[λάσχω] a strengthened form of a primary verb, which only occurs in this and another prolonged form as alternate in certain tenses; to crack open (from a fall)","strongs_number":"g2997"},"g2998":{"pronunciation":"lat-om-eh'-o","unicode":"λατομέω","translit":"latoméō","definition":"[λατομέω] from the same as the first part of {{g2991}} and the base of {{g5114}}; to quarry","strongs_number":"g2998"},"g2999":{"pronunciation":"lat-ri'-ah","unicode":"λατρεία","translit":"latreía","definition":"[λατρεία] from {{g3000}}; ministration of God, i.e. worship","strongs_number":"g2999"},"g3000":{"pronunciation":"lat-ryoo'-o","unicode":"λατρεύω","translit":"latreúō","definition":"[λατρεύω] from λάτρις (a hired menial); to minister (to God), i.e. render religious homage","strongs_number":"g3000"}}