{"g3301":{"pronunciation":null,"unicode":null,"translit":null,"definition":"[  Not Used\n] ","strongs_number":"g3301"},"g3302":{"pronunciation":null,"unicode":null,"translit":null,"definition":"[  Not Used\n] ","strongs_number":"g3302"},"g3303":{"pronunciation":"men","unicode":"μέν","translit":"mén","definition":"[μέν] a primary particle; properly, indicative of affirmation or concession (in fact); usually followed by a contrasted clause with {{g1161}} (this one, the former, etc.) Often compounded with other particles in an intensive or asseverative sense.","strongs_number":"g3303"},"g3304":{"pronunciation":"men-oon'-geh","unicode":"μενοῦνγε","translit":"menoûnge","definition":"[μενοῦνγε] from {{g3303}} and {{g3767}} and {{g1065}}; so then at least","strongs_number":"g3304"},"g3305":{"pronunciation":"men'-toy","unicode":"μέντοι","translit":"méntoi","definition":"[μέντοι] from {{g3303}} and {{g5104}}; indeed though, i.e. however","strongs_number":"g3305"},"g3306":{"pronunciation":"men'-o","unicode":"μένω","translit":"ménō","definition":"[μένω] a primary verb; to stay (in a given place, state, relation or expectancy)","strongs_number":"g3306"},"g3307":{"pronunciation":"mer-id'-zo","unicode":"μερίζω","translit":"merízō","definition":"[μερίζω] from {{g3313}}; to part, i.e. (literally) to apportion, bestow, share, or (figuratively) to disunite, differ","strongs_number":"g3307"},"g3308":{"pronunciation":"mer'-im-nah","unicode":"μέριμνα","translit":"mérimna","definition":"[μέριμνα] from {{g3307}} (through the idea of distraction); solicitude","strongs_number":"g3308"},"g3309":{"pronunciation":"mer-im-nah'-o","unicode":"μεριμνάω","translit":"merimnáō","definition":"[μεριμνάω] from {{g3308}}; to be anxious about","strongs_number":"g3309"},"g3310":{"pronunciation":"mer-ece'","unicode":"μερίς","translit":"merís","definition":"[μερίς] feminine of {{g3313}}; a portion, i.e. province, share or (abstractly) participation","strongs_number":"g3310"},"g3311":{"pronunciation":"mer-is-mos'","unicode":"μερισμός","translit":"merismós","definition":"[μερισμός] from {{g3307}}; a separation or distribution","strongs_number":"g3311"},"g3312":{"pronunciation":"mer-is-tace'","unicode":"μεριστής","translit":"meristḗs","definition":"[μεριστής] from {{g3307}}; an apportioner (administrator)","strongs_number":"g3312"},"g3313":{"pronunciation":"mer'-os","unicode":"μέρος","translit":"méros","definition":"[μέρος] from an obsolete but more primary form of μείρομαι (to get as a section or allotment); a division or share (literally or figuratively, in a wide application)","strongs_number":"g3313"},"g3314":{"pronunciation":"mes-ame-bree'-ah","unicode":"μεσημβρία","translit":"mesēmbría","definition":"[μεσημβρία] from {{g3319}} and {{g2250}}; midday; by implication, the south","strongs_number":"g3314"},"g3315":{"pronunciation":"mes-it-yoo'-o","unicode":"μεσιτεύω","translit":"mesiteúō","definition":"[μεσιτεύω] from {{g3316}}; to interpose (as arbiter), i.e (by implication) to ratify (as surety)","strongs_number":"g3315"},"g3316":{"pronunciation":"mes-ee'-tace","unicode":"μεσίτης","translit":"mesítēs","definition":"[μεσίτης] from {{g3319}}; a go-between, i.e. (simply) an internunciator, or (by implication) a reconciler (intercessor)","strongs_number":"g3316"},"g3317":{"pronunciation":"mes-on-ook'-tee-on","unicode":"μεσονύκτιον","translit":"mesonýktion","definition":"[μεσονύκτιον] neuter of compound of {{g3319}} and {{g3571}}; midnight (especially as a watch)","strongs_number":"g3317"},"g3318":{"pronunciation":"mes-op-ot-am-ee'-ah","unicode":"Μεσοποταμία","translit":"Mesopotamía","definition":"[Μεσοποταμία] from {{g3319}} and {{g4215}}; Mesopotamia (as lying between the Euphrates and the Tigris; compare {{h763}}), a region of Asia","strongs_number":"g3318"},"g3319":{"pronunciation":"mes'-os","unicode":"μέσος","translit":"mésos","definition":"[μέσος] from {{g3326}}; middle (as an adjective or (neuter) noun)","strongs_number":"g3319"},"g3320":{"pronunciation":"mes-ot'-oy-khon","unicode":"μεσότοιχον","translit":"mesótoichon","definition":"[μεσότοιχον] from {{g3319}} and {{g5109}}; a partition (figuratively)","strongs_number":"g3320"},"g3321":{"pronunciation":"mes-oo-ran'-ay-mah","unicode":"μεσουράνημα","translit":"mesouránēma","definition":"[μεσουράνημα] from a presumed compound of {{g3319}} and {{g3772}}; mid-sky","strongs_number":"g3321"},"g3322":{"pronunciation":"mes-o'-o","unicode":"μεσόω","translit":"mesóō","definition":"[μεσόω] from {{g3319}}; to form the middle, i.e. (in point of time), to be half-way over","strongs_number":"g3322"},"g3323":{"pronunciation":"mes-see'-as","unicode":"Μεσσίας","translit":"Messías","definition":"[Μεσσίας] of Hebrew origin ({{h4899}}); the Messias (i.e. Mashiach), or Christ","strongs_number":"g3323"},"g3324":{"pronunciation":"mes-tos'","unicode":"μεστός","translit":"mestós","definition":"[μεστός] of uncertain derivation; replete (literally or figuratively)","strongs_number":"g3324"},"g3325":{"pronunciation":"mes-to'-o","unicode":"μεστόω","translit":"mestóō","definition":"[μεστόω] from {{g3324}}; to replenish, i.e. (by implication) to intoxicate","strongs_number":"g3325"},"g3326":{"pronunciation":"met-ah'","unicode":"μετά","translit":"metá","definition":"[μετά] a primary preposition (often used adverbially); properly, denoting accompaniment; \"amid\" (local or causal); modified variously according to the case (genitive association, or accusative succession) with which it is joined; occupying an intermediate position between {{g575}} or {{g1537}} and {{g1519}} or {{g4314}}; less intimate than {{g1722}} and less close than {{g4862}}) Often used in composition, in substantially the same relations of participation or proximity, and transfer or sequence.","strongs_number":"g3326"},"g3327":{"pronunciation":"met-ab-ah'-ee-no","unicode":"μεταβαίνω","translit":"metabaínō","definition":"[μεταβαίνω] from {{g3326}} and the base of {{g939}}; to change place","strongs_number":"g3327"},"g3328":{"pronunciation":"met-ab-al'-lo","unicode":"μεταβάλλω","translit":"metabállō","definition":"[μεταβάλλω] from {{g3326}} and {{g906}}; to throw over, i.e. (middle voice figuratively) to turn about in opinion","strongs_number":"g3328"},"g3329":{"pronunciation":"met-ag'-o","unicode":"μετάγω","translit":"metágō","definition":"[μετάγω] from {{g3326}} and {{g718}}; to lead over, i.e. transfer (direct)","strongs_number":"g3329"},"g3330":{"pronunciation":"met-ad-id'-o-mee","unicode":"μεταδίδωμι","translit":"metadídōmi","definition":"[μεταδίδωμι] from {{g3326}} and {{g1325}}; to give over, i.e. share","strongs_number":"g3330"},"g3331":{"pronunciation":"met-ath'-es-is","unicode":"μετάθεσις","translit":"metáthesis","definition":"[μετάθεσις] from {{g3346}}; transposition, i.e. transferral (to heaven), disestablishment (of a law)","strongs_number":"g3331"},"g3332":{"pronunciation":"met-ah'-ee-ro","unicode":"μεταίρω","translit":"metaírō","definition":"[μεταίρω] from {{g3326}} and {{g142}}; to betake oneself, i.e. remove (locally)","strongs_number":"g3332"},"g3333":{"pronunciation":"met-ak-al-eh'-o","unicode":"μετακαλέω","translit":"metakaléō","definition":"[μετακαλέω] from {{g3326}} and {{g2564}}; to call elsewhere, i.e. summon","strongs_number":"g3333"},"g3334":{"pronunciation":"met-ak-ee-neh'-o","unicode":"μετακινέω","translit":"metakinéō","definition":"[μετακινέω] from {{g3326}} and {{g2795}}; to stir to a place elsewhere, i.e. remove (figuratively)","strongs_number":"g3334"},"g3335":{"pronunciation":"met-al-am-ban'-o","unicode":"μεταλαμβάνω","translit":"metalambánō","definition":"[μεταλαμβάνω] from {{g3326}} and {{g2983}}; to participate; genitive case, to accept (and use)","strongs_number":"g3335"},"g3336":{"pronunciation":"met-al'-ape-sis","unicode":"μετάλημψις","translit":"metálēmpsis","definition":"[μετάλημψις] from {{g3335}}; participation","strongs_number":"g3336"},"g3337":{"pronunciation":"met-al-las'-so","unicode":"μεταλλάσσω","translit":"metallássō","definition":"[μεταλλάσσω] from {{g3326}} and {{g236}}; to exchange","strongs_number":"g3337"},"g3338":{"pronunciation":"met-am-el'-lom-ahee","unicode":"μεταμέλλομαι","translit":"metaméllomai","definition":"[μεταμέλλομαι] from {{g3326}} and the middle voice of {{g3199}}; to care afterwards, i.e. regret","strongs_number":"g3338"},"g3339":{"pronunciation":"met-am-or-fo'-o","unicode":"μεταμορφόω","translit":"metamorphóō","definition":"[μεταμορφόω] from {{g3326}} and {{g3445}}; to transform (literally or figuratively, \"metamorphose\")","strongs_number":"g3339"},"g3340":{"pronunciation":"met-an-o-eh'-o","unicode":"μετανοέω","translit":"metanoéō","definition":"[μετανοέω] from {{g3326}} and {{g3539}}; to think differently or afterwards, i.e. reconsider (morally, feel compunction)","strongs_number":"g3340"},"g3341":{"pronunciation":"met-an'-oy-ah","unicode":"μετάνοια","translit":"metánoia","definition":"[μετάνοια] from {{g3340}}; (subjectively) compunction (for guilt, including reformation); by implication, reversal (of (another's) decision)","strongs_number":"g3341"},"g3342":{"pronunciation":"met-ax-oo'","unicode":"μεταξύ","translit":"metaxý","definition":"[μεταξύ] from {{g3326}} and a form of {{g4862}}; betwixt (of place or person); (of time) as adjective, intervening, or (by implication) adjoining","strongs_number":"g3342"},"g3343":{"pronunciation":"met-ap-emp'-o","unicode":"μεταπέμπω","translit":"metapémpō","definition":"[μεταπέμπω] from {{g3326}} and {{g3992}}; to send from elsewhere, i.e. (middle voice) to summon or invite","strongs_number":"g3343"},"g3344":{"pronunciation":"met-as-tref'-o","unicode":"μεταστρέφω","translit":"metastréphō","definition":"[μεταστρέφω] from {{g3326}} and {{g4762}}; to turn across, i.e. transmute or (figuratively) corrupt","strongs_number":"g3344"},"g3345":{"pronunciation":"met-askh-ay-mat-id'-zo","unicode":"μετασχηματίζω","translit":"metaschēmatízō","definition":"[μετασχηματίζω] from {{g3326}} and a derivative of {{g4976}}; to transfigure or disguise; figuratively, to apply (by accommodation)","strongs_number":"g3345"},"g3346":{"pronunciation":"met-at-ith'-ay-mee","unicode":"μετατίθημι","translit":"metatíthēmi","definition":"[μετατίθημι] from {{g3326}} and {{g5087}}; to transfer, i.e. (literally) transport, (by implication) exchange, (reflexively) change sides, or (figuratively) pervert","strongs_number":"g3346"},"g3347":{"pronunciation":"met-ep'-i-tah","unicode":"μετέπειτα","translit":"metépeita","definition":"[μετέπειτα] from {{g3326}} and {{g1899}}; thereafter","strongs_number":"g3347"},"g3348":{"pronunciation":"met-ekh'-o","unicode":"μετέχω","translit":"metéchō","definition":"[μετέχω] from {{g3326}} and {{g2192}}; to share or participate; by implication, belong to, eat (or drink)","strongs_number":"g3348"},"g3349":{"pronunciation":"met-eh-o-rid'-zo","unicode":"μετεωρίζω","translit":"meteōrízō","definition":"[μετεωρίζω] from a compound of {{g3326}} and a collateral form of {{g142}} or perhaps rather {{g109}} (compare \"meteor\"); to raise in mid-air, i.e. (figuratively) suspend (passively, fluctuate or be anxious)","strongs_number":"g3349"},"g3350":{"pronunciation":"met-oy-kes-ee'-ah","unicode":"μετοικεσία","translit":"metoikesía","definition":"[μετοικεσία] from a derivative of a compound of {{g3326}} and {{g3624}}; a change of abode, i.e. (specially), expatriation","strongs_number":"g3350"},"g3351":{"pronunciation":"met-oy-kid'-zo","unicode":"μετοικίζω","translit":"metoikízō","definition":"[μετοικίζω] from the same as {{g3350}}; to transfer as a settler or captive, i.e colonize or exile","strongs_number":"g3351"},"g3352":{"pronunciation":"met-okh-ay'","unicode":"μετοχή","translit":"metochḗ","definition":"[μετοχή] from {{g3348}}; participation, i.e. intercourse","strongs_number":"g3352"},"g3353":{"pronunciation":"met'-okh-os","unicode":"μέτοχος","translit":"métochos","definition":"[μέτοχος] from {{g3348}}; participant, i.e. (as noun) a sharer; by implication, an associate","strongs_number":"g3353"},"g3354":{"pronunciation":"met-reh'-o","unicode":"μετρέω","translit":"metréō","definition":"[μετρέω] from {{g3358}}; to measure (i.e. ascertain in size by a fixed standard); by implication, to admeasure (i.e. allot by rule)","strongs_number":"g3354"},"g3355":{"pronunciation":"met-ray-tace'","unicode":"μετρητής","translit":"metrētḗs","definition":"[μετρητής] from {{g3354}}; a measurer, i.e. (specially), a certain standard measure of capacity for liquids","strongs_number":"g3355"},"g3356":{"pronunciation":"met-ree-op-ath-eh'-o","unicode":"μετριοπαθέω","translit":"metriopathéō","definition":"[μετριοπαθέω] from a compound of the base of {{g3357}} and {{g3806}}; to be moderate in passion, i.e. gentle (to treat indulgently)","strongs_number":"g3356"},"g3357":{"pronunciation":"met-ree'-oce","unicode":"μετρίως","translit":"metríōs","definition":"[μετρίως] adverb from a derivative of {{g3358}}; moderately, i.e. slightly","strongs_number":"g3357"},"g3358":{"pronunciation":"met'-ron","unicode":"μέτρον","translit":"métron","definition":"[μέτρον] an apparently primary word; a measure (\"metre\"), literally or figuratively; by implication, a limited portion (degree)","strongs_number":"g3358"},"g3359":{"pronunciation":"met'-o-pon","unicode":"μέτωπον","translit":"métōpon","definition":"[μέτωπον] from {{g3326}} and ops (the face); the forehead (as opposite the countenance)","strongs_number":"g3359"},"g3360":{"pronunciation":"mekh'-ree","unicode":"μέχρι","translit":"méchri","definition":"[μέχρι]   or μεχρίςfrom {{g3372}}; as far as, i.e. up to a certain point (as a preposition, of extent (denoting the terminus, whereas {{g891}} refers especially to the space of time or place intervening) or conjunction)","strongs_number":"g3360"},"g3361":{"pronunciation":"may","unicode":"μή","translit":"mḗ","definition":"[μή] a primary particle of qualified negation (whereas {{g3756}} expresses an absolute denial); (adverb) not, (conjunction) lest; also (as an interrogative implying a negative answer (whereas {{g3756}} expects an affirmative one)) whether Often used in compounds in substantially the same relations. See also {{g3362}}, {{g3363}}, {{g3364}}, {{g3372}}, {{g3373}}, {{g3375}}, {{g3378}}.","strongs_number":"g3361"},"g3362":{"pronunciation":"eh-an' may","unicode":"ἐὰν μή","translit":"eàn mḗ","definition":"[ἐὰν μή] i.e. {{g1437}} and {{g3361}}; if not, i.e. unless","strongs_number":"g3362"},"g3363":{"pronunciation":"hin'-ah may","unicode":"ἵνα μή","translit":"hína mḗ","definition":"[ἵνα μή] i.e. {{g2443}} and {{g3361}}; in order (or so) that not","strongs_number":"g3363"},"g3364":{"pronunciation":"oo may","unicode":"οὐ μή","translit":"ou mḗ","definition":"[οὐ μή] i.e. {{g3756}} and {{g3361}}; a double negative strengthening the denial; not at all Compare {{g3378}}.","strongs_number":"g3364"},"g3365":{"pronunciation":"may-dam-oce'","unicode":"μηδαμῶς","translit":"mēdamōs","definition":"[μηδαμῶς] adverb from a compound of {{g3361}} and ἀμός (somebody); by no means","strongs_number":"g3365"},"g3366":{"pronunciation":"may-deh'","unicode":"μηδέ","translit":"mēdé","definition":"[μηδέ] from {{g3361}} and {{g1161}}; but not, not even; in a continued negation, nor","strongs_number":"g3366"},"g3367":{"pronunciation":"may-dice'","unicode":"μηδείς","translit":"mēdeís","definition":"[μηδείς] , including the irregular feminine      μηδεμία, and the neuter      μηδένfrom {{g3361}} and {{g1520}}; not even one (man, woman, thing)","strongs_number":"g3367"},"g3368":{"pronunciation":"may-dep'-ot-eh","unicode":"μηδέποτε","translit":"mēdépote","definition":"[μηδέποτε] from {{g3366}} and {{g4218}}; not even ever","strongs_number":"g3368"},"g3369":{"pronunciation":"may-dep'-o","unicode":"μηδέπω","translit":"mēdépō","definition":"[μηδέπω] from {{g3366}} and {{g4452}}; not even yet","strongs_number":"g3369"},"g3370":{"pronunciation":"may'-dos","unicode":"Μῆδος","translit":"Mēdos","definition":"[Μῆδος] of foreign origin (compare {{h4074}}); a Median, or inhabitant of Media","strongs_number":"g3370"},"g3371":{"pronunciation":"may-ket'-ee","unicode":"μηκέτι","translit":"mēkéti","definition":"[μηκέτι] from {{g3361}} and {{g2089}}; no further","strongs_number":"g3371"},"g3372":{"pronunciation":"may'-kos","unicode":"μῆκος","translit":"mēkos","definition":"[μῆκος] probably akin to {{g3173}}; length (literally or figuratively) length.","strongs_number":"g3372"},"g3373":{"pronunciation":"may-koo'-no","unicode":"μηκύνω","translit":"mēkýnō","definition":"[μηκύνω] from {{g3372}}; to lengthen, i.e. (middle voice) to enlarge","strongs_number":"g3373"},"g3374":{"pronunciation":"may-lo-tay'","unicode":"μηλωτή","translit":"mēlōtḗ","definition":"[μηλωτή] from μῆλον (a sheep); a sheep-skin","strongs_number":"g3374"},"g3375":{"pronunciation":"mane","unicode":"μήν","translit":"mḗn","definition":"[μήν] a stronger form of {{g3303}}; a particle of affirmation (only with {{g2229}}); assuredly","strongs_number":"g3375"},"g3376":{"pronunciation":"mane","unicode":"μήν","translit":"mḗn","definition":"[μήν] a primary word; a month","strongs_number":"g3376"},"g3377":{"pronunciation":"may-noo'-o","unicode":"μηνύω","translit":"mēnýō","definition":"[μηνύω] probably from the same base as {{g3145}} and {{g3415}} (i.e. μάω, to strive); to disclose (through the idea of mental effort and thus calling to mind), i.e. report, declare, intimate","strongs_number":"g3377"},"g3378":{"pronunciation":"ouk","unicode":"μὴ οὐκ","translit":"mḕ ouk","definition":"[μὴ οὐκ]   may ook i.e. {{g3361}} and {{g3756}}; as interrogative and negative, is it not that? Compare {{g3364}}.","strongs_number":"g3378"},"g3379":{"pronunciation":"may'-pot-eh","unicode":"μήποτε","translit":"mḗpote","definition":"[μήποτε]  or       μή ποτεfrom {{g3361}} and {{g4218}}; not ever; also if (or lest) ever (or perhaps)","strongs_number":"g3379"},"g3380":{"pronunciation":"may'-po","unicode":"μήπω","translit":"mḗpō","definition":"[μήπω] from {{g3361}} and {{g4452}}; not yet","strongs_number":"g3380"},"g3381":{"pronunciation":"may'-pos","unicode":"μήπως","translit":"mḗpōs","definition":"[μήπως]  or       μή πωςfrom {{g3361}} and {{g4458}}; lest somehow","strongs_number":"g3381"},"g3382":{"pronunciation":"may-ros'","unicode":"μηρός","translit":"mērós","definition":"[μηρός] perhaps a primary word; a thigh","strongs_number":"g3382"},"g3383":{"pronunciation":"may'-teh","unicode":"μήτε","translit":"mḗte","definition":"[μήτε] from {{g3361}} and {{g5037}}; not too, i.e. (in continued negation) neither or nor; also, not even","strongs_number":"g3383"},"g3384":{"pronunciation":"may'-tare","unicode":"μήτηρ","translit":"mḗtēr","definition":"[μήτηρ] apparently a primary word; a \"mother\" (literally or figuratively, immediate or remote)","strongs_number":"g3384"},"g3385":{"pronunciation":"may'-tee","unicode":"μήτι","translit":"mḗti","definition":"[μήτι] from {{g3361}} and the neuter of {{g5100}}; whether at all","strongs_number":"g3385"},"g3386":{"pronunciation":"may'-tig-eh","unicode":"μήτιγε","translit":"mḗtige","definition":"[μήτιγε] from {{g3385}} and {{g1065}}; not at all then, i.e. not to say (the rather still)","strongs_number":"g3386"},"g3387":{"pronunciation":"may'-tis","unicode":"μήτις","translit":"mḗtis","definition":"[μήτις]  or       μή τιςfrom {{g3361}} and {{g5100}}; whether any","strongs_number":"g3387"},"g3388":{"pronunciation":"may'-trah","unicode":"μήτρα","translit":"mḗtra","definition":"[μήτρα] from {{g3384}}; the matrix","strongs_number":"g3388"},"g3389":{"pronunciation":"may-tral-o'-as","unicode":"μητραλῴας","translit":"mētralṓias","definition":"[μητραλῴας] from {{g3384}} and the base of {{g257}}; a mother-thresher, i.e. matricide","strongs_number":"g3389"},"g3390":{"pronunciation":"may-trop'-ol-is","unicode":"μητρόπολις","translit":"mētrópolis","definition":"[μητρόπολις] from {{g3384}} and {{g4172}}; a mother city, i.e. \"metropolis\"","strongs_number":"g3390"},"g3391":{"pronunciation":"mee'-ah","unicode":"μία","translit":"mía","definition":"[μία] irregular feminine of {{g1520}}; one or first","strongs_number":"g3391"},"g3392":{"pronunciation":"me-ah'-ee-no","unicode":"μιαίνω","translit":"miaínō","definition":"[μιαίνω] perhaps a primary verb; to sully or taint, i.e. contaminate (ceremonially or morally)","strongs_number":"g3392"},"g3393":{"pronunciation":"mee'-as-mah","unicode":"μίασμα","translit":"míasma","definition":"[μίασμα] from {{g3392}} (\"miasma\"); (morally) foulness (properly, the effect)","strongs_number":"g3393"},"g3394":{"pronunciation":"mee-as-mos'","unicode":"μιασμός","translit":"miasmós","definition":"[μιασμός] from {{g3392}}; (morally) contamination (properly, the act)","strongs_number":"g3394"},"g3395":{"pronunciation":"mig'-mah","unicode":"μίγμα","translit":"mígma","definition":"[μίγμα] from {{g3396}}; a compound","strongs_number":"g3395"},"g3396":{"pronunciation":"mig'-noo-mee","unicode":"μίγνυμι","translit":"mígnymi","definition":"[μίγνυμι] a primary verb; to mix","strongs_number":"g3396"},"g3397":{"pronunciation":"mik-ron'","unicode":"μικρόν","translit":"mikrón","definition":"[μικρόν] masculine or neuter singular of {{g3398}} (as noun); a small space of time or degree","strongs_number":"g3397"},"g3398":{"pronunciation":"mik-ros'","unicode":"μικρός","translit":"mikrós","definition":"[μικρός] , including the comparative      μικρότεροςapparently a primary word; small (in size, quantity, number or (figuratively) dignity)","strongs_number":"g3398"},"g3399":{"pronunciation":"mil'-ay-tos","unicode":"Μίλητος","translit":"Mílētos","definition":"[Μίλητος] of uncertain origin; Miletus, a city of Asia Minor","strongs_number":"g3399"},"g3400":{"pronunciation":"mil'-ee-on","unicode":"μίλιον","translit":"mílion","definition":"[μίλιον] of Latin origin; a thousand paces, i.e. a \"mile\"","strongs_number":"g3400"}}