{"g3501":{"pronunciation":"neh'-os","unicode":"νέος","translit":"néos","definition":"[νέος] including the comparative νεότερος; a primary word; \"new\", i.e. (of persons) youthful, or (of things) fresh; figuratively, regenerate","strongs_number":"g3501"},"g3502":{"pronunciation":"neh-os-sos'","unicode":"νεοσσός","translit":"neossós","definition":"[νεοσσός] from {{g3501}}; a youngling (nestling)","strongs_number":"g3502"},"g3503":{"pronunciation":"neh-ot'-ace","unicode":"νεότης","translit":"neótēs","definition":"[νεότης] from {{g3501}}; newness, i.e. youthfulness","strongs_number":"g3503"},"g3504":{"pronunciation":"neh-of'-oo-tos","unicode":"νεόφυτος","translit":"neóphytos","definition":"[νεόφυτος] from {{g3501}} and a derivative of {{g5453}}; newly planted, i.e. (figuratively) a young convert (\"neophyte\")","strongs_number":"g3504"},"g3505":{"pronunciation":"ner'-ohn","unicode":"Νέρων","translit":"Nérōn","definition":"[Νέρων] of Latin origin; Neron (i.e. Nero), a Roman emperor","strongs_number":"g3505"},"g3506":{"pronunciation":"nyoo'-o","unicode":"νεύω","translit":"neúō","definition":"[νεύω] apparently a primary verb; to \"nod\", i.e. (by analogy), signal","strongs_number":"g3506"},"g3507":{"pronunciation":"nef-el'-ay","unicode":"νεφέλη","translit":"nephélē","definition":"[νεφέλη] from {{g3509}}; properly, cloudiness, i.e. (concretely) a cloud","strongs_number":"g3507"},"g3508":{"pronunciation":"nef-thal-ime'","unicode":"Νεφθαλείμ","translit":"Nephthaleím","definition":"[Νεφθαλείμ] of Hebrew origin ({{h5321}}); Nephthaleim (i.e. Naphthali), a tribe in Palestine","strongs_number":"g3508"},"g3509":{"pronunciation":"nef'-os","unicode":"νέφος","translit":"néphos","definition":"[νέφος] apparently a primary word; a cloud","strongs_number":"g3509"},"g3510":{"pronunciation":"nef-ros'","unicode":"νεφρός","translit":"nephrós","definition":"[νεφρός] of uncertain affinity; a kidney (plural), i.e. (figuratively) the inmost mind","strongs_number":"g3510"},"g3511":{"pronunciation":"neh-o-kor'-os","unicode":"νεωκόρος","translit":"neōkóros","definition":"[νεωκόρος] from a form of {{g3485}} and κορέω (to sweep); a temple-servant, i.e. (by implication) a votary","strongs_number":"g3511"},"g3512":{"pronunciation":"neh-o-ter'-ik-os","unicode":"νεωτερικός","translit":"neōterikós","definition":"[νεωτερικός] from the comparative of {{g3501}}; appertaining to younger persons, i.e. juvenile","strongs_number":"g3512"},"g3513":{"pronunciation":"nay","unicode":"νή","translit":"nḗ","definition":"[νή] probably an intensive form of {{g3483}}; a particle of attestation (accompanied by the object invoked or appealed to in confirmation); as sure as","strongs_number":"g3513"},"g3514":{"pronunciation":"nay'-tho","unicode":"νήθω","translit":"nḗthō","definition":"[νήθω] from νέω (of like meaning); to spin","strongs_number":"g3514"},"g3515":{"pronunciation":"nay-pee-ad'-zo","unicode":"νηπιάζω","translit":"nēpiázō","definition":"[νηπιάζω] from {{g3516}}; to act as a babe, i.e. (figuratively) innocently","strongs_number":"g3515"},"g3516":{"pronunciation":"nay'-pee-os","unicode":"νήπιος","translit":"nḗpios","definition":"[νήπιος] from an obsolete particle νή- (implying negation) and {{g2031}}; not speaking, i.e. an infant (minor); figuratively, a simple-minded person, an immature Christian","strongs_number":"g3516"},"g3517":{"pronunciation":"nare-yoos'","unicode":"Νηρεύς","translit":"Nēreús","definition":"[Νηρεύς] apparently from a derivative of the base of {{g3491}} (meaning wet); Nereus, a Christian","strongs_number":"g3517"},"g3518":{"pronunciation":"nay-ree'","unicode":"Νηρί","translit":"Nērí","definition":"[Νηρί] of Hebrew origin ({{h5374}}); Neri (i.e. Nerijah), an Israelite","strongs_number":"g3518"},"g3519":{"pronunciation":"nay-see'-on","unicode":"νησίον","translit":"nēsíon","definition":"[νησίον] diminutive of {{g3520}}; an islet","strongs_number":"g3519"},"g3520":{"pronunciation":"nay'-sos","unicode":"νῆσος","translit":"nēsos","definition":"[νῆσος] probably from the base of {{g3491}}; an island","strongs_number":"g3520"},"g3521":{"pronunciation":"nace-ti'-ah","unicode":"νηστεία","translit":"nēsteía","definition":"[νηστεία] from {{g3522}}; abstinence (from lack of food, or voluntary and religious); specially, the fast of the Day of Atonement","strongs_number":"g3521"},"g3522":{"pronunciation":"nace-tyoo'-o","unicode":"νηστεύω","translit":"nēsteúō","definition":"[νηστεύω] from {{g3523}}; to abstain from food (religiously)","strongs_number":"g3522"},"g3523":{"pronunciation":"nace'-tis","unicode":"νῆστις","translit":"nēstis","definition":"[νῆστις] from the inseparable negative particle νή- (not) and {{g2068}}; not eating, i.e. abstinent from food (religiously)","strongs_number":"g3523"},"g3524":{"pronunciation":"nay-fal'-eh-os","unicode":"νηφάλεος","translit":"nēpháleos","definition":"[νηφάλεος] , or      νηφάλιοςfrom {{g3525}}; sober, i.e. (figuratively) circumspect","strongs_number":"g3524"},"g3525":{"pronunciation":"nay'-fo","unicode":"νήφω","translit":"nḗphō","definition":"[νήφω] of uncertain affinity; to abstain from wine (keep sober), i.e. (figuratively) be discreet","strongs_number":"g3525"},"g3526":{"pronunciation":"neeg'-er","unicode":"Νίγερ","translit":"Níger","definition":"[Νίγερ] of Latin origin; black; Niger, a Christian","strongs_number":"g3526"},"g3527":{"pronunciation":"nik-an'-ore","unicode":"Νικάνωρ","translit":"Nikánōr","definition":"[Νικάνωρ] probably from {{g3528}}; victorious; Nicanor, a Christian","strongs_number":"g3527"},"g3528":{"pronunciation":"nik-ah'-o","unicode":"νικάω","translit":"nikáō","definition":"[νικάω] from {{g3529}}; to subdue (literally or figuratively)","strongs_number":"g3528"},"g3529":{"pronunciation":"nee'-kay","unicode":"νίκη","translit":"níkē","definition":"[νίκη] apparently a primary word; conquest (abstractly), i.e. (figuratively) the means of success","strongs_number":"g3529"},"g3530":{"pronunciation":"nik-od'-ay-mos","unicode":"Νικόδημος","translit":"Nikódēmos","definition":"[Νικόδημος] from {{g3534}} and {{g1218}}; victorious among his people; Nicodemus, an Israelite","strongs_number":"g3530"},"g3531":{"pronunciation":"nik-ol-ah-ee'-tace","unicode":"Νικολαΐτης","translit":"Nikolaḯtēs","definition":"[Νικολαΐτης] from {{g3532}}; a Nicolaïte, i.e. adherent of Nicolaüs","strongs_number":"g3531"},"g3532":{"pronunciation":"nik-ol'-ah-os","unicode":"Νικόλαος","translit":"Nikólaos","definition":"[Νικόλαος] from {{g3534}} and {{g2992}}; victorious over the people; Nicolaüs, a heretic","strongs_number":"g3532"},"g3533":{"pronunciation":"nik-op'-ol-is","unicode":"Νικόπολις","translit":"Nikópolis","definition":"[Νικόπολις] from {{g3534}} and {{g4172}}; victorious city; Nicopolis, a place in Macedonia","strongs_number":"g3533"},"g3534":{"pronunciation":"nee'-kos","unicode":"νῖκος","translit":"nîkos","definition":"[νῖκος] from {{g3529}}; a conquest (concretely), i.e. (by implication) triumph","strongs_number":"g3534"},"g3535":{"pronunciation":"nin-yoo-ee'","unicode":"Νινευΐ","translit":"Nineuḯ","definition":"[Νινευΐ] of Hebrew origin ({{h5210}}); Ninevi (i.e. Nineveh), the capital of Assyria","strongs_number":"g3535"},"g3536":{"pronunciation":"nin-yoo-ee'-tace","unicode":"Νινευΐτης","translit":"Nineuḯtēs","definition":"[Νινευΐτης] from {{g3535}}; a Ninevite, i.e. inhabitant of Nineveh","strongs_number":"g3536"},"g3537":{"pronunciation":"nip-tare'","unicode":"νιπτήρ","translit":"niptḗr","definition":"[νιπτήρ] from {{g3538}}; a ewer","strongs_number":"g3537"},"g3538":{"pronunciation":"nip'-to","unicode":"νίπτω","translit":"níptō","definition":"[νίπτω] to cleanse (especially the hands or the feet or the face); ceremonially, to perform ablution Compare {{g3068}}.","strongs_number":"g3538"},"g3539":{"pronunciation":"noy-eh'-o","unicode":"νοιέω","translit":"noiéō","definition":"[νοιέω] from {{g3563}}; to exercise the mind (observe), i.e. (figuratively) to comprehend, heed","strongs_number":"g3539"},"g3540":{"pronunciation":"no'-ay-mah","unicode":"νόημα","translit":"nóēma","definition":"[νόημα] from {{g3539}}; a perception, i.e. purpose, or (by implication) the intellect, disposition, itself","strongs_number":"g3540"},"g3541":{"pronunciation":"noth'-os","unicode":"νόθος","translit":"nóthos","definition":"[νόθος] of uncertain affinity; a spurious or illegitimate son","strongs_number":"g3541"},"g3542":{"pronunciation":"nom-ay'","unicode":"νομή","translit":"nomḗ","definition":"[νομή] feminine from the same as {{g3551}}; pasture, i.e. (the act) feeding (figuratively, spreading of a gangrene), or (the food) pasturage","strongs_number":"g3542"},"g3543":{"pronunciation":"nom-id'-zo","unicode":"νομίζω","translit":"nomízō","definition":"[νομίζω] from {{g3551}}; properly, to do by law (usage), i.e. to accustom (passively, be usual); by extension, to deem or regard","strongs_number":"g3543"},"g3544":{"pronunciation":"nom-ik-os'","unicode":"νομικός","translit":"nomikós","definition":"[νομικός] from {{g3551}}; according (or pertaining) to law, i.e. legal (ceremonially); as noun, an expert in the (Mosaic) law","strongs_number":"g3544"},"g3545":{"pronunciation":"nom-im'-oce","unicode":"νομίμως","translit":"nomímōs","definition":"[νομίμως] adverb from a derivative of {{g3551}}; legitimately (specially, agreeably to the rules of the lists)","strongs_number":"g3545"},"g3546":{"pronunciation":"nom'-is-mah","unicode":"νόμισμα","translit":"nómisma","definition":"[νόμισμα] from {{g3543}}; what is reckoned as of value (after the Latin ), i.e. current coin","strongs_number":"g3546"},"g3547":{"pronunciation":"nom-od-id-as'-kal-os","unicode":"νομοδιδάσκαλος","translit":"nomodidáskalos","definition":"[νομοδιδάσκαλος] from {{g3551}} and {{g1320}}; an expounder of the (Jewish) law, i.e. a Rabbi","strongs_number":"g3547"},"g3548":{"pronunciation":"nom-oth-es-ee'-ah","unicode":"νομοθεσία","translit":"nomothesía","definition":"[νομοθεσία] from {{g3550}}; legislation (specially, the institution of the Mosaic code)","strongs_number":"g3548"},"g3549":{"pronunciation":"nom-oth-et-eh'-o","unicode":"νομοθετέω","translit":"nomothetéō","definition":"[νομοθετέω] from {{g3550}}; to legislate, i.e. (passively) to have (the Mosaic) enactments injoined, be sanctioned (by them)","strongs_number":"g3549"},"g3550":{"pronunciation":"nom-oth-et'-ace","unicode":"νομοθέτης","translit":"nomothétēs","definition":"[νομοθέτης] from {{g3551}} and a derivative of {{g5087}}; a legislator","strongs_number":"g3550"},"g3551":{"pronunciation":"nom'-os","unicode":"νόμος","translit":"nómos","definition":"[νόμος] from a primary νέμω (to parcel out, especially food or grazing to animals); law (through the idea of prescriptive usage), genitive case (regulation), specially, (of Moses (including the volume); also of the Gospel), or figuratively (a principle)","strongs_number":"g3551"},"g3552":{"pronunciation":"nos-eh'-o","unicode":"νοσέω","translit":"noséō","definition":"[νοσέω] from {{g3554}}; to be sick, i.e. (by implication, of a diseased appetite) to hanker after (figuratively, to harp upon)","strongs_number":"g3552"},"g3553":{"pronunciation":"nos'-ay-ma","unicode":"νόσημα","translit":"nósēma","definition":"[νόσημα] from {{g3552}}; an ailment","strongs_number":"g3553"},"g3554":{"pronunciation":"nos'-os","unicode":"νόσος","translit":"nósos","definition":"[νόσος] of uncertain affinity; a malady (rarely figuratively, of moral disability)","strongs_number":"g3554"},"g3555":{"pronunciation":"nos-see-ah'","unicode":"νοσσιά","translit":"nossiá","definition":"[νοσσιά] from {{g3502}}; a brood (of chickens)","strongs_number":"g3555"},"g3556":{"pronunciation":"nos-see'-on","unicode":"νοσσίον","translit":"nossíon","definition":"[νοσσίον] diminutive of {{g3502}}; a birdling","strongs_number":"g3556"},"g3557":{"pronunciation":"nos-fid'-zom-ahee","unicode":"νοσφίζομαι","translit":"nosphízomai","definition":"[νοσφίζομαι] middle voice from νοσφί (apart or clandestinely); to sequestrate for oneself, i.e. embezzle","strongs_number":"g3557"},"g3558":{"pronunciation":"not'-os","unicode":"νότος","translit":"nótos","definition":"[νότος] of uncertain affinity; the south(-west) wind; by extension, the southern quarter itself","strongs_number":"g3558"},"g3559":{"pronunciation":"noo-thes-ee'-ah","unicode":"νουθεσία","translit":"nouthesía","definition":"[νουθεσία] from {{g3563}} and a derivative of {{g5087}}; calling attention to, i.e. (by implication) mild rebuke or warning","strongs_number":"g3559"},"g3560":{"pronunciation":"noo-thet-eh'-o","unicode":"νουθετέω","translit":"nouthetéō","definition":"[νουθετέω] from the same as {{g3559}}; to put in mind, i.e. (by implication) to caution or reprove gently","strongs_number":"g3560"},"g3561":{"pronunciation":"noo-may-nee'-ah","unicode":"νουμηνία","translit":"noumēnía","definition":"[νουμηνία] feminine of a compound of {{g3501}} and {{g3376}} (as noun by implication, of {{g2250}}); the festival of new moon","strongs_number":"g3561"},"g3562":{"pronunciation":"noon-ekh-oce'","unicode":"νουνεχῶς","translit":"nounechōs","definition":"[νουνεχῶς] adverb from a comparative of the accusative case of {{g3563}} and {{g2192}}; in a mind-having way, i.e. prudently","strongs_number":"g3562"},"g3563":{"pronunciation":"nooce","unicode":"νοῦς","translit":"noûs","definition":"[νοῦς] probably from the base of {{g1097}}; the intellect, i.e. mind (divine or human; in thought, feeling, or will); by implication, meaning Compare {{g5590}}.","strongs_number":"g3563"},"g3564":{"pronunciation":"noom-fas'","unicode":"Νυμφᾶς","translit":"Nymphâs","definition":"[Νυμφᾶς] probably contracted for a compound of {{g3565}} and {{g1435}}; nymph-given (i.e. -born); Nymphas, a Christian","strongs_number":"g3564"},"g3565":{"pronunciation":"noom-fay'","unicode":"νύμφη","translit":"nýmphē","definition":"[νύμφη] from a primary but obsolete verb νύπτω (to veil as a bride; compare Latin \",\" to marry); a young married woman (as veiled), including a betrothed girl; by implication, a son's wife","strongs_number":"g3565"},"g3566":{"pronunciation":"noom-fee'-os","unicode":"νυμφίος","translit":"nymphíos","definition":"[νυμφίος] from {{g3565}}; a bride-groom (literally or figuratively)","strongs_number":"g3566"},"g3567":{"pronunciation":"noom-fohn'","unicode":"νυμφών","translit":"nymphṓn","definition":"[νυμφών] from {{g3565}}; the bridal room","strongs_number":"g3567"},"g3568":{"pronunciation":"noon","unicode":"νῦν","translit":"nŷn","definition":"[νῦν] a primary particle of present time; \"now\" (as adverb of date, a transition or emphasis); also as noun or adjective present or immediate See also {{g3569}}, {{g3570}}.","strongs_number":"g3568"},"g3569":{"pronunciation":"tan-oon'","unicode":"τανῦν","translit":"tanŷn","definition":"[τανῦν]  or       τὰ νῦνfrom neuter plural of {{g3588}} and {{g3568}}; the things now, i.e. (adverbially) at present","strongs_number":"g3569"},"g3570":{"pronunciation":"noo-nee'","unicode":"νυνί","translit":"nyní","definition":"[νυνί] a prolonged form of {{g3568}} for emphasis; just now","strongs_number":"g3570"},"g3571":{"pronunciation":"noox","unicode":"νύξ","translit":"nýx","definition":"[νύξ] a primary word; \"night\" (literally or figuratively)","strongs_number":"g3571"},"g3572":{"pronunciation":"noos'-so","unicode":"νύσσω","translit":"nýssō","definition":"[νύσσω] apparently a primary word; to prick (\"nudge\")","strongs_number":"g3572"},"g3573":{"pronunciation":"noos-tad'-zo","unicode":"νυστάζω","translit":"nystázō","definition":"[νυστάζω] from a presumed derivative of {{g3506}}; to nod, i.e. (by implication) to fall asleep; figuratively, to delay","strongs_number":"g3573"},"g3574":{"pronunciation":"nookh-thay'-mer-on","unicode":"νυχθήμερον","translit":"nychthḗmeron","definition":"[νυχθήμερον] from {{g3571}} and {{g2250}}; a day-and-night, i.e. full day of twenty-four hours","strongs_number":"g3574"},"g3575":{"pronunciation":"no'-eh","unicode":"Νῶε","translit":"Nōe","definition":"[Νῶε] of Hebrew origin ({{h5146}}); Noë, (i.e. Noäch), a patriarch","strongs_number":"g3575"},"g3576":{"pronunciation":"no-thros'","unicode":"νωθρός","translit":"nōthrós","definition":"[νωθρός] from a derivative of {{g3541}}; sluggish, i.e. (literally) lazy, or (figuratively) stupid","strongs_number":"g3576"},"g3577":{"pronunciation":"no'-tos","unicode":"νῶτος","translit":"nōtos","definition":"[νῶτος] of uncertain affinity; the back","strongs_number":"g3577"},"g3578":{"pronunciation":"xen-ee'-ah","unicode":"ξενία","translit":"xenía","definition":"[ξενία] from {{g3581}}; hospitality, i.e. (by implication) a place of entertainment","strongs_number":"g3578"},"g3579":{"pronunciation":"xen-id'-zo","unicode":"ξενίζω","translit":"xenízō","definition":"[ξενίζω] from {{g3581}}; to be a host (passively, a guest); by implication, be (make, appear) strange","strongs_number":"g3579"},"g3580":{"pronunciation":"xen-od-okh-eh'-o","unicode":"ξενοδοχέω","translit":"xenodochéō","definition":"[ξενοδοχέω] from a compound of {{g3581}} and {{g1209}}; to be hospitable","strongs_number":"g3580"},"g3581":{"pronunciation":"xen'-os","unicode":"ξένος","translit":"xénos","definition":"[ξένος] apparently a primary word; foreign (literally, alien, or figuratively, novel); by implication, a guest or (vice-versa) entertainer","strongs_number":"g3581"},"g3582":{"pronunciation":"xes'-tace","unicode":"ξέστης","translit":"xéstēs","definition":"[ξέστης] as if from ξέω (properly, to smooth; by implication, (of friction) to boil or heat); a vessel (as fashioned or for cooking) (or perhaps by corruption from the Latin , the sixth of a modius, i.e. about a pint), i.e. (specially), a measure for liquids or solids, (by analogy, a pitcher)","strongs_number":"g3582"},"g3583":{"pronunciation":"xay-rah'-ee-no","unicode":"ξηραίνω","translit":"xēraínō","definition":"[ξηραίνω] from {{g3584}}; to desiccate; by implication, to shrivel, to mature","strongs_number":"g3583"},"g3584":{"pronunciation":"xay-ros'","unicode":"ξηρός","translit":"xērós","definition":"[ξηρός] from the base of {{g3582}} (through the idea of scorching); arid; by implication, shrunken, earth (as opposed to water)","strongs_number":"g3584"},"g3585":{"pronunciation":"xoo'-lin-os","unicode":"ξύλινος","translit":"xýlinos","definition":"[ξύλινος] from {{g3586}}; wooden","strongs_number":"g3585"},"g3586":{"pronunciation":"xoo'-lon","unicode":"ξύλον","translit":"xýlon","definition":"[ξύλον] from another form of the base of {{g3582}}; timber (as fuel or material); by implication, a stick, club or tree or other wooden article or substance","strongs_number":"g3586"},"g3587":{"pronunciation":"xoo-rah'-o","unicode":"ξυράω","translit":"xyráō","definition":"[ξυράω] from a derivative of the same as {{g3586}} (meaning a razor); to shave or \"shear\" the hair","strongs_number":"g3587"},"g3588":{"pronunciation":"ho","unicode":"ὁ","translit":"ho","definition":"[ὁ] , including the feminine      ἡ, and the neuter      τό in all their inflections;  the definite article; the (sometimes to be supplied, at others omitted, in English idiom)","strongs_number":"g3588"},"g3589":{"pronunciation":"og-do-ay'-kon-tah","unicode":"ὀγδοήκοντα","translit":"ogdoḗkonta","definition":"[ὀγδοήκοντα] from {{g3590}}; ten times eight","strongs_number":"g3589"},"g3590":{"pronunciation":"og'-do-os","unicode":"ὄγδοος","translit":"ógdoos","definition":"[ὄγδοος] from {{g3638}}; the eighth","strongs_number":"g3590"},"g3591":{"pronunciation":"ong'-kos","unicode":"ὄγκος","translit":"ónkos","definition":"[ὄγκος] probably from the same as {{g43}}; a mass (as bending or bulging by its load), i.e. burden (hindrance)","strongs_number":"g3591"},"g3592":{"pronunciation":"hod'-eh","unicode":"ὅδε","translit":"hóde","definition":"[ὅδε] , including the feminine      ἥδε, and the neuter      τόδεfrom {{g3588}} and {{g1161}}; the same, i.e. this or that one (plural these or those); often used as a personal pronoun","strongs_number":"g3592"},"g3593":{"pronunciation":"hod-yoo'-o","unicode":"ὁδεύω","translit":"hodeúō","definition":"[ὁδεύω] from {{g3598}}; to travel","strongs_number":"g3593"},"g3594":{"pronunciation":"hod-ayg-eh'-o","unicode":"ὁδηγέω","translit":"hodēgéō","definition":"[ὁδηγέω] from {{g3595}}; to show the way (literally or figuratively (teach))","strongs_number":"g3594"},"g3595":{"pronunciation":"hod-ayg-os'","unicode":"ὁδηγός","translit":"hodēgós","definition":"[ὁδηγός] from {{g3598}} and {{g2233}}; a conductor (literally or figuratively (teacher))","strongs_number":"g3595"},"g3596":{"pronunciation":"hod-oy-por-eh'-o","unicode":"ὁδοιπορέω","translit":"hodoiporéō","definition":"[ὁδοιπορέω] from a compound of {{g3598}} and {{g4198}}; to be a wayfarer, i.e. travel","strongs_number":"g3596"},"g3597":{"pronunciation":"hod-oy-por-ee'-ah","unicode":"ὁδοιπορία","translit":"hodoiporía","definition":"[ὁδοιπορία] from the same as {{g3596}}; travel","strongs_number":"g3597"},"g3598":{"pronunciation":"hod-os'","unicode":"ὁδός","translit":"hodós","definition":"[ὁδός] apparently a primary word; a road; by implication, a progress (the route, act or distance); figuratively, a mode or means","strongs_number":"g3598"},"g3599":{"pronunciation":"od-ooce","unicode":"ὀδούς","translit":"odoús","definition":"[ὀδούς] perhaps from the base of {{g2068}}; a \"tooth\"","strongs_number":"g3599"},"g3600":{"pronunciation":"od-oo-nah'-o","unicode":"ὀδυνάω","translit":"odynáō","definition":"[ὀδυνάω] from {{g3601}}; to grieve","strongs_number":"g3600"}}