{"g3801":{"pronunciation":"ho own kahee ho ane kahee ho er-khom'-en-os","unicode":"ὁ ὢν καί ὁ ἦν καί ὁ ἐρχόμενος","translit":"ho ṑn kaí ho ēn kaí ho erchómenos","definition":"[ὁ ὢν καί ὁ ἦν καί ὁ ἐρχόμενος] a phrase combining {{g3588}} with the present participle and imperfect of {{g1510}} and the present participle of {{g2064}} by means of {{g2532}}; the one being and the one that was and the one coming, i.e. the Eternal, as a divine epithet of Christ","strongs_number":"g3801"},"g3802":{"pronunciation":"pag-id-yoo'-o","unicode":"παγιδεύω","translit":"pagideúō","definition":"[παγιδεύω] from {{g3803}}; to ensnare (figuratively)","strongs_number":"g3802"},"g3803":{"pronunciation":"pag-ece'","unicode":"παγίς","translit":"pagís","definition":"[παγίς] from {{g4078}}; a trap (as fastened by a noose or notch); figuratively, a trick or statagem (temptation)","strongs_number":"g3803"},"g3804":{"pronunciation":"path'-ay-mah","unicode":"πάθημα","translit":"páthēma","definition":"[πάθημα] from a presumed derivative of {{g3806}}; something undergone, i.e. hardship or pain; subjectively, an emotion or influence","strongs_number":"g3804"},"g3805":{"pronunciation":"path-ay-tos'","unicode":"παθητός","translit":"pathētós","definition":"[παθητός] from the same as {{g3804}}; liable (i.e. doomed) to experience pain","strongs_number":"g3805"},"g3806":{"pronunciation":"path'-os","unicode":"πάθος","translit":"páthos","definition":"[πάθος] from the alternate of {{g3958}}; properly, suffering (\"pathos\"), i.e. (subjectively) a passion (especially concupiscence)","strongs_number":"g3806"},"g3807":{"pronunciation":"pahee-dag-o-gos'","unicode":"παιδαγωγός","translit":"paidagōgós","definition":"[παιδαγωγός] from {{g3816}} and a reduplicated form of {{g71}}; a boy-leader, i.e. a servant whose office it was to take the children to school; (by implication, (figuratively) a tutor (\"pædagogue\"))","strongs_number":"g3807"},"g3808":{"pronunciation":"pahee-dar'-ee-on","unicode":"παιδάριον","translit":"paidárion","definition":"[παιδάριον] neuter of a presumed derivative of {{g3816}}; a little boy","strongs_number":"g3808"},"g3809":{"pronunciation":"pahee-di'-ah","unicode":"παιδεία","translit":"paideía","definition":"[παιδεία] from {{g3811}}; tutorage, i.e. education or training; by implication, disciplinary correction","strongs_number":"g3809"},"g3810":{"pronunciation":"pahee-dyoo-tace'","unicode":"παιδευτής","translit":"paideutḗs","definition":"[παιδευτής] from {{g3811}}; a trainer, i.e. teacher or (by implication) discipliner","strongs_number":"g3810"},"g3811":{"pronunciation":"pahee-dyoo'-o","unicode":"παιδεύω","translit":"paideúō","definition":"[παιδεύω] from {{g3816}}; to train up a child, i.e. educate, or (by implication), discipline (by punishment)","strongs_number":"g3811"},"g3812":{"pronunciation":"pahee-dee-oth'-en","unicode":"παιδιόθεν","translit":"paidióthen","definition":"[παιδιόθεν] adverb (of source) from {{g3813}}; from infancy","strongs_number":"g3812"},"g3813":{"pronunciation":"pahee-dee'-on","unicode":"παιδίον","translit":"paidíon","definition":"[παιδίον] neuter diminutive of {{g3816}}; a childling (of either sex), i.e. (properly), an infant, or (by extension) a half-grown boy or girl; figuratively, an immature Christian","strongs_number":"g3813"},"g3814":{"pronunciation":"pahee-dis'-kay","unicode":"παιδίσκη","translit":"paidískē","definition":"[παιδίσκη] feminine diminutive of {{g3816}}; a girl, i.e. (specially), a female slave or servant","strongs_number":"g3814"},"g3815":{"pronunciation":"paheed'-zo","unicode":"παίζω","translit":"paízō","definition":"[παίζω] from {{g3816}}; to sport (as a boy)","strongs_number":"g3815"},"g3816":{"pronunciation":"paheece","unicode":"παῖς","translit":"paîs","definition":"[παῖς] perhaps from {{g3817}}; a boy (as often beaten with impunity), or (by analogy), a girl, and (genitive case) a child; specially, a slave or servant (especially a minister to a king; and by eminence to God)","strongs_number":"g3816"},"g3817":{"pronunciation":"pah'-yo","unicode":"παίω","translit":"paíō","definition":"[παίω] a primary verb; to hit (as if by a single blow and less violently than {{g5180}}); specially, to sting (as a scorpion)","strongs_number":"g3817"},"g3818":{"pronunciation":"pak-at-ee-an-ay'","unicode":"Πακατιανή","translit":"Pakatianḗ","definition":"[Πακατιανή] feminine of an adjective of uncertain derivation; Pacatianian, a section of Phrygia","strongs_number":"g3818"},"g3819":{"pronunciation":"pal'-ahee","unicode":"πάλαι","translit":"pálai","definition":"[πάλαι] probably another form for {{g3825}} (through the idea of retrocession); (adverbially) formerly, or (by relatively) sometime since; (elliptically as adjective) ancient","strongs_number":"g3819"},"g3820":{"pronunciation":"pal-ah-yos'","unicode":"παλαιός","translit":"palaiós","definition":"[παλαιός] from {{g3819}}; antique, i.e. not recent, worn out","strongs_number":"g3820"},"g3821":{"pronunciation":"pal-ah-yot'-ace","unicode":"παλαιότης","translit":"palaiótēs","definition":"[παλαιότης] from {{g3820}}; antiquatedness","strongs_number":"g3821"},"g3822":{"pronunciation":"pal-ah-yo'-o","unicode":"παλαιόω","translit":"palaióō","definition":"[παλαιόω] from {{g3820}}; to make (passively, become) worn out, or declare obsolete","strongs_number":"g3822"},"g3823":{"pronunciation":"pal'-ay","unicode":"πάλη","translit":"pálē","definition":"[πάλη] from πάλλω (to vibrate; another form for {{g906}}); wrestling","strongs_number":"g3823"},"g3824":{"pronunciation":"pal-ing-ghen-es-ee'-ah","unicode":"παλιγγενεσία","translit":"palingenesía","definition":"[παλιγγενεσία] from {{g3825}} and {{g1078}}; (spiritual) rebirth (the state or the act), i.e. (figuratively) spiritual renovation; specially, Messianic restoration","strongs_number":"g3824"},"g3825":{"pronunciation":"pal'-in","unicode":"πάλιν","translit":"pálin","definition":"[πάλιν] probably from the same as {{g3823}} (through the idea of oscillatory repetition); (adverbially) anew, i.e. (of place) back, (of time) once more, or (conjunctionally) furthermore or on the other hand","strongs_number":"g3825"},"g3826":{"pronunciation":"pam-play-thi'","unicode":"παμπληθεί","translit":"pamplētheí","definition":"[παμπληθεί] dative case (adverb) of a compound of {{g3956}} and {{g4128}}; in full multitude, i.e. concertedly or simultaneously","strongs_number":"g3826"},"g3827":{"pronunciation":"pam-pol-ooce","unicode":"πάμπολυς","translit":"pámpolys","definition":"[πάμπολυς] from {{g3956}} and {{g4183}}; full many, i.e. immense","strongs_number":"g3827"},"g3828":{"pronunciation":"pam-fool-ee'-ah","unicode":"Παμφυλία","translit":"Pamphylía","definition":"[Παμφυλία] from a compound of {{g3956}} and {{g4443}}; every-tribal, i.e. heterogeneous ({{g5561}} being implied); Pamphylia, a region of Asia Minor","strongs_number":"g3828"},"g3829":{"pronunciation":"pan-dokk-i'-on","unicode":"πανδοχεῖον","translit":"pandocheîon","definition":"[πανδοχεῖον] neuter of a presumed compound of {{g3956}} and a derivative of {{g1209}}; all-receptive, i.e. a public lodging-place (caravanserai or khan)","strongs_number":"g3829"},"g3830":{"pronunciation":"pan-dokh-yoos'","unicode":"πανδοχεύς","translit":"pandocheús","definition":"[πανδοχεύς] from the same as {{g3829}}; an innkeeper (warden of a caravanserai)","strongs_number":"g3830"},"g3831":{"pronunciation":"pan-ay'-goo-ris","unicode":"πανήγυρις","translit":"panḗgyris","definition":"[πανήγυρις] from {{g3956}} and a derivative of {{g58}}; a mass-meeting, i.e. (figuratively) universal companionship","strongs_number":"g3831"},"g3832":{"pronunciation":"pan-oy-kee'","unicode":"πανοικί","translit":"panoikí","definition":"[πανοικί] adverb from {{g3956}} and {{g3624}}; with the whole family","strongs_number":"g3832"},"g3833":{"pronunciation":"pan-op-lee'-ah","unicode":"πανοπλία","translit":"panoplía","definition":"[πανοπλία] from a compound of {{g3956}} and {{g3696}}; full armor (\"panoply\")","strongs_number":"g3833"},"g3834":{"pronunciation":"pan-oorg-ee'-ah","unicode":"πανουργία","translit":"panourgía","definition":"[πανουργία] from {{g3835}}; adroitness, i.e. (in a bad sense) trickery or sophistry","strongs_number":"g3834"},"g3835":{"pronunciation":"pan-oor'-gos","unicode":"πανοῦργος","translit":"panoûrgos","definition":"[πανοῦργος] from {{g3956}} and {{g2041}}; all-working, i.e. adroit (shrewd)","strongs_number":"g3835"},"g3836":{"pronunciation":"pan-takh-oth'-en","unicode":"πανταχόθεν","translit":"pantachóthen","definition":"[πανταχόθεν] adverb (of source) from {{g3837}}; from all directions","strongs_number":"g3836"},"g3837":{"pronunciation":"pan-takh-oo'","unicode":"πανταχοῦ","translit":"pantachoû","definition":"[πανταχοῦ] genitive case (as adverb of place) of a presumed derivative of {{g3956}}; universally","strongs_number":"g3837"},"g3838":{"pronunciation":"pan-tel-ace'","unicode":"παντελής","translit":"pantelḗs","definition":"[παντελής] from {{g3956}} and {{g5056}}; full-ended, i.e. entire (neuter as noun, completion)","strongs_number":"g3838"},"g3839":{"pronunciation":"pan'-tay","unicode":"πάντη","translit":"pántē","definition":"[πάντη] adverb (of manner) from {{g3956}}; wholly","strongs_number":"g3839"},"g3840":{"pronunciation":"pan-toth'-en","unicode":"πάντοθεν","translit":"pántothen","definition":"[πάντοθεν] adverb (of source) from {{g3956}}; from (i.e. on) all sides","strongs_number":"g3840"},"g3841":{"pronunciation":"pan-tok-rat'-ore","unicode":"παντοκράτωρ","translit":"pantokrátōr","definition":"[παντοκράτωρ] from {{g3956}} and {{g2904}}; the all-ruling, i.e. God (as absolute and universal sovereign)","strongs_number":"g3841"},"g3842":{"pronunciation":"pan'-tot-eh","unicode":"πάντοτε","translit":"pántote","definition":"[πάντοτε] from {{g3956}} and {{g3753}}; every when, i.e. at all times","strongs_number":"g3842"},"g3843":{"pronunciation":"pan'-toce","unicode":"πάντως","translit":"pántōs","definition":"[πάντως] adverb from {{g3956}}; entirely; specially, at all events, (with negative, following) in no event","strongs_number":"g3843"},"g3844":{"pronunciation":"par-ah'","unicode":"παρά","translit":"pará","definition":"[παρά] a primary preposition; properly, near; i.e. (with genitive case) from beside (literally or figuratively), (with dative case) at (or in) the vicinity of (objectively or subjectively), (with accusative case) to the proximity with (local (especially beyond or opposed to) or causal (on account of) In compounds it retains the same variety of application.","strongs_number":"g3844"},"g3845":{"pronunciation":"par-ab-ah'-ee-no","unicode":"παραβαίνω","translit":"parabaínō","definition":"[παραβαίνω] from {{g3844}} and the base of {{g939}}; to go contrary to, i.e. violate a command","strongs_number":"g3845"},"g3846":{"pronunciation":"par-ab-al'-lo","unicode":"παραβάλλω","translit":"parabállō","definition":"[παραβάλλω] from {{g3844}} and {{g906}}; to throw alongside, i.e. (reflexively) to reach a place, or (figuratively) to liken","strongs_number":"g3846"},"g3847":{"pronunciation":"par-ab'-as-is","unicode":"παράβασις","translit":"parábasis","definition":"[παράβασις] from {{g3845}}; violation","strongs_number":"g3847"},"g3848":{"pronunciation":"par-ab-at'-ace","unicode":"παραβάτης","translit":"parabátēs","definition":"[παραβάτης] from {{g3845}}; a violator","strongs_number":"g3848"},"g3849":{"pronunciation":"par-ab-ee-ad'-zom-ahee","unicode":"παραβιάζομαι","translit":"parabiázomai","definition":"[παραβιάζομαι] from {{g3844}} and the middle voice of {{g971}}; to force contrary to (nature), i.e. compel (by entreaty)","strongs_number":"g3849"},"g3850":{"pronunciation":"par-ab-ol-ay'","unicode":"παραβολή","translit":"parabolḗ","definition":"[παραβολή] from {{g3846}}; a similitude (\"parable\"), i.e. (symbolic) fictitious narrative (of common life conveying a moral), apothegm or adage","strongs_number":"g3850"},"g3851":{"pronunciation":"par-ab-ool-yoo'-om-ahee","unicode":"παραβουλεύομαι","translit":"parabouleúomai","definition":"[παραβουλεύομαι] from {{g3844}} and the middle voice of {{g1011}}; to misconsult, i.e. disregard","strongs_number":"g3851"},"g3852":{"pronunciation":"par-ang-gel-ee'-ah","unicode":"παραγγελία","translit":"parangelía","definition":"[παραγγελία] from {{g3853}}; a mandate","strongs_number":"g3852"},"g3853":{"pronunciation":"par-ang-gel'-lo","unicode":"παραγγέλλω","translit":"parangéllō","definition":"[παραγγέλλω] from {{g3844}} and the base of {{g32}}; to transmit a message, i.e. (by implication) to enjoin","strongs_number":"g3853"},"g3854":{"pronunciation":"par-ag-in'-om-ahee","unicode":"παραγίνομαι","translit":"paragínomai","definition":"[παραγίνομαι] from {{g3844}} and {{g1096}}; to become near, i.e. approach (have arrived); by implication, to appear publicly","strongs_number":"g3854"},"g3855":{"pronunciation":"par-ag'-o","unicode":"παράγω","translit":"parágō","definition":"[παράγω] from {{g3844}} and {{g71}}; to lead near, i.e. (reflexively or intransitively) to go along or away","strongs_number":"g3855"},"g3856":{"pronunciation":"par-ad-igue-mat-id'-zo","unicode":"παραδειγματίζω","translit":"paradeigmatízō","definition":"[παραδειγματίζω] from {{g3844}} and {{g1165}}; to show alongside (the public), i.e. expose to infamy","strongs_number":"g3856"},"g3857":{"pronunciation":"par-ad'-i-sos","unicode":"παράδεισος","translit":"parádeisos","definition":"[παράδεισος] of Oriental origin (compare {{h6508}}); a park, i.e. (specially), an Eden (place of future happiness, \"paradise\")","strongs_number":"g3857"},"g3858":{"pronunciation":"par-ad-ekh'-om-ahee","unicode":"παραδέχομαι","translit":"paradéchomai","definition":"[παραδέχομαι] from {{g3844}} and {{g1209}}; to accept near, i.e. admit or (by implication) delight in","strongs_number":"g3858"},"g3859":{"pronunciation":"par-ad-ee-at-ree-bay'","unicode":"παραδιατριβή","translit":"paradiatribḗ","definition":"[παραδιατριβή] from a compound of {{g3844}} and {{g1304}}; misemployment, i.e. meddlesomeness","strongs_number":"g3859"},"g3860":{"pronunciation":"par-ad-id'-o-mee","unicode":"παραδίδωμι","translit":"paradídōmi","definition":"[παραδίδωμι] from {{g3844}} and {{g1325}}; to surrender, i.e yield up, intrust, transmit","strongs_number":"g3860"},"g3861":{"pronunciation":"par-ad'-ox-os","unicode":"παράδοξος","translit":"parádoxos","definition":"[παράδοξος] from {{g3844}} and {{g1391}} (in the sense of seeming); contrary to expectation, i.e. extraordinary (\"paradox\")","strongs_number":"g3861"},"g3862":{"pronunciation":"par-ad'-os-is","unicode":"παράδοσις","translit":"parádosis","definition":"[παράδοσις] from {{g3860}}; transmission, i.e. (concretely) a precept; specially, the Jewish traditionary law","strongs_number":"g3862"},"g3863":{"pronunciation":"par-ad-zay-lo'-o","unicode":"παραζηλόω","translit":"parazēlóō","definition":"[παραζηλόω] from {{g3844}} and {{g2206}}; to stimulate alongside, i.e. excite to rivalry","strongs_number":"g3863"},"g3864":{"pronunciation":"par-ath-al-as'-see-os","unicode":"παραθαλάσσιος","translit":"parathalássios","definition":"[παραθαλάσσιος] from {{g3844}} and {{g2281}}; along the sea, i.e. maritime (lacustrine)","strongs_number":"g3864"},"g3865":{"pronunciation":"par-ath-eh-o-reh'-o","unicode":"παραθεωρέω","translit":"paratheōréō","definition":"[παραθεωρέω] from {{g3844}} and {{g2334}}; to overlook or disregard","strongs_number":"g3865"},"g3866":{"pronunciation":"par-ath-ay'-kay","unicode":"παραθήκη","translit":"parathḗkē","definition":"[παραθήκη] from {{g3908}}; a deposit, i.e. (figuratively) trust","strongs_number":"g3866"},"g3867":{"pronunciation":"par-ahee-neh'-o","unicode":"παραινέω","translit":"parainéō","definition":"[παραινέω] from {{g3844}} and {{g134}}; to mispraise, i.e. recommend or advise (a different course)","strongs_number":"g3867"},"g3868":{"pronunciation":"par-ahee-teh'-om-ahee","unicode":"παραιτέομαι","translit":"paraitéomai","definition":"[παραιτέομαι] from {{g3844}} and the middle voice of {{g154}}; to beg off, i.e. deprecate, decline, shun","strongs_number":"g3868"},"g3869":{"pronunciation":"par-ak-ath-id'-zo","unicode":"παρακαθίζω","translit":"parakathízō","definition":"[παρακαθίζω] from {{g3844}} and {{g2523}}; to sit down near","strongs_number":"g3869"},"g3870":{"pronunciation":"par-ak-al-eh'-o","unicode":"παρακαλέω","translit":"parakaléō","definition":"[παρακαλέω] from {{g3844}} and {{g2564}}; to call near, i.e. invite, invoke (by imploration, hortation or consolation)","strongs_number":"g3870"},"g3871":{"pronunciation":"par-ak-al-oop'-to","unicode":"παρακαλύπτω","translit":"parakalýptō","definition":"[παρακαλύπτω] from {{g3844}} and {{g2572}}; to cover alongside, i.e. veil (figuratively)","strongs_number":"g3871"},"g3872":{"pronunciation":"par-ak-at-ath-ay'-kay","unicode":"παρακαταθήκη","translit":"parakatathḗkē","definition":"[παρακαταθήκη] from a compound of {{g3844}} and {{g2698}}; something put down alongside, i.e. a deposit (sacred trust)","strongs_number":"g3872"},"g3873":{"pronunciation":"par-ak'-i-mahee","unicode":"παράκειμαι","translit":"parákeimai","definition":"[παράκειμαι] from {{g3844}} and {{g2749}}; to lie near, i.e. be at hand (figuratively, be prompt or easy)","strongs_number":"g3873"},"g3874":{"pronunciation":"par-ak'-lay-sis","unicode":"παράκλησις","translit":"paráklēsis","definition":"[παράκλησις] from {{g3870}}; imploration, hortation, solace","strongs_number":"g3874"},"g3875":{"pronunciation":"par-ak'-lay-tos","unicode":"παράκλητος","translit":"paráklētos","definition":"[παράκλητος] an intercessor, consoler","strongs_number":"g3875"},"g3876":{"pronunciation":"par-ak-o-ay'","unicode":"παρακοή","translit":"parakoḗ","definition":"[παρακοή] from {{g3878}}; inattention, i.e. (by implication) disobedience","strongs_number":"g3876"},"g3877":{"pronunciation":"par-ak-ol-oo-theh'-o","unicode":"παρακολουθέω","translit":"parakolouthéō","definition":"[παρακολουθέω] from {{g3844}} and {{g190}}; to follow near, i.e. (figuratively) attend (as a result), trace out, conform to","strongs_number":"g3877"},"g3878":{"pronunciation":"par-ak-oo'-o","unicode":"παρακούω","translit":"parakoúō","definition":"[παρακούω] from {{g3844}} and {{g191}}; to mishear, i.e. (by implication) to disobey","strongs_number":"g3878"},"g3879":{"pronunciation":"par-ak-oop'-to","unicode":"παρακύπτω","translit":"parakýptō","definition":"[παρακύπτω] from {{g3844}} and {{g2955}}; to bend beside, i.e. lean over (so as to peer within)","strongs_number":"g3879"},"g3880":{"pronunciation":"par-al-am-ban'-o","unicode":"παραλαμβάνω","translit":"paralambánō","definition":"[παραλαμβάνω] from {{g3844}} and {{g2983}}; to receive near, i.e. associate with oneself (in any familiar or intimate act or relation); by analogy, to assume an office; figuratively, to learn","strongs_number":"g3880"},"g3881":{"pronunciation":"par-al-eg'-om-ahee","unicode":"παραλέγομαι","translit":"paralégomai","definition":"[παραλέγομαι] from {{g3844}} and the middle voice of {{g3004}} (in its original sense); (specially), to lay one's course near, i.e. sail past","strongs_number":"g3881"},"g3882":{"pronunciation":"par-al'-ee-os","unicode":"παράλιος","translit":"parálios","definition":"[παράλιος] from {{g3844}} and {{g251}}; beside the salt (sea), i.e. maritime","strongs_number":"g3882"},"g3883":{"pronunciation":"par-al-lag-ay'","unicode":"παραλλαγή","translit":"parallagḗ","definition":"[παραλλαγή] from a compound of {{g3844}} and {{g236}}; transmutation (of phase or orbit), i.e. (figuratively) fickleness","strongs_number":"g3883"},"g3884":{"pronunciation":"par-al-og-id'-zom-ahee","unicode":"παραλογίζομαι","translit":"paralogízomai","definition":"[παραλογίζομαι] from {{g3844}} and {{g3049}}; to misreckon, i.e. delude","strongs_number":"g3884"},"g3885":{"pronunciation":"par-al-oo-tee-kos'","unicode":"παραλυτικός","translit":"paralytikós","definition":"[παραλυτικός] from a derivative of {{g3886}}; as if dissolved, i.e. \"paralytic\"","strongs_number":"g3885"},"g3886":{"pronunciation":"par-al-oo'-o","unicode":"παραλύω","translit":"paralýō","definition":"[παραλύω] from {{g3844}} and {{g3089}}; to loosen beside, i.e. relax (perfect passive participle, paralyzed or enfeebled)","strongs_number":"g3886"},"g3887":{"pronunciation":"par-am-en'-o","unicode":"παραμένω","translit":"paraménō","definition":"[παραμένω] from {{g3844}} and {{g3306}}; to stay near, i.e. remain (literally, tarry; or figuratively, be permanent, persevere)","strongs_number":"g3887"},"g3888":{"pronunciation":"par-am-oo-theh'-om-ahee","unicode":"παραμυθέομαι","translit":"paramythéomai","definition":"[παραμυθέομαι] from {{g3844}} and the middle voice of a derivative of {{g3454}}; to relate near, i.e. (by implication) encourage, console","strongs_number":"g3888"},"g3889":{"pronunciation":"par-am-oo-thee'-ah","unicode":"παραμυθία","translit":"paramythía","definition":"[παραμυθία] from {{g3888}}; consolation (properly, abstract)","strongs_number":"g3889"},"g3890":{"pronunciation":"par-am-oo'-thee-on","unicode":"παραμύθιον","translit":"paramýthion","definition":"[παραμύθιον] neuter of {{g3889}}; consolation (properly, concretely)","strongs_number":"g3890"},"g3891":{"pronunciation":"par-an-om-eh'-o","unicode":"παρανομέω","translit":"paranoméō","definition":"[παρανομέω] from a compound of {{g3844}} and {{g3551}}; to be opposed to law, i.e. to transgress","strongs_number":"g3891"},"g3892":{"pronunciation":"par-an-om-ee'-ah","unicode":"παρανομία","translit":"paranomía","definition":"[παρανομία] from the same as {{g3891}}; transgression","strongs_number":"g3892"},"g3893":{"pronunciation":"par-ap-ik-rah'-ee-no","unicode":"παραπικραίνω","translit":"parapikraínō","definition":"[παραπικραίνω] from {{g3844}} and {{g4087}}; to embitter alongside, i.e. (figuratively) to exasperate","strongs_number":"g3893"},"g3894":{"pronunciation":"par-ap-ik-ras-mos'","unicode":"παραπικρασμός","translit":"parapikrasmós","definition":"[παραπικρασμός] from {{g3893}}; irritation","strongs_number":"g3894"},"g3895":{"pronunciation":"par-ap-ip'-to","unicode":"παραπίπτω","translit":"parapíptō","definition":"[παραπίπτω] from {{g3844}} and {{g4098}}; to fall aside, i.e. (figuratively) to apostatize","strongs_number":"g3895"},"g3896":{"pronunciation":"par-ap-leh'-o","unicode":"παραπλέω","translit":"parapléō","definition":"[παραπλέω] from {{g3844}} and {{g4126}}; to sail near","strongs_number":"g3896"},"g3897":{"pronunciation":"par-ap-lay'-see-on","unicode":"παραπλήσιον","translit":"paraplḗsion","definition":"[παραπλήσιον] neuter of a compound of {{g3844}} and the base of {{g4139}} (as adverb); close by, i.e. (figuratively) almost","strongs_number":"g3897"},"g3898":{"pronunciation":"par-ap-lay-see'-oce","unicode":"παραπλησίως","translit":"paraplēsíōs","definition":"[παραπλησίως] adverb from the same as {{g3897}}; in a manner near by, i.e. (figuratively) similarly","strongs_number":"g3898"},"g3899":{"pronunciation":"par-ap-or-yoo'-om-ahee","unicode":"παραπορεύομαι","translit":"paraporeúomai","definition":"[παραπορεύομαι] from {{g3844}} and {{g4198}}; to travel near","strongs_number":"g3899"},"g3900":{"pronunciation":"par-ap'-to-mah","unicode":"παράπτωμα","translit":"paráptōma","definition":"[παράπτωμα] from {{g3895}}; a side-slip (lapse or deviation), i.e. (unintentional) error or (wilful) transgression","strongs_number":"g3900"}}