{"g4301":{"pronunciation":"prol-am-ban'-o","unicode":"προλαμβάνω","translit":"prolambánō","definition":"[προλαμβάνω] from {{g4253}} and {{g2983}}; to take in advance, i.e. (literally) eat before others have an opportunity; (figuratively) to anticipate, surprise","strongs_number":"g4301"},"g4302":{"pronunciation":"prol-eg'-o","unicode":"προλέγω","translit":"prolégō","definition":"[προλέγω] from {{g4253}} and {{g3004}}; to say beforehand, i.e. predict, forewarn","strongs_number":"g4302"},"g4303":{"pronunciation":"prom-ar-too'-rom-ahee","unicode":"προμαρτύρομαι","translit":"promartýromai","definition":"[προμαρτύρομαι] from {{g4253}} and {{g3143}}; to be a witness in advance i.e. predict","strongs_number":"g4303"},"g4304":{"pronunciation":"prom-el-et-ah'-o","unicode":"προμελετάω","translit":"promeletáō","definition":"[προμελετάω] from {{g4253}} and {{g3191}}; to premeditate","strongs_number":"g4304"},"g4305":{"pronunciation":"prom-er-im-nah'-o","unicode":"προμεριμνάω","translit":"promerimnáō","definition":"[προμεριμνάω] from {{g4253}} and {{g3309}}; to care (anxiously) in advance","strongs_number":"g4305"},"g4306":{"pronunciation":"pron-o-eh'-o","unicode":"προνοέω","translit":"pronoéō","definition":"[προνοέω] from {{g4253}} and {{g3539}}; to consider in advance, i.e. look out for beforehand (actively, by way of maintenance for others; middle voice by way of circumspection for oneself)","strongs_number":"g4306"},"g4307":{"pronunciation":"pron'-oy-ah","unicode":"πρόνοια","translit":"prónoia","definition":"[πρόνοια] from {{g4306}}; forethought, i.e. provident care or supply","strongs_number":"g4307"},"g4308":{"pronunciation":"pro-or-ah'-o","unicode":"προοράω","translit":"prooráō","definition":"[προοράω] from {{g4253}} and {{g3708}}; to behold in advance, i.e. (actively) to notice (another) previously, or (middle voice) to keep in (one's own) view","strongs_number":"g4308"},"g4309":{"pronunciation":"pro-or-id'-zo","unicode":"προορίζω","translit":"proorízō","definition":"[προορίζω] from {{g4253}} and {{g3724}}; to limit in advance, i.e. (figuratively) predetermine","strongs_number":"g4309"},"g4310":{"pronunciation":"prop-as'-kho","unicode":"προπάσχω","translit":"propáschō","definition":"[προπάσχω] from {{g4253}} and {{g3958}}; to undergo hardship previously","strongs_number":"g4310"},"g4311":{"pronunciation":"prop-em'-po","unicode":"προπέμπω","translit":"propémpō","definition":"[προπέμπω] from {{g4253}} and {{g3992}}; to send forward, i.e. escort or aid in travel","strongs_number":"g4311"},"g4312":{"pronunciation":"prop-et-ace'","unicode":"προπετής","translit":"propetḗs","definition":"[προπετής] from a compound of {{g4253}} and {{g4098}}; falling forward, i.e. headlong (figuratively, precipitate)","strongs_number":"g4312"},"g4313":{"pronunciation":"prop-or-yoo'-om-ahee","unicode":"προπορεύομαι","translit":"proporeúomai","definition":"[προπορεύομαι] from {{g4253}} and {{g4198}}; to precede (as guide or herald)","strongs_number":"g4313"},"g4314":{"pronunciation":"pros","unicode":"πρός","translit":"prós","definition":"[πρός] a strengthened form of {{g4253}}; a preposition of direction; forward to, i.e. toward (with the genitive case, the side of, i.e. pertaining to; with the dative case, by the side of, i.e. near to; usually with the accusative case, the place, time, occasion, or respect, which is the destination of the relation, i.e. whither or for which it is predicated) In the comparative case, it denotes essentially the same applications, namely, motion towards, accession to, or nearness at.","strongs_number":"g4314"},"g4315":{"pronunciation":"pros-ab'-bat-on","unicode":"προσάββατον","translit":"prosábbaton","definition":"[προσάββατον] from {{g4253}} and {{g4521}}; a fore-sabbath, i.e. the Sabbath-eve Compare {{g3904}}.","strongs_number":"g4315"},"g4316":{"pronunciation":"pros-ag-or-yoo'-o","unicode":"προσαγορεύω","translit":"prosagoreúō","definition":"[προσαγορεύω] from {{g4314}} and a derivative of {{g58}} (mean to harangue); to address, i.e. salute by name","strongs_number":"g4316"},"g4317":{"pronunciation":"pros-ag'-o","unicode":"προσάγω","translit":"proságō","definition":"[προσάγω] from {{g4314}} and {{g71}}; to lead towards, i.e. (transitively) to conduct near (summon, present), or (intransitively) to approach","strongs_number":"g4317"},"g4318":{"pronunciation":"pros-ag-ogue-ay'","unicode":"προσαγωγή","translit":"prosagōgḗ","definition":"[προσαγωγή] from {{g4317}} (compare {{g72}}); admission","strongs_number":"g4318"},"g4319":{"pronunciation":"pros-ahee-teh'-o","unicode":"προσαιτέω","translit":"prosaitéō","definition":"[προσαιτέω] from {{g4314}} and {{g154}}; to ask repeatedly (importune), i.e. solicit","strongs_number":"g4319"},"g4320":{"pronunciation":"pros-an-ab-ah'-ee-no","unicode":"προσαναβαίνω","translit":"prosanabaínō","definition":"[προσαναβαίνω] from {{g4314}} and {{g305}}; to ascend farther, i.e. be promoted (take an upper (more honorable) seat)","strongs_number":"g4320"},"g4321":{"pronunciation":"pros-an-al-is'-ko","unicode":"προσαναλίσκω","translit":"prosanalískō","definition":"[προσαναλίσκω] from {{g4314}} and {{g355}}; to expend further","strongs_number":"g4321"},"g4322":{"pronunciation":"pros-an-ap-lay-ro'-o","unicode":"προσαναπληρόω","translit":"prosanaplēróō","definition":"[προσαναπληρόω] from {{g4314}} and {{g378}}; to fill up further, i.e. furnish fully","strongs_number":"g4322"},"g4323":{"pronunciation":"pros-an-at-ith'-ay-mee","unicode":"προσανατίθημι","translit":"prosanatíthēmi","definition":"[προσανατίθημι] from {{g4314}} and {{g394}}; to lay up in addition, i.e. (middle voice and figuratively) to impart or (by implication) to consult","strongs_number":"g4323"},"g4324":{"pronunciation":"pros-ap-i-leh'-o","unicode":"προσαπειλέω","translit":"prosapeiléō","definition":"[προσαπειλέω] from {{g4314}} and {{g546}}; to menace additionallye. threaten further.","strongs_number":"g4324"},"g4325":{"pronunciation":"pros-dap-an-ah'-o","unicode":"προσδαπανάω","translit":"prosdapanáō","definition":"[προσδαπανάω] from {{g4314}} and {{g1159}}; to expend additionally","strongs_number":"g4325"},"g4326":{"pronunciation":"pros-deh'-om-ahee","unicode":"προσδέομαι","translit":"prosdéomai","definition":"[προσδέομαι] from {{g4314}} and {{g1189}}; to require additionally, i.e. want further","strongs_number":"g4326"},"g4327":{"pronunciation":"pros-dekh'-om-ahee","unicode":"προσδέχομαι","translit":"prosdéchomai","definition":"[προσδέχομαι] from {{g4314}} and {{g1209}}; to admit (to intercourse, hospitality, credence, or (figuratively) endurance); by implication, to await (with confidence or patience)","strongs_number":"g4327"},"g4328":{"pronunciation":"pros-dok-ah'-o","unicode":"προσδοκάω","translit":"prosdokáō","definition":"[προσδοκάω] from {{g4314}} and dokeuo (to watch); to anticipate (in thought, hope or fear); by implication, to await","strongs_number":"g4328"},"g4329":{"pronunciation":"pros-dok-ee'-ah","unicode":"προσδοκία","translit":"prosdokía","definition":"[προσδοκία] from {{g4328}}; apprehension (of evil); by implication, infliction anticipated","strongs_number":"g4329"},"g4330":{"pronunciation":"pros-eh-ah'-o","unicode":"προσεάω","translit":"proseáō","definition":"[προσεάω] from {{g4314}} and {{g1439}}; to permit further progress","strongs_number":"g4330"},"g4331":{"pronunciation":"pros-eng-ghid'-zo","unicode":"προσεγγίζω","translit":"prosengízō","definition":"[προσεγγίζω] from {{g4314}} and {{g1448}}; to approach near","strongs_number":"g4331"},"g4332":{"pronunciation":"pros-ed-ryoo'-o","unicode":"προσεδρεύω","translit":"prosedreúō","definition":"[προσεδρεύω] from a compound of {{g4314}} and the base of {{g1476}}; to sit near, i.e. attend as a servant","strongs_number":"g4332"},"g4333":{"pronunciation":"pros-er-gad'-zom-ahee","unicode":"προσεργάζομαι","translit":"prosergázomai","definition":"[προσεργάζομαι] from {{g4314}} and {{g2038}}; to work additionally, i.e. (by implication) acquire besides","strongs_number":"g4333"},"g4334":{"pronunciation":"pros-er'-khom-ahee","unicode":"προσέρχομαι","translit":"prosérchomai","definition":"[προσέρχομαι] from {{g4314}} and {{g2064}} (including its alternate); to approach, i.e. (literally) come near, visit, or (figuratively) worship, assent to","strongs_number":"g4334"},"g4335":{"pronunciation":"pros-yoo-khay'","unicode":"προσευχή","translit":"proseuchḗ","definition":"[προσευχή] from {{g4336}}; prayer (worship); by implication, an oratory (chapel)","strongs_number":"g4335"},"g4336":{"pronunciation":"pros-yoo'-khom-ahee","unicode":"προσεύχομαι","translit":"proseúchomai","definition":"[προσεύχομαι] from {{g4314}} and {{g2172}}; to pray to God, i.e. supplicate, worship","strongs_number":"g4336"},"g4337":{"pronunciation":"pros-ekh'-o","unicode":"προσέχω","translit":"proséchō","definition":"[προσέχω] from {{g4314}} and {{g2192}}; (figuratively) to hold the mind (3563 implied) towards, i.e. pay attention to, be cautious about, apply oneself to, adhere to","strongs_number":"g4337"},"g4338":{"pronunciation":"pros-ay-lo'-o","unicode":"προσηλόω","translit":"prosēlóō","definition":"[προσηλόω] from {{g4314}} and a derivative of {{g2247}}; to peg to, i.e. spike fast","strongs_number":"g4338"},"g4339":{"pronunciation":"pros-ay'-loo-tos","unicode":"προσήλυτος","translit":"prosḗlytos","definition":"[προσήλυτος] from the alternate of {{g4334}}; an arriver from a foreign region, i.e. (specially), an acceder (convert) to Judaism (\"proselyte\")","strongs_number":"g4339"},"g4340":{"pronunciation":"pros'-kahee-ros","unicode":"πρόσκαιρος","translit":"próskairos","definition":"[πρόσκαιρος] from {{g4314}} and {{g2540}}; for the occasion only, i.e. temporary","strongs_number":"g4340"},"g4341":{"pronunciation":"pros-kal-eh'-om-ahee","unicode":"προσκαλέομαι","translit":"proskaléomai","definition":"[προσκαλέομαι] middle voice from {{g4314}} and {{g2564}}; to call toward oneself, i.e. summon, invite","strongs_number":"g4341"},"g4342":{"pronunciation":"pros-kar-ter-eh'-o","unicode":"προσκαρτερέω","translit":"proskarteréō","definition":"[προσκαρτερέω] from {{g4314}} and {{g2594}}; to be earnest towards, i.e. (to a thing) to persevere, be constantly diligent, or (in a place) to attend assiduously all the exercises, or (to a person) to adhere closely to (as a servitor)","strongs_number":"g4342"},"g4343":{"pronunciation":"pros-kar-ter'-ay-sis","unicode":"προσκαρτέρησις","translit":"proskartérēsis","definition":"[προσκαρτέρησις] from {{g4342}}; persistancy","strongs_number":"g4343"},"g4344":{"pronunciation":"pros-kef-al'-ahee-on","unicode":"προσκεφάλαιον","translit":"proskephálaion","definition":"[προσκεφάλαιον] neuter of a presumed compound of {{g4314}} and {{g2776}}; something for the head, i.e. a cushion","strongs_number":"g4344"},"g4345":{"pronunciation":"pros-klay-ro'-o","unicode":"προσκληρόω","translit":"prosklēróō","definition":"[προσκληρόω] from {{g4314}} and {{g2820}}; to give a common lot to, i.e. (figuratively) to associate with","strongs_number":"g4345"},"g4346":{"pronunciation":"pros'-klis-is","unicode":"πρόσκλισις","translit":"prósklisis","definition":"[πρόσκλισις] from a compound of {{g4314}} and {{g2827}}; a leaning towards, i.e. (figuratively) proclivity (favoritism)","strongs_number":"g4346"},"g4347":{"pronunciation":"pros-kol-lah'-o","unicode":"προσκολλάω","translit":"proskolláō","definition":"[προσκολλάω] from {{g4314}} and {{g2853}}; to glue to, i.e. (figuratively) to adhere","strongs_number":"g4347"},"g4348":{"pronunciation":"pros'-kom-mah","unicode":"πρόσκομμα","translit":"próskomma","definition":"[πρόσκομμα] from {{g4350}}; a stub, i.e. (figuratively) occasion of apostasy","strongs_number":"g4348"},"g4349":{"pronunciation":"pros-kop-ay'","unicode":"προσκοπή","translit":"proskopḗ","definition":"[προσκοπή] from {{g4350}}; a stumbling, i.e. (figuratively and concretely) occasion of sin","strongs_number":"g4349"},"g4350":{"pronunciation":"pros-kop'-to","unicode":"προσκόπτω","translit":"proskóptō","definition":"[προσκόπτω] from {{g4314}} and {{g2875}}; to strike at, i.e. surge against (as water); specially, to stub on, i.e. trip up (literally or figuratively)","strongs_number":"g4350"},"g4351":{"pronunciation":"pros-koo-lee'-o","unicode":"προσκυλίω","translit":"proskylíō","definition":"[προσκυλίω] from {{g4314}} and {{g2947}}; to roll towards, i.e. block against","strongs_number":"g4351"},"g4352":{"pronunciation":"pros-koo-neh'-o","unicode":"προσκυνέω","translit":"proskynéō","definition":"[προσκυνέω] from {{g4314}} and a probable derivative of {{g2965}} (meaning to kiss, like a dog licking his master's hand); to fawn or crouch to, i.e. (literally or figuratively) prostrate oneself in homage (do reverence to, adore)","strongs_number":"g4352"},"g4353":{"pronunciation":"pros-koo-nay-tace'","unicode":"προσκυνητής","translit":"proskynētḗs","definition":"[προσκυνητής] from {{g4352}}; an adorer","strongs_number":"g4353"},"g4354":{"pronunciation":"pros-lal-eh'-o","unicode":"προσλαλέω","translit":"proslaléō","definition":"[προσλαλέω] from {{g4314}} and {{g2980}}; to talk to, i.e. converse with","strongs_number":"g4354"},"g4355":{"pronunciation":"pros-lam-ban'-o","unicode":"προσλαμβάνω","translit":"proslambánō","definition":"[προσλαμβάνω] from {{g4314}} and {{g2983}}; to take to oneself, i.e. use (food), lead (aside), admit (to friendship or hospitality)","strongs_number":"g4355"},"g4356":{"pronunciation":"pros'-lape-sis","unicode":"πρόσληψις","translit":"próslēpsis","definition":"[πρόσληψις] from {{g4355}}; admission","strongs_number":"g4356"},"g4357":{"pronunciation":"pros-men'-o","unicode":"προσμένω","translit":"prosménō","definition":"[προσμένω] from {{g4314}} and {{g3306}}; to stay further, i.e. remain in a place, with a person; figuratively, to adhere to, persevere in","strongs_number":"g4357"},"g4358":{"pronunciation":"pros-or-mid'-zo","unicode":"προσορμίζω","translit":"prosormízō","definition":"[προσορμίζω] from {{g4314}} and a derivative of the same as {{g3730}} (meaning to tie (anchor) or lull); to moor to, i.e. (by implication) land at","strongs_number":"g4358"},"g4359":{"pronunciation":"pros-of-i'-lo","unicode":"προσοφείλω","translit":"prosopheílō","definition":"[προσοφείλω] from {{g4314}} and {{g3784}}; to be indebted additionally","strongs_number":"g4359"},"g4360":{"pronunciation":"pros-okh-thid'-zo","unicode":"προσοχθίζω","translit":"prosochthízō","definition":"[προσοχθίζω] from {{g4314}} and a form of ὀχθέω (to be vexed with something irksome); to feel indignant at","strongs_number":"g4360"},"g4361":{"pronunciation":"pros'-pi-nos","unicode":"πρόσπεινος","translit":"próspeinos","definition":"[πρόσπεινος] from {{g4314}} and the same as {{g3983}}; hungering further, i.e. intensely hungry","strongs_number":"g4361"},"g4362":{"pronunciation":"pros-payg'-noo-mee","unicode":"προσπήγνυμι","translit":"prospḗgnymi","definition":"[προσπήγνυμι] from {{g4314}} and {{g4078}}; to fasten to, i.e. (specially), to impale (on a cross)","strongs_number":"g4362"},"g4363":{"pronunciation":"pros-pip'-to","unicode":"προσπίπτω","translit":"prospíptō","definition":"[προσπίπτω] from {{g4314}} and {{g4098}}; to fall towards, i.e. (gently) prostrate oneself (in supplication or homage), or (violently) to rush upon (in storm)","strongs_number":"g4363"},"g4364":{"pronunciation":"pros-poy-eh'-om-ahee","unicode":"προσποιέομαι","translit":"prospoiéomai","definition":"[προσποιέομαι] middle voice from {{g4314}} and {{g4160}}; to do forward for oneself, i.e. pretend (as if about to do a thing)","strongs_number":"g4364"},"g4365":{"pronunciation":"pros-por-yoo'-om-ahee","unicode":"προσπορεύομαι","translit":"prosporeúomai","definition":"[προσπορεύομαι] from {{g4314}} and {{g4198}}; to journey towards, i.e. approach (not the same as {{g4313}})","strongs_number":"g4365"},"g4366":{"pronunciation":"pros-rayg'-noo-mee","unicode":"προσρήγνυμι","translit":"prosrḗgnymi","definition":"[προσρήγνυμι] from {{g4314}} and {{g4486}}; to tear towards, i.e. burst upon (as a tempest or flood)","strongs_number":"g4366"},"g4367":{"pronunciation":"pros-tas'-so","unicode":"προστάσσω","translit":"prostássō","definition":"[προστάσσω] from {{g4314}} and {{g5021}}; to arrange towards, i.e. (figuratively) enjoin","strongs_number":"g4367"},"g4368":{"pronunciation":"pros-tat'-is","unicode":"προστάτις","translit":"prostátis","definition":"[προστάτις] feminine of a derivative of {{g4291}}; a patroness, i.e. assistant","strongs_number":"g4368"},"g4369":{"pronunciation":"pros-tith'-ay-mee","unicode":"προστίθημι","translit":"prostíthēmi","definition":"[προστίθημι] from {{g4314}} and {{g5087}}; to place additionally, i.e. lay beside, annex, repeat","strongs_number":"g4369"},"g4370":{"pronunciation":"pros-trekh'-o","unicode":"προστρέχω","translit":"prostréchō","definition":"[προστρέχω] from {{g4314}} and {{g5143}} (including its alternate); to run towards, i.e. hasten to meet or join","strongs_number":"g4370"},"g4371":{"pronunciation":"pros-fag'-ee-on","unicode":"προσφάγιον","translit":"prosphágion","definition":"[προσφάγιον] neuter of a presumed derivative of a compound of {{g4314}} and {{g5315}}; something eaten in addition to bread, i.e. a relish (specially, fish; compare {{g3795}})","strongs_number":"g4371"},"g4372":{"pronunciation":"pros'-fat-os","unicode":"πρόσφατος","translit":"prósphatos","definition":"[πρόσφατος] from {{g4253}} and a derivative of {{g4969}}; previously (recently) slain (fresh), i.e. (figuratively) lately made","strongs_number":"g4372"},"g4373":{"pronunciation":"pros-fat'-oce","unicode":"προσφάτως","translit":"prosphátōs","definition":"[προσφάτως] adverb from {{g4372}}; recently","strongs_number":"g4373"},"g4374":{"pronunciation":"pros-fer'-o","unicode":"προσφέρω","translit":"prosphérō","definition":"[προσφέρω] from {{g4314}} and {{g5342}} (including its alternate); to bear towards, i.e. lead to, tender (especially to God), treat","strongs_number":"g4374"},"g4375":{"pronunciation":"pros-fee-lace'","unicode":"προσφιλής","translit":"prosphilḗs","definition":"[προσφιλής] from a presumed compound of {{g4314}} and {{g5368}}; friendly towards, i.e. acceptable","strongs_number":"g4375"},"g4376":{"pronunciation":"pros-for-ah'","unicode":"προσφορά","translit":"prosphorá","definition":"[προσφορά] from {{g4374}}; presentation; concretely, an oblation (bloodless) or sacrifice","strongs_number":"g4376"},"g4377":{"pronunciation":"pros-fo-neh'-o","unicode":"προσφωνέω","translit":"prosphōnéō","definition":"[προσφωνέω] from {{g4314}} and {{g5455}}; to sound towards, i.e. address, exclaim, summon","strongs_number":"g4377"},"g4378":{"pronunciation":"pros'-khoo-sis","unicode":"πρόσχυσις","translit":"próschysis","definition":"[πρόσχυσις] from a comparative of {{g4314}} and χέω (to pour); a shedding forth, i.e. affusion","strongs_number":"g4378"},"g4379":{"pronunciation":"pros-psow'-o","unicode":"προσψαύω","translit":"prospsaúō","definition":"[προσψαύω] from {{g4314}} and ψαύω (to touch); to impinge, i.e. lay a finger on (in order to relieve)","strongs_number":"g4379"},"g4380":{"pronunciation":"pros-o-pol-ape-teh'-o","unicode":"προσωποληπτέω","translit":"prosōpolēptéō","definition":"[προσωποληπτέω] from {{g4381}}; to favor an individual, i.e. show partiality","strongs_number":"g4380"},"g4381":{"pronunciation":"pros-o-pol-ape'-tace","unicode":"προσωπολήπτης","translit":"prosōpolḗptēs","definition":"[προσωπολήπτης] from {{g4383}} and {{g2983}}; an accepter of a face (individual), i.e. (specially), one exhibiting partiality","strongs_number":"g4381"},"g4382":{"pronunciation":"pros-o-pol-ape-see'-ah","unicode":"προσωποληψία","translit":"prosōpolēpsía","definition":"[προσωποληψία] from {{g4381}}; partiality, i.e. favoritism","strongs_number":"g4382"},"g4383":{"pronunciation":"pros'-o-pon","unicode":"πρόσωπον","translit":"prósōpon","definition":"[πρόσωπον] from {{g4314}} and ὤψ (the visage, from {{g3700}}); the front (as being towards view), i.e. the countenance, aspect, appearance, surface; by implication, presence, person","strongs_number":"g4383"},"g4384":{"pronunciation":"prot-as'-so","unicode":"προτάσσω","translit":"protássō","definition":"[προτάσσω] from {{g4253}} and {{g5021}}; to pre-arrange, i.e. prescribe","strongs_number":"g4384"},"g4385":{"pronunciation":"prot-i'-no","unicode":"προτείνω","translit":"proteínō","definition":"[προτείνω] from {{g4253}} and τείνω (to stretch); to protend, i.e. tie prostrate (for scourging)","strongs_number":"g4385"},"g4386":{"pronunciation":"prot'-er-on","unicode":"πρότερον","translit":"próteron","definition":"[πρότερον] neuter of {{g4387}} as adverb (with or without the article); previously","strongs_number":"g4386"},"g4387":{"pronunciation":"prot'-er-os","unicode":"πρότερος","translit":"próteros","definition":"[πρότερος] comparative of {{g4253}}; prior or previous","strongs_number":"g4387"},"g4388":{"pronunciation":"prot-ith'-em-ahee","unicode":"προτίθεμαι","translit":"protíthemai","definition":"[προτίθεμαι] middle voice from {{g4253}} and {{g5087}}; to place before, i.e. (for oneself) to exhibit; (to oneself) to propose (determine)","strongs_number":"g4388"},"g4389":{"pronunciation":"prot-rep'-om-ahee","unicode":"προτρέπομαι","translit":"protrépomai","definition":"[προτρέπομαι] middle voice from {{g4253}} and the base of {{g5157}}; to turn forward for oneself, i.e. encourage","strongs_number":"g4389"},"g4390":{"pronunciation":"prot-rekh'-o","unicode":"προτρέχω","translit":"protréchō","definition":"[προτρέχω] from {{g4253}} and {{g5143}} (including its alternate); to run forward, i.e. outstrip, precede","strongs_number":"g4390"},"g4391":{"pronunciation":"pro-oop-ar'-kho","unicode":"προϋπάρχω","translit":"proÿpárchō","definition":"[προϋπάρχω] from {{g4253}} and {{g5225}}; to exist before, i.e. (adverbially) to be or do something previously","strongs_number":"g4391"},"g4392":{"pronunciation":"prof'-as-is","unicode":"πρόφασις","translit":"próphasis","definition":"[πρόφασις] from a compound of {{g4253}} and {{g5316}}; an outward showing, i.e. pretext","strongs_number":"g4392"},"g4393":{"pronunciation":"prof-er'-o","unicode":"προφέρω","translit":"prophérō","definition":"[προφέρω] from {{g4253}} and {{g5342}}; to bear forward, i.e. produce","strongs_number":"g4393"},"g4394":{"pronunciation":"prof-ay-ti'-ah","unicode":"προφητεία","translit":"prophēteía","definition":"[προφητεία] from {{g4396}} (\"prophecy\"); prediction (scriptural or other)","strongs_number":"g4394"},"g4395":{"pronunciation":"prof-ate-yoo'-o","unicode":"προφητεύω","translit":"prophēteúō","definition":"[προφητεύω] from {{g4396}}; to foretell events, divine, speak under inspiration, exercise the prophetic office","strongs_number":"g4395"},"g4396":{"pronunciation":"prof-ay'-tace","unicode":"προφήτης","translit":"prophḗtēs","definition":"[προφήτης] from a compound of {{g4253}} and {{g5346}}; a foreteller (\"prophet\"); by analogy, an inspired speaker; by extension, a poet","strongs_number":"g4396"},"g4397":{"pronunciation":"prof-ay-tik-os'","unicode":"προφητικός","translit":"prophētikós","definition":"[προφητικός] from {{g4396}}; pertaining to a foreteller (\"prophetic\")","strongs_number":"g4397"},"g4398":{"pronunciation":"prof-ay'-tis","unicode":"προφῆτις","translit":"prophētis","definition":"[προφῆτις] feminine of {{g4396}}; a female foreteller or an inspired woman","strongs_number":"g4398"},"g4399":{"pronunciation":"prof-than'-o","unicode":"προφθάνω","translit":"prophthánō","definition":"[προφθάνω] from {{g4253}} and {{g5348}}; to get an earlier start of, i.e. anticipate","strongs_number":"g4399"},"g4400":{"pronunciation":"prokh-i-rid'-zom-ahee","unicode":"προχειρίζομαι","translit":"procheirízomai","definition":"[προχειρίζομαι] middle voice from {{g4253}} and a derivative of {{g5495}}; to handle for oneself in advance, i.e. (figuratively) to purpose","strongs_number":"g4400"}}