{"g4501":{"pronunciation":"hrom-fah'-yah","unicode":"ῥομφαία","translit":"rhomphaía","definition":"[ῥομφαία] probably of foreign origin; a sabre, i.e. a long and broad cutlass (any weapon of the kind, literally or figuratively)","strongs_number":"g4501"},"g4502":{"pronunciation":"hroo-bane'","unicode":"Ῥουβήν","translit":"Rhoubḗn","definition":"[Ῥουβήν] of Hebrew origin ({{h7205}}); Ruben (i.e. Reuben), an Israelite","strongs_number":"g4502"},"g4503":{"pronunciation":"hrooth","unicode":"Ῥούθ","translit":"Rhoúth","definition":"[Ῥούθ] of Hebrew origin ({{h7327}}); Ruth, a Moabitess","strongs_number":"g4503"},"g4504":{"pronunciation":"hroo'-fos","unicode":"Ῥοῦφος","translit":"Rhoûphos","definition":"[Ῥοῦφος] of Latin origin; red; Rufus, a Christian","strongs_number":"g4504"},"g4505":{"pronunciation":"hroo'-may","unicode":"ῥύμη","translit":"rhýmē","definition":"[ῥύμη] prolongation from {{g4506}} in its original sense; an alley or avenue (as crowded)","strongs_number":"g4505"},"g4506":{"pronunciation":"rhoo'-om-ahee","unicode":"ῥύομαι","translit":"rhýomai","definition":"[ῥύομαι] middle voice of an obsolete verb, akin to {{g4482}} (through the idea of a current; compare {{g4511}}); to rush or draw (for oneself), i.e. rescue","strongs_number":"g4506"},"g4507":{"pronunciation":"hroo-par-ee'-ah","unicode":"ῥυπαρία","translit":"rhyparía","definition":"[ῥυπαρία] from {{g4508}}; dirtiness (morally)","strongs_number":"g4507"},"g4508":{"pronunciation":"rhoo-par-os'","unicode":"ῥυπαρός","translit":"rhyparós","definition":"[ῥυπαρός] from {{g4509}}; dirty, i.e. (relatively) cheap or shabby; morally, wicked","strongs_number":"g4508"},"g4509":{"pronunciation":"hroo'-pos","unicode":"ῥύπος","translit":"rhýpos","definition":"[ῥύπος] of uncertain affinity; dirt, i.e. (morally) depravity","strongs_number":"g4509"},"g4510":{"pronunciation":"rhoo-po'-o","unicode":"ῥυπόω","translit":"rhypóō","definition":"[ῥυπόω] from {{g4509}}; to soil, i.e. (intransitively) to become dirty (morally)","strongs_number":"g4510"},"g4511":{"pronunciation":"hroo'-sis","unicode":"ῥύσις","translit":"rhýsis","definition":"[ῥύσις] from {{g4506}} in the sense of its congener {{g4482}}; a flux (of blood)","strongs_number":"g4511"},"g4512":{"pronunciation":"hroo-tece'","unicode":"ῥυτίς","translit":"rhytís","definition":"[ῥυτίς] from {{g4506}}; a fold (as drawing together), i.e. a wrinkle (especially on the face)","strongs_number":"g4512"},"g4513":{"pronunciation":"rho-mah-ee-kos'","unicode":"Ῥωμαϊκός","translit":"Rhōmaïkós","definition":"[Ῥωμαϊκός] from {{g4514}}; Romaic, i.e. Latin","strongs_number":"g4513"},"g4514":{"pronunciation":"hro-mah'-yos","unicode":"Ῥωμαῖος","translit":"Rhōmaîos","definition":"[Ῥωμαῖος] from {{g4516}}; Romæan, i.e. Roman (as noun)","strongs_number":"g4514"},"g4515":{"pronunciation":"hro-mah-is-tee'","unicode":"Ῥωμαϊστί","translit":"Rhōmaïstí","definition":"[Ῥωμαϊστί] adverb from a presumed derivative of {{g4516}}; Romaistically, i.e. in the Latin language","strongs_number":"g4515"},"g4516":{"pronunciation":"hro'-may","unicode":"Ῥώμη","translit":"Rhṓmē","definition":"[Ῥώμη] from the base of {{g4517}}; strength; Roma, the capital of Italy","strongs_number":"g4516"},"g4517":{"pronunciation":"hrone'-noo-mee","unicode":"ῥώννυμι","translit":"rhṓnnymi","definition":"[ῥώννυμι] prolongation from ῥώομαι (to dart; probably akin to {{g4506}}); to strengthen, i.e. (impersonal passive) have health (as a parting exclamation, good-bye)","strongs_number":"g4517"},"g4518":{"pronunciation":"sab-akh-than-ee'","unicode":"σαβαχθάνι","translit":"sabachtháni","definition":"[σαβαχθάνι] of Chaldee or ({{h7662}} with pronominal suffix); thou hast left me; sabachthani (i.e. shebakthani), a cry of distress","strongs_number":"g4518"},"g4519":{"pronunciation":"sab-ah-owth'","unicode":"σαβαώθ","translit":"sabaṓth","definition":"[σαβαώθ] of Hebrew origin ({{h6635}} in feminine plural); armies; sabaoth (i.e. tsebaoth), a military epithet of God","strongs_number":"g4519"},"g4520":{"pronunciation":"sab-bat-is-mos'","unicode":"σαββατισμός","translit":"sabbatismós","definition":"[σαββατισμός] from a derivative of {{g4521}}; a \"sabbatism\", i.e. (figuratively) the repose of Christianity (as a type of heaven)","strongs_number":"g4520"},"g4521":{"pronunciation":"sab'-bat-on","unicode":"σάββατον","translit":"sábbaton","definition":"[σάββατον] of Hebrew origin ({{h7676}}); the Sabbath (i.e. Shabbath), or day of weekly repose from secular avocations (also the observance or institution itself); by extension, a se'nnight, i.e. the interval between two Sabbaths; likewise the plural in all the above applications","strongs_number":"g4521"},"g4522":{"pronunciation":"sag-ay'-nay","unicode":"σαγήνη","translit":"sagḗnē","definition":"[σαγήνη] from a derivative of σάττω (to equip) meaning furniture, especially a pack-saddle (which in the East is merely a bag of netted rope); a \"seine\" for fishing","strongs_number":"g4522"},"g4523":{"pronunciation":"sad-doo-kah'-yos","unicode":"Σαδδουκαῖος","translit":"Saddoukaîos","definition":"[Σαδδουκαῖος] probably from {{g4524}}; a Sadducæan (i.e. Tsadokian), or follower of a certain heretical Israelite","strongs_number":"g4523"},"g4524":{"pronunciation":"sad-oke'","unicode":"Σαδώκ","translit":"Sadṓk","definition":"[Σαδώκ] of Hebrew origin ({{h6659}}); Sadoc (i.e. Tsadok), an Israelite","strongs_number":"g4524"},"g4525":{"pronunciation":"sah'-ee-no","unicode":"σαίνω","translit":"saínō","definition":"[σαίνω] akin to {{g4579}}; to wag (as a dog its tail fawningly), i.e. (generally) to shake (figuratively, disturb)","strongs_number":"g4525"},"g4526":{"pronunciation":"sak'-kos","unicode":"σάκκος","translit":"sákkos","definition":"[σάκκος] of Hebrew origin ({{h8242}}); \"sack\"-cloth, i.e. mohair (the material or garments made of it, worn as a sign of grief)","strongs_number":"g4526"},"g4527":{"pronunciation":"sal-ah'","unicode":"Σαλά","translit":"Salá","definition":"[Σαλά] of Hebrew origin ({{h7974}}); Sala (i.e. Shelach), a patriarch ","strongs_number":"g4527"},"g4528":{"pronunciation":"sal-ath-ee-ale'","unicode":"Σαλαθιήλ","translit":"Salathiḗl","definition":"[Σαλαθιήλ] of Hebrew origin ({{h7597}}); Salathiel (i.e. Shealtiel), an Israelite","strongs_number":"g4528"},"g4529":{"pronunciation":"sal-am-ece'","unicode":"Σαλαμίς","translit":"Salamís","definition":"[Σαλαμίς] probably from {{g4535}} (from the surge on the shore); Salamis, a place in Cyprus","strongs_number":"g4529"},"g4530":{"pronunciation":"sal-ime'","unicode":"Σαλείμ","translit":"Saleím","definition":"[Σαλείμ] probably from the same as {{g4531}}; Salim, a place in Palestine","strongs_number":"g4530"},"g4531":{"pronunciation":"sal-yoo'-o","unicode":"σαλεύω","translit":"saleúō","definition":"[σαλεύω] from {{g4535}}; to waver, i.e. agitate, rock, topple or (by implication) destroy; figuratively, to disturb, incite","strongs_number":"g4531"},"g4532":{"pronunciation":"sal-ame'","unicode":"Σαλήμ","translit":"Salḗm","definition":"[Σαλήμ] of Hebrew origin ({{h8004}}); Salem (i.e. Shalem), a place in Palestine","strongs_number":"g4532"},"g4533":{"pronunciation":"sal-mone'","unicode":"Σαλμών","translit":"Salmṓn","definition":"[Σαλμών] of Hebrew origin ({{h8012}}); Salmon, an Israelite","strongs_number":"g4533"},"g4534":{"pronunciation":"sal-mo'-nay","unicode":"Σαλμώνη","translit":"Salmṓnē","definition":"[Σαλμώνη] perhaps of similar origin to {{g4529}}; Salmone, a place in Crete","strongs_number":"g4534"},"g4535":{"pronunciation":"sal'-os","unicode":"σάλος","translit":"sálos","definition":"[σάλος] probably from the base of {{g4525}}; a vibration, i.e. (specially), billow","strongs_number":"g4535"},"g4536":{"pronunciation":"sal'-pinx","unicode":"σάλπιγξ","translit":"sálpinx","definition":"[σάλπιγξ] perhaps from {{g4535}} (through the idea of quavering or reverberation); a trumpet","strongs_number":"g4536"},"g4537":{"pronunciation":"sal-pid'-zo","unicode":"σαλπίζω","translit":"salpízō","definition":"[σαλπίζω] from {{g4536}}; to trumpet, i.e. sound a blast (literally or figuratively)","strongs_number":"g4537"},"g4538":{"pronunciation":"sal-pis-tace'","unicode":"σαλπιστής","translit":"salpistḗs","definition":"[σαλπιστής] from {{g4537}}; a trumpeter","strongs_number":"g4538"},"g4539":{"pronunciation":"sal-o'-may","unicode":"Σαλώμη","translit":"Salṓmē","definition":"[Σαλώμη] probably of Hebrew origin (feminine from {{h7965}}); Salome (i.e. Shelomah), an Israelitess","strongs_number":"g4539"},"g4540":{"pronunciation":"sam-ar'-i-ah","unicode":"Σαμάρεια","translit":"Samáreia","definition":"[Σαμάρεια] of Hebrew origin ({{h8111}}); Samaria (i.e. Shomeron), a city and region of Palestine","strongs_number":"g4540"},"g4541":{"pronunciation":"sam-ar-i'-tace","unicode":"Σαμαρείτης","translit":"Samareítēs","definition":"[Σαμαρείτης] from {{g4540}}; a Samarite, i.e. inhabitant of Samaria","strongs_number":"g4541"},"g4542":{"pronunciation":"sam-ar-i'-tis","unicode":"Σαμαρεῖτις","translit":"Samareîtis","definition":"[Σαμαρεῖτις] feminine of {{g4541}}; a Samaritess, i.e. woman of Samaria","strongs_number":"g4542"},"g4543":{"pronunciation":"sam-oth-rak'-ay","unicode":"Σαμοθρᾴκη","translit":"Samothráikē","definition":"[Σαμοθρᾴκη] from {{g4544}} and Θτρᾴκη (Thrace); Samo-thrace (Samos of Thrace), an island in the Mediterranean","strongs_number":"g4543"},"g4544":{"pronunciation":"sam'-os","unicode":"Σάμος","translit":"Sámos","definition":"[Σάμος] of uncertain affinity; Samus, an island of the Mediterranean","strongs_number":"g4544"},"g4545":{"pronunciation":"sam-oo-ale'","unicode":"Σαμουήλ","translit":"Samouḗl","definition":"[Σαμουήλ] of Hebrew origin ({{h8050}}); Samuel (i.e. Shemuel), an Israelite","strongs_number":"g4545"},"g4546":{"pronunciation":"samp-sone'","unicode":"Σαμψών","translit":"Sampsṓn","definition":"[Σαμψών] of Hebrew origin ({{h8123}}); Sampson (i.e. Shimshon), an Israelite","strongs_number":"g4546"},"g4547":{"pronunciation":"san-dal'-ee-on","unicode":"σανδάλιον","translit":"sandálion","definition":"[σανδάλιον] neuter of a derivative of σάνδαλον (a \"sandal\"; of uncertain origin); a slipper or sole-pad","strongs_number":"g4547"},"g4548":{"pronunciation":"san-ece'","unicode":"σανίς","translit":"sanís","definition":"[σανίς] of uncertain affinity; a plank","strongs_number":"g4548"},"g4549":{"pronunciation":"sah-ool'","unicode":"Σαούλ","translit":"Saoúl","definition":"[Σαούλ] of Hebrew origin ({{h7586}}); Saul (i.e. Shaul), the Jewish name of Paul Compare {{g4569}}.","strongs_number":"g4549"},"g4550":{"pronunciation":"sap-ros'","unicode":"σαπρός","translit":"saprós","definition":"[σαπρός] from {{g4595}}; rotten, i.e. worthless (literally or morally) Compare {{g4190}}.","strongs_number":"g4550"},"g4551":{"pronunciation":"sap-fi'-ray","unicode":"Σαπφείρη","translit":"Sappheírē","definition":"[Σαπφείρη] feminine of {{g4552}}; Sapphire, an Israelitess","strongs_number":"g4551"},"g4552":{"pronunciation":"sap'-fi-ros","unicode":"σάπφειρος","translit":"sáppheiros","definition":"[σάπφειρος] of Hebrew origin ({{h5601}}); a \"sapphire\" or lapis-lazuli gem","strongs_number":"g4552"},"g4553":{"pronunciation":"sar-gan'-ay","unicode":"σαργάνη","translit":"sargánē","definition":"[σαργάνη] apparently of Hebrew origin ({{h8276}}); a basket (as interwoven or wicker-work","strongs_number":"g4553"},"g4554":{"pronunciation":"sar'-dice","unicode":"Σάρδεις","translit":"Sárdeis","definition":"[Σάρδεις] plural of uncertain derivation; Sardis, a place in Asia Minor","strongs_number":"g4554"},"g4555":{"pronunciation":"sar'-dee-nos","unicode":"σάρδινος","translit":"sárdinos","definition":"[σάρδινος] from the same as {{g4556}}; sardine ({{g3037}} being implied), i.e. a gem, so called","strongs_number":"g4555"},"g4556":{"pronunciation":"sar'-dee-os","unicode":"σάρδιος","translit":"sárdios","definition":"[σάρδιος] properly, an adjective from an uncertain base; sardian (3037 being implied), i.e. (as noun) the gem so called","strongs_number":"g4556"},"g4557":{"pronunciation":"sar-don'-oox","unicode":"σαρδόνυξ","translit":"sardónyx","definition":"[σαρδόνυξ] from the base of {{g4556}} and ὄνυξ (the nail of a finger; hence the \"onyx\" stone); a \"sardonyx\", i.e. the gem so called","strongs_number":"g4557"},"g4558":{"pronunciation":"sar'-ep-tah","unicode":"Σάρεπτα","translit":"Sárepta","definition":"[Σάρεπτα] of Hebrew origin ({{h6886}}); Sarepta (i.e. Tsarephath), a place in Palestine","strongs_number":"g4558"},"g4559":{"pronunciation":"sar-kee-kos'","unicode":"σαρκικός","translit":"sarkikós","definition":"[σαρκικός] from {{g4561}}; pertaining to flesh, i.e. (by extension) bodily, temporal, or (by implication) animal, unregenerate","strongs_number":"g4559"},"g4560":{"pronunciation":"sar'-kee-nos","unicode":"σάρκινος","translit":"sárkinos","definition":"[σάρκινος] from {{g4561}}; similar to flesh, i.e. (by analogy) soft","strongs_number":"g4560"},"g4561":{"pronunciation":"sarx","unicode":"σάρξ","translit":"sárx","definition":"[σάρξ] probably from the base of {{g4563}}; flesh (as stripped of the skin), i.e. (strictly) the meat of an animal (as food), or (by extension) the body (as opposed to the soul (or spirit), or as the symbol of what is external, or as the means of kindred), or (by implication) human nature (with its frailties (physically or morally) and passions), or (specially), a human being (as such)","strongs_number":"g4561"},"g4562":{"pronunciation":"sar-ooch'","unicode":"Σαρούχ","translit":"Saroúch","definition":"[Σαρούχ] of Hebrew origin ({{h8286}}); Saruch (i.e. Serug), a patriarch","strongs_number":"g4562"},"g4563":{"pronunciation":"sar-o'-o","unicode":"σαρόω","translit":"saróō","definition":"[σαρόω] from a derivative of σαίρω (to brush off; akin to {{g4951}}); meaning a broom; to sweep","strongs_number":"g4563"},"g4564":{"pronunciation":"sar'-hrah","unicode":"Σάῤῥα","translit":"Sárrha","definition":"[Σάῤῥα] of Hebrew origin ({{h8283}}); Sarra (i.e. Sarah), the wife of Abraham","strongs_number":"g4564"},"g4565":{"pronunciation":"sar'-one","unicode":"Σάρων","translit":"Sárōn","definition":"[Σάρων] of Hebrew origin ({{h8289}}); Saron (i.e. Sharon), a district of Palestine","strongs_number":"g4565"},"g4566":{"pronunciation":"sat-an'","unicode":"Σατᾶν","translit":"Satân","definition":"[Σατᾶν] of Hebrew origin ({{h7854}}); Satan, i.e. the devil Compare {{g4567}}.","strongs_number":"g4566"},"g4567":{"pronunciation":"sat-an-as'","unicode":"Σατανᾶς","translit":"Satanâs","definition":"[Σατανᾶς] of Chaldee origin corresponding to {{h4566}} (with the definite affix); the accuser, i.e. the devil","strongs_number":"g4567"},"g4568":{"pronunciation":"sat'-on","unicode":"σάτον","translit":"sáton","definition":"[σάτον] of Hebrew origin ({{h5429}}); a certain measure for things dry","strongs_number":"g4568"},"g4569":{"pronunciation":"sow'-los","unicode":"Σαῦλος","translit":"Saûlos","definition":"[Σαῦλος] of Hebrew origin, the same as {{g4549}}; Saulus (i.e. Shaul), the Jewish name of Paul","strongs_number":"g4569"},"g4570":{"pronunciation":"sben'-noo-mee","unicode":"σβέννυμι","translit":"sbénnymi","definition":"[σβέννυμι] a prolonged form of an apparently primary verb; to extinguish (literally or figuratively)","strongs_number":"g4570"},"g4571":{"pronunciation":"seh","unicode":"σέ","translit":"sé","definition":"[σέ] accusative case singular of {{g4771}}; thee","strongs_number":"g4571"},"g4572":{"pronunciation":"seh-ow-too'","unicode":"σεαυτοῦ","translit":"seautoû","definition":"[σεαυτοῦ] ; genitive case from {{g4571}} and {{g846}},                             also dative case of the same,      σεαυτῷ,  and accusative case      σεαυτόν, likewise contracted      σαυτοῦ,      σαυτῷ,     and      σαυτόν,    respectively; of (with, to) thyself","strongs_number":"g4572"},"g4573":{"pronunciation":"seb-ad'-zom-ahee","unicode":"σεβάζομαι","translit":"sebázomai","definition":"[σεβάζομαι] middle voice from a derivative of {{g4576}}; to venerate, i.e. adore","strongs_number":"g4573"},"g4574":{"pronunciation":"seb'-as-mah","unicode":"σέβασμα","translit":"sébasma","definition":"[σέβασμα] from {{g4573}}; something adored, i.e. an object of worship (god, altar, etc)","strongs_number":"g4574"},"g4575":{"pronunciation":"seb-as-tos'","unicode":"σεβαστός","translit":"sebastós","definition":"[σεβαστός] from {{g4573}}; venerable (august), i.e. (as noun) a title of the Roman Emperor, or (as adjective) imperial","strongs_number":"g4575"},"g4576":{"pronunciation":"seb'-om-ahee","unicode":"σέβομαι","translit":"sébomai","definition":"[σέβομαι] middle voice of an apparently primary verb; to revere, i.e. adore","strongs_number":"g4576"},"g4577":{"pronunciation":"si-rah'","unicode":"σειρά","translit":"seirá","definition":"[σειρά] probably from {{g4951}} through its congener εἴρω (to fasten; akin to {{g138}}); a chain (as binding or drawing)","strongs_number":"g4577"},"g4578":{"pronunciation":"sice-mos'","unicode":"σεισμός","translit":"seismós","definition":"[σεισμός] from {{g4579}}; a commotion, i.e. (of the air) a gale, (of the ground) an earthquake","strongs_number":"g4578"},"g4579":{"pronunciation":"si'-o","unicode":"σείω","translit":"seíō","definition":"[σείω] apparently a primary verb; to rock (vibrate, properly, sideways or to and fro), i.e. (generally) to agitate (in any direction; cause to tremble); figuratively, to throw into a tremor (of fear or concern)","strongs_number":"g4579"},"g4580":{"pronunciation":"sek-oon'-dos","unicode":"Σεκοῦνδος","translit":"Sekoûndos","definition":"[Σεκοῦνδος] of Latin origin; \"second\"; Secundus, a Christian","strongs_number":"g4580"},"g4581":{"pronunciation":"sel-yook'-i-ah","unicode":"Σελεύκεια","translit":"Seleúkeia","definition":"[Σελεύκεια] from Σέλευκος (Seleucus, a Syrian king); Seleuceia, a place in Syria","strongs_number":"g4581"},"g4582":{"pronunciation":"sel-ay'-nay","unicode":"σελήνη","translit":"selḗnē","definition":"[σελήνη] from σέλας (brilliancy; probably akin to the alternate of {{g138}}, through the idea of attractiveness); the moon","strongs_number":"g4582"},"g4583":{"pronunciation":"sel-ay-nee-ad'-zom-ahee","unicode":"σεληνιάζομαι","translit":"selēniázomai","definition":"[σεληνιάζομαι] middle voice or passive from a presumed derivative of {{g4582}}; to be moon-struck, i.e. crazy","strongs_number":"g4583"},"g4584":{"pronunciation":"sem-eh-ee'","unicode":"Σεμεΐ","translit":"Semeḯ","definition":"[Σεμεΐ] of Hebrew origin ({{h8096}}); Semei (i.e. Shimi), an Israelite","strongs_number":"g4584"},"g4585":{"pronunciation":"sem-id'-al-is","unicode":"σεμίδαλις","translit":"semídalis","definition":"[σεμίδαλις] probably of foreign origin; fine wheaten flour","strongs_number":"g4585"},"g4586":{"pronunciation":"sem-nos'","unicode":"σεμνός","translit":"semnós","definition":"[σεμνός] from {{g4576}}; venerable, i.e. honorable","strongs_number":"g4586"},"g4587":{"pronunciation":"sem-not'-ace","unicode":"σεμνότης","translit":"semnótēs","definition":"[σεμνότης] from {{g4586}}; venerableness, i.e. probity","strongs_number":"g4587"},"g4588":{"pronunciation":"serg'-ee-os","unicode":"Σέργιος","translit":"Sérgios","definition":"[Σέργιος] of Latin origin; Sergius, a Roman","strongs_number":"g4588"},"g4589":{"pronunciation":"sayth","unicode":"Σήθ","translit":"Sḗth","definition":"[Σήθ] of Hebrew origin ({{h8352}}); Seth (i.e. Sheth), a patriarch","strongs_number":"g4589"},"g4590":{"pronunciation":"same","unicode":"Σήμ","translit":"Sḗm","definition":"[Σήμ] of Hebrew origin ({{h8035}}); Sem (i.e. Shem), a patriarch","strongs_number":"g4590"},"g4591":{"pronunciation":"say-mah'-ee-no","unicode":"σημαίνω","translit":"sēmaínō","definition":"[σημαίνω] from σῆμα (a mark; of uncertain derivation); to indicate","strongs_number":"g4591"},"g4592":{"pronunciation":"say-mi'-on","unicode":"σημεῖον","translit":"sēmeîon","definition":"[σημεῖον] neuter of a presumed derivative of the base of {{g4591}}; an indication, especially ceremonially or supernaturally","strongs_number":"g4592"},"g4593":{"pronunciation":"say-mi-o'-o","unicode":"σημειόω","translit":"sēmeióō","definition":"[σημειόω] from {{g4592}}; to distinguish, i.e. mark (for avoidance)","strongs_number":"g4593"},"g4594":{"pronunciation":"say'-mer-on","unicode":"σήμερον","translit":"sḗmeron","definition":"[σήμερον] neuter (as adverb) of a presumed compound of the article {{g3588}}  (t changed to s) and {{g2250}}; on the (i.e. this) day (or night current or just passed); generally, now (i.e. at present, hitherto)","strongs_number":"g4594"},"g4595":{"pronunciation":"say'-po","unicode":"σήπω","translit":"sḗpō","definition":"[σήπω] apparently a primary verb; to putrefy, i.e. (figuratively) perish","strongs_number":"g4595"},"g4596":{"pronunciation":"say-ree-kos'","unicode":"σηρικός","translit":"sērikós","definition":"[σηρικός] from Σήρ (an Indian tribe from whom silk was procured; hence the name of the silk-worm); Seric, i.e. silken (neuter as noun, a silky fabric)","strongs_number":"g4596"},"g4597":{"pronunciation":"sace","unicode":"σής","translit":"sḗs","definition":"[σής] apparently of Hebrew origin ({{h5580}}); a moth","strongs_number":"g4597"},"g4598":{"pronunciation":"say-tob'-ro-tos","unicode":"σητόβρωτος","translit":"sētóbrōtos","definition":"[σητόβρωτος] from {{g4597}} and a derivative of {{g977}}; moth-eaten","strongs_number":"g4598"},"g4599":{"pronunciation":"sthen-o'-o","unicode":"σθενόω","translit":"sthenóō","definition":"[σθενόω] from σθένος (bodily vigor; probably akin to the base of {{g2476}}); to strengthen, i.e. (figuratively) confirm (in spiritual knowledge and power)","strongs_number":"g4599"},"g4600":{"pronunciation":"see-ag-one'","unicode":"σιαγών","translit":"siagṓn","definition":"[σιαγών] of uncertain derivation; the jaw-bone, i.e. (by implication) the cheek or side of the face","strongs_number":"g4600"}}