{"g4601":{"pronunciation":"see-gah'-o","unicode":"σιγάω","translit":"sigáō","definition":"[σιγάω] from {{g4602}}; to keep silent (transitively or intransitively)","strongs_number":"g4601"},"g4602":{"pronunciation":"see-gay'","unicode":"σιγή","translit":"sigḗ","definition":"[σιγή] apparently from σίζω (to hiss, i.e. hist or hush); silence Compare {{g4623}}.","strongs_number":"g4602"},"g4603":{"pronunciation":"sid-ay'-reh-os","unicode":"σιδήρεος","translit":"sidḗreos","definition":"[σιδήρεος] from {{g4604}}; made of iron","strongs_number":"g4603"},"g4604":{"pronunciation":"sid'-ay-ros","unicode":"σίδηρος","translit":"sídēros","definition":"[σίδηρος] of uncertain derivation; iron","strongs_number":"g4604"},"g4605":{"pronunciation":"sid-one'","unicode":"Σιδών","translit":"Sidṓn","definition":"[Σιδών] of Hebrew origin ({{h6721}}); Sidon (i.e. Tsidon), a place in Palestine","strongs_number":"g4605"},"g4606":{"pronunciation":"sid-o'-nee-os","unicode":"Σιδώνιος","translit":"Sidṓnios","definition":"[Σιδώνιος] from {{g4605}}; a Sidonian, i.e. inhabitant of Sidon","strongs_number":"g4606"},"g4607":{"pronunciation":"sik-ar'-ee-os","unicode":"σικάριος","translit":"sikários","definition":"[σικάριος] of Latin origin; a dagger-man or assassin; a freebooter (Jewish fanatic outlawed by the Romans) Compare {{g5406}}.","strongs_number":"g4607"},"g4608":{"pronunciation":"sik'-er-ah","unicode":"σίκερα","translit":"síkera","definition":"[σίκερα] of Hebrew origin ({{h7941}}); an intoxicant, i.e. intensely fermented liquor","strongs_number":"g4608"},"g4609":{"pronunciation":"see'-las","unicode":"Σίλας","translit":"Sílas","definition":"[Σίλας] contraction for {{g4610}}; Silas, a Christian","strongs_number":"g4609"},"g4610":{"pronunciation":"sil-oo-an-os'","unicode":"Σιλουανός","translit":"Silouanós","definition":"[Σιλουανός] of Latin origin; \"silvan\"; Silvanus, a Christian Compare {{g4609}}.","strongs_number":"g4610"},"g4611":{"pronunciation":"sil-o-am'","unicode":"Σιλωάμ","translit":"Silōám","definition":"[Σιλωάμ] of Hebrew origin ({{h7975}}); Siloam (i.e. Shiloach), a pool of Jerusalem","strongs_number":"g4611"},"g4612":{"pronunciation":"sim-ee-kin'-thee-on","unicode":"σιμικίνθιον","translit":"simikínthion","definition":"[σιμικίνθιον] of Latin origin; a semicinctium or half-girding, i.e. narrow covering (apron)","strongs_number":"g4612"},"g4613":{"pronunciation":"see'-mone","unicode":"Σίμων","translit":"Símōn","definition":"[Σίμων] of Hebrew origin ({{h8095}}); Simon (i.e. Shimon), the name of nine Israelites Compare {{g4826}}.","strongs_number":"g4613"},"g4614":{"pronunciation":"see-nah'","unicode":"Σινᾶ","translit":"Sinâ","definition":"[Σινᾶ] of Hebrew origin ({{h5514}}); Sina (i.e. Sinai), a mountain in Arabia","strongs_number":"g4614"},"g4615":{"pronunciation":"sin'-ap-ee","unicode":"σίναπι","translit":"sínapi","definition":"[σίναπι] perhaps from σίνομαι (to hurt, i.e. sting); mustard (the plant)","strongs_number":"g4615"},"g4616":{"pronunciation":"sin-done'","unicode":"σινδών","translit":"sindṓn","definition":"[σινδών] of uncertain (perhaps foreign) origin; byssos, i.e. bleached linen (the cloth or a garment of it)","strongs_number":"g4616"},"g4617":{"pronunciation":"sin-ee-ad'-zo","unicode":"σινιάζω","translit":"siniázō","definition":"[σινιάζω] from σινίον (a sieve); to riddle (figuratively)","strongs_number":"g4617"},"g4618":{"pronunciation":"sit-yoo-ros'","unicode":"σιτευτός","translit":"siteutós","definition":"[σιτευτός] from a derivative of {{g4621}}; grain-fed, i.e. fattened","strongs_number":"g4618"},"g4619":{"pronunciation":"sit-is-tos'","unicode":"σιτιστός","translit":"sitistós","definition":"[σιτιστός] from a derivative of {{g4621}}; grained, i.e. fatted","strongs_number":"g4619"},"g4620":{"pronunciation":"sit-om'-et-ron","unicode":"σιτόμετρον","translit":"sitómetron","definition":"[σιτόμετρον] from {{g4621}} and {{g3358}}; a grain-measure, i.e. (by implication) ration (allowance of food)","strongs_number":"g4620"},"g4621":{"pronunciation":"see'-tos","unicode":"σῖτος","translit":"sîtos","definition":"[σῖτος] , also plural irregular neuter      σῖταof uncertain derivation; grain, especially wheat","strongs_number":"g4621"},"g4622":{"pronunciation":"see-own'","unicode":"Σιών","translit":"Siṓn","definition":"[Σιών] of Hebrew origin ({{h6726}}); Sion (i.e. Tsijon), a hill of Jerusalem; figuratively, the Church (militant or triumphant)","strongs_number":"g4622"},"g4623":{"pronunciation":"see-o-pah'-o","unicode":"σιωπάω","translit":"siōpáō","definition":"[σιωπάω] from σιωπή (silence, i.e. a hush; properly, muteness, i.e. involuntary stillness, or inability to speak; and thus differing from {{g4602}}, which is rather a voluntary refusal or indisposition to speak, although the terms are often used synonymously); to be dumb (but not deaf also, like 2974 properly); figuratively, to be calm (as quiet water)","strongs_number":"g4623"},"g4624":{"pronunciation":"skan-dal-id'-zo","unicode":"σκανδαλίζω","translit":"skandalízō","definition":"[σκανδαλίζω] from {{g4625}}; to entrap, i.e. trip up (figuratively, stumble (transitively) or entice to sin, apostasy or displeasure)","strongs_number":"g4624"},"g4625":{"pronunciation":"skan'-dal-on","unicode":"σκάνδαλον","translit":"skándalon","definition":"[σκάνδαλον] (\"scandal\"); probably from a derivative of {{g2578}}; a  trap-stick (bent sapling), i.e. snare (figuratively, cause of displeasure or sin)","strongs_number":"g4625"},"g4626":{"pronunciation":"skap'-to","unicode":"σκάπτω","translit":"skáptō","definition":"[σκάπτω] apparently a primary verb; to dig","strongs_number":"g4626"},"g4627":{"pronunciation":"skaf'-ay","unicode":"σκάφη","translit":"skáphē","definition":"[σκάφη] a \"skiff\" (as if dug out), or yawl (carried aboard a large vessel for landing)","strongs_number":"g4627"},"g4628":{"pronunciation":"skel'-os","unicode":"σκέλος","translit":"skélos","definition":"[σκέλος] apparently from σκέλλω (to parch; through the idea of leanness); the leg (as lank)","strongs_number":"g4628"},"g4629":{"pronunciation":"skep'-as-mah","unicode":"σκέπασμα","translit":"sképasma","definition":"[σκέπασμα] from a derivative of σκέπας (a covering; perhaps akin to the base of {{g4649}} through the idea of noticeableness); clothing","strongs_number":"g4629"},"g4630":{"pronunciation":"skyoo-as'","unicode":"Σκευᾶς","translit":"Skeuâs","definition":"[Σκευᾶς] apparently of Latin origin; left-handed; Scevas (i.e. Scævus), an Israelite","strongs_number":"g4630"},"g4631":{"pronunciation":"skyoo-ay'","unicode":"σκευή","translit":"skeuḗ","definition":"[σκευή] from {{g4632}}; furniture, i.e. spare tackle","strongs_number":"g4631"},"g4632":{"pronunciation":"skyoo'-os","unicode":"σκεῦος","translit":"skeûos","definition":"[σκεῦος] of uncertain affinity; a vessel, implement, equipment or apparatus (literally or figuratively [specially, a wife as contributing to the usefulness of the husband])","strongs_number":"g4632"},"g4633":{"pronunciation":"skay-nay'","unicode":"σκηνή","translit":"skēnḗ","definition":"[σκηνή] apparently akin to {{g4632}} and {{g4639}}; a tent or cloth hut (literally or figuratively)","strongs_number":"g4633"},"g4634":{"pronunciation":"skay-nop-ayg-ee'-ah","unicode":"σκηνοπηγία","translit":"skēnopēgía","definition":"[σκηνοπηγία] from {{g4636}} and {{g4078}}; the Festival of Tabernacles (so called from the custom of erecting booths for temporary homes)","strongs_number":"g4634"},"g4635":{"pronunciation":"skay-nop-oy-os'","unicode":"σκηνοποιός","translit":"skēnopoiós","definition":"[σκηνοποιός] from {{g4633}} and {{g4160}}; a manufacturer of tents","strongs_number":"g4635"},"g4636":{"pronunciation":"skay'-nos","unicode":"σκῆνος","translit":"skēnos","definition":"[σκῆνος] from {{g4633}}; a hut or temporary residence, i.e. (figuratively) the human body (as the abode of the spirit)","strongs_number":"g4636"},"g4637":{"pronunciation":"skay-no'-o","unicode":"σκηνόω","translit":"skēnóō","definition":"[σκηνόω] from {{g4636}}; to tent or encamp, i.e. (figuratively) to occupy (as a mansion) or (specially), to reside (as God did in the Tabernacle of old, a symbol of protection and communion)","strongs_number":"g4637"},"g4638":{"pronunciation":"skay'-no-mah","unicode":"σκήνωμα","translit":"skḗnōma","definition":"[σκήνωμα] from {{g4637}}; an encampment, i.e. (figuratively) the Temple (as God's residence), the body (as a tenement for the soul)","strongs_number":"g4638"},"g4639":{"pronunciation":"skee'-ah","unicode":"σκιά","translit":"skiá","definition":"[σκιά] apparently a primary word; \"shade\" or a shadow (literally or figuratively (darkness of error or an adumbration))","strongs_number":"g4639"},"g4640":{"pronunciation":"skeer-tah'-o","unicode":"σκιρτάω","translit":"skirtáō","definition":"[σκιρτάω] akin to σκαίρω (to skip); to jump, i.e. sympathetically move (as the quickening of a fetus)","strongs_number":"g4640"},"g4641":{"pronunciation":"sklay-rok-ar-dee'-ah","unicode":"σκληροκαρδία","translit":"sklērokardía","definition":"[σκληροκαρδία] feminine of a compound of {{g4642}} and {{g2588}}; hard-heartedness, i.e. (specially), destitution of (spiritual) perception","strongs_number":"g4641"},"g4642":{"pronunciation":"sklay-ros'","unicode":"σκληρός","translit":"sklērós","definition":"[σκληρός] from the base of {{g4628}}; dry, i.e. hard or tough (figuratively, harsh, severe)","strongs_number":"g4642"},"g4643":{"pronunciation":"sklay-rot'-ace","unicode":"σκληρότης","translit":"sklērótēs","definition":"[σκληρότης] from {{g4642}}; callousness, i.e. (figuratively) stubbornness","strongs_number":"g4643"},"g4644":{"pronunciation":"sklay-rot-rakh'-ay-los","unicode":"σκληροτράχηλος","translit":"sklērotráchēlos","definition":"[σκληροτράχηλος] from {{g4642}} and {{g5137}}; hardnaped, i.e. (figuratively) obstinate","strongs_number":"g4644"},"g4645":{"pronunciation":"sklay-roo'-no","unicode":"σκληρύνω","translit":"sklērýnō","definition":"[σκληρύνω] from {{g4642}}; to indurate, i.e. (figuratively) render stubborn","strongs_number":"g4645"},"g4646":{"pronunciation":"skol-ee-os'","unicode":"σκολιός","translit":"skoliós","definition":"[σκολιός] from the base of {{g4628}}; warped, i.e. winding; figuratively, perverse","strongs_number":"g4646"},"g4647":{"pronunciation":"skol'-ops","unicode":"σκόλοψ","translit":"skólops","definition":"[σκόλοψ] perhaps from the base of {{g4628}} and {{g3700}}; withered at the front, i.e. a point or prickle (figuratively, a bodily annoyance or disability)","strongs_number":"g4647"},"g4648":{"pronunciation":"skop-eh'-o","unicode":"σκοπέω","translit":"skopéō","definition":"[σκοπέω] from {{g4649}}; to take aim at (spy), i.e. (figuratively) regard Compare {{g3700}}.","strongs_number":"g4648"},"g4649":{"pronunciation":"skop-os'","unicode":"σκοπός","translit":"skopós","definition":"[σκοπός] from σκέπτομαι (to peer about (\"skeptic\"); perhaps akin to {{g4626}} through the idea of concealment; compare {{g4629}}); a watch (sentry or scout), i.e. (by implication) a goal","strongs_number":"g4649"},"g4650":{"pronunciation":"skor-pid'-zo","unicode":"σκορπίζω","translit":"skorpízō","definition":"[σκορπίζω] apparently from the same as {{g4651}} (through the idea of penetrating); to dissipate, i.e. (figuratively) put to flight, waste, be liberal","strongs_number":"g4650"},"g4651":{"pronunciation":"skor-pee'-os","unicode":"σκορπίος","translit":"skorpíos","definition":"[σκορπίος] probably from an obsolete σκέρπω (perhaps strengthened from the base of {{g4649}} and meaning to pierce); a \"scorpion\" (from its sting)","strongs_number":"g4651"},"g4652":{"pronunciation":"skot-i-nos'","unicode":"σκοτεινός","translit":"skoteinós","definition":"[σκοτεινός] from {{g4655}}; opaque, i.e. (figuratively) benighted","strongs_number":"g4652"},"g4653":{"pronunciation":"skot-ee'-ah","unicode":"σκοτία","translit":"skotía","definition":"[σκοτία] from {{g4655}}; dimness, obscurity (literally or figuratively)","strongs_number":"g4653"},"g4654":{"pronunciation":"skot-id-zo","unicode":"σκοτίζω","translit":"skotízō","definition":"[σκοτίζω] from {{g4655}}; to obscure (literally or figuratively)","strongs_number":"g4654"},"g4655":{"pronunciation":"skot'-os","unicode":"σκότος","translit":"skótos","definition":"[σκότος] from the base of {{g4639}}; shadiness, i.e. obscurity (literally or figuratively)","strongs_number":"g4655"},"g4656":{"pronunciation":"skot-o'-o","unicode":"σκοτόω","translit":"skotóō","definition":"[σκοτόω] from {{g4655}}; to obscure or blind (literally or figuratively)","strongs_number":"g4656"},"g4657":{"pronunciation":"skoo'-bal-on","unicode":"σκύβαλον","translit":"skýbalon","definition":"[σκύβαλον] neuter of a presumed derivative of {{g1519}} and {{g2965}} and {{g906}}; what is thrown to the dogs, i.e. refuse (ordure)","strongs_number":"g4657"},"g4658":{"pronunciation":"skoo'-thace","unicode":"Σκύθης","translit":"Skýthēs","definition":"[Σκύθης] probably of foreign origin; a Scythene or Scythian, i.e. (by implication) a savage","strongs_number":"g4658"},"g4659":{"pronunciation":"skoo-thro-pos'","unicode":"σκυθρωπός","translit":"skythrōpós","definition":"[σκυθρωπός] from σκυθρός (sullen) and a derivative of {{g3700}}; angry-visaged, i.e. gloomy or affecting a mournful appearance","strongs_number":"g4659"},"g4660":{"pronunciation":"skool'-lo","unicode":"σκύλλω","translit":"skýllō","definition":"[σκύλλω] apparently a primary verb; to flay, i.e. (figuratively) to harass","strongs_number":"g4660"},"g4661":{"pronunciation":"skoo'-lon","unicode":"σκῦλον","translit":"skŷlon","definition":"[σκῦλον] neuter from {{g4660}}; something stripped (as a hide), i.e. booty","strongs_number":"g4661"},"g4662":{"pronunciation":"sko-lay-kob'-ro-tos","unicode":"σκωληκόβρωτος","translit":"skōlēkóbrōtos","definition":"[σκωληκόβρωτος] from {{g4663}} and a derivative of {{g977}}; worm-eaten, i.e. diseased with maggots","strongs_number":"g4662"},"g4663":{"pronunciation":"sko'-lakes","unicode":"σκώληξ","translit":"skṓlēx","definition":"[σκώληξ] of uncertain derivation; a grub, maggot or earth-worm","strongs_number":"g4663"},"g4664":{"pronunciation":"smar-ag'-dee-nos","unicode":"σμαράγδινος","translit":"smarágdinos","definition":"[σμαράγδινος] from {{g4665}}; consisting of emerald","strongs_number":"g4664"},"g4665":{"pronunciation":"smar'-ag-dos","unicode":"σμάραγδος","translit":"smáragdos","definition":"[σμάραγδος] of uncertain derivation; the emerald or green gem so called","strongs_number":"g4665"},"g4666":{"pronunciation":"smoor'-nah","unicode":"σμύρνα","translit":"smýrna","definition":"[σμύρνα] apparently strengthened for {{g3464}}; myrrh","strongs_number":"g4666"},"g4667":{"pronunciation":"smoor'-nah","unicode":"Σμύρνα","translit":"Smýrna","definition":"[Σμύρνα] the same as {{g4666}}; Smyrna, a place in Asia Minor","strongs_number":"g4667"},"g4668":{"pronunciation":"smoor-nah'-yos","unicode":"Σμυρναῖος","translit":"Smyrnaîos","definition":"[Σμυρναῖος] from {{g4667}}; a Smyrnæan","strongs_number":"g4668"},"g4669":{"pronunciation":"smoor-nid'-zo","unicode":"σμυρνίζω","translit":"smyrnízō","definition":"[σμυρνίζω] from {{g4667}}; to tincture with myrrh, i.e. embitter (as a narcotic)","strongs_number":"g4669"},"g4670":{"pronunciation":"sod'-om-ah","unicode":"Σόδομα","translit":"Sódoma","definition":"[Σόδομα] plural of Hebrew origin ({{h5467}}); Sodoma (i.e. Sedom), a place in Palestine","strongs_number":"g4670"},"g4671":{"pronunciation":"soy","unicode":"σοί","translit":"soí","definition":"[σοί] dative case of {{g4771}}; to thee","strongs_number":"g4671"},"g4672":{"pronunciation":"sol-om-one'","unicode":"Σολομών","translit":"Solomṓn","definition":"[Σολομών] of Hebrew origin ({{h8010}}); Solomon (i.e. Shelomoh), the son of David","strongs_number":"g4672"},"g4673":{"pronunciation":"sor-os'","unicode":"σορός","translit":"sorós","definition":"[σορός] probably akin to the base of {{g4987}}; a funereal receptacle (urn, coffin), i.e. (by analogy) a bier","strongs_number":"g4673"},"g4674":{"pronunciation":"sos","unicode":"σός","translit":"sós","definition":"[σός] from {{g4771}}; thine","strongs_number":"g4674"},"g4675":{"pronunciation":"soo","unicode":"σοῦ","translit":"soû","definition":"[σοῦ] genitive case of {{g4771}}; of thee, thy","strongs_number":"g4675"},"g4676":{"pronunciation":"soo-dar'-ee-on","unicode":"σουδάριον","translit":"soudárion","definition":"[σουδάριον] of Latin origin; a sudarium (sweat-cloth), i.e. towel (for wiping the perspiration from the face, or binding the face of a corpse)","strongs_number":"g4676"},"g4677":{"pronunciation":"soo-san'-nah","unicode":"Σουσάννα","translit":"Sousánna","definition":"[Σουσάννα] of Hebrew origin ({{h7799}} feminine); lily; Susannah (i.e. Shoshannah), an Israelitess","strongs_number":"g4677"},"g4678":{"pronunciation":"sof-ee'-ah","unicode":"σοφία","translit":"sophía","definition":"[σοφία] from {{g4680}}; wisdom (higher or lower, worldly or spiritual)","strongs_number":"g4678"},"g4679":{"pronunciation":"sof-id'-zo","unicode":"σοφίζω","translit":"sophízō","definition":"[σοφίζω] from {{g4680}}; to render wise; in a sinister acceptation, to form \"sophisms\", i.e. continue plausible error","strongs_number":"g4679"},"g4680":{"pronunciation":"sof-os'","unicode":"σοφός","translit":"sophós","definition":"[σοφός] akin to σαφής (clear); wise (in a most general application) Compare {{g5429}}.","strongs_number":"g4680"},"g4681":{"pronunciation":"span-ee'-ah","unicode":"Σπανία","translit":"Spanía","definition":"[Σπανία] probably of foreign origin; Spania, a region of Europe","strongs_number":"g4681"},"g4682":{"pronunciation":"spar-as'-so","unicode":"σπαράσσω","translit":"sparássō","definition":"[σπαράσσω] prolongation from σπαίρω (to grasp; apparently strengthened from {{g4685}} through the idea of spasmodic contraction); to mangle, i.e. convluse with epilepsy","strongs_number":"g4682"},"g4683":{"pronunciation":"spar-gan-o'-o","unicode":"σπαργανόω","translit":"sparganóō","definition":"[σπαργανόω] from σπάργανον (a strip; from a derivative of the base of {{g4682}} meaning to strap or wrap with strips); to swathe (an infant after the Oriental custom)","strongs_number":"g4683"},"g4684":{"pronunciation":"spat-al-ah'-o","unicode":"σπαταλάω","translit":"spataláō","definition":"[σπαταλάω] from σπατάλη (luxury); to be voluptuous","strongs_number":"g4684"},"g4685":{"pronunciation":"spah'-o","unicode":"σπάω","translit":"spáō","definition":"[σπάω] a primary verb; to draw","strongs_number":"g4685"},"g4686":{"pronunciation":"spi'-rah","unicode":"σπεῖρα","translit":"speîra","definition":"[σπεῖρα] of immediate Latin origin, but ultimately a derivative of {{g138}} in the sense of its cognate {{g1507}}; a coil (spira, \"spire\"), i.e. (figuratively) a mass of men (a Roman military cohort; also (by analogy) a squad of Levitical janitors)","strongs_number":"g4686"},"g4687":{"pronunciation":"spi'-ro","unicode":"σπείρω","translit":"speírō","definition":"[σπείρω] probably strengthened from {{g4685}} (through the idea of extending); to scatter, i.e. sow (literally or figuratively)","strongs_number":"g4687"},"g4688":{"pronunciation":"spek-oo-lat'-ore","unicode":"σπεκουλάτωρ","translit":"spekoulátōr","definition":"[σπεκουλάτωρ] of Latin origin; a speculator, i.e. military scout (spy or (by extension) life-guardsman)","strongs_number":"g4688"},"g4689":{"pronunciation":"spen'-do","unicode":"σπένδω","translit":"spéndō","definition":"[σπένδω] apparently a primary verb; to pour out as a libation, i.e. (figuratively) to devote (one's life or blood, as a sacrifice) (\"spend\")","strongs_number":"g4689"},"g4690":{"pronunciation":"sper'-mah","unicode":"σπέρμα","translit":"spérma","definition":"[σπέρμα] from {{g4687}}; something sown, i.e. seed (including the male \"sperm\"); by implication, offspring; specially, a remnant (figuratively, as if kept over for planting)","strongs_number":"g4690"},"g4691":{"pronunciation":"sper-mol-og'-os","unicode":"σπερμολόγος","translit":"spermológos","definition":"[σπερμολόγος] from {{g4690}} and {{g3004}}; a seed-picker (as the crow), i.e. (figuratively) a sponger, loafer (specially, a gossip or trifler in talk)","strongs_number":"g4691"},"g4692":{"pronunciation":"spyoo'-do","unicode":"σπεύδω","translit":"speúdō","definition":"[σπεύδω] probably strengthened from {{g4228}}; to \"speed\" (\"study\"), i.e. urge on (diligently or earnestly); by implication, to await eagerly","strongs_number":"g4692"},"g4693":{"pronunciation":"spay'-lah-yon","unicode":"σπήλαιον","translit":"spḗlaion","definition":"[σπήλαιον] neuter of a presumed derivative of σπέος (a grotto); a cavern; by implication, a hiding-place or resort","strongs_number":"g4693"},"g4694":{"pronunciation":"spee-las'","unicode":"σπιλάς","translit":"spilás","definition":"[σπιλάς] of uncertain derivation; a ledge or reef of rock in the sea","strongs_number":"g4694"},"g4695":{"pronunciation":"spee-lo'-o","unicode":"σπιλόω","translit":"spilóō","definition":"[σπιλόω] from {{g4696}}; to stain or soil (literally or figuratively)","strongs_number":"g4695"},"g4696":{"pronunciation":"spee'-los","unicode":"σπίλος","translit":"spílos","definition":"[σπίλος] of uncertain derivation; a stain or blemish, i.e. (figuratively) defect, disgrace","strongs_number":"g4696"},"g4697":{"pronunciation":"splangkh-nid'-zom-ahee","unicode":"σπλαγχνίζομαι","translit":"splanchnízomai","definition":"[σπλαγχνίζομαι] middle voice from {{g4698}}; to have the bowels yearn, i.e. (figuratively) feel sympathy, to pity","strongs_number":"g4697"},"g4698":{"pronunciation":"splangkh'-non","unicode":"σπλάγχνον","translit":"splánchnon","definition":"[σπλάγχνον] probably strengthened from σπλήν (the \"spleen\"); an intestine (plural); figuratively, pity or sympathy","strongs_number":"g4698"},"g4699":{"pronunciation":"spong'-gos","unicode":"σπόγγος","translit":"spóngos","definition":"[σπόγγος] perhaps of foreign origin; a \"sponge\"","strongs_number":"g4699"},"g4700":{"pronunciation":"spod-os'","unicode":"σποδός","translit":"spodós","definition":"[σποδός] of uncertain derivation; ashes","strongs_number":"g4700"}}