{"g4701":{"pronunciation":"spor-ah'","unicode":"σπορά","translit":"sporá","definition":"[σπορά] from {{g4687}}; a sowing, i.e. (by implication) parentage","strongs_number":"g4701"},"g4702":{"pronunciation":"spor'-ee-mos","unicode":"σπόριμος","translit":"spórimos","definition":"[σπόριμος] from {{g4703}}; sown, i.e. (neuter plural) a planted field","strongs_number":"g4702"},"g4703":{"pronunciation":"spro'-os","unicode":"σπόρος","translit":"spóros","definition":"[σπόρος] from {{g4687}}; a scattering (of seed), i.e. (concretely) seed (as sown)","strongs_number":"g4703"},"g4704":{"pronunciation":"spoo-dad'-zo","unicode":"σπουδάζω","translit":"spoudázō","definition":"[σπουδάζω] from {{g4710}}; to use speed, i.e. to make effort, be prompt or earnest","strongs_number":"g4704"},"g4705":{"pronunciation":"spoo-dah'-yos","unicode":"σπουδαῖος","translit":"spoudaîos","definition":"[σπουδαῖος] from {{g4710}}; prompt, energetic, earnest","strongs_number":"g4705"},"g4706":{"pronunciation":"spoo-dah-yot'-er-on","unicode":"σπουδαιότερον","translit":"spoudaióteron","definition":"[σπουδαιότερον] neuter of {{g4707}} as adverb; more earnestly than others), i.e. very promptly","strongs_number":"g4706"},"g4707":{"pronunciation":"spoo-dah-yot'-er-os","unicode":"σπουδαιότερος","translit":"spoudaióteros","definition":"[σπουδαιότερος] comparative of {{g4705}}; more prompt, more earnest","strongs_number":"g4707"},"g4708":{"pronunciation":"spoo-dah-yot-er'-oce","unicode":"σπουδαιοτέρως","translit":"spoudaiotérōs","definition":"[σπουδαιοτέρως] adverb from {{g4707}}; more speedily, i.e. sooner than otherwise","strongs_number":"g4708"},"g4709":{"pronunciation":"spoo-dah'-yoce","unicode":"σπουδαίως","translit":"spoudaíōs","definition":"[σπουδαίως] adverb from {{g4705}}; earnestly, promptly","strongs_number":"g4709"},"g4710":{"pronunciation":"spoo-day'","unicode":"σπουδή","translit":"spoudḗ","definition":"[σπουδή] from {{g4692}}; \"speed\", i.e. (by implication) despatch, eagerness, earnestness","strongs_number":"g4710"},"g4711":{"pronunciation":"spoo-rece'","unicode":"σπυρίς","translit":"spyrís","definition":"[σπυρίς] from {{g4687}} (as woven); a hamper or lunch-receptacle","strongs_number":"g4711"},"g4712":{"pronunciation":"stad'-ee-on","unicode":"στάδιον","translit":"stádion","definition":"[στάδιον] , or masculine (in plural)      στάδιοςfrom the base of {{g2476}} (as fixed); a stade or certain measure of distance; by implication, a stadium or race-course","strongs_number":"g4712"},"g4713":{"pronunciation":"stam'-nos","unicode":"στάμνος","translit":"stámnos","definition":"[στάμνος] from the base of {{g2476}} (as stationary); a jar or earthen tank","strongs_number":"g4713"},"g4714":{"pronunciation":"stas'-is","unicode":"στάσις","translit":"stásis","definition":"[στάσις] from the base of {{g2476}}; a standing (properly, the act), i.e. (by analogy) position (existence); by implication, a popular uprising; figuratively, controversy","strongs_number":"g4714"},"g4715":{"pronunciation":"stat-air'","unicode":"στατήρ","translit":"statḗr","definition":"[στατήρ] from the base of {{g2746}}; a stander (standard of value), i.e. (specially), a stater or certain coin","strongs_number":"g4715"},"g4716":{"pronunciation":"stow-ros'","unicode":"σταυρός","translit":"staurós","definition":"[σταυρός] from the base of {{g2476}}; a stake or post (as set upright), i.e. (specially), a pole or cross (as an instrument of capital punishment); figuratively, exposure to death, i.e. self-denial; by implication, the atonement of Christ","strongs_number":"g4716"},"g4717":{"pronunciation":"stow-ro'-o","unicode":"σταυρόω","translit":"stauróō","definition":"[σταυρόω] from {{g4716}}; to impale on the cross; figuratively, to extinguish (subdue) passion or selfishness","strongs_number":"g4717"},"g4718":{"pronunciation":"staf-oo-lay'","unicode":"σταφυλή","translit":"staphylḗ","definition":"[σταφυλή] probably from the base of {{g4735}}; a cluster of grapes (as if intertwined)","strongs_number":"g4718"},"g4719":{"pronunciation":"stakh'-oos","unicode":"στάχυς","translit":"stáchys","definition":"[στάχυς] from the base of {{g2476}}; a head of grain (as standing out from the stalk)","strongs_number":"g4719"},"g4720":{"pronunciation":"stakh'-oos","unicode":"Στάχυς","translit":"Stáchys","definition":"[Στάχυς] the same as {{g4719}}; Stachys, a Christian","strongs_number":"g4720"},"g4721":{"pronunciation":"steg'-ay","unicode":"στέγη","translit":"stégē","definition":"[στέγη] strengthened from a primary τέγος (a \"thatch\" or \"deck\" of a building); a roof","strongs_number":"g4721"},"g4722":{"pronunciation":"steg'-o","unicode":"στέγω","translit":"stégō","definition":"[στέγω] from {{g4721}}; to roof over, i.e. (figuratively) to cover with silence (endure patiently)","strongs_number":"g4722"},"g4723":{"pronunciation":"sti'-ros","unicode":"στείρος","translit":"steíros","definition":"[στείρος] a contraction from {{g4731}} (as stiff and unnatural); \"sterile\"","strongs_number":"g4723"},"g4724":{"pronunciation":"stel'-lo","unicode":"στέλλω","translit":"stéllō","definition":"[στέλλω] probably strengthened from the base of {{g2476}}; properly, to set fast (\"stall\"), i.e. (figuratively) to repress (reflexively, abstain from associating with)","strongs_number":"g4724"},"g4725":{"pronunciation":"stem'-mah","unicode":"στέμμα","translit":"stémma","definition":"[στέμμα] from the base of {{g4735}}; a wreath for show","strongs_number":"g4725"},"g4726":{"pronunciation":"sten-ag-mos'","unicode":"στεναγμός","translit":"stenagmós","definition":"[στεναγμός] from {{g4727}}; a sigh","strongs_number":"g4726"},"g4727":{"pronunciation":"sten-ad'-zo","unicode":"στενάζω","translit":"stenázō","definition":"[στενάζω] from {{g4728}}; to make (intransitively, be) in straits, i.e. (by implication) to sigh, murmur, pray inaudibly","strongs_number":"g4727"},"g4728":{"pronunciation":"sten-os'","unicode":"στενός","translit":"stenós","definition":"[στενός] probably from the base of {{g2476}}; narrow (from obstacles standing close about)","strongs_number":"g4728"},"g4729":{"pronunciation":"sten-okh-o-reh'-o","unicode":"στενοχωρέω","translit":"stenochōréō","definition":"[στενοχωρέω] from the same as {{g4730}}; to hem in closely, i.e. (figuratively) cramp","strongs_number":"g4729"},"g4730":{"pronunciation":"sten-okh-o-ree'-ah","unicode":"στενοχωρία","translit":"stenochōría","definition":"[στενοχωρία] from a compound of {{g4728}} and {{g5561}}; narrowness of room, i.e. (figuratively) calamity","strongs_number":"g4730"},"g4731":{"pronunciation":"ster-eh-os'","unicode":"στερεός","translit":"stereós","definition":"[στερεός] from {{g2476}}; stiff, i.e. solid, stable (literally or figuratively)","strongs_number":"g4731"},"g4732":{"pronunciation":"ster-eh-o'-o","unicode":"στερεόω","translit":"stereóō","definition":"[στερεόω] from {{g4731}}; to solidify, i.e. confirm (literally or figuratively)","strongs_number":"g4732"},"g4733":{"pronunciation":"ster-eh'-o-mah","unicode":"στερέωμα","translit":"steréōma","definition":"[στερέωμα] from {{g4732}}; something established, i.e. (abstractly) confirmation (stability)","strongs_number":"g4733"},"g4734":{"pronunciation":"stef-an-as'","unicode":"Στεφανᾶς","translit":"Stephanâs","definition":"[Στεφανᾶς] probably contraction for στεφανωτός (crowned; from {{g4737}}); Stephanas, a Christian","strongs_number":"g4734"},"g4735":{"pronunciation":"stef'-an-os","unicode":"στέφανος","translit":"stéphanos","definition":"[στέφανος] from an apparently primary στέφω (to twine or wreathe); a chaplet (as a badge of royalty, a prize in the public games or a symbol of honor generally; but more conspicuous and elaborate than the simple fillet, {{g1238}}), literally or figuratively","strongs_number":"g4735"},"g4736":{"pronunciation":"stef'-an-os","unicode":"Στέφανος","translit":"Stéphanos","definition":"[Στέφανος] the same as {{g4735}}; Stephanus, a Christian","strongs_number":"g4736"},"g4737":{"pronunciation":"stef-an-o'-o","unicode":"στεφανόω","translit":"stephanóō","definition":"[στεφανόω] from {{g4735}}; to adorn with an honorary wreath (literally or figuratively)","strongs_number":"g4737"},"g4738":{"pronunciation":"stay'-thos","unicode":"στῆθος","translit":"stēthos","definition":"[στῆθος] from {{g2476}} (as standing prominently); the (entire external) bosom, i.e. chest","strongs_number":"g4738"},"g4739":{"pronunciation":"stay'-ko","unicode":"στήκω","translit":"stḗkō","definition":"[στήκω] from the perfect tense of {{g2476}}; to be stationary, i.e. (figuratively) to persevere","strongs_number":"g4739"},"g4740":{"pronunciation":"stay-rig-mos'","unicode":"στηριγμός","translit":"stērigmós","definition":"[στηριγμός] from {{g4741}}; stability (figuratively)","strongs_number":"g4740"},"g4741":{"pronunciation":"stay-rid'-zo","unicode":"στηρίζω","translit":"stērízō","definition":"[στηρίζω] from a presumed derivative of {{g2476}} (like {{g4731}}); to set fast, i.e. (literally) to turn resolutely in a certain direction, or (figuratively) to confirm","strongs_number":"g4741"},"g4742":{"pronunciation":"stig'-mah","unicode":"στίγμα","translit":"stígma","definition":"[στίγμα] from a primary στίζω (to \"stick\", i.e. prick); a mark incised or punched (for recognition of ownership), i.e. (figuratively) scar of service","strongs_number":"g4742"},"g4743":{"pronunciation":"stig-may'","unicode":"στιγμή","translit":"stigmḗ","definition":"[στιγμή] feminine of {{g4742}}; a point of time, i.e. an instant","strongs_number":"g4743"},"g4744":{"pronunciation":"stil'-bo","unicode":"στίλβω","translit":"stílbō","definition":"[στίλβω] apparently a primary verb; to gleam, i.e. flash intensely","strongs_number":"g4744"},"g4745":{"pronunciation":"sto-ah'","unicode":"στοά","translit":"stoá","definition":"[στοά] probably from {{g2476}}; a colonnade or interior piazza","strongs_number":"g4745"},"g4746":{"pronunciation":"stoy-bas'","unicode":"στοιβάς","translit":"stoibás","definition":"[στοιβάς] from a primary στείβω (to \"step\" or \"stamp\"); a spread (as if tramped flat) of loose materials for a couch, i.e. (by implication) a bough of a tree so employed","strongs_number":"g4746"},"g4747":{"pronunciation":"stoy-khi'-on","unicode":"στοιχεῖον","translit":"stoicheîon","definition":"[στοιχεῖον] neuter of a presumed derivative of the base of {{g4748}}; something orderly in arrangement, i.e. (by implication) a serial (basal, fundamental, initial) constituent (literally), proposition (figuratively)","strongs_number":"g4747"},"g4748":{"pronunciation":"stoy-kheh'-o","unicode":"στοιχέω","translit":"stoichéō","definition":"[στοιχέω] from a derivative of στείχω (to range in regular line); to march in (military) rank (keep step), i.e. (figuratively) to conform to virtue and piety","strongs_number":"g4748"},"g4749":{"pronunciation":"stol-ay'","unicode":"στολή","translit":"stolḗ","definition":"[στολή] from {{g4724}}; equipment, i.e. (specially), a \"stole\" or long-fitting gown (as a mark of dignity)","strongs_number":"g4749"},"g4750":{"pronunciation":"stom'-a","unicode":"στόμα","translit":"stóma","definition":"[στόμα] probably strengthened from a presumed derivative of the base of {{g5114}}; the mouth (as if a gash in the face); by implication, language (and its relations); figuratively, an opening (in the earth); specially, the front or edge (of a weapon)","strongs_number":"g4750"},"g4751":{"pronunciation":"stom'-akh-os","unicode":"στόμαχος","translit":"stómachos","definition":"[στόμαχος] from {{g4750}}; an orifice (the gullet), i.e. (specially), the \"stomach\"","strongs_number":"g4751"},"g4752":{"pronunciation":"strat-i'-ah","unicode":"στρατεία","translit":"strateía","definition":"[στρατεία] from {{g4754}}; military service, i.e. (figuratively) the apostolic career (as one of hardship and danger)","strongs_number":"g4752"},"g4753":{"pronunciation":"strat'-yoo-mah","unicode":"στράτευμα","translit":"stráteuma","definition":"[στράτευμα] from {{g4754}}; an armament, i.e. (by implication) a body of troops (more or less extensive or systematic)","strongs_number":"g4753"},"g4754":{"pronunciation":"strat-yoo'-om-ahee","unicode":"στρατεύομαι","translit":"strateúomai","definition":"[στρατεύομαι] middle voice from the base of {{g4756}}; to serve in a military campaign; figuratively, to execute the apostolate (with its arduous duties and functions), to contend with carnal inclinations","strongs_number":"g4754"},"g4755":{"pronunciation":"strat-ay-gos'","unicode":"στρατηγός","translit":"stratēgós","definition":"[στρατηγός] from the base of {{g4756}} and {{g71}} or {{g2233}}; a general, i.e. (by implication or analogy) a (military) governor (prætor), the chief (præfect) of the (Levitical) temple-wardens","strongs_number":"g4755"},"g4756":{"pronunciation":"strat-ee'-ah","unicode":"στρατιά","translit":"stratiá","definition":"[στρατιά] feminine of a derivative of στρατός (an army; from the base of {{g4766}}, as encamped); camp-likeness, i.e. an army, i.e. (figuratively) the angels, the celestial luminaries","strongs_number":"g4756"},"g4757":{"pronunciation":"strat-ee-o'-tace","unicode":"στρατιώτης","translit":"stratiṓtēs","definition":"[στρατιώτης] from a presumed derivative of the same as {{g4756}}; a camper-out, i.e. a (common) warrior (literally or figuratively)","strongs_number":"g4757"},"g4758":{"pronunciation":"strat-ol-og-eh'-o","unicode":"στρατολογέω","translit":"stratologéō","definition":"[στρατολογέω] from a compound of the base of {{g4756}} and {{g3004}} (in its original sense); to gather (or select) as a warrior, i.e. enlist in the army","strongs_number":"g4758"},"g4759":{"pronunciation":"strat-op-ed-ar'-khace","unicode":"στρατοπεδάρχης","translit":"stratopedárchēs","definition":"[στρατοπεδάρχης] from {{g4760}} and {{g757}}; a ruler of an army, i.e. (specially), a Prætorian præfect","strongs_number":"g4759"},"g4760":{"pronunciation":"strat-op'-ed-on","unicode":"στρατόπεδον","translit":"stratópedon","definition":"[στρατόπεδον] from the base of {{g4756}} and the same as {{g3977}}; a camping-ground, i.e. (by implication) a body of troops","strongs_number":"g4760"},"g4761":{"pronunciation":"streb-lo'-o","unicode":"στρεβλόω","translit":"streblóō","definition":"[στρεβλόω] from a derivative of {{g4762}}; to wrench, i.e. (specially), to torture (by the rack), but only figuratively, to pervert","strongs_number":"g4761"},"g4762":{"pronunciation":"stref'-o","unicode":"στρέφω","translit":"stréphō","definition":"[στρέφω] strengthened from the base of {{g5157}}; to twist, i.e. turn quite around or reverse (literally or figuratively)","strongs_number":"g4762"},"g4763":{"pronunciation":"stray-nee-ah'-o","unicode":"στρηνιάω","translit":"strēniáō","definition":"[στρηνιάω] from a presumed derivative of {{g4764}}; to be luxurious","strongs_number":"g4763"},"g4764":{"pronunciation":"stray'-nos","unicode":"στρῆνος","translit":"strēnos","definition":"[στρῆνος] akin to {{g4731}}; a \"straining\", \"strenuousness\" or \"strength\", i.e. (figuratively) luxury (voluptuousness)","strongs_number":"g4764"},"g4765":{"pronunciation":"stroo-thee'-on","unicode":"στρουθίον","translit":"strouthíon","definition":"[στρουθίον] diminutive of στρουθός (a sparrow); a little sparrow","strongs_number":"g4765"},"g4766":{"pronunciation":"strone'-noo-mee","unicode":"στρώννυμι","translit":"strṓnnymi","definition":"[στρώννυμι] ,  or simpler      στρωννύω; prolongation from a still simpler      στρόω, (used only as an alternate in certain tenses) (probably akin to {{g4731}} through the idea of positing); to \"strew,\" i.e. spread (as a carpet or couch)","strongs_number":"g4766"},"g4767":{"pronunciation":"stoog-nay-tos'","unicode":"στυγνητός","translit":"stygnētós","definition":"[στυγνητός] from a derivative of an obsolete apparently primary στύγω (to hate); hated, i.e. odious","strongs_number":"g4767"},"g4768":{"pronunciation":"stoog-nad'-zo","unicode":"στυγνάζω","translit":"stygnázō","definition":"[στυγνάζω] from the same as {{g4767}}; to render gloomy, i.e. (by implication) glower (be overcast with clouds, or sombreness of speech)","strongs_number":"g4768"},"g4769":{"pronunciation":"stoo'-los","unicode":"στῦλος","translit":"stŷlos","definition":"[στῦλος] from στύω (to stiffen; properly akin to the base of {{g2476}}); a post (\"style\"), i.e. (figuratively) support","strongs_number":"g4769"},"g4770":{"pronunciation":"sto-ik-os'","unicode":"Στωϊκός","translit":"Stōïkós","definition":"[Στωϊκός] from {{g4745}}; a \"Stoic\" (as occupying a particular porch in Athens), i.e. adherent of a certin philosophy","strongs_number":"g4770"},"g4771":{"pronunciation":"soo","unicode":"σύ","translit":"sý","definition":"[σύ] the personal pronoun of the second person singular; thou See also {{g4571}}, {{g4671}}, {{g4675}}; and for the plural {{g5209}}, {{g5210}}, {{g5213}}, {{g5216}}.","strongs_number":"g4771"},"g4772":{"pronunciation":"soong-ghen'-i-ah","unicode":"συγγένεια","translit":"syngéneia","definition":"[συγγένεια] from {{g4773}}; relationship, i.e. (concretely) relatives","strongs_number":"g4772"},"g4773":{"pronunciation":"soong-ghen-ace'","unicode":"συγγενής","translit":"syngenḗs","definition":"[συγγενής] from {{g4862}} and {{g1085}}; a relative (by blood); by extension, a fellow countryman","strongs_number":"g4773"},"g4774":{"pronunciation":"soong-gno'-may","unicode":"συγγνώμη","translit":"syngnṓmē","definition":"[συγγνώμη] from a compound of {{g4862}} and {{g1097}}; fellow knowledge, i.e. concession","strongs_number":"g4774"},"g4775":{"pronunciation":"soong-kath'-ay-mahee","unicode":"συγκάθημαι","translit":"synkáthēmai","definition":"[συγκάθημαι] from {{g4862}} and {{g2521}}; to seat oneself in company with","strongs_number":"g4775"},"g4776":{"pronunciation":"soong-kath-id'-zo","unicode":"συγκαθίζω","translit":"synkathízō","definition":"[συγκαθίζω] from {{g4862}} and {{g2523}}; to give (or take) a seat in company with","strongs_number":"g4776"},"g4777":{"pronunciation":"soong-kak-op-ath-eh'-o","unicode":"συγκακοπαθέω","translit":"synkakopathéō","definition":"[συγκακοπαθέω] from {{g4862}} and {{g2553}}; to suffer hardship in company with","strongs_number":"g4777"},"g4778":{"pronunciation":"soong-kak-oo-kheh'-o","unicode":"συγκακουχέω","translit":"synkakouchéō","definition":"[συγκακουχέω] from {{g4862}} and {{g2558}}; to maltreat in company with, i.e. (passively) endure persecution together","strongs_number":"g4778"},"g4779":{"pronunciation":"soong-kal-eh'-o","unicode":"συγκαλέω","translit":"synkaléō","definition":"[συγκαλέω] from {{g4862}} and {{g2564}}; to convoke","strongs_number":"g4779"},"g4780":{"pronunciation":"soong-kal-oop'-to","unicode":"συγκαλύπτω","translit":"synkalýptō","definition":"[συγκαλύπτω] from {{g4862}} and {{g2572}}; to conceal altogether","strongs_number":"g4780"},"g4781":{"pronunciation":"soong-kamp'-to","unicode":"συγκάμπτω","translit":"synkámptō","definition":"[συγκάμπτω] from {{g4862}} and {{g2578}}; to bend together, i.e. (figuratively) to afflict","strongs_number":"g4781"},"g4782":{"pronunciation":"soong-kat-ab-ah'-ee-no","unicode":"συγκαταβαίνω","translit":"synkatabaínō","definition":"[συγκαταβαίνω] from {{g4862}} and {{g2597}}; to descend in company with","strongs_number":"g4782"},"g4783":{"pronunciation":"soong-kat-ath'-es-is","unicode":"συγκατάθεσις","translit":"synkatáthesis","definition":"[συγκατάθεσις] from {{g4784}}; a deposition (of sentiment) in company with, i.e. (figuratively) accord with","strongs_number":"g4783"},"g4784":{"pronunciation":"soong-kat-at-ith'-em-ahee","unicode":"συγκατατίθεμαι","translit":"synkatatíthemai","definition":"[συγκατατίθεμαι] middle from {{g4862}} and {{g2698}}; to deposit (one's vote or opinion) in company with, i.e. (figuratively) to accord with","strongs_number":"g4784"},"g4785":{"pronunciation":"soong-kat-aps-ay-fid'-zo","unicode":"συγκαταψηφίζω","translit":"synkatapsēphízō","definition":"[συγκαταψηφίζω] from {{g4862}} and a compound of {{g2596}} and {{g5585}}; to count down in company with, i.e. enroll among","strongs_number":"g4785"},"g4786":{"pronunciation":"soong-ker-an'-noo-mee","unicode":"συγκεράννυμι","translit":"synkeránnymi","definition":"[συγκεράννυμι] from {{g4862}} and {{g2767}}; to commingle, i.e. (figuratively) to combine or assimilate","strongs_number":"g4786"},"g4787":{"pronunciation":"soong-kin-eh'-o","unicode":"συγκινέω","translit":"synkinéō","definition":"[συγκινέω] from {{g4682}} and {{g2795}}; to move together, i.e. (specially), to excite as a mass (to sedition)","strongs_number":"g4787"},"g4788":{"pronunciation":"soong-kli'-o","unicode":"συγκλείω","translit":"synkleíō","definition":"[συγκλείω] from {{g4862}} and {{g2808}}; to shut together, i.e. include or (figuratively) embrace in a common subjection to","strongs_number":"g4788"},"g4789":{"pronunciation":"soong-klay-ron-om'-os","unicode":"συγκληρονόμος","translit":"synklēronómos","definition":"[συγκληρονόμος] from {{g4862}} and {{g2818}}; a co-heir, i.e. (by analogy) participant in common","strongs_number":"g4789"},"g4790":{"pronunciation":"soong-koy-no-neh'-o","unicode":"συγκοινωνέω","translit":"synkoinōnéō","definition":"[συγκοινωνέω] from {{g4862}} and {{g2841}}; to share in company with, i.e. co-participate in","strongs_number":"g4790"},"g4791":{"pronunciation":"soong-koy-no-nos'","unicode":"συγκοινωνός","translit":"synkoinōnós","definition":"[συγκοινωνός] from {{g4862}} and {{g2844}}; a co-participant","strongs_number":"g4791"},"g4792":{"pronunciation":"soong-kom-id'-zo","unicode":"συγκομίζω","translit":"synkomízō","definition":"[συγκομίζω] from {{g4862}} and {{g2865}}; to convey together, i.e. collect or bear away in company with others","strongs_number":"g4792"},"g4793":{"pronunciation":"soong-kree'-no","unicode":"συγκρίνω","translit":"synkrínō","definition":"[συγκρίνω] from {{g4862}} and {{g2919}}; to judge of one thing in connection with another, i.e. combine (spiritual ideas with appropriate expressions) or collate (one person with another by way of contrast or resemblance)","strongs_number":"g4793"},"g4794":{"pronunciation":"soong-koop'-to","unicode":"συγκύπτω","translit":"synkýptō","definition":"[συγκύπτω] from {{g4862}} and {{g2955}}; to stoop altogether, i.e. be completely overcome by","strongs_number":"g4794"},"g4795":{"pronunciation":"soong-koo-ree'-ah","unicode":"συγκυρία","translit":"synkyría","definition":"[συγκυρία] from a comparative of {{g4862}} and κυρέω (to light or happen; from the base of {{g2962}}); concurrence, i.e. accident","strongs_number":"g4795"},"g4796":{"pronunciation":"soong-khah'-ee-ro","unicode":"συγχαίρω","translit":"synchaírō","definition":"[συγχαίρω] from {{g4862}} and {{g5463}}; to sympathize in gladness, congratulate","strongs_number":"g4796"},"g4797":{"pronunciation":"soong-kheh'-o","unicode":"συγχέω","translit":"synchéō","definition":"[συγχέω]   or συγχύνωfrom {{g4862}} and χέω (to pour) or its alternate; to commingle promiscuously, i.e. (figuratively) to throw (an assembly) into disorder, to perplex (the mind)","strongs_number":"g4797"},"g4798":{"pronunciation":"soong-khrah'-om-ahee","unicode":"συγχράομαι","translit":"synchráomai","definition":"[συγχράομαι] from {{g4862}} and {{g5530}}; to use jointly, i.e. (by implication) to hold intercourse in common","strongs_number":"g4798"},"g4799":{"pronunciation":"soong'-khoo-sis","unicode":"σύγχυσις","translit":"sýnchysis","definition":"[σύγχυσις] from {{g4797}}; commixture, i.e. (figuratively) riotous disturbance","strongs_number":"g4799"},"g4800":{"pronunciation":"sood-zah'-o","unicode":"συζάω","translit":"syzáō","definition":"[συζάω] from {{g4862}} and {{g2198}}; to continue to live in common with, i.e. co-survive (literally or figuratively)","strongs_number":"g4800"}}