{"g4901":{"pronunciation":"soon-ep-ee-mar-too-reh'-o","unicode":"συνεπιμαρτυρέω","translit":"synepimartyréō","definition":"[συνεπιμαρτυρέω] from {{g4862}} and {{g1957}}; to testify further jointly, i.e. unite in adding evidence","strongs_number":"g4901"},"g4902":{"pronunciation":"soon-ep'-om-ahee","unicode":"συνέπομαι","translit":"synépomai","definition":"[συνέπομαι] middle voice from {{g4862}} and a primary ἕπω (to follow); to attend (travel) in company with","strongs_number":"g4902"},"g4903":{"pronunciation":"soon-erg-eh'-o","unicode":"συνεργέω","translit":"synergéō","definition":"[συνεργέω] from {{g4904}}; to be a fellow-worker, i.e. co-operate","strongs_number":"g4903"},"g4904":{"pronunciation":"soon-er-gos'","unicode":"συνεργός","translit":"synergós","definition":"[συνεργός] from a presumed compound of {{g4862}} and the base of {{g2041}}; a co-laborer, i.e. coadjutor","strongs_number":"g4904"},"g4905":{"pronunciation":"soon-er'-khom-ahee","unicode":"συνέρχομαι","translit":"synérchomai","definition":"[συνέρχομαι] from {{g4862}} and {{g2064}}; to convene, depart in company with, associate with, or (specially), cohabit (conjugally)","strongs_number":"g4905"},"g4906":{"pronunciation":"soon-es-thee'-o","unicode":"συνεσθίω","translit":"synesthíō","definition":"[συνεσθίω] from {{g4862}} and {{g2068}} (including its alternate); to take food in company with","strongs_number":"g4906"},"g4907":{"pronunciation":"soon'-es-is","unicode":"σύνεσις","translit":"sýnesis","definition":"[σύνεσις] from {{g4920}}; a mental putting together, i.e. intelligence or (concretely) the intellect","strongs_number":"g4907"},"g4908":{"pronunciation":"soon-et'-os","unicode":"συνετός","translit":"synetós","definition":"[συνετός] from {{g4920}}; mentally put (or putting) together, i.e. sagacious Compare {{g5429}}.","strongs_number":"g4908"},"g4909":{"pronunciation":"soon-yoo-dok-eh'-o","unicode":"συνευδοκέω","translit":"syneudokéō","definition":"[συνευδοκέω] from {{g4862}} and {{g2106}}; to think well of in common, i.e. assent to, feel gratified with","strongs_number":"g4909"},"g4910":{"pronunciation":"soon-yoo-o-kheh'-o","unicode":"συνευωχέω","translit":"syneuōchéō","definition":"[συνευωχέω] from {{g4862}} and a derivative of a presumed compound of {{g2095}} and a derivative of {{g2192}} (meaning to be in good condition, i.e. (by implication) to fare well, or feast); to entertain sumptuously in company with, i.e. (middle voice or passive) to revel together","strongs_number":"g4910"},"g4911":{"pronunciation":"soon-ef-is'-tay-mee","unicode":"συνεφίστημι","translit":"synephístēmi","definition":"[συνεφίστημι] from {{g4862}} and {{g2186}}; to stand up together, i.e. to resist (or assault) jointly","strongs_number":"g4911"},"g4912":{"pronunciation":"soon-ekh'-o","unicode":"συνέχω","translit":"synéchō","definition":"[συνέχω] from {{g4862}} and {{g2192}}; to hold together, i.e. to compress (the ears, with a crowd or siege) or arrest (a prisoner); figuratively, to compel, perplex, afflict, preoccupy","strongs_number":"g4912"},"g4913":{"pronunciation":"soon-ay'-dom-ahee","unicode":"συνήδομαι","translit":"synḗdomai","definition":"[συνήδομαι] middle voice from {{g4862}} and the base of {{g2237}}; to rejoice in with oneself, i.e. feel satisfaction concerning","strongs_number":"g4913"},"g4914":{"pronunciation":"soon-ay'-thi-ah","unicode":"συνήθεια","translit":"synḗtheia","definition":"[συνήθεια] from a compound of {{g4862}} and {{g2239}}; mutual habituation, i.e. usage","strongs_number":"g4914"},"g4915":{"pronunciation":"soon-ay-lik-ee-o'-tace","unicode":"συνηλικιώτης","translit":"synēlikiṓtēs","definition":"[συνηλικιώτης] from {{g4862}} and a derivative of {{g2244}}; a co-aged person, i.e. alike in years","strongs_number":"g4915"},"g4916":{"pronunciation":"soon-thap'-to","unicode":"συνθάπτω","translit":"syntháptō","definition":"[συνθάπτω] from {{g4862}} and {{g2290}}; to inter in company with, i.e. (figuratively) to assimilate spiritually (to Christ by a sepulture as to sin)","strongs_number":"g4916"},"g4917":{"pronunciation":"soon-thlah'-o","unicode":"συνθλάω","translit":"synthláō","definition":"[συνθλάω] from {{g4862}} and thlao (to crush); to dash together, i.e. shatter","strongs_number":"g4917"},"g4918":{"pronunciation":"soon-thlee'-bo","unicode":"συνθλίβω","translit":"synthlíbō","definition":"[συνθλίβω] from {{g4862}} and {{g2346}}; to compress, i.e. crowd on all sides","strongs_number":"g4918"},"g4919":{"pronunciation":"soon-throop'-to","unicode":"συνθρύπτω","translit":"synthrýptō","definition":"[συνθρύπτω] from {{g4862}} and θρύπτω (to crumble); to crush together, i.e. (figuratively) to dispirit","strongs_number":"g4919"},"g4920":{"pronunciation":"soon-ee'-ay-mee","unicode":"συνίημι","translit":"syníēmi","definition":"[συνίημι] from {{g4862}} and ἵημι (to send); to put together, i.e. (mentally) to comprehend; by implication, to act piously","strongs_number":"g4920"},"g4921":{"pronunciation":"soon-is-tah'-o","unicode":"συνιστάω","translit":"synistáō","definition":"[συνιστάω] ,   or (strengthened)      συνιστάνω,   or      συνίστημιfrom {{g4862}} and {{g2476}} (including its collateral forms); to set together, i.e. (by implication) to introduce (favorably), or (figuratively) to exhibit; intransitively, to stand near, or (figuratively) to constitute","strongs_number":"g4921"},"g4922":{"pronunciation":"soon-od-yoo'-o","unicode":"συνοδεύω","translit":"synodeúō","definition":"[συνοδεύω] from {{g4862}} and {{g3593}}; to travel in company with","strongs_number":"g4922"},"g4923":{"pronunciation":"soon-od-ee'-ah","unicode":"συνοδία","translit":"synodía","definition":"[συνοδία] from a compound of {{g4862}} and {{g3598}} (\"synod\"); companionship on a journey, i.e. (by implication), a caravan","strongs_number":"g4923"},"g4924":{"pronunciation":"soon-oy-keh'-o","unicode":"συνοικέω","translit":"synoikéō","definition":"[συνοικέω] from {{g4862}} and {{g3611}}; to reside together (as a family)","strongs_number":"g4924"},"g4925":{"pronunciation":"soon-oy-kod-om-eh'-o","unicode":"συνοικοδομέω","translit":"synoikodoméō","definition":"[συνοικοδομέω] from {{g4862}} and {{g3618}}; to construct, i.e. (passively) to compose (in company with other Christians, figuratively)","strongs_number":"g4925"},"g4926":{"pronunciation":"soon-om-il-eh'-o","unicode":"συνομιλέω","translit":"synomiléō","definition":"[συνομιλέω] from {{g4862}} and {{g3656}}; to converse mutually","strongs_number":"g4926"},"g4927":{"pronunciation":"soon-om-or-eh'-o","unicode":"συνομορέω","translit":"synomoréō","definition":"[συνομορέω] from {{g4862}} and a derivative of a compound of the base of 3674 and the base of {{g3725}}; to border together, i.e. adjoin","strongs_number":"g4927"},"g4928":{"pronunciation":"soon-okh-ay'","unicode":"συνοχή","translit":"synochḗ","definition":"[συνοχή] from {{g4912}}; restraint, i.e. (figuratively) anxiety","strongs_number":"g4928"},"g4929":{"pronunciation":"soon-tas-so","unicode":"συντάσσω","translit":"syntássō","definition":"[συντάσσω] from {{g4862}} and {{g5021}}; to arrange jointly, i.e. (figuratively) to direct","strongs_number":"g4929"},"g4930":{"pronunciation":"soon-tel'-i-ah","unicode":"συντέλεια","translit":"syntéleia","definition":"[συντέλεια] from {{g4931}}; entire completion, i.e. consummation (of a dispensation)","strongs_number":"g4930"},"g4931":{"pronunciation":"soon-tel-eh'-o","unicode":"συντελέω","translit":"synteléō","definition":"[συντελέω] from {{g4862}} and {{g5055}}; to complete entirely; generally, to execute (literally or figuratively)","strongs_number":"g4931"},"g4932":{"pronunciation":"soon-tem'-no","unicode":"συντέμνω","translit":"syntémnō","definition":"[συντέμνω] from {{g4862}} and the base of {{g5114}}; to contract by cutting, i.e. (figuratively) do concisely (speedily)","strongs_number":"g4932"},"g4933":{"pronunciation":"soon-tay-reh'-o","unicode":"συντηρέω","translit":"syntēréō","definition":"[συντηρέω] from {{g4862}} and {{g5083}}; to keep closely together, i.e. (by implication) to conserve (from ruin); mentally, to remember (and obey)","strongs_number":"g4933"},"g4934":{"pronunciation":"soon-tith'-em-ahee","unicode":"συντίθεμαι","translit":"syntíthemai","definition":"[συντίθεμαι] middle voice from {{g4862}} and {{g5087}}; to place jointly, i.e. (figuratively) to consent (bargain, stipulate), concur","strongs_number":"g4934"},"g4935":{"pronunciation":"soon-tom'-oce","unicode":"συντόμως","translit":"syntómōs","definition":"[συντόμως] adverb from a derivative of {{g4932}}; concisely (briefly)","strongs_number":"g4935"},"g4936":{"pronunciation":"soon-trekh'-o","unicode":"συντρέχω","translit":"syntréchō","definition":"[συντρέχω] from {{g4862}} and {{g5143}} (including its alternate); to rush together (hastily assemble) or headlong (figuratively)","strongs_number":"g4936"},"g4937":{"pronunciation":"soon-tree'-bo","unicode":"συντρίβω","translit":"syntríbō","definition":"[συντρίβω] from {{g4862}} and the base of {{g5147}}; to crush completely, i.e. to shatter (literally or figuratively)","strongs_number":"g4937"},"g4938":{"pronunciation":"soon-trim'-mah","unicode":"σύντριμμα","translit":"sýntrimma","definition":"[σύντριμμα] from {{g4937}}; concussion or utter fracture (properly, concretely), i.e. complete ruin","strongs_number":"g4938"},"g4939":{"pronunciation":"soon'-trof-os","unicode":"σύντροφος","translit":"sýntrophos","definition":"[σύντροφος] from {{g4862}} and {{g5162}} (in a passive sense); a fellow-nursling, i.e. comrade","strongs_number":"g4939"},"g4940":{"pronunciation":"soon-toong-khan'-o","unicode":"συντυγχάνω","translit":"syntynchánō","definition":"[συντυγχάνω] from {{g4862}} and {{g5177}}; to chance together, i.e. meet with (reach)","strongs_number":"g4940"},"g4941":{"pronunciation":"soon-too'-khay","unicode":"Συντύχη","translit":"Syntýchē","definition":"[Συντύχη] from {{g4940}}; an accident; Syntyche, a Christian female","strongs_number":"g4941"},"g4942":{"pronunciation":"soon-oo-pok-rin'-om-ahee","unicode":"συνυποκρίνομαι","translit":"synypokrínomai","definition":"[συνυποκρίνομαι] from {{g4862}} and {{g5271}}; to act hypocritically in concert with","strongs_number":"g4942"},"g4943":{"pronunciation":"soon-oop-oorg-eh'-o","unicode":"συνυπουργέω","translit":"synypourgéō","definition":"[συνυπουργέω] from {{g4862}} and a derivative of a compound of {{g5259}} and the base of {{g2041}}; to be a co-auxiliary, i.e. assist","strongs_number":"g4943"},"g4944":{"pronunciation":"soon-o-dee'-no","unicode":"συνωδίνω","translit":"synōdínō","definition":"[συνωδίνω] from {{g4862}} and {{g5605}}; to have (parturition) pangs in company (concert, simultaneously) with, i.e. (figuratively) to sympathize (in expectation of relief from suffering)","strongs_number":"g4944"},"g4945":{"pronunciation":"soon-o-mos-ee'-ah","unicode":"συνωμοσία","translit":"synōmosía","definition":"[συνωμοσία] from a compound of {{g4862}} and {{g3660}}; a swearing together, i.e. (by implication) a plot","strongs_number":"g4945"},"g4946":{"pronunciation":"soo-rak'-oo-sahee","unicode":"Συράκουσαι","translit":"Syrákousai","definition":"[Συράκουσαι] plural of uncertain derivation; Syracuse, the capital of Sicily","strongs_number":"g4946"},"g4947":{"pronunciation":"soo-ree'-ah","unicode":"Συρία","translit":"Syría","definition":"[Συρία] probably of Hebrew origin ({{h6865}}); Syria (i.e. Tsyria or Tyre), a region of Asia","strongs_number":"g4947"},"g4948":{"pronunciation":"soo'-ros","unicode":"Σύρος","translit":"Sýros","definition":"[Σύρος] from the same as {{g4947}}; a Syran (i.e. probably Tyrian), a native of Syria","strongs_number":"g4948"},"g4949":{"pronunciation":"soo-rof-oy'-nis-sah","unicode":"Συροφοίνισσα","translit":"Syrophoínissa","definition":"[Συροφοίνισσα] feminine of a compound of {{g4948}} and the same as {{g5403}}; a Syro-phœnician woman, i.e. a female native of Phœnicia in Syria","strongs_number":"g4949"},"g4950":{"pronunciation":"soor'-tis","unicode":"σύρτις","translit":"sýrtis","definition":"[σύρτις] from {{g4951}}; a shoal (from the sand drawn thither by the waves), i.e. the Syrtis Major or great bay on the north coast of Africa","strongs_number":"g4950"},"g4951":{"pronunciation":"soo'-ro","unicode":"σύρω","translit":"sýrō","definition":"[σύρω] probably akin to {{g138}}; to trail","strongs_number":"g4951"},"g4952":{"pronunciation":"soos-par-as'-so","unicode":"συσπαράσσω","translit":"sysparássō","definition":"[συσπαράσσω] from {{g4862}} and {{g4682}}; to rend completely, i.e. (by analogy) to convulse violently","strongs_number":"g4952"},"g4953":{"pronunciation":"soos'-say-mon","unicode":"σύσσημον","translit":"sýssēmon","definition":"[σύσσημον] neuter of a compound of {{g4862}} and the base of {{g4591}}; a sign in common, i.e. preconcerted signal","strongs_number":"g4953"},"g4954":{"pronunciation":"soos'-so-mos","unicode":"σύσσωμος","translit":"sýssōmos","definition":"[σύσσωμος] from {{g4862}} and {{g4983}}; of a joint body, i.e. (figuratively) a fellow-member of the Christian community","strongs_number":"g4954"},"g4955":{"pronunciation":"soos-tas-ee-as-tace'","unicode":"συστασιαστής","translit":"systasiastḗs","definition":"[συστασιαστής] from a compound of {{g4862}} and a derivative of {{g4714}}; a fellow-insurgent","strongs_number":"g4955"},"g4956":{"pronunciation":"soos-tat-ee-kos'","unicode":"συστατικός","translit":"systatikós","definition":"[συστατικός] from a derivative of {{g4921}}; introductory, i.e. recommendatory","strongs_number":"g4956"},"g4957":{"pronunciation":"soos-tow-ro'-o","unicode":"συσταυρόω","translit":"systauróō","definition":"[συσταυρόω] from {{g4862}} and {{g4717}}; to impale in company with (literally or figuratively)","strongs_number":"g4957"},"g4958":{"pronunciation":"soos-tel'-lo","unicode":"συστέλλω","translit":"systéllō","definition":"[συστέλλω] from {{g4862}} and {{g4724}}; to send (draw) together, i.e. enwrap (enshroud a corpse for burial), contract (an interval)","strongs_number":"g4958"},"g4959":{"pronunciation":"soos-ten-ad'-zo","unicode":"συστενάζω","translit":"systenázō","definition":"[συστενάζω] from {{g4862}} and {{g4727}}; to moan jointly, i.e. (figuratively) experience a common calamity","strongs_number":"g4959"},"g4960":{"pronunciation":"soos-toy-kheh'-o","unicode":"συστοιχέω","translit":"systoichéō","definition":"[συστοιχέω] from {{g4862}} and {{g4748}}; to file together (as soldiers in ranks), i.e. (figuratively) to correspond to","strongs_number":"g4960"},"g4961":{"pronunciation":"soos-trat-ee-o'-tace","unicode":"συστρατιώτης","translit":"systratiṓtēs","definition":"[συστρατιώτης] from {{g4862}} and {{g4757}}; a co-campaigner, i.e. (figuratively) an associate in Christian toil","strongs_number":"g4961"},"g4962":{"pronunciation":"soos-tref'-o","unicode":"συστρέφω","translit":"systréphō","definition":"[συστρέφω] from {{g4862}} and {{g4762}}; to twist together, i.e. collect (a bundle, a crowd)","strongs_number":"g4962"},"g4963":{"pronunciation":"soos-trof-ay'","unicode":"συστροφή","translit":"systrophḗ","definition":"[συστροφή] from {{g4962}}; a twisting together, i.e. (figuratively) a secret coalition, riotous crowd","strongs_number":"g4963"},"g4964":{"pronunciation":"soos-khay-mat-id'-zo","unicode":"συσχηματίζω","translit":"syschēmatízō","definition":"[συσχηματίζω] from {{g4862}} and a derivative of {{g4976}}; to fashion alike, i.e. conform to the same pattern (figuratively)","strongs_number":"g4964"},"g4965":{"pronunciation":"soo-khar'","unicode":"Συχάρ","translit":"Sychár","definition":"[Συχάρ] of Hebrew origin ({{h7941}}); Sychar (i.e. Shekar), a place in Palestine","strongs_number":"g4965"},"g4966":{"pronunciation":"soo-khem'","unicode":"Συχέμ","translit":"Sychém","definition":"[Συχέμ] of Hebrew origin ({{h7927}}); Sychem (i.e. Shekem), the name of a Canaanite and of a place in Palestine","strongs_number":"g4966"},"g4967":{"pronunciation":"sfag-ay'","unicode":"σφαγή","translit":"sphagḗ","definition":"[σφαγή] from {{g4969}}; butchery (of animals for food or sacrifice, or (figuratively) of men (destruction))","strongs_number":"g4967"},"g4968":{"pronunciation":"sfag'-ee-on","unicode":"σφάγιον","translit":"sphágion","definition":"[σφάγιον] neuter of a derivative of {{g4967}}; a victim (in sacrifice)","strongs_number":"g4968"},"g4969":{"pronunciation":"sfad'-zo","unicode":"σφάζω","translit":"spházō","definition":"[σφάζω] a primary verb; to butcher (especially an animal for food or in sacrifice) or (generally) to slaughter, or (specially), to maim (violently)","strongs_number":"g4969"},"g4970":{"pronunciation":"sfod'-rah","unicode":"σφόδρα","translit":"sphódra","definition":"[σφόδρα] neuter plural of σφοδρός (violent; of uncertain derivation) as adverb; vehemently, i.e. in a high degree, much","strongs_number":"g4970"},"g4971":{"pronunciation":"sfod-roce'","unicode":"σφοδρῶς","translit":"sphodrōs","definition":"[σφοδρῶς] adverb from the same as {{g4970}}; very much","strongs_number":"g4971"},"g4972":{"pronunciation":"sfrag-id'-zo","unicode":"σφραγίζω","translit":"sphragízō","definition":"[σφραγίζω] from {{g4973}}; to stamp (with a signet or private mark) for security or preservation (literally or figuratively); by implication, to keep secret, to attest","strongs_number":"g4972"},"g4973":{"pronunciation":"sfrag-ece'","unicode":"σφραγίς","translit":"sphragís","definition":"[σφραγίς] probably strengthened from {{g5420}}; a signet (as fencing in or protecting from misappropriation); by implication, the stamp impressed (as a mark of privacy, or genuineness), literally or figuratively","strongs_number":"g4973"},"g4974":{"pronunciation":"sfoo-ron'","unicode":"σφυρόν","translit":"sphyrón","definition":"[σφυρόν] neuter of a presumed derivative probably of the same as σφαῖρα (a ball, \"sphere\"; compare the feminine σφῦρα, a hammer); the ankle (as globular)","strongs_number":"g4974"},"g4975":{"pronunciation":"skhed-on'","unicode":"σχεδόν","translit":"schedón","definition":"[σχεδόν] neuter of a presumed derivative of the alternate of {{g2192}} as adverb; nigh, i.e. nearly","strongs_number":"g4975"},"g4976":{"pronunciation":"skhay'-mah","unicode":"σχῆμα","translit":"schēma","definition":"[σχῆμα] from the alternate of {{g2192}}; a figure (as a mode or circumstance), i.e. (by implication) external condition","strongs_number":"g4976"},"g4977":{"pronunciation":"skhid'-zo","unicode":"σχίζω","translit":"schízō","definition":"[σχίζω] apparently a primary verb; to split or sever (literally or figuratively)","strongs_number":"g4977"},"g4978":{"pronunciation":"skhis'-mah","unicode":"σχίσμα","translit":"schísma","definition":"[σχίσμα] from {{g4977}}; a split or gap (\"schism\"), literally or figuratively","strongs_number":"g4978"},"g4979":{"pronunciation":"skhoy-nee'-on","unicode":"σχοινίον","translit":"schoiníon","definition":"[σχοινίον] diminutive of σχοῖνος (a rush or flag-plant; of uncertain derivation); a rushlet, i.e. grass-withe or tie (generally)","strongs_number":"g4979"},"g4980":{"pronunciation":"skhol-ad'-zo","unicode":"σχολάζω","translit":"scholázō","definition":"[σχολάζω] from {{g4981}}; to take a holiday, i.e. be at leisure for (by implication, devote oneself wholly to); figuratively, to be vacant (of a house)","strongs_number":"g4980"},"g4981":{"pronunciation":"skhol-ay'","unicode":"σχολή","translit":"scholḗ","definition":"[σχολή] probably feminine of a presumed derivative of the alternate of {{g2192}}; properly, loitering (as a withholding of oneself from work) or leisure, i.e. (by implication) a \"school\" (as vacation from physical employment)","strongs_number":"g4981"},"g4982":{"pronunciation":"sode'-zo","unicode":"σώζω","translit":"sṓzō","definition":"[σώζω] from a primary σῶς (contraction for obsolete σάος, \"safe\"); to save, i.e. deliver or protect (literally or figuratively)","strongs_number":"g4982"},"g4983":{"pronunciation":"so'-mah","unicode":"σῶμα","translit":"sōma","definition":"[σῶμα] from {{g4982}}; the body (as a sound whole), used in a very wide application, literally or figuratively","strongs_number":"g4983"},"g4984":{"pronunciation":"so-mat-ee-kos'","unicode":"σωματικός","translit":"sōmatikós","definition":"[σωματικός] from {{g4983}}; corporeal or physical","strongs_number":"g4984"},"g4985":{"pronunciation":"so-mat-ee-koce'","unicode":"σωματικῶς","translit":"sōmatikōs","definition":"[σωματικῶς] adverb from {{g4984}}; corporeally or physically","strongs_number":"g4985"},"g4986":{"pronunciation":"so'-pat-ros","unicode":"Σώπατρος","translit":"Sṓpatros","definition":"[Σώπατρος] from the base of {{g4982}} and {{g3962}}; of a safe father; Sopatrus, a Christian Compare {{g4989}}.","strongs_number":"g4986"},"g4987":{"pronunciation":"sore-yoo'-o","unicode":"σωρεύω","translit":"sōreúō","definition":"[σωρεύω] from another form of {{g4673}}; to pile up (literally or figuratively)","strongs_number":"g4987"},"g4988":{"pronunciation":"soce-then'-ace","unicode":"Σωσθένης","translit":"Sōsthénēs","definition":"[Σωσθένης] from the base of {{g4982}} and that of {{g4599}}; of safe strength; Sosthenes, a Christian","strongs_number":"g4988"},"g4989":{"pronunciation":"so-sip'-at-ros","unicode":"Σωσίπατρος","translit":"Sōsípatros","definition":"[Σωσίπατρος] prolongation for {{g4986}}; Sosipatrus, a Christian","strongs_number":"g4989"},"g4990":{"pronunciation":"so-tare'","unicode":"σωτήρ","translit":"sōtḗr","definition":"[σωτήρ] from {{g4982}}; a deliverer, i.e. God or Christ","strongs_number":"g4990"},"g4991":{"pronunciation":"so-tay-ree'-ah","unicode":"σωτηρία","translit":"sōtēría","definition":"[σωτηρία] feminine of a derivative of {{g4990}} as (properly, abstract) noun; rescue or safety (physically or morally)","strongs_number":"g4991"},"g4992":{"pronunciation":"so-tay'-ree-on","unicode":"σωτήριον","translit":"sōtḗrion","definition":"[σωτήριον] neuter of the same as {{g4991}} as (properly, concretely) noun; defender or (by implication) defence","strongs_number":"g4992"},"g4993":{"pronunciation":"so-fron-eh'-o","unicode":"σωφρονέω","translit":"sōphronéō","definition":"[σωφρονέω] from {{g4998}}; to be of sound mind, i.e. sane, (figuratively) moderate","strongs_number":"g4993"},"g4994":{"pronunciation":"so-fron-id'-zo","unicode":"σωφρονίζω","translit":"sōphronízō","definition":"[σωφρονίζω] from {{g4998}}; to make of sound mind, i.e. (figuratively) to discipline or correct","strongs_number":"g4994"},"g4995":{"pronunciation":"so-fron-is-mos'","unicode":"σωφρονισμός","translit":"sōphronismós","definition":"[σωφρονισμός] from {{g4994}}; discipline, i.e. self-control","strongs_number":"g4995"},"g4996":{"pronunciation":"so-fron'-oce","unicode":"σωφρόνως","translit":"sōphrónōs","definition":"[σωφρόνως] adverb from {{g4998}}; with sound mind, i.e. moderately","strongs_number":"g4996"},"g4997":{"pronunciation":"so-fros-oo'-nay","unicode":"σωφροσύνη","translit":"sōphrosýnē","definition":"[σωφροσύνη] from {{g4998}}; soundness of mind, i.e. (literally) sanity or (figuratively) self-control","strongs_number":"g4997"},"g4998":{"pronunciation":"so'-frone","unicode":"σώφρων","translit":"sṓphrōn","definition":"[σώφρων] from the base of {{g4982}} and that of {{g5424}}; safe (sound) in mind, i.e. self-controlled (moderate as to opinion or passion)","strongs_number":"g4998"},"g4999":{"pronunciation":"tab-er'-nahee","unicode":"Ταβέρναι","translit":"Tabérnai","definition":"[Ταβέρναι] plural of Latin origin; huts or wooden-walled buildings; Tabernæ","strongs_number":"g4999"},"g5000":{"pronunciation":"tab-ee-thah'","unicode":"Ταβιθά","translit":"Tabithá","definition":"[Ταβιθά] of Chaldee origin (compare {{h6646}}); the gazelle; Tabitha (i.e. Tabjetha), a Christian female","strongs_number":"g5000"}}