{"g501":{"pronunciation":"ant-leh-o","unicode":"ἀντλέω","translit":"antléō","definition":"[ἀντλέω] from ἄντλος (the hold of a ship); to bale up (properly, bilge water), i.e. dip water (with a bucket, pitcher, etc.)","strongs_number":"g501"},"g502":{"pronunciation":"ant'-lay-mah","unicode":"ἄντλημα","translit":"ántlēma","definition":"[ἄντλημα] from {{g501}}; a baling-vessel","strongs_number":"g502"},"g503":{"pronunciation":"ant-of-thal-meh'-o","unicode":"ἀντοφθαλμέω","translit":"antophthalméō","definition":"[ἀντοφθαλμέω] from a compound of {{g473}} and {{g3788}}; to face","strongs_number":"g503"},"g504":{"pronunciation":"an'-oo-dros","unicode":"ἄνυδρος","translit":"ánydros","definition":"[ἄνυδρος] from {{g1}} (as a negative particle) and {{g5204}}; waterless, i.e. dry","strongs_number":"g504"},"g505":{"pronunciation":"an-oo-pok'-ree-tos","unicode":"ἀνυπόκριτος","translit":"anypókritos","definition":"[ἀνυπόκριτος] from {{g1}} (as a negative particle) and a presumed derivative of {{g5271}}; undissembled, i.e. sincere","strongs_number":"g505"},"g506":{"pronunciation":"an-oo-pot'-ak-tos","unicode":"ἀνυπότακτος","translit":"anypótaktos","definition":"[ἀνυπότακτος] from {{g1}} (as a negative particle) and a presumed derivative of {{g5293}}; unsubdued, i.e. insubordinate (in fact or temper)","strongs_number":"g506"},"g507":{"pronunciation":"an'-o","unicode":"ἄνω","translit":"ánō","definition":"[ἄνω] adverb from {{g473}}; upward or on the top","strongs_number":"g507"},"g508":{"pronunciation":"an-ogue'-eh-on","unicode":"ἀνώγεον","translit":"anṓgeon","definition":"[ἀνώγεον] from {{g507}} and {{g1093}}; above the ground, i.e. (properly) the second floor of a building; used for a dome or a balcony on the upper story","strongs_number":"g508"},"g509":{"pronunciation":"an'-o-then","unicode":"ἄνωθεν","translit":"ánōthen","definition":"[ἄνωθεν] from {{g507}}; from above; by analogy, from the first; by implication, anew","strongs_number":"g509"},"g510":{"pronunciation":"an-o-ter-ee-kos'","unicode":"ἀνωτερικός","translit":"anōterikós","definition":"[ἀνωτερικός] from {{g511}}; superior, i.e. (locally) more remote","strongs_number":"g510"},"g511":{"pronunciation":"an-o'-ter-os","unicode":"ἀνώτερος","translit":"anṓteros","definition":"[ἀνώτερος] comparative degree of {{g507}}; upper, i.e. (neuter as adverb) to a more conspicuous place, in a former part of the book","strongs_number":"g511"},"g512":{"pronunciation":"an-o-fel'-ace","unicode":"ἀνωφελής","translit":"anōphelḗs","definition":"[ἀνωφελής] from {{g1}} (as a negative particle) and the base of {{g5624}}; useless or (neuter) inutility","strongs_number":"g512"},"g513":{"pronunciation":"ax-ee'-nay","unicode":"ἀξίνη","translit":"axínē","definition":"[ἀξίνη] probably from ἄγνυμι (to break; compare {{g4486}}); an axe","strongs_number":"g513"},"g514":{"pronunciation":"ax'-ee-os","unicode":"ἄξιος","translit":"áxios","definition":"[ἄξιος] probably from {{g71}}; deserving, comparable or suitable (as if drawing praise)","strongs_number":"g514"},"g515":{"pronunciation":"ax-ee-o'-o","unicode":"ἀξιόω","translit":"axióō","definition":"[ἀξιόω] from {{g514}}; to deem entitled or fit","strongs_number":"g515"},"g516":{"pronunciation":"ax-ee'-oce","unicode":"ἀξίως","translit":"axíōs","definition":"[ἀξίως] adverb from {{g514}}; appropriately","strongs_number":"g516"},"g517":{"pronunciation":"ah-or'-at-os","unicode":"ἀόρατος","translit":"aóratos","definition":"[ἀόρατος] from {{g1}} (as a negative particle) and {{g3707}}; invisible","strongs_number":"g517"},"g518":{"pronunciation":"ap-ang-el'-lo","unicode":"ἀπαγγέλλω","translit":"apangéllō","definition":"[ἀπαγγέλλω] from {{g575}} and the base of {{g32}}; to announce","strongs_number":"g518"},"g519":{"pronunciation":"ap-ang'-khom-ahee","unicode":"ἀπάγχομαι","translit":"apánchomai","definition":"[ἀπάγχομαι] from {{g575}} and ἄγχω (to choke; akin to the base of {{g43}}); to strangle oneself off (i.e. to death)","strongs_number":"g519"},"g520":{"pronunciation":"ap-ag'-o","unicode":"ἀπάγω","translit":"apágō","definition":"[ἀπάγω] from {{g575}} and {{g71}}; to take off (in various senses)","strongs_number":"g520"},"g521":{"pronunciation":"ap-ah'-ee-dyoo-tos","unicode":"ἀπαίδευτος","translit":"apaídeutos","definition":"[ἀπαίδευτος] from {{g1}} (as a negative particle) and a derivative of {{g3811}}; uninstructed, i.e. (figuratively) stupid","strongs_number":"g521"},"g522":{"pronunciation":"ap-ah'-ee-ro","unicode":"ἀπαίρω","translit":"apaírō","definition":"[ἀπαίρω] from {{g575}} and {{g142}}; to lift off, i.e. remove","strongs_number":"g522"},"g523":{"pronunciation":"ap-ah'-ee-teh-o","unicode":"ἀπαιτέω","translit":"apaitéō","definition":"[ἀπαιτέω] from {{g575}} and {{g154}}; to demand back","strongs_number":"g523"},"g524":{"pronunciation":"ap-alg-eh'-o","unicode":"ἀπαλγέω","translit":"apalgéō","definition":"[ἀπαλγέω] from {{g575}} and ἀλγέω (to smart); to grieve out, i.e. become apathetic","strongs_number":"g524"},"g525":{"pronunciation":"ap-al-las'-so","unicode":"ἀπαλλάσσω","translit":"apallássō","definition":"[ἀπαλλάσσω] from {{g575}} and {{g236}}; to change away, i.e. release, (reflexively) remove","strongs_number":"g525"},"g526":{"pronunciation":"ap-al-lot-ree-o'-o","unicode":"ἀπαλλοτριόω","translit":"apallotrióō","definition":"[ἀπαλλοτριόω] from {{g575}} and a derivative of {{g245}}; to estrange away, i.e. (passively and figuratively) to be non-participant","strongs_number":"g526"},"g527":{"pronunciation":"ap-al-os'","unicode":"ἀπαλός","translit":"apalós","definition":"[ἀπαλός] of uncertain derivation; soft","strongs_number":"g527"},"g528":{"pronunciation":"ap-an-tah'-o","unicode":"ἀπαντάω","translit":"apantáō","definition":"[ἀπαντάω] from {{g575}} and a derivative of {{g473}}; to meet away, i.e. encounter","strongs_number":"g528"},"g529":{"pronunciation":"ap-an'-tay-sis","unicode":"ἀπάντησις","translit":"apántēsis","definition":"[ἀπάντησις] from {{g528}}; a (friendly) encounter","strongs_number":"g529"},"g530":{"pronunciation":"hap'-ax","unicode":"ἅπαξ","translit":"hápax","definition":"[ἅπαξ] probably from {{g537}}; one (or a single) time (numerically or conclusively)","strongs_number":"g530"},"g531":{"pronunciation":"ap-ar-ab'-at-os","unicode":"ἀπαράβατος","translit":"aparábatos","definition":"[ἀπαράβατος] from {{g1}} (as a negative particle) and a derivative of {{g3845}}; not passing away, i.e. untransferable (perpetual)","strongs_number":"g531"},"g532":{"pronunciation":"ap-ar-ask-yoo'-as-tos","unicode":"ἀπαρασκεύαστος","translit":"aparaskeúastos","definition":"[ἀπαρασκεύαστος] from {{g1}} (as a negative particle) and a derivative of {{g3903}}; unready","strongs_number":"g532"},"g533":{"pronunciation":"ap-ar-neh'-om-ahee","unicode":"ἀπαρνέομαι","translit":"aparnéomai","definition":"[ἀπαρνέομαι] from {{g575}} and {{g720}}; to deny utterly, i.e. disown, abstain","strongs_number":"g533"},"g534":{"pronunciation":"ap-ar'-tee","unicode":"ἀπάρτι","translit":"apárti","definition":"[ἀπάρτι] from {{g575}} and {{g737}}; from now, i.e. henceforth (already)","strongs_number":"g534"},"g535":{"pronunciation":"ap-ar-tis-mos'","unicode":"ἀπαρτισμός","translit":"apartismós","definition":"[ἀπαρτισμός] from a derivative of {{g534}}; completion","strongs_number":"g535"},"g536":{"pronunciation":"ap-ar-khay'","unicode":"ἀπαρχή","translit":"aparchḗ","definition":"[ἀπαρχή] from a compound of {{g575}} and {{g756}}; a beginning of sacrifice, i.e. the (Jewish) first-fruit (figuratively)","strongs_number":"g536"},"g537":{"pronunciation":"hap'-as","unicode":"ἅπας","translit":"hápas","definition":"[ἅπας] from {{g1}} (as a particle of union) and {{g3956}}; absolutely all or (singular) every one","strongs_number":"g537"},"g538":{"pronunciation":"ap-at-ah'-o","unicode":"ἀπατάω","translit":"apatáō","definition":"[ἀπατάω] of uncertain derivation; to cheat, i.e. delude","strongs_number":"g538"},"g539":{"pronunciation":"ap-at'-ay","unicode":"ἀπάτη","translit":"apátē","definition":"[ἀπάτη] from {{g538}}; delusion","strongs_number":"g539"},"g540":{"pronunciation":"ap-at'-ore","unicode":"ἀπάτωρ","translit":"apátōr","definition":"[ἀπάτωρ] from {{g1}} (as a negative particle) and {{g3962}}; fatherless, i.e. of unrecorded paternity","strongs_number":"g540"},"g541":{"pronunciation":"ap-ow'-gas-mah","unicode":"ἀπαύγασμα","translit":"apaúgasma","definition":"[ἀπαύγασμα] from a compound of {{g575}} and {{g826}}; an off-flash, i.e. effulgence","strongs_number":"g541"},"g542":{"pronunciation":"ap-i'-do","unicode":"ἀπείδω","translit":"apeídō","definition":"[ἀπείδω] from {{g575}} and the same as {{g1492}}; to see fully","strongs_number":"g542"},"g543":{"pronunciation":"ap-i'-thi-ah","unicode":"ἀπείθεια","translit":"apeítheia","definition":"[ἀπείθεια] from {{g545}}; disbelief (obstinate and rebellious)","strongs_number":"g543"},"g544":{"pronunciation":"ap-i-theh'-o","unicode":"ἀπειθέω","translit":"apeithéō","definition":"[ἀπειθέω] from {{g545}}; to disbelieve (wilfully and perversely)","strongs_number":"g544"},"g545":{"pronunciation":"ap-i-thace'","unicode":"ἀπειθής","translit":"apeithḗs","definition":"[ἀπειθής] from {{g1}} (as a negative particle) and {{g3982}}; unpersuadable, i.e. contumacious","strongs_number":"g545"},"g546":{"pronunciation":"ap-i-leh'-o","unicode":"ἀπειλέω","translit":"apeiléō","definition":"[ἀπειλέω] of uncertain derivation; to menace; by implication, to forbid","strongs_number":"g546"},"g547":{"pronunciation":"ap-i-lay'","unicode":"ἀπειλή","translit":"apeilḗ","definition":"[ἀπειλή] from {{g546}}; a menace","strongs_number":"g547"},"g548":{"pronunciation":"ap'-i-mee","unicode":"ἄπειμι","translit":"ápeimi","definition":"[ἄπειμι] from {{g575}} and {{g1510}}; to be away Compare {{g549}}.","strongs_number":"g548"},"g549":{"pronunciation":"ap'-i-mee","unicode":"ἄπειμι","translit":"ápeimi","definition":"[ἄπειμι] from {{g575}} and εἶμι (to go); to go away Compare {{g548}}.","strongs_number":"g549"},"g550":{"pronunciation":"ap-i-pom'-ane","unicode":"ἀπειπόμην","translit":"apeipómēn","definition":"[ἀπειπόμην] reflexive past of a compound of {{g575}} and {{g2036}}; to say off for oneself, i.e. disown","strongs_number":"g550"},"g551":{"pronunciation":"ap-i'-ras-tos","unicode":"ἀπείραστος","translit":"apeírastos","definition":"[ἀπείραστος] from {{g1}} (as a negative particle) and a presumed derivative of {{g3987}}; untried, i.e. not temptable","strongs_number":"g551"},"g552":{"pronunciation":"ap'-i-ros","unicode":"ἄπειρος","translit":"ápeiros","definition":"[ἄπειρος] from {{g1}} (as a negative particle) and {{g3984}}; inexperienced, i.e. ignorant","strongs_number":"g552"},"g553":{"pronunciation":"ap-ek-dekh'-om-ahee","unicode":"ἀπεκδέχομαι","translit":"apekdéchomai","definition":"[ἀπεκδέχομαι] from {{g575}} and {{g1551}}; to expect fully","strongs_number":"g553"},"g554":{"pronunciation":"ap-ek-doo'-om-ahee","unicode":"ἀπεκδύομαι","translit":"apekdýomai","definition":"[ἀπεκδύομαι] middle voice from {{g575}} and {{g1562}}; to divest wholly oneself, or (for oneself) despoil","strongs_number":"g554"},"g555":{"pronunciation":"ap-ek'-doo-sis","unicode":"ἀπέκδυσις","translit":"apékdysis","definition":"[ἀπέκδυσις] from {{g554}}; divestment","strongs_number":"g555"},"g556":{"pronunciation":"ap-el-ow'-no","unicode":"ἀπελαύνω","translit":"apelaúnō","definition":"[ἀπελαύνω] from {{g575}} and {{g1643}}; to dismiss","strongs_number":"g556"},"g557":{"pronunciation":"ap-el-eg-mos'","unicode":"ἀπελεγμός","translit":"apelegmós","definition":"[ἀπελεγμός] from a compound of {{g575}} and {{g1651}}; refutation, i.e. (by implication) contempt","strongs_number":"g557"},"g558":{"pronunciation":"ap-el-yoo'-ther-os","unicode":"ἀπελεύθερος","translit":"apeleútheros","definition":"[ἀπελεύθερος] from {{g575}} and {{g1658}}; one freed away, i.e. a freedman","strongs_number":"g558"},"g559":{"pronunciation":"ap-el-lace'","unicode":"Ἀπελλῆς","translit":"Apellēs","definition":"[Ἀπελλῆς] of Latin origin; Apelles, a Christian","strongs_number":"g559"},"g560":{"pronunciation":"ap-el-pid'-zo","unicode":"ἀπελπίζω","translit":"apelpízō","definition":"[ἀπελπίζω] from {{g575}} and {{g1679}}; to hope out, i.e. fully expect","strongs_number":"g560"},"g561":{"pronunciation":"ap-en'-an-tee","unicode":"ἀπέναντι","translit":"apénanti","definition":"[ἀπέναντι] from {{g575}} and {{g1725}}; from in front, i.e. opposite, before or against","strongs_number":"g561"},"g562":{"pronunciation":"ap-er'-an-tos","unicode":"ἀπέραντος","translit":"apérantos","definition":"[ἀπέραντος] from {{g1}} (as a negative particle) and a secondary derivative of {{g4008}}; unfinished, i.e. (by implication) interminable","strongs_number":"g562"},"g563":{"pronunciation":"ap-er-is-pas-toce'","unicode":"ἀπερισπάστως","translit":"aperispástōs","definition":"[ἀπερισπάστως] adverb from a compound of {{g1}} (as a negative participle) and a presumed derivative of {{g4049}}; undistractedly, i.e. free from (domestic) solicitude","strongs_number":"g563"},"g564":{"pronunciation":"ap-er-eet'-may-tos","unicode":"ἀπερίτμητος","translit":"aperítmētos","definition":"[ἀπερίτμητος] from {{g1}} (as a negative particle) and a presumed derivative of {{g4059}}; uncircumcised (figuratively)","strongs_number":"g564"},"g565":{"pronunciation":"ap-erkh'-om-ahee","unicode":"ἀπέρχομαι","translit":"apérchomai","definition":"[ἀπέρχομαι] from {{g575}} and {{g2064}}; to go off (i.e. depart), aside (i.e. apart) or behind (i.e. follow), literally or figuratively","strongs_number":"g565"},"g566":{"pronunciation":"ap-ekh'-i","unicode":"ἀπέχει","translit":"apéchei","definition":"[ἀπέχει] third person singular present indicative active of {{g568}} used impersonally; it is sufficient","strongs_number":"g566"},"g567":{"pronunciation":"ap-ekh'-om-ahee","unicode":"ἀπέχομαι","translit":"apéchomai","definition":"[ἀπέχομαι] middle voice (reflexively) of {{g568}}; to hold oneself off, i.e. refrain","strongs_number":"g567"},"g568":{"pronunciation":"ap-ekh'-o","unicode":"ἀπέχω","translit":"apéchō","definition":"[ἀπέχω] from {{g575}} and {{g2192}}; (actively) to have out, i.e. receive in full; (intransitively) to keep (oneself) away, i.e. be distant (literally or figuratively)","strongs_number":"g568"},"g569":{"pronunciation":"ap-is-teh'-o","unicode":"ἀπιστέω","translit":"apistéō","definition":"[ἀπιστέω] from {{g571}}; to be unbelieving, i.e. (transitively) disbelieve, or (by implication) disobey","strongs_number":"g569"},"g570":{"pronunciation":"ap-is-tee'-ah","unicode":"ἀπιστία","translit":"apistía","definition":"[ἀπιστία] from {{g571}}; faithlessness, i.e. (negatively) disbelief (lack of Christian faith), or (positively) unfaithfulness (disobedience)","strongs_number":"g570"},"g571":{"pronunciation":"ap'-is-tos","unicode":"ἄπιστος","translit":"ápistos","definition":"[ἄπιστος] from {{g1}} (as a negative particle) and {{g4103}}; (actively) disbelieving, i.e. without Christian faith (specially, a heathen); (passively) untrustworthy (person), or incredible (thing)","strongs_number":"g571"},"g572":{"pronunciation":"hap-lot'-ace","unicode":"ἁπλότης","translit":"haplótēs","definition":"[ἁπλότης] from {{g573}}; singleness, i.e. (subjectively) sincerity (without dissimulation or self-seeking), or (objectively) generosity (copious bestowal)","strongs_number":"g572"},"g573":{"pronunciation":"hap-looce'","unicode":"ἁπλοῦς","translit":"haploûs","definition":"[ἁπλοῦς] probably from {{g1}} (as a particle of union) and the base of {{g4120}}; properly, folded together, i.e. single (figuratively, clear)","strongs_number":"g573"},"g574":{"pronunciation":"hap-loce'","unicode":"ἁπλῶς","translit":"haplōs","definition":"[ἁπλῶς] adverb from {{g573}} (in the objective sense of {{g572}}); bountifully; ","strongs_number":"g574"},"g575":{"pronunciation":"apo'","unicode":"ἀπό","translit":"apó","definition":"[ἀπό] a primary particle; \"off,\" i.e. away (from something near), in various senses (of place, time, or relation; literal or figurative) In composition (as a prefix) it usually denotes separation, departure, cessation, completion, reversal, etc.","strongs_number":"g575"},"g576":{"pronunciation":"ap-ob-ah'-ee-no","unicode":"ἀποβαίνω","translit":"apobaínō","definition":"[ἀποβαίνω] from {{g575}} and the base of {{g939}}; literally, to disembark; figuratively, to eventuate","strongs_number":"g576"},"g577":{"pronunciation":"ap-ob-al'-lo","unicode":"ἀποβάλλω","translit":"apobállō","definition":"[ἀποβάλλω] from {{g575}} and {{g906}}; to throw off; figuratively, to lose","strongs_number":"g577"},"g578":{"pronunciation":"ap-ob-lep'-o","unicode":"ἀποβλέπω","translit":"apoblépō","definition":"[ἀποβλέπω] from {{g575}} and {{g991}}; to look away from everything else, i.e. (figuratively) intently regard","strongs_number":"g578"},"g579":{"pronunciation":"ap-ob'-lay-tos","unicode":"ἀπόβλητος","translit":"apóblētos","definition":"[ἀπόβλητος] from {{g577}}; cast off, i.e. (figuratively) such as to be rejected","strongs_number":"g579"},"g580":{"pronunciation":"ap-ob-ol-ay'","unicode":"ἀποβολή","translit":"apobolḗ","definition":"[ἀποβολή] from {{g577}}; rejection; figuratively, loss","strongs_number":"g580"},"g581":{"pronunciation":"ap-og-en-om'-en-os","unicode":"ἀπογενόμενος","translit":"apogenómenos","definition":"[ἀπογενόμενος] past participle of a compound of {{g575}} and {{g1096}}; absent, i.e. deceased (figuratively, renounced)","strongs_number":"g581"},"g582":{"pronunciation":"ap-og-raf-ay'","unicode":"ἀπογραφή","translit":"apographḗ","definition":"[ἀπογραφή] from {{g583}}; an enrollment; by implication, an assessment","strongs_number":"g582"},"g583":{"pronunciation":"ap-og-raf'-o","unicode":"ἀπογράφω","translit":"apográphō","definition":"[ἀπογράφω] from {{g575}} and {{g1125}}; to write off (a copy or list), i.e. enrol","strongs_number":"g583"},"g584":{"pronunciation":"ap-od-ike'-noo-mee","unicode":"ἀποδείκνυμι","translit":"apodeíknymi","definition":"[ἀποδείκνυμι] from {{g575}} and {{g1166}}; to show off, i.e. exhibit; figuratively, to demonstrate, i.e. accredit","strongs_number":"g584"},"g585":{"pronunciation":"ap-od'-ike-sis","unicode":"ἀπόδειξις","translit":"apódeixis","definition":"[ἀπόδειξις] from {{g584}}; manifestation","strongs_number":"g585"},"g586":{"pronunciation":"ap-od-ek-at-o'-o","unicode":"ἀποδεκατόω","translit":"apodekatóō","definition":"[ἀποδεκατόω] from {{g575}} and {{g1183}}; to tithe (as debtor or creditor)","strongs_number":"g586"},"g587":{"pronunciation":"ap-od'-ek-tos","unicode":"ἀπόδεκτος","translit":"apódektos","definition":"[ἀπόδεκτος] from {{g588}}; accepted, i.e. agreeable","strongs_number":"g587"},"g588":{"pronunciation":"ap-od-ekh'-om-ahee","unicode":"ἀποδέχομαι","translit":"apodéchomai","definition":"[ἀποδέχομαι] from {{g575}} and {{g1209}}; to take fully, i.e. welcome (persons), approve (things)","strongs_number":"g588"},"g589":{"pronunciation":"ap-od-ay-meh'-o","unicode":"ἀποδημέω","translit":"apodēméō","definition":"[ἀποδημέω] from {{g590}}; to go abroad, i.e. visit a foreign land","strongs_number":"g589"},"g590":{"pronunciation":"ap-od'-ay-mos","unicode":"ἀπόδημος","translit":"apódēmos","definition":"[ἀπόδημος] from {{g575}} and {{g1218}}; absent from one's own people, i.e. a foreign traveller","strongs_number":"g590"},"g591":{"pronunciation":"ap-od-eed'-o-mee","unicode":"ἀποδίδωμι","translit":"apodídōmi","definition":"[ἀποδίδωμι] from {{g575}} and {{g1325}}; to give away, i.e. up, over, back, etc. (in various applications)","strongs_number":"g591"},"g592":{"pronunciation":"ap-od-ee-or-id'-zo","unicode":"ἀποδιορίζω","translit":"apodiorízō","definition":"[ἀποδιορίζω] from {{g575}} and a compound of {{g1223}} and {{g3724}}; to disjoin (by a boundary, figuratively, a party)","strongs_number":"g592"},"g593":{"pronunciation":"ap-od-ok-ee-mad'-zo","unicode":"ἀποδοκιμάζω","translit":"apodokimázō","definition":"[ἀποδοκιμάζω] from {{g575}} and {{g1381}}; to disapprove, i.e. (by implication) to repudiate","strongs_number":"g593"},"g594":{"pronunciation":"ap-od-okh-ay'","unicode":"ἀποδοχή","translit":"apodochḗ","definition":"[ἀποδοχή] from {{g588}}; acceptance","strongs_number":"g594"},"g595":{"pronunciation":"ap-oth'-es-is","unicode":"ἀπόθεσις","translit":"apóthesis","definition":"[ἀπόθεσις] from {{g659}}; a laying aside (literally or figuratively)","strongs_number":"g595"},"g596":{"pronunciation":"ap-oth-ay'-kay","unicode":"ἀποθήκη","translit":"apothḗkē","definition":"[ἀποθήκη] from {{g659}}; a repository, i.e. granary","strongs_number":"g596"},"g597":{"pronunciation":"ap-oth-ay-sow-rid'-zo","unicode":"ἀποθησαυρίζω","translit":"apothēsaurízō","definition":"[ἀποθησαυρίζω] from {{g575}} and {{g2343}}; to treasure away","strongs_number":"g597"},"g598":{"pronunciation":"ap-oth-lee'-bo","unicode":"ἀποθλίβω","translit":"apothlíbō","definition":"[ἀποθλίβω] from {{g575}} and {{g2346}}; to crowd (from every side)","strongs_number":"g598"},"g599":{"pronunciation":"ap-oth-nace'-ko","unicode":"ἀποθνήσκω","translit":"apothnḗskō","definition":"[ἀποθνήσκω] from {{g575}} and {{g2348}}; to die off (literally or figuratively)","strongs_number":"g599"},"g600":{"pronunciation":"ap-ok-ath-is'-tay-mee","unicode":"ἀποκαθίστημι","translit":"apokathístēmi","definition":"[ἀποκαθίστημι] from {{g575}} and {{g2525}}; to reconstitute (in health, home or organization)","strongs_number":"g600"}}