{"g5001":{"pronunciation":"tag'-mah","unicode":"τάγμα","translit":"tágma","definition":"[τάγμα] from {{g5021}}; something orderly in arrangement (a troop), i.e. (figuratively) a series or succession","strongs_number":"g5001"},"g5002":{"pronunciation":"tak-tos'","unicode":"τακτός","translit":"taktós","definition":"[τακτός] from {{g5021}}; arranged, i.e. appointed or stated","strongs_number":"g5002"},"g5003":{"pronunciation":"tal-ahee-po-reh'-o","unicode":"ταλαιπωρέω","translit":"talaipōréō","definition":"[ταλαιπωρέω] from {{g5005}}; to be wretched, i.e. realize one's own misery","strongs_number":"g5003"},"g5004":{"pronunciation":"tal-ahee-po-ree'-ah","unicode":"ταλαιπωρία","translit":"talaipōría","definition":"[ταλαιπωρία] from {{g5005}}; wretchedness, i.e. calamity","strongs_number":"g5004"},"g5005":{"pronunciation":"tal-ah'-ee-po-ros","unicode":"ταλαίπωρος","translit":"talaípōros","definition":"[ταλαίπωρος] from the base of {{g5007}} and a derivative of the base of {{g3984}}; enduring trial, i.e. miserable","strongs_number":"g5005"},"g5006":{"pronunciation":"tal-an-tee-ah'-yos","unicode":"ταλαντιαῖος","translit":"talantiaîos","definition":"[ταλαντιαῖος] from {{g5007}}; talent-like in weight","strongs_number":"g5006"},"g5007":{"pronunciation":"tal'-an-ton","unicode":"τάλαντον","translit":"tálanton","definition":"[τάλαντον] neuter of a presumed derivative of the original form of τλάω (to bear; equivalent to {{g5342}}); a balance (as supporting weights), i.e. (by implication) a certain weight (and thence a coin or rather sum of money) or \"talent\"","strongs_number":"g5007"},"g5008":{"pronunciation":"tal-ee-thah'","unicode":"ταλιθά","translit":"talithá","definition":"[ταλιθά] of Chaldee origin (compare {{h2924}}); the fresh, i.e. young girl; talitha (O maiden)","strongs_number":"g5008"},"g5009":{"pronunciation":"tam-i'-on","unicode":"ταμεῖον","translit":"tameîon","definition":"[ταμεῖον] neuter contraction of a presumed derivative of ταμίας (a dispenser or distributor; akin to τέμνω, to cut); a dispensary or magazine, i.e. a chamber on the ground-floor or interior of an Oriental house (generally used for storage or privacy, a spot for retirement)","strongs_number":"g5009"},"g5010":{"pronunciation":"tax'-is","unicode":"τάξις","translit":"táxis","definition":"[τάξις] from {{g5021}}; regular arrangement, i.e. (in time) fixed succession (of rank or character), official dignity","strongs_number":"g5010"},"g5011":{"pronunciation":"tap-i-nos'","unicode":"ταπεινός","translit":"tapeinós","definition":"[ταπεινός] of uncertain derivation; depressed, i.e. (figuratively) humiliated (in circumstances or disposition)","strongs_number":"g5011"},"g5012":{"pronunciation":"tap-i-nof-ros-oo'-nay","unicode":"ταπεινοφροσύνη","translit":"tapeinophrosýnē","definition":"[ταπεινοφροσύνη] from a compound of {{g5011}} and the base of {{g5424}}; humiliation of mind, i.e. modesty","strongs_number":"g5012"},"g5013":{"pronunciation":"tap-i-no'-o","unicode":"ταπεινόω","translit":"tapeinóō","definition":"[ταπεινόω] from {{g5011}}; to depress; figuratively, to humiliate (in condition or heart)","strongs_number":"g5013"},"g5014":{"pronunciation":"tap-i'-no-sis","unicode":"ταπείνωσις","translit":"tapeínōsis","definition":"[ταπείνωσις] from {{g5013}}; depression (in rank or feeling)","strongs_number":"g5014"},"g5015":{"pronunciation":"tar-as'-so","unicode":"ταράσσω","translit":"tarássō","definition":"[ταράσσω] of uncertain affinity; to stir or agitate (roil water)","strongs_number":"g5015"},"g5016":{"pronunciation":"tar-akh-ay'","unicode":"ταραχή","translit":"tarachḗ","definition":"[ταραχή] feminine from {{g5015}}; disturbance, i.e. (of water) roiling, or (of a mob) sedition","strongs_number":"g5016"},"g5017":{"pronunciation":"tar'-akh-os","unicode":"τάραχος","translit":"tárachos","definition":"[τάραχος] masculine from {{g5015}}; a disturbance, i.e. (popular) tumult","strongs_number":"g5017"},"g5018":{"pronunciation":"tar-syoos'","unicode":"Ταρσεύς","translit":"Tarseús","definition":"[Ταρσεύς] from {{g5019}}; a Tarsean, i.e. native of Tarsus","strongs_number":"g5018"},"g5019":{"pronunciation":"tar-sos'","unicode":"Ταρσός","translit":"Tarsós","definition":"[Ταρσός] perhaps the same as ταρσός (a flat basket); Tarsus, a place in Asia Minor","strongs_number":"g5019"},"g5020":{"pronunciation":"tar-tar-o'-o","unicode":"ταρταρόω","translit":"tartaróō","definition":"[ταρταρόω] from Τάρταρος (the deepest abyss of Hades); to incarcerate in eternal torment","strongs_number":"g5020"},"g5021":{"pronunciation":"tas'-so","unicode":"τάσσω","translit":"tássō","definition":"[τάσσω] a prolonged form of a primary verb (which latter appears only in certain tenses); to arrange in an orderly manner, i.e. assign or dispose (to a certain position or lot)","strongs_number":"g5021"},"g5022":{"pronunciation":"tow'-ros","unicode":"ταῦρος","translit":"taûros","definition":"[ταῦρος] apparently a primary word (compare {{h8450}}, \"steer\"); a bullock","strongs_number":"g5022"},"g5023":{"pronunciation":"tow'-tah","unicode":"ταῦτα","translit":"taûta","definition":"[ταῦτα] nominative or accusative case neuter plural of {{g3778}}; these things","strongs_number":"g5023"},"g5024":{"pronunciation":"tow-tah'","unicode":"ταὐτά","translit":"tautá","definition":"[ταὐτά] neuter plural of {{g3588}} and {{g846}} as adverb; in the same way","strongs_number":"g5024"},"g5025":{"pronunciation":"tow'-taheece","unicode":"ταύταις","translit":"taútais","definition":"[ταύταις] , and      ταύταςdative case and accusative case feminine plural respectively of {{g3778}}; (to or with or by, etc.) these","strongs_number":"g5025"},"g5026":{"pronunciation":"tow'-tay","unicode":"ταύτῃ","translit":"taútēi","definition":"[ταύτῃ] ,  and      ταύτην, and      ταύτηςdative case, accusative case and genitive case respectively of the feminine singular of {{g3778}}; (towards or of) this","strongs_number":"g5026"},"g5027":{"pronunciation":"taf-ay'","unicode":"ταφή","translit":"taphḗ","definition":"[ταφή] feminine from {{g2290}}; burial (the act)","strongs_number":"g5027"},"g5028":{"pronunciation":"taf'-os","unicode":"τάφος","translit":"táphos","definition":"[τάφος] masculine from {{g2290}}; a grave (the place of interment)","strongs_number":"g5028"},"g5029":{"pronunciation":"takh'-ah","unicode":"τάχα","translit":"tácha","definition":"[τάχα] as if neuter plural of {{g5036}} (adverbially); shortly, i.e. (figuratively) possibly","strongs_number":"g5029"},"g5030":{"pronunciation":"takh-eh'-oce","unicode":"ταχέως","translit":"tachéōs","definition":"[ταχέως] adverb from {{g5036}}; briefly, i.e. (in time) speedily, or (in manner) rapidly","strongs_number":"g5030"},"g5031":{"pronunciation":"takh-ee-nos'","unicode":"ταχινός","translit":"tachinós","definition":"[ταχινός] from {{g5034}}; curt, i.e. impending","strongs_number":"g5031"},"g5032":{"pronunciation":"takh'-ee-on","unicode":"τάχιον","translit":"táchion","definition":"[τάχιον] neuter singular of the comparative of {{g5036}} (as adverb); more swiftly, i.e. (in manner) more rapidly, or (in time) more speedily","strongs_number":"g5032"},"g5033":{"pronunciation":"takh'-is-tah","unicode":"τάχιστα","translit":"táchista","definition":"[τάχιστα] neuter plural of the superlative of {{g5036}} (as adverb); most quickly, i.e. (with {{g5613}} prefixed) as soon as possible","strongs_number":"g5033"},"g5034":{"pronunciation":"takh'-os","unicode":"τάχος","translit":"táchos","definition":"[τάχος] from the same as {{g5036}}; a brief space (of time), i.e. (with {{g1722}} prefixed) in haste","strongs_number":"g5034"},"g5035":{"pronunciation":"takh-oo'","unicode":"ταχύ","translit":"tachý","definition":"[ταχύ] neuter singular of {{g5036}} (as adverb); shortly, i.e. without delay, soon, or (by surprise) suddenly, or (by implication, of ease) readily","strongs_number":"g5035"},"g5036":{"pronunciation":"takh-oos'","unicode":"ταχύς","translit":"tachýs","definition":"[ταχύς] of uncertain affinity; fleet, i.e. (figuratively) prompt or ready","strongs_number":"g5036"},"g5037":{"pronunciation":"teh","unicode":"τέ","translit":"té","definition":"[τέ] a primary particle (enclitic) of connection or addition; both or also (properly, as correlation of {{g2532}}) Often used in composition, usually as the latter participle.","strongs_number":"g5037"},"g5038":{"pronunciation":"ti'-khos","unicode":"τεῖχος","translit":"teîchos","definition":"[τεῖχος] akin to the base of {{g5088}}; a wall (as formative of a house)","strongs_number":"g5038"},"g5039":{"pronunciation":"tek-may'-ree-on","unicode":"τεκμήριον","translit":"tekmḗrion","definition":"[τεκμήριον] neuter of a presumed derivative of τεκμάρ (a goal or fixed limit); a token (as defining a fact), i.e. criterion of certainty","strongs_number":"g5039"},"g5040":{"pronunciation":"tek-nee'-on","unicode":"τεκνίον","translit":"tekníon","definition":"[τεκνίον] diminutive of {{g5043}}; an infant, i.e. (plural figuratively) darlings (Christian converts)","strongs_number":"g5040"},"g5041":{"pronunciation":"tek-nog-on-eh'-o","unicode":"τεκνογονέω","translit":"teknogonéō","definition":"[τεκνογονέω] from a compound of {{g5043}} and the base of {{g1096}}; to be a child-bearer, i.e. parent (mother)","strongs_number":"g5041"},"g5042":{"pronunciation":"tek-nog-on-ee'-ah","unicode":"τεκνογονία","translit":"teknogonía","definition":"[τεκνογονία] from the same as {{g5041}}; childbirth (parentage), i.e. (by implication) maternity (the performance of maternal duties)","strongs_number":"g5042"},"g5043":{"pronunciation":"tek'-non","unicode":"τέκνον","translit":"téknon","definition":"[τέκνον] from the base of {{g5088}}; a child (as produced)","strongs_number":"g5043"},"g5044":{"pronunciation":"tek-not-rof-eh'-o","unicode":"τεκνοτροφέω","translit":"teknotrophéō","definition":"[τεκνοτροφέω] from a compound of {{g5043}} and {{g5142}}; to be a childrearer, i.e. fulfil the duties of a female parent","strongs_number":"g5044"},"g5045":{"pronunciation":"tek'-tone","unicode":"τέκτων","translit":"téktōn","definition":"[τέκτων] from the base of {{g5098}}; an artificer (as producer of fabrics), i.e. (specially), a craftsman in wood","strongs_number":"g5045"},"g5046":{"pronunciation":"tel'-i-os","unicode":"τέλειος","translit":"téleios","definition":"[τέλειος] from {{g5056}}; complete (in various applications of labor, growth, mental and moral character, etc.); neuter (as noun, with {{g3588}}) completeness","strongs_number":"g5046"},"g5047":{"pronunciation":"tel-i-ot'-ace","unicode":"τελειότης","translit":"teleiótēs","definition":"[τελειότης] from {{g5046}}; (the state) completeness (mentally or morally)","strongs_number":"g5047"},"g5048":{"pronunciation":"tel-i-o'-o","unicode":"τελειόω","translit":"teleióō","definition":"[τελειόω] from {{g5046}}; to complete, i.e. (literally) accomplish, or (figuratively) consummate (in character)","strongs_number":"g5048"},"g5049":{"pronunciation":"tel-i'-oce","unicode":"τελείως","translit":"teleíōs","definition":"[τελείως] adverb from {{g5046}}; completely, i.e. (of hope) without wavering","strongs_number":"g5049"},"g5050":{"pronunciation":"tel-i'-o-sis","unicode":"τελείωσις","translit":"teleíōsis","definition":"[τελείωσις] from {{g5448}}; (the act) completion, i.e. (of prophecy) verification, or (of expiation) absolution","strongs_number":"g5050"},"g5051":{"pronunciation":"tel-i-o-tace'","unicode":"τελειωτής","translit":"teleiōtḗs","definition":"[τελειωτής] from {{g5048}}; a completer, i.e. consummater","strongs_number":"g5051"},"g5052":{"pronunciation":"tel-es-for-eh'-o","unicode":"τελεσφορέω","translit":"telesphoréō","definition":"[τελεσφορέω] from a compound of {{g5056}} and {{g5342}}; to be a bearer to completion (maturity), i.e. to ripen fruit (figuratively)","strongs_number":"g5052"},"g5053":{"pronunciation":"tel-yoo-tah'-o","unicode":"τελευτάω","translit":"teleutáō","definition":"[τελευτάω] from a presumed derivative of {{g5055}}; to finish life (by implication, of {{g979}}), i.e. expire (demise)","strongs_number":"g5053"},"g5054":{"pronunciation":"tel-yoo-tay'","unicode":"τελευτή","translit":"teleutḗ","definition":"[τελευτή] from {{g5053}}; decease","strongs_number":"g5054"},"g5055":{"pronunciation":"tel-eh'-o","unicode":"τελέω","translit":"teléō","definition":"[τελέω] from {{g5056}}; to end, i.e. complete, execute, conclude, discharge (a debt)","strongs_number":"g5055"},"g5056":{"pronunciation":"tel'-os","unicode":"τέλος","translit":"télos","definition":"[τέλος] from a primary τέλλω (to set out for a definite point or goal); properly, the point aimed at as a limit, i.e. (by implication) the conclusion of an act or state (termination (literally, figuratively or indefinitely), result (immediate, ultimate or prophetic), purpose); specially, an impost or levy (as paid) Compare {{g5411}}.","strongs_number":"g5056"},"g5057":{"pronunciation":"tel-o'-nace","unicode":"τελώνης","translit":"telṓnēs","definition":"[τελώνης] from {{g5056}} and {{g5608}}; a tax-farmer, i.e. collector of public revenue","strongs_number":"g5057"},"g5058":{"pronunciation":"tel-o'-nee-on","unicode":"τελώνιον","translit":"telṓnion","definition":"[τελώνιον] neuter of a presumed derivative of {{g5057}}; a tax-gatherer's place of business","strongs_number":"g5058"},"g5059":{"pronunciation":"ter'-as","unicode":"τέρας","translit":"téras","definition":"[τέρας] of uncertain affinity; a prodigy or omen","strongs_number":"g5059"},"g5060":{"pronunciation":"ter'-tee-os","unicode":"Τέρτιος","translit":"Tértios","definition":"[Τέρτιος] of Latin origin; third; Tertius, a Christian","strongs_number":"g5060"},"g5061":{"pronunciation":"ter'-tool-los","unicode":"Τέρτυλλος","translit":"Tértyllos","definition":"[Τέρτυλλος] of uncertain derivation; Tertullus, a Roman","strongs_number":"g5061"},"g5062":{"pronunciation":"tes-sar-ak'-on-tah","unicode":"τεσσαράκοντα","translit":"tessarákonta","definition":"[τεσσαράκοντα] the decade of {{g5064}}; forty","strongs_number":"g5062"},"g5063":{"pronunciation":"tes-sar-ak-on-tah-et-ace'","unicode":"τεσσαρακονταετής","translit":"tessarakontaetḗs","definition":"[τεσσαρακονταετής] from {{g5062}} and {{g2094}}; of forty years of age","strongs_number":"g5063"},"g5064":{"pronunciation":"tes'-sar-es","unicode":"τέσσαρες","translit":"téssares","definition":"[τέσσαρες] , or neuter      τέσσαραa plural number; four","strongs_number":"g5064"},"g5065":{"pronunciation":"tes-sar-es-kahee-dek'-at-os","unicode":"τεσσαρεσκαιδέκατος","translit":"tessareskaidékatos","definition":"[τεσσαρεσκαιδέκατος] from {{g5064}} and {{g2532}} and {{g1182}}; fourteenth","strongs_number":"g5065"},"g5066":{"pronunciation":"tet-ar-tah'-yos","unicode":"τεταρταῖος","translit":"tetartaîos","definition":"[τεταρταῖος] from {{g5064}}; pertaining to the fourth day","strongs_number":"g5066"},"g5067":{"pronunciation":"tet'-ar-tos","unicode":"τέταρτος","translit":"tétartos","definition":"[τέταρτος] ordinal from {{g5064}}; fourth","strongs_number":"g5067"},"g5068":{"pronunciation":"tet-rag'-o-nos","unicode":"τετράγωνος","translit":"tetrágōnos","definition":"[τετράγωνος] from {{g5064}} and {{g1137}}; four-cornered, i.e. square","strongs_number":"g5068"},"g5069":{"pronunciation":"tet-rad'-ee-on","unicode":"τετράδιον","translit":"tetrádion","definition":"[τετράδιον] neuter of a presumed derivative of τέτρας (a tetrad; from {{g5064}}); a quaternion or squad (picket) of four Roman soldiers","strongs_number":"g5069"},"g5070":{"pronunciation":"tet-rak-is-khil'-ee-oy","unicode":"τετρακισχίλιοι","translit":"tetrakischílioi","definition":"[τετρακισχίλιοι] from the multiplicative adverb of {{g5064}} and {{g5507}}; four times a thousand","strongs_number":"g5070"},"g5071":{"pronunciation":"tet-rak-os'-ee-oy","unicode":"τετρακόσιοι","translit":"tetrakósioi","definition":"[τετρακόσιοι] ,  or neuter      τετρακόσιαplural from {{g5064}} and {{g1540}}; four hundred","strongs_number":"g5071"},"g5072":{"pronunciation":"tet-ram'-ay-non","unicode":"τετράμηνον","translit":"tetrámēnon","definition":"[τετράμηνον] neuter of a compound of {{g5064}} and {{g3376}}; a four months' space","strongs_number":"g5072"},"g5073":{"pronunciation":"tet-rap-lo'-os","unicode":"τετραπλόος","translit":"tetraplóos","definition":"[τετραπλόος] from {{g5064}} and a derivative of the base of {{g4118}}; quadruple","strongs_number":"g5073"},"g5074":{"pronunciation":"tet-rap'-ooce","unicode":"τετράπους","translit":"tetrápous","definition":"[τετράπους] from {{g5064}} and {{g4228}}; a quadruped","strongs_number":"g5074"},"g5075":{"pronunciation":"tet-rar-kheh'-o","unicode":"τετραρχέω","translit":"tetrarchéō","definition":"[τετραρχέω] from {{g5076}}; to be a tetrarch","strongs_number":"g5075"},"g5076":{"pronunciation":"tet-rar'-khace","unicode":"τετράρχης","translit":"tetrárchēs","definition":"[τετράρχης] from {{g5064}} and {{g757}}; the ruler of a fourth part of a country (\"tetrarch\")","strongs_number":"g5076"},"g5077":{"pronunciation":"tef-ro'-o","unicode":"τεφρόω","translit":"tephróō","definition":"[τεφρόω] from τέφρα (ashes); to incinerate, i.e. consume","strongs_number":"g5077"},"g5078":{"pronunciation":"tekh'-nay","unicode":"τέχνη","translit":"téchnē","definition":"[τέχνη] from the base of {{g5088}}; art (as productive), i.e. (specially), a trade, or (generally) skill","strongs_number":"g5078"},"g5079":{"pronunciation":"tekh-nee'-tace","unicode":"τεχνίτης","translit":"technítēs","definition":"[τεχνίτης] from {{g5078}}; an artisan; figuratively, a founder (Creator)","strongs_number":"g5079"},"g5080":{"pronunciation":"tay'-ko","unicode":"τήκω","translit":"tḗkō","definition":"[τήκω] apparently a primary verb; to liquefy","strongs_number":"g5080"},"g5081":{"pronunciation":"tay-low-goce'","unicode":"τηλαυγῶς","translit":"tēlaugōs","definition":"[τηλαυγῶς] adverb from a compound of a derivative of {{g5056}} and {{g827}}; in a far-shining manner, i.e. plainly","strongs_number":"g5081"},"g5082":{"pronunciation":"tay-lik-oo'-tos","unicode":"τηλικοῦτος","translit":"tēlikoûtos","definition":"[τηλικοῦτος] , or feminine      τηλικαύτηfrom a compound of {{g3588}} with {{g2245}} and {{g3778}}; such as this, i.e. (in (figurative) magnitude) so vast","strongs_number":"g5082"},"g5083":{"pronunciation":"tay-reh'-o","unicode":"τηρέω","translit":"tēréō","definition":"[τηρέω] from τερός (a watch; perhaps akin to {{g2334}}); to guard (from loss or injury, properly, by keeping the eye upon; and thus differing from {{g5442}}, which is properly to prevent escaping; and from {{g2892}}, which implies a fortress or full military lines of apparatus), i.e. to note (a prophecy; figuratively, to fulfil a command); by implication, to detain (in custody; figuratively, to maintain); by extension, to withhold (for personal ends; figuratively, to keep unmarried); by extension, to withhold (for personal ends; figuratively, to keep unmarried)","strongs_number":"g5083"},"g5084":{"pronunciation":"tay'-ray-sis","unicode":"τήρησις","translit":"tḗrēsis","definition":"[τήρησις] from {{g5083}}; a watching, i.e. (figuratively) observance, or (concretely) a prison","strongs_number":"g5084"},"g5085":{"pronunciation":"tib-er-ee-as'","unicode":"Τιβεριάς","translit":"Tiberiás","definition":"[Τιβεριάς] from {{g5086}}; Tiberias, the name of a town and a lake in Palestine","strongs_number":"g5085"},"g5086":{"pronunciation":"tib-er'-ee-os","unicode":"Τιβέριος","translit":"Tibérios","definition":"[Τιβέριος] of Latin origin; probably pertaining to the river Tiberis or Tiber; Tiberius, a Roman emperor","strongs_number":"g5086"},"g5087":{"pronunciation":"tith'-ay-mee","unicode":"τίθημι","translit":"títhēmi","definition":"[τίθημι] ; a prolonged form of a primary      θέω       (which is used only as alternate in                               certain tenses); to place (in the widest application, literally and figuratively; properly, in a passive or horizontal posture, and thus different from {{g2476}}, which properly denotes an upright and active position, while {{g2749}} is properly reflexive and utterly  prostrate)","strongs_number":"g5087"},"g5088":{"pronunciation":"tik'-to","unicode":"τίκτω","translit":"tíktō","definition":"[τίκτω] a strengthened form of a primary τέκω (which is used only as alternate in certain tenses); to produce (from seed, as a mother, a plant, the earth, etc.), literally or figuratively","strongs_number":"g5088"},"g5089":{"pronunciation":"til'-lo","unicode":"τίλλω","translit":"tíllō","definition":"[τίλλω] perhaps akin to the alternate of {{g138}}, and thus to {{g4951}}; to pull off","strongs_number":"g5089"},"g5090":{"pronunciation":"tim'-ah-yos","unicode":"Τιμαῖος","translit":"Timaîos","definition":"[Τιμαῖος] probably of Chaldee origin (compare {{h2931}}); Timæus (i.e. Timay), an Israelite","strongs_number":"g5090"},"g5091":{"pronunciation":"tim-ah'-o","unicode":"τιμάω","translit":"timáō","definition":"[τιμάω] from {{g5093}}; to prize, i.e. fix a valuation upon; by implication, to revere","strongs_number":"g5091"},"g5092":{"pronunciation":"tee-may'","unicode":"τιμή","translit":"timḗ","definition":"[τιμή] from {{g5099}}; a value, i.e. money paid, or (concretely and collectively) valuables; by analogy, esteem (especially of the highest degree), or the dignity itself","strongs_number":"g5092"},"g5093":{"pronunciation":"tim'-ee-os","unicode":"τίμιος","translit":"tímios","definition":"[τίμιος] ,        including the comparative      τιμιώτερος,  and the superlative      τιμιώτατοςfrom {{g5092}}; valuable, i.e. (objectively) costly, or (subjectively) honored, esteemed, or (figuratively) beloved","strongs_number":"g5093"},"g5094":{"pronunciation":"tim-ee-ot'-ace","unicode":"τιμιότης","translit":"timiótēs","definition":"[τιμιότης] from {{g5093}}; expensiveness, i.e. (by implication) magnificence","strongs_number":"g5094"},"g5095":{"pronunciation":"tee-moth'-eh-os","unicode":"Τιμόθεος","translit":"Timótheos","definition":"[Τιμόθεος] from {{g5092}} and {{g2316}}; dear to God; Timotheus, a Christian","strongs_number":"g5095"},"g5096":{"pronunciation":"tee'-mone","unicode":"Τίμων","translit":"Tímōn","definition":"[Τίμων] from {{g5092}}; valuable; Timon, a Christian","strongs_number":"g5096"},"g5097":{"pronunciation":"tim-o-reh'-o","unicode":"τιμωρέω","translit":"timōréō","definition":"[τιμωρέω] from a comparative of {{g5092}} and οὖρος ouros (a guard); properly, to protect one's honor, i.e. to avenge (inflict a penalty)","strongs_number":"g5097"},"g5098":{"pronunciation":"tee-mo-ree'-ah","unicode":"τιμωρία","translit":"timōría","definition":"[τιμωρία] from {{g5097}}; vindication, i.e. (by implication) a penalty","strongs_number":"g5098"},"g5099":{"pronunciation":"tee'-no","unicode":"τίνω","translit":"tínō","definition":"[τίνω] ; strengthened for a primary      τίω    (which is only used as an alternate in                        certain tenses); to pay a price, i.e. as a penalty","strongs_number":"g5099"},"g5100":{"pronunciation":"tis","unicode":"τὶς","translit":"tìs","definition":"[τὶς] an enclitic indefinite pronoun; some or any person or object","strongs_number":"g5100"}}