{"g5101":{"pronunciation":"tis","unicode":"τίς","translit":"tís","definition":"[τίς] probably emphatic of {{g5100}}; an interrogative pronoun, who, which or what (in direct or indirect questions)","strongs_number":"g5101"},"g5102":{"pronunciation":"tit'-los","unicode":"τίτλος","translit":"títlos","definition":"[τίτλος] of Latin origin; a titulus or \"title\" (placard)","strongs_number":"g5102"},"g5103":{"pronunciation":"tee'-tos","unicode":"Τίτος","translit":"Títos","definition":"[Τίτος] of Latin origin but uncertain significance; Titus, a Christian","strongs_number":"g5103"},"g5104":{"pronunciation":"toy","unicode":"τοί","translit":"toí","definition":"[τοί] probably for the dative case of {{g3588}}; an enclitic particle of asseveration by way of contrast; in sooth)","strongs_number":"g5104"},"g5105":{"pronunciation":"toy-gar-oon'","unicode":"τοιγαροῦν","translit":"toigaroûn","definition":"[τοιγαροῦν] from {{g5104}} and {{g1063}} and {{g3767}}; truly for then, i.e. consequently","strongs_number":"g5105"},"g5106":{"pronunciation":"toy'-noon","unicode":"τοίνυν","translit":"toínyn","definition":"[τοίνυν] from {{g5104}} and {{g3568}}; truly now, i.e. accordingly","strongs_number":"g5106"},"g5107":{"pronunciation":"toy-os'-deh","unicode":"τοιόσδε","translit":"toiósde","definition":"[τοιόσδε] (including the other inflections); from a derivative of 5104 and {{g1161}}; such-like then, i.e. so great","strongs_number":"g5107"},"g5108":{"pronunciation":"toy-oo'-tos","unicode":"τοιοῦτος","translit":"toioûtos","definition":"[τοιοῦτος] (including the other inflections); from {{g5104}} and {{g3778}}; truly this, i.e. of this sort (to denote character or individuality)","strongs_number":"g5108"},"g5109":{"pronunciation":"toy'-khos","unicode":"τοῖχος","translit":"toîchos","definition":"[τοῖχος] another form of {{g5038}}; a wall","strongs_number":"g5109"},"g5110":{"pronunciation":"tok'-os","unicode":"τόκος","translit":"tókos","definition":"[τόκος] from the base of {{g5088}}; interest on money loaned (as a produce)","strongs_number":"g5110"},"g5111":{"pronunciation":"tol-mah'-o","unicode":"τολμάω","translit":"tolmáō","definition":"[τολμάω] from τόλμα (boldness; probably itself from the base of {{g5056}} through the idea of extreme conduct); to venture (objectively or in act; while {{g2292}} is rather subjective or in feeling); by implication, to be courageous","strongs_number":"g5111"},"g5112":{"pronunciation":"tol-may-rot'-er-on","unicode":"τολμηρότερον","translit":"tolmēróteron","definition":"[τολμηρότερον] neuter of the compound of a derivative of the base of 5111 (as adverb); more daringly, i.e. with greater confidence than otherwise","strongs_number":"g5112"},"g5113":{"pronunciation":"tol-may-tace'","unicode":"τολμητής","translit":"tolmētḗs","definition":"[τολμητής] from {{g5111}}; a daring (audacious) man","strongs_number":"g5113"},"g5114":{"pronunciation":"tom-o'-ter-os","unicode":"τομώτερος","translit":"tomṓteros","definition":"[τομώτερος] comparative of a derivative of the primary τέμνω (to cut; more comprehensive or decisive than {{g2875}}, as if by a single stroke; whereas that implies repeated blows, like hacking); more keen","strongs_number":"g5114"},"g5115":{"pronunciation":"tox'-on","unicode":"τόξον","translit":"tóxon","definition":"[τόξον] from the base of {{g5088}}; a bow (apparently as the simplest fabric)","strongs_number":"g5115"},"g5116":{"pronunciation":"top-ad'-zee-on","unicode":"τοπάζιον","translit":"topázion","definition":"[τοπάζιον] neuter of a presumed derivative (alternately) of τόπαζος (a \"topaz\"; of uncertain origin); a gem, probably the chrysolite","strongs_number":"g5116"},"g5117":{"pronunciation":"top'-os","unicode":"τόπος","translit":"tópos","definition":"[τόπος] apparently a primary word; a spot (general in space, but limited by occupancy; whereas {{g5561}} is a large but participle locality), i.e. location (as a position, home, tract, etc.); figuratively, condition, opportunity; specially, a scabbard","strongs_number":"g5117"},"g5118":{"pronunciation":"tos-oo'-tos","unicode":"τοσοῦτος","translit":"tosoûtos","definition":"[τοσοῦτος] from τόσος (so much; apparently from {{g3588}} and {{g3739}}) and {{g3778}} (including its variations); so vast as this, i.e. such (in quantity, amount, number of space)","strongs_number":"g5118"},"g5119":{"pronunciation":"tot'-eh","unicode":"τότε","translit":"tóte","definition":"[τότε] from (the neuter of) {{g3588}} and {{g3753}}; the when, i.e. at the time that (of the past or future, also in consecution)","strongs_number":"g5119"},"g5120":{"pronunciation":"too","unicode":"τοῦ","translit":"toû","definition":"[τοῦ] properly, the genitive case of {{g3588}}; sometimes used for {{g5127}}; of this person","strongs_number":"g5120"},"g5121":{"pronunciation":"too-nan-tee'-on","unicode":"τοὐναντίον","translit":"tounantíon","definition":"[τοὐναντίον] contraction for the neuter of {{g3588}} and {{g1726}}; on the contrary","strongs_number":"g5121"},"g5122":{"pronunciation":"too'-no-mah","unicode":"τοὔνομα","translit":"toúnoma","definition":"[τοὔνομα] contraction for the neuter of {{g3588}} and {{g3686}}; the name (is)","strongs_number":"g5122"},"g5123":{"pronunciation":"toot-es'-tee","unicode":"τουτέστι","translit":"toutésti","definition":"[τουτέστι] contraction for {{g5124}} and {{g2076}}; that is","strongs_number":"g5123"},"g5124":{"pronunciation":"too'-to","unicode":"τοῦτο","translit":"toûto","definition":"[τοῦτο] neuter singular nominative or accusative case of {{g3778}}; that thing","strongs_number":"g5124"},"g5125":{"pronunciation":"too'-toice","unicode":"τούτοις","translit":"toútois","definition":"[τούτοις] dative case plural masculine or neuter of {{g3778}}; to (for, in, with or by) these (persons or things)","strongs_number":"g5125"},"g5126":{"pronunciation":"too'-ton","unicode":"τοῦτον","translit":"toûton","definition":"[τοῦτον] accusative case singular masculine of {{g3778}}; this (person, as objective of verb or preposition)","strongs_number":"g5126"},"g5127":{"pronunciation":"too'-too","unicode":"τούτου","translit":"toútou","definition":"[τούτου] genitive case singular masculine or neuter of {{g3778}}; of (from or concerning) this (person or thing)","strongs_number":"g5127"},"g5128":{"pronunciation":"too'-tooce","unicode":"τούτους","translit":"toútous","definition":"[τούτους] accusative case plural masculine of {{g3778}}; these (persons, as objective of verb or preposition)","strongs_number":"g5128"},"g5129":{"pronunciation":"too'-to","unicode":"τούτῳ","translit":"toútōi","definition":"[τούτῳ] dative case singular masculine or neuter of {{g3778}}; to (in, with or by) this (person or thing)","strongs_number":"g5129"},"g5130":{"pronunciation":"too'-tone","unicode":"τούτων","translit":"toútōn","definition":"[τούτων] genitive case plural masculine or neuter of {{g3778}}; of (from or concerning) these (persons or things)","strongs_number":"g5130"},"g5131":{"pronunciation":"trag'-os","unicode":"τράγος","translit":"trágos","definition":"[τράγος] from the base of {{g5176}}; a he-goat (as a gnawer)","strongs_number":"g5131"},"g5132":{"pronunciation":"trap'-ed-zah","unicode":"τράπεζα","translit":"trápeza","definition":"[τράπεζα] probably contracted from {{g5064}} and {{g3979}}; a table or stool (as being four-legged), usually for food (figuratively, a meal); also a counter for money (figuratively, a broker's office for loans at interest)","strongs_number":"g5132"},"g5133":{"pronunciation":"trap-ed-zee'-tace","unicode":"τραπεζίτης","translit":"trapezítēs","definition":"[τραπεζίτης] from {{g5132}}; a money-broker or banker","strongs_number":"g5133"},"g5134":{"pronunciation":"trow'-mah","unicode":"τραῦμα","translit":"traûma","definition":"[τραῦμα] from the base of τιτρώσκω (to wound; akin to the base of {{g2352}}, {{g5147}}, {{g5149}}, etc.); a wound","strongs_number":"g5134"},"g5135":{"pronunciation":"trow-mat-id'-zo","unicode":"τραυματίζω","translit":"traumatízō","definition":"[τραυματίζω] from {{g5134}}; to inflict a wound","strongs_number":"g5135"},"g5136":{"pronunciation":"trakh-ay-lid'-zo","unicode":"τραχηλίζω","translit":"trachēlízō","definition":"[τραχηλίζω] from {{g5137}}; to seize by the throat or neck, i.e. to expose the gullet of a victim for killing (generally, to lay bare)","strongs_number":"g5136"},"g5137":{"pronunciation":"trakh'-ay-los","unicode":"τράχηλος","translit":"tráchēlos","definition":"[τράχηλος] probably from {{g5143}} (through the idea of mobility); the throat (neck), i.e. (figuratively) life","strongs_number":"g5137"},"g5138":{"pronunciation":"trakh-oos'","unicode":"τραχύς","translit":"trachýs","definition":"[τραχύς] perhaps strengthened from the base of {{g4486}} (as if jagged by rents); uneven, rocky (reefy)","strongs_number":"g5138"},"g5139":{"pronunciation":"trakh-o-nee'-tis","unicode":"Τραχωνῖτις","translit":"Trachōnîtis","definition":"[Τραχωνῖτις] from a derivative of {{g5138}}; rough district; Trachonitis, a region of Syria","strongs_number":"g5139"},"g5140":{"pronunciation":"trice","unicode":"τρεῖς","translit":"treîs","definition":"[τρεῖς] ,   or neuter      τρίαa primary (plural) number; \"three\"","strongs_number":"g5140"},"g5141":{"pronunciation":"trem'-o","unicode":"τρέμω","translit":"trémō","definition":"[τρέμω] strengthened from a primary τρέω (to \"dread\", \"terrify\"); to \"tremble\" or fear","strongs_number":"g5141"},"g5142":{"pronunciation":"tref'-o","unicode":"τρέφω","translit":"tréphō","definition":"[τρέφω] a primary verb (properly, τρέφω; but perhaps strengthened from the base of {{g5157}} through the idea of convolution); properly, to stiffen, i.e. fatten (by implication, to cherish (with food, etc.), pamper, rear)","strongs_number":"g5142"},"g5143":{"pronunciation":"trekh'-o","unicode":"τρέχω","translit":"tréchō","definition":"[τρέχω] apparently a primary verb (properly, θρέχω; compare {{g2359}}); which uses δρέμω (the base of {{g1408}}) as alternate in certain tenses; to run or walk hastily (literally or figuratively)","strongs_number":"g5143"},"g5144":{"pronunciation":"tree-ak'-on-tah","unicode":"τριάκοντα","translit":"triákonta","definition":"[τριάκοντα] the decade of {{g5140}}; thirty","strongs_number":"g5144"},"g5145":{"pronunciation":"tree-ak-os'-ee-oy","unicode":"τριακόσιοι","translit":"triakósioi","definition":"[τριακόσιοι] plural from {{g5140}} and {{g1540}}; three hundred","strongs_number":"g5145"},"g5146":{"pronunciation":"trib'-ol-os","unicode":"τρίβολος","translit":"tríbolos","definition":"[τρίβολος] from {{g5140}} and {{g956}}; properly, a crow-foot (three-pronged obstruction in war), i.e. (by analogy) a thorny plant (caltrop)","strongs_number":"g5146"},"g5147":{"pronunciation":"tree'-bos","unicode":"τρίβος","translit":"tríbos","definition":"[τρίβος] from τρίβω (to \"rub\"; akin to τείρω, τρύω, and the base of {{g5131}}, {{g5134}}); a rut or worn track","strongs_number":"g5147"},"g5148":{"pronunciation":"tree-et-ee'-ah","unicode":"τριετία","translit":"trietía","definition":"[τριετία] from a compound of {{g5140}} and {{g2094}}; a three years' period (triennium)","strongs_number":"g5148"},"g5149":{"pronunciation":"trid'-zo","unicode":"τρίζω","translit":"trízō","definition":"[τρίζω] apparently a primary verb; to creak (squeak), i.e. (by analogy) to grate the teeth (in frenzy)","strongs_number":"g5149"},"g5150":{"pronunciation":"trim'-ay-non","unicode":"τρίμηνον","translit":"trímēnon","definition":"[τρίμηνον] neuter of a compound of {{g5140}} and {{g3376}} as noun; a three months' space","strongs_number":"g5150"},"g5151":{"pronunciation":"trece","unicode":"τρίς","translit":"trís","definition":"[τρίς] adverb from {{g5140}}; three times","strongs_number":"g5151"},"g5152":{"pronunciation":"tris'-teg-on","unicode":"τρίστεγον","translit":"trístegon","definition":"[τρίστεγον] neuter of a compound of {{g5140}} and {{g4721}} as noun; a third roof (story)","strongs_number":"g5152"},"g5153":{"pronunciation":"tris-khil'-ee-oy","unicode":"τρισχίλιοι","translit":"trischílioi","definition":"[τρισχίλιοι] from {{g5151}} and {{g5507}}; three times a thousand","strongs_number":"g5153"},"g5154":{"pronunciation":"tree'-tos","unicode":"τρίτος","translit":"trítos","definition":"[τρίτος] ordinal from {{g5140}}; third; neuter (as noun) a third part, or (as adverb) a (or the) third time, thirdly","strongs_number":"g5154"},"g5155":{"pronunciation":"trikh'-ee-nos","unicode":"τρίχινος","translit":"tríchinos","definition":"[τρίχινος] from {{g2359}}; hairy, i.e. made of hair (mohair)","strongs_number":"g5155"},"g5156":{"pronunciation":"trom'-os","unicode":"τρόμος","translit":"trómos","definition":"[τρόμος] from {{g5141}}; a \"trembling\", i.e. quaking with fear","strongs_number":"g5156"},"g5157":{"pronunciation":"trop-ay'","unicode":"τροπή","translit":"tropḗ","definition":"[τροπή] from an apparently primary τρέπω to turn; a turn (\"trope\"), i.e. revolution (figuratively, variation)","strongs_number":"g5157"},"g5158":{"pronunciation":"trop'-os","unicode":"τρόπος","translit":"trópos","definition":"[τρόπος] from the same as {{g5157}}; a turn, i.e. (by implication) mode or style (especially with preposition or relative prefix as adverb, like); figuratively, deportment or character","strongs_number":"g5158"},"g5159":{"pronunciation":"trop-of-or-eh'-o","unicode":"τροποφορέω","translit":"tropophoréō","definition":"[τροποφορέω] from {{g5158}} and {{g5409}}; to endure one's habits","strongs_number":"g5159"},"g5160":{"pronunciation":"trof-ay'","unicode":"τροφή","translit":"trophḗ","definition":"[τροφή] from {{g5142}}; nourishment (literally or figuratively); by implication, rations (wages)","strongs_number":"g5160"},"g5161":{"pronunciation":"trof'-ee-mos","unicode":"Τρόφιμος","translit":"Tróphimos","definition":"[Τρόφιμος] from {{g5160}}; nutritive; Trophimus, a Christian","strongs_number":"g5161"},"g5162":{"pronunciation":"trof-os'","unicode":"τροφός","translit":"trophós","definition":"[τροφός] from {{g5142}}; a nourisher, i.e. nurse","strongs_number":"g5162"},"g5163":{"pronunciation":"trokh-ee-ah'","unicode":"τροχιά","translit":"trochiá","definition":"[τροχιά] from {{g5164}}; a track (as a wheel-rut), i.e. (figuratively) a course of conduct","strongs_number":"g5163"},"g5164":{"pronunciation":"trokh-os'","unicode":"τροχός","translit":"trochós","definition":"[τροχός] from {{g5143}}; a wheel (as a runner), i.e. (figuratively) a circuit of physical effects","strongs_number":"g5164"},"g5165":{"pronunciation":"troob'-lee-on","unicode":"τρύβλιον","translit":"trýblion","definition":"[τρύβλιον] neuter of a presumed derivative of uncertain affinity; a bowl","strongs_number":"g5165"},"g5166":{"pronunciation":"troo-gah'-o","unicode":"τρυγάω","translit":"trygáō","definition":"[τρυγάω] from a derivative of τρύγω (to dry) meaning ripe fruit (as if dry); to collect the vintage","strongs_number":"g5166"},"g5167":{"pronunciation":"troo-gone'","unicode":"τρυγών","translit":"trygṓn","definition":"[τρυγών] from τρύζω (to murmur; akin to {{g5149}}, but denoting a duller sound); a turtle-dove (as cooing)","strongs_number":"g5167"},"g5168":{"pronunciation":"troo-mal-ee-ah'","unicode":"τρυμαλιά","translit":"trymaliá","definition":"[τρυμαλιά] from a derivative of τρύω (to wear away; akin to the base of {{g5134}}, {{g5147}} and {{g5176}}); an orifice, i.e. needle's eye Compare {{g5169}}.","strongs_number":"g5168"},"g5169":{"pronunciation":"troo'-pay-mah","unicode":"τρύπημα","translit":"trýpēma","definition":"[τρύπημα] from a derivative of the base of {{g5168}}; an aperture, i.e. a needle's eye","strongs_number":"g5169"},"g5170":{"pronunciation":"troo'-fahee-nah","unicode":"Τρύφαινα","translit":"Trýphaina","definition":"[Τρύφαινα] from {{g5172}}; luxurious; Tryphæna, a Christian woman","strongs_number":"g5170"},"g5171":{"pronunciation":"troo-fah'-o","unicode":"τρυφάω","translit":"trypháō","definition":"[τρυφάω] from {{g5172}}; to indulge in luxury","strongs_number":"g5171"},"g5172":{"pronunciation":"troo-fay'","unicode":"τρυφή","translit":"tryphḗ","definition":"[τρυφή] from θρύπτω (to break up or (figuratively) enfeeble, especially the mind and body by indulgence); effeminacy, i.e. luxury or debauchery","strongs_number":"g5172"},"g5173":{"pronunciation":"troo-fo'-sah","unicode":"Τρυφῶσα","translit":"Tryphōsa","definition":"[Τρυφῶσα] from {{g5172}}; luxuriating; Tryphosa, a Christian female","strongs_number":"g5173"},"g5174":{"pronunciation":"tro-as'","unicode":"Τρωάς","translit":"Trōás","definition":"[Τρωάς] from Τρός (a Trojan); the Troad (or plain of Troy), i.e. Troas, a place in Asia Minor","strongs_number":"g5174"},"g5175":{"pronunciation":"tro-gool'-lee-on","unicode":"Τρωγύλλιον","translit":"Trōgýllion","definition":"[Τρωγύλλιον] of uncertain derivation; Trogyllium, a place in Asia Minor","strongs_number":"g5175"},"g5176":{"pronunciation":"tro'-go","unicode":"τρώγω","translit":"trṓgō","definition":"[τρώγω] probably strengthened from a collateral form of the base of {{g5134}} and {{g5147}} through the idea of corrosion or wear; or perhaps rather of a base of {{g5167}} and {{g5149}} through the idea of a craunching sound; to gnaw or chew, i.e. (generally) to eat","strongs_number":"g5176"},"g5177":{"pronunciation":"toong-khan'-o","unicode":"τυγχάνω","translit":"tynchánō","definition":"[τυγχάνω] probably for an obsolete τύχω (for which the middle voice of another alternate τεύχω (to make ready or bring to pass) is used in certain tenses; akin to the base of {{g5088}} through the idea of effecting; properly, to affect; or (specially), to hit or light upon (as a mark to be reached), i.e. (transitively) to attain or secure an object or end, or (intransitively) to happen (as if meeting with); but in the latter application only impersonal (with {{g1487}}), i.e. perchance; or (present participle) as adjective, usual (as if commonly met with, with {{g3756}}, extraordinary), neuter (as adverb) perhaps; or (with another verb) as adverb, by accident (as it were) Compare {{g5180}}.","strongs_number":"g5177"},"g5178":{"pronunciation":"toom-pan-id'-zo","unicode":"τυμπανίζω","translit":"tympanízō","definition":"[τυμπανίζω] from a derivative of {{g5180}} (meaning a drum, \"tympanum\"); to stretch on an instrument of torture resembling a drum, and thus beat to death","strongs_number":"g5178"},"g5179":{"pronunciation":"too'-pos","unicode":"τύπος","translit":"týpos","definition":"[τύπος] from {{g5180}}; a die (as struck), i.e. (by implication) a stamp or scar; by analogy, a shape, i.e. a statue, (figuratively) style or resemblance; specially, a sampler (\"type\"), i.e. a model (for imitation) or instance (for warning)","strongs_number":"g5179"},"g5180":{"pronunciation":"toop'-to","unicode":"τύπτω","translit":"týptō","definition":"[τύπτω] a primary verb (in a strengthened form); to \"thump\", i.e. cudgel or pummel (properly, with a stick or bastinado), but in any case by repeated blows; thus differing from {{g3817}} and {{g3960}}, which denote a (usually single) blow with the hand or any instrument, or {{g4141}} with the fist (or a hammer), or {{g4474}} with the palm; as well as from {{g5177}}, an accidental collision); by implication, to punish; figuratively, to offend (the conscience)","strongs_number":"g5180"},"g5181":{"pronunciation":"too'-ran-nos","unicode":"Τύραννος","translit":"Týrannos","definition":"[Τύραννος] a provincial form of the derivative of the base of {{g2962}}; a \"tyrant\"; Tyrannus, an Ephesian","strongs_number":"g5181"},"g5182":{"pronunciation":"toor-bad'-zo","unicode":"τυρβάζω","translit":"tyrbázō","definition":"[τυρβάζω] from τύρβη (Latin , a crowd; akin to {{g2351}}); to make \"turbid\", i.e. disturb","strongs_number":"g5182"},"g5183":{"pronunciation":"too'-ree-os","unicode":"Τύριος","translit":"Týrios","definition":"[Τύριος] from {{g5184}}; a Tyrian, i.e. inhabitant of Tyrus","strongs_number":"g5183"},"g5184":{"pronunciation":"too'-ros","unicode":"Τύρος","translit":"Týros","definition":"[Τύρος] of Hebrew origin ({{h6865}}): Tyrus (i.e. Tsor), a place in Palestine","strongs_number":"g5184"},"g5185":{"pronunciation":"toof-los'","unicode":"τυφλός","translit":"typhlós","definition":"[τυφλός] from, {{g5187}}; opaque (as if smoky), i.e. (by analogy) blind (physically or mentally)","strongs_number":"g5185"},"g5186":{"pronunciation":"toof-lo'-o","unicode":"τυφλόω","translit":"typhlóō","definition":"[τυφλόω] from {{g5185}}; to make blind, i.e. (figuratively) to obscure","strongs_number":"g5186"},"g5187":{"pronunciation":"toof-o'-o","unicode":"τυφόω","translit":"typhóō","definition":"[τυφόω] from a derivative of {{g5188}}; to envelop with smoke, i.e. (figuratively) to inflate with self-conceit","strongs_number":"g5187"},"g5188":{"pronunciation":"too'-fo","unicode":"τύφω","translit":"týphō","definition":"[τύφω] apparently a primary verb; to make a smoke, i.e. slowly consume without flame","strongs_number":"g5188"},"g5189":{"pronunciation":"too-fo-nee-kos'","unicode":"τυφωνικός","translit":"typhōnikós","definition":"[τυφωνικός] from a derivative of {{g5188}}; stormy (as if smoky)","strongs_number":"g5189"},"g5190":{"pronunciation":"too-khee-kos'","unicode":"Τυχικός","translit":"Tychikós","definition":"[Τυχικός] from a derivative of {{g5177}}; fortuitous, i.e. fortunate; Tychicus, a Christian","strongs_number":"g5190"},"g5191":{"pronunciation":"hoo-ak-in'-thee-nos","unicode":"ὑακίνθινος","translit":"hyakínthinos","definition":"[ὑακίνθινος] from {{g5192}}; \"hyacinthine\" or \"jacinthine\", i.e. deep blue","strongs_number":"g5191"},"g5192":{"pronunciation":"hoo-ak'-in-thos","unicode":"ὑάκινθος","translit":"hyákinthos","definition":"[ὑάκινθος] of uncertain derivation; the \"hyacinth\" or \"jacinth\", i.e. some gem of a deep blue color, probably the zirkon","strongs_number":"g5192"},"g5193":{"pronunciation":"hoo-al'-ee-nos","unicode":"ὑάλινος","translit":"hyálinos","definition":"[ὑάλινος] from {{g5194}}; glassy, i.e. transparent","strongs_number":"g5193"},"g5194":{"pronunciation":"hoo'-al-os","unicode":"ὕαλος","translit":"hýalos","definition":"[ὕαλος] perhaps from the same as {{g5205}} (as being transparent like rain); glass","strongs_number":"g5194"},"g5195":{"pronunciation":"hoo-brid'-zo","unicode":"ὑβρίζω","translit":"hybrízō","definition":"[ὑβρίζω] from {{g5196}}; to exercise violence, i.e. abuse","strongs_number":"g5195"},"g5196":{"pronunciation":"hoo'-bris","unicode":"ὕβρις","translit":"hýbris","definition":"[ὕβρις] from {{g5228}}; insolence (as over-bearing), i.e. insult, injury","strongs_number":"g5196"},"g5197":{"pronunciation":"hoo-bris-tace'","unicode":"ὑβριστής","translit":"hybristḗs","definition":"[ὑβριστής] from {{g5195}}; an insulter, i.e. maltreater","strongs_number":"g5197"},"g5198":{"pronunciation":"hoog-ee-ah'-ee-no","unicode":"ὑγιαίνω","translit":"hygiaínō","definition":"[ὑγιαίνω] from {{g5199}}; to have sound health, i.e. be well (in body); figuratively, to be uncorrupt (true in doctrine)","strongs_number":"g5198"},"g5199":{"pronunciation":"hoog-ee-ace'","unicode":"ὑγιής","translit":"hygiḗs","definition":"[ὑγιής] from the base of {{g837}}; healthy, i.e. well (in body); figuratively, true (in doctrine)","strongs_number":"g5199"},"g5200":{"pronunciation":"hoo-gros'","unicode":"ὑγρός","translit":"hygrós","definition":"[ὑγρός] from the base of {{g5205}}; wet (as if with rain), i.e. (by implication) sappy (fresh)","strongs_number":"g5200"}}