{"g5201":{"pronunciation":"hoo-dree-ah'","unicode":"ὑδρία","translit":"hydría","definition":"[ὑδρία] from {{g5204}}; a water-jar, i.e. receptacle for family supply","strongs_number":"g5201"},"g5202":{"pronunciation":"hoo-drop-ot-eh'-o","unicode":"ὑδροποτέω","translit":"hydropotéō","definition":"[ὑδροποτέω] from a compound of {{g5204}} and a derivative of {{g4095}}; to be a water-drinker, i.e. to abstain from vinous beverages","strongs_number":"g5202"},"g5203":{"pronunciation":"hoo-dro-pik-os'","unicode":"ὑδρωπικός","translit":"hydrōpikós","definition":"[ὑδρωπικός] from a compound of {{g5204}} and a derivative of {{g3700}} (as if looking watery); to be \"dropsical\"","strongs_number":"g5203"},"g5204":{"pronunciation":"hoo'-dore","unicode":"ὕδωρ","translit":"hýdōr","definition":"[ὕδωρ] ,   and genitive case,      ὕδατος, etc. from the base of {{g5205}}; water (as if rainy) literally or figuratively","strongs_number":"g5204"},"g5205":{"pronunciation":"hoo-et-os'","unicode":"ὑετός","translit":"hyetós","definition":"[ὑετός] from a primary ὕω (to rain); rain, especially a shower","strongs_number":"g5205"},"g5206":{"pronunciation":"hwee-oth-es-ee'-ah","unicode":"υἱοθεσία","translit":"huiothesía","definition":"[υἱοθεσία] from a presumed compound of {{g5207}} and a derivative of {{g5087}}; the placing as a son, i.e. adoption (figuratively, Christian sonship in respect to God)","strongs_number":"g5206"},"g5207":{"pronunciation":"hwee-os'","unicode":"υἱός","translit":"huiós","definition":"[υἱός] apparently a primary word; a \"son\" (sometimes of animals), used very widely of immediate, remote or figuratively, kinship","strongs_number":"g5207"},"g5208":{"pronunciation":"hoo-lay'","unicode":"ὕλη","translit":"hýlē","definition":"[ὕλη] perhaps akin to {{g3586}}; a forest, i.e. (by implication) fuel","strongs_number":"g5208"},"g5209":{"pronunciation":"hoo-mas'","unicode":"ὑμᾶς","translit":"hymâs","definition":"[ὑμᾶς] accusative case of {{g5210}}; you (as the objective of a verb or preposition)","strongs_number":"g5209"},"g5210":{"pronunciation":"hoo-mice'","unicode":"ὑμεῖς","translit":"hymeîs","definition":"[ὑμεῖς] irregular plural of {{g4771}}; you (as subjective of verb)","strongs_number":"g5210"},"g5211":{"pronunciation":"hoo-men-ah'-yos","unicode":"Ὑμεναῖος","translit":"Hymenaîos","definition":"[Ὑμεναῖος] from Ὑμήν (the god of weddings); \"hymenæal\"; Hymenæus, an opponent of Christianity","strongs_number":"g5211"},"g5212":{"pronunciation":"hoo-met'-er-os","unicode":"ὑμέτερος","translit":"hyméteros","definition":"[ὑμέτερος] from {{g5210}}; yours, i.e. pertaining to you","strongs_number":"g5212"},"g5213":{"pronunciation":"hoo-min'","unicode":"ὑμῖν","translit":"hymîn","definition":"[ὑμῖν] irregular dative case of {{g5210}}; to (with or by) you","strongs_number":"g5213"},"g5214":{"pronunciation":"hoom-neh'-o","unicode":"ὑμνέω","translit":"hymnéō","definition":"[ὑμνέω] from {{g5215}}; to hymn, i.e. sing a religious ode; by implication, to celebrate (God) in song","strongs_number":"g5214"},"g5215":{"pronunciation":"hoom'-nos","unicode":"ὕμνος","translit":"hýmnos","definition":"[ὕμνος] apparently from a simpler (obsolete) form of ὑδέω (to celebrate; probably akin to {{g103}}; compare {{h5667}}); a \"hymn\" or religious ode (one of the Psalms)","strongs_number":"g5215"},"g5216":{"pronunciation":"hoo-mone'","unicode":"ὑμῶν","translit":"hymōn","definition":"[ὑμῶν] genitive case of {{g5210}}; of (from or concerning) you","strongs_number":"g5216"},"g5217":{"pronunciation":"hoop-ag'-o","unicode":"ὑπάγω","translit":"hypágō","definition":"[ὑπάγω] from {{g5259}} and {{g71}}; to lead (oneself) under, i.e. withdraw or retire (as if sinking out of sight), literally or figuratively","strongs_number":"g5217"},"g5218":{"pronunciation":"hoop-ak-o-ay'","unicode":"ὑπακοή","translit":"hypakoḗ","definition":"[ὑπακοή] from {{g5219}}; attentive hearkening, i.e. (by implication) compliance or submission","strongs_number":"g5218"},"g5219":{"pronunciation":"hoop-ak-oo'-o","unicode":"ὑπακούω","translit":"hypakoúō","definition":"[ὑπακούω] from {{g5259}} and {{g191}}; to hear under (as a subordinate), i.e. to listen attentively; by implication, to heed or conform to a command or authority","strongs_number":"g5219"},"g5220":{"pronunciation":"hoop'-an-dros","unicode":"ὕπανδρος","translit":"hýpandros","definition":"[ὕπανδρος] from {{g5259}} and {{g435}}; in subjection under a man, i.e. a married woman","strongs_number":"g5220"},"g5221":{"pronunciation":"hoop-an-tah'-o","unicode":"ὑπαντάω","translit":"hypantáō","definition":"[ὑπαντάω] from {{g5259}} and a derivative of {{g473}}; to go opposite (meet) under (quietly), i.e. to encounter, fall in with","strongs_number":"g5221"},"g5222":{"pronunciation":"hoop-an'-tay-sis","unicode":"ὑπάντησις","translit":"hypántēsis","definition":"[ὑπάντησις] from {{g5221}}; an encounter or concurrence (with {{g1519}} for infinitive, in order to fall in with)","strongs_number":"g5222"},"g5223":{"pronunciation":"hoop'-arx-is","unicode":"ὕπαρξις","translit":"hýparxis","definition":"[ὕπαρξις] from {{g5225}}; existency or proprietorship, i.e. (concretely) property, wealth","strongs_number":"g5223"},"g5224":{"pronunciation":"hoop-ar'-khon-tah","unicode":"ὑπάρχοντα","translit":"hypárchonta","definition":"[ὑπάρχοντα] neuter plural of present participle active of {{g5225}} as noun; things extant or in hand, i.e. property or possessions","strongs_number":"g5224"},"g5225":{"pronunciation":"hoop-ar'-kho","unicode":"ὑπάρχω","translit":"hypárchō","definition":"[ὑπάρχω] from {{g5259}} and {{g756}}; to begin under (quietly), i.e. come into existence (be present or at hand); expletively, to exist (as copula or subordinate to an adjective, participle, adverb or preposition, or as an auxiliary to a principal (verb)","strongs_number":"g5225"},"g5226":{"pronunciation":"hoop-i'-ko","unicode":"ὑπείκω","translit":"hypeíkō","definition":"[ὑπείκω] from {{g5259}} and εἴκω (to yield, be \"weak\"); to surrender","strongs_number":"g5226"},"g5227":{"pronunciation":"hoop-en-an-tee'-os","unicode":"ὑπεναντίος","translit":"hypenantíos","definition":"[ὑπεναντίος] from {{g5259}} and {{g1727}}; under (covertly) contrary to, i.e. opposed or (as noun) an opponent","strongs_number":"g5227"},"g5228":{"pronunciation":"hoop-er'","unicode":"ὑπέρ","translit":"hypér","definition":"[ὑπέρ] a primary preposition; \"over\", i.e. (with the genitive case) of place, above, beyond, across, or causal, for the sake of, instead, regarding; with the accusative case superior to, more than In the comparative, it retains many of the above applications.","strongs_number":"g5228"},"g5229":{"pronunciation":"hoop-er-ah'-ee-rom-ahee","unicode":"ὑπεραίρομαι","translit":"hyperaíromai","definition":"[ὑπεραίρομαι] middle voice from {{g5228}} and {{g142}}; to raise oneself over, i.e. (figuratively) to become haughty","strongs_number":"g5229"},"g5230":{"pronunciation":"hoop-er'-ak-mos","unicode":"ὑπέρακμος","translit":"hypérakmos","definition":"[ὑπέρακμος] from {{g5228}} and the base of {{g188}}; beyond the \"acme\", i.e. figuratively (of a daughter) past the bloom (prime) of youth","strongs_number":"g5230"},"g5231":{"pronunciation":"hoop-er-an'-o","unicode":"ὑπεράνω","translit":"hyperánō","definition":"[ὑπεράνω] from {{g5228}} and {{g507}}; above upward, i.e. greatly higher (in place or rank)","strongs_number":"g5231"},"g5232":{"pronunciation":"hoop-er-owx-an'-o","unicode":"ὑπεραυξάνω","translit":"hyperauxánō","definition":"[ὑπεραυξάνω] from {{g5228}} and {{g837}}; to increase above ordinary degree","strongs_number":"g5232"},"g5233":{"pronunciation":"hoop-er-bah'-ee-no","unicode":"ὑπερβαίνω","translit":"hyperbaínō","definition":"[ὑπερβαίνω] from {{g5228}} and the base of {{g939}}; to transcend, i.e. (figuratively) to overreach","strongs_number":"g5233"},"g5234":{"pronunciation":"hoop-er-bal-lon'-toce","unicode":"ὑπερβαλλόντως","translit":"hyperballóntōs","definition":"[ὑπερβαλλόντως] adverb from present participle active of {{g5235}}; excessively","strongs_number":"g5234"},"g5235":{"pronunciation":"hoop-er-bal'-lo","unicode":"ὑπερβάλλω","translit":"hyperbállō","definition":"[ὑπερβάλλω] from {{g5228}} and {{g906}}; to throw beyod the usual mark, i.e. (figuratively) to surpass (only active participle supereminent)","strongs_number":"g5235"},"g5236":{"pronunciation":"hoop-er-bol-ay'","unicode":"ὑπερβολή","translit":"hyperbolḗ","definition":"[ὑπερβολή] from {{g5235}}; a throwing beyond others, i.e. (figuratively) supereminence; adverbially (with {{g1519}} or {{g2596}}) pre- eminently","strongs_number":"g5236"},"g5237":{"pronunciation":"hoop-er-i'-do","unicode":"ὑπερείδω","translit":"hypereídō","definition":"[ὑπερείδω] from {{g5228}} and {{g1492}}; to overlook, i.e. not punish","strongs_number":"g5237"},"g5238":{"pronunciation":"hoop-er-ek'-i-nah","unicode":"ὑπερέκεινα","translit":"hyperékeina","definition":"[ὑπερέκεινα] from {{g5228}} and the neuter plural of {{g1565}}; above those parts, i.e. still farther","strongs_number":"g5238"},"g5239":{"pronunciation":"hoop-er-ek-ti'-no","unicode":"ὑπερεκτείνω","translit":"hyperekteínō","definition":"[ὑπερεκτείνω] from {{g5228}} and {{g1614}}; to extend inordinately","strongs_number":"g5239"},"g5240":{"pronunciation":"hoop-er-ek-khoo'-no","unicode":"ὑπερεκχύνω","translit":"hyperekchýnō","definition":"[ὑπερεκχύνω] from {{g5228}} and the alternate form of {{g1632}}; to pour out over, i.e. (passively) to overflow","strongs_number":"g5240"},"g5241":{"pronunciation":"hoop-er-en-toong-khan'-o","unicode":"ὑπερεντυγχάνω","translit":"hyperentynchánō","definition":"[ὑπερεντυγχάνω] from {{g5228}} and {{g1793}}; to intercede in behalf of","strongs_number":"g5241"},"g5242":{"pronunciation":"hoop-er-ekh'-o","unicode":"ὑπερέχω","translit":"hyperéchō","definition":"[ὑπερέχω] from {{g5228}} and {{g2192}}; to hold oneself above, i.e. (figuratively) to excel; participle (as adjective, or neuter as noun) superior, superiority","strongs_number":"g5242"},"g5243":{"pronunciation":"hoop-er-ay-fan-ee'-ah","unicode":"ὑπερηφανία","translit":"hyperēphanía","definition":"[ὑπερηφανία] from {{g5244}}; haughtiness","strongs_number":"g5243"},"g5244":{"pronunciation":"hoop-er-ay'-fan-os","unicode":"ὑπερήφανος","translit":"hyperḗphanos","definition":"[ὑπερήφανος] from {{g5228}} and {{g5316}}; appearing above others (conspicuous), i.e. (figuratively) haughty","strongs_number":"g5244"},"g5245":{"pronunciation":"hoop-er-nik-ah'-o","unicode":"ὑπερνικάω","translit":"hypernikáō","definition":"[ὑπερνικάω] from {{g5228}} and {{g3528}}; to vanquish beyond, i.e. gain a decisive victory","strongs_number":"g5245"},"g5246":{"pronunciation":"hoop-er'-ong-kos","unicode":"ὑπέρογκος","translit":"hypéronkos","definition":"[ὑπέρογκος] from {{g5228}} and {{g3591}}; bulging over, i.e. (figuratively) insolent","strongs_number":"g5246"},"g5247":{"pronunciation":"hoop-er-okh-ay'","unicode":"ὑπεροχή","translit":"hyperochḗ","definition":"[ὑπεροχή] from {{g5242}}; prominence, i.e. (figuratively) superiority (in rank or character)","strongs_number":"g5247"},"g5248":{"pronunciation":"hoop-er-per-is-syoo'-o","unicode":"ὑπερπερισσεύω","translit":"hyperperisseúō","definition":"[ὑπερπερισσεύω] from {{g5228}} and {{g4052}}; to super-abound","strongs_number":"g5248"},"g5249":{"pronunciation":"hoop-er-per-is-soce'","unicode":"ὑπερπερισσῶς","translit":"hyperperissōs","definition":"[ὑπερπερισσῶς] from {{g5228}} and {{g4057}}; superabundantly, i.e. exceedingly","strongs_number":"g5249"},"g5250":{"pronunciation":"hoop-er-pleh-on-ad'-zo","unicode":"ὑπερπλεονάζω","translit":"hyperpleonázō","definition":"[ὑπερπλεονάζω] from {{g5228}} and {{g4121}}; to superabound","strongs_number":"g5250"},"g5251":{"pronunciation":"hoop-er-oop-so'-o","unicode":"ὑπερυψόω","translit":"hyperypsóō","definition":"[ὑπερυψόω] from {{g5228}} and {{g5312}}; to elevate above others, i.e. raise to the highest position","strongs_number":"g5251"},"g5252":{"pronunciation":"hoop-er-fron-eh'-o","unicode":"ὑπερφρονέω","translit":"hyperphronéō","definition":"[ὑπερφρονέω] from {{g5228}} and {{g5426}}; to esteem oneself overmuch, i.e. be vain or arrogant","strongs_number":"g5252"},"g5253":{"pronunciation":"hoop-er-o'-on","unicode":"ὑπερῷον","translit":"hyperōion","definition":"[ὑπερῷον] neuter of a derivative of {{g5228}}; a higher part of the house, i.e. apartment in the third story","strongs_number":"g5253"},"g5254":{"pronunciation":"hoop-ekh'-o","unicode":"ὑπέχω","translit":"hypéchō","definition":"[ὑπέχω] from {{g5259}} and {{g2192}}; to hold oneself under, i.e. endure with patience","strongs_number":"g5254"},"g5255":{"pronunciation":"hoop-ay'-ko-os","unicode":"ὑπήκοος","translit":"hypḗkoos","definition":"[ὑπήκοος] from {{g5219}}; attentively listening, i.e. (by implication) submissive","strongs_number":"g5255"},"g5256":{"pronunciation":"hoop-ay-ret-eh'-o","unicode":"ὑπηρετέω","translit":"hypēretéō","definition":"[ὑπηρετέω] from {{g5257}}; to be a subordinate, i.e. (by implication) subserve","strongs_number":"g5256"},"g5257":{"pronunciation":"hoop-ay-ret'-ace","unicode":"ὑπηρέτης","translit":"hypērétēs","definition":"[ὑπηρέτης] from {{g5259}} and a derivative of ἐρέσσω (to row); an under-oarsman, i.e. (generally) subordinate (assistant, sexton, constable)","strongs_number":"g5257"},"g5258":{"pronunciation":"hoop'-nos","unicode":"ὕπνος","translit":"hýpnos","definition":"[ὕπνος] from an obsolete primary (perhaps akin to {{g5259}} through the idea of subsilience); sleep, i.e. (figuratively) spiritual torpor","strongs_number":"g5258"},"g5259":{"pronunciation":"hoop-o'","unicode":"ὑπό","translit":"hypó","definition":"[ὑπό] a primary preposition; under, i.e. (with the genitive case) of place (beneath), or with verbs (the agency or means, through); (with the accusative case) of place (whither (underneath) or where (below) or time (when (at)) In the comparative, it retains the same general applications, especially of inferior position or condition, and specially, covertly or moderately.","strongs_number":"g5259"},"g5260":{"pronunciation":"hoop-ob-al'-lo","unicode":"ὑποβάλλω","translit":"hypobállō","definition":"[ὑποβάλλω] from {{g5259}} and {{g906}}; to throw in stealthily, i.e. introduce by collusion","strongs_number":"g5260"},"g5261":{"pronunciation":"hoop-og-ram-mos'","unicode":"ὑπογραμμός","translit":"hypogrammós","definition":"[ὑπογραμμός] from a compound of {{g5259}} and {{g1125}}; an underwriting, i.e. copy for imitation (figuratively)","strongs_number":"g5261"},"g5262":{"pronunciation":"hoop-od'-igue-mah","unicode":"ὑπόδειγμα","translit":"hypódeigma","definition":"[ὑπόδειγμα] from {{g5263}}; an exhibit for imitation or warning (figuratively, specimen, adumbration)","strongs_number":"g5262"},"g5263":{"pronunciation":"hoop-od-ike'-noo-mee","unicode":"ὑποδείκνυμι","translit":"hypodeíknymi","definition":"[ὑποδείκνυμι] from {{g5259}} and {{g1166}}; to exhibit under the eyes, i.e. (figuratively) to exemplify (instruct, admonish)","strongs_number":"g5263"},"g5264":{"pronunciation":"hoop-od-ekh'-om-ahee","unicode":"ὑποδέχομαι","translit":"hypodéchomai","definition":"[ὑποδέχομαι] from {{g5259}} and {{g1209}}; to admit under one's roof, i.e. entertain hospitably","strongs_number":"g5264"},"g5265":{"pronunciation":"hoop-od-eh'-o","unicode":"ὑποδέω","translit":"hypodéō","definition":"[ὑποδέω] from {{g5259}} and {{g1210}}; to bind under one's feet, i.e. put on shoes or sandals","strongs_number":"g5265"},"g5266":{"pronunciation":"hoop-od'-ay-mah","unicode":"ὑπόδημα","translit":"hypódēma","definition":"[ὑπόδημα] from {{g5265}}; something bound under the feet, i.e. a shoe or sandal","strongs_number":"g5266"},"g5267":{"pronunciation":"hoop-od'-ee-kos","unicode":"ὑπόδικος","translit":"hypódikos","definition":"[ὑπόδικος] from {{g5259}} and {{g1349}}; under sentence, i.e. (by implication) condemned","strongs_number":"g5267"},"g5268":{"pronunciation":"hoop-od-zoog'-ee-on","unicode":"ὑποζύγιον","translit":"hypozýgion","definition":"[ὑποζύγιον] neuter of a compound of {{g5259}} and {{g2218}}; an animal under the yoke (draught-beast), i.e. (specially), a donkey","strongs_number":"g5268"},"g5269":{"pronunciation":"hoop-od-zone'-noo-mee","unicode":"ὑποζώννυμι","translit":"hypozṓnnymi","definition":"[ὑποζώννυμι] from {{g5259}} and {{g2224}}; to gird under, i.e. frap (a vessel with cables across the keel, sides and deck)","strongs_number":"g5269"},"g5270":{"pronunciation":"hoop-ok-at'-o","unicode":"ὑποκάτω","translit":"hypokátō","definition":"[ὑποκάτω] from {{g5259}} and {{g2736}}; down under, i.e. beneath","strongs_number":"g5270"},"g5271":{"pronunciation":"hoop-ok-rin'-om-ahee","unicode":"ὑποκρίνομαι","translit":"hypokrínomai","definition":"[ὑποκρίνομαι] middle voice from {{g5259}} and {{g2919}}; to decide (speak or act) under a false part, i.e. (figuratively) dissemble (pretend)","strongs_number":"g5271"},"g5272":{"pronunciation":"hoop-ok'-ree-sis","unicode":"ὑπόκρισις","translit":"hypókrisis","definition":"[ὑπόκρισις] from {{g5271}}; acting under a feigned part, i.e. (figuratively) deceit (\"hypocrisy\")","strongs_number":"g5272"},"g5273":{"pronunciation":"hoop-ok-ree-tace'","unicode":"ὑποκριτής","translit":"hypokritḗs","definition":"[ὑποκριτής] from {{g5271}}; an actor under an assumed character (stage-player), i.e. (figuratively) a dissembler (\"hypocrite\"","strongs_number":"g5273"},"g5274":{"pronunciation":"hoop-ol-am-ban'-o","unicode":"ὑπολαμβάνω","translit":"hypolambánō","definition":"[ὑπολαμβάνω] from {{g5259}} and {{g2983}}; to take from below, i.e. carry upward; figuratively, to take up, i.e. continue a discourse or topic; mentally, to assume (presume)","strongs_number":"g5274"},"g5275":{"pronunciation":"hoop-ol-i'-po","unicode":"ὑπολείπω","translit":"hypoleípō","definition":"[ὑπολείπω] from {{g5295}} and {{g3007}}; to leave under (behind), i.e. (passively) to remain (survive)","strongs_number":"g5275"},"g5276":{"pronunciation":"hoop-ol-ay'-nee-on","unicode":"ὑπολήνιον","translit":"hypolḗnion","definition":"[ὑπολήνιον] neuter of a presumed compound of {{g5259}} and {{g3025}}; vessel or receptacle under the press, i.e. lower wine-vat","strongs_number":"g5276"},"g5277":{"pronunciation":"hoop-ol-im-pan'-o","unicode":"ὑπολιμπάνω","translit":"hypolimpánō","definition":"[ὑπολιμπάνω] a prolonged form for {{g5275}}; to leave behind, i.e. bequeath","strongs_number":"g5277"},"g5278":{"pronunciation":"hoop-om-en'-o","unicode":"ὑπομένω","translit":"hypoménō","definition":"[ὑπομένω] from {{g5259}} and {{g3306}}; to stay under (behind), i.e. remain; figuratively, to undergo, i.e. bear (trials), have fortitude, persevere","strongs_number":"g5278"},"g5279":{"pronunciation":"hoop-om-im-nace'-ko","unicode":"ὑπομιμνήσκω","translit":"hypomimnḗskō","definition":"[ὑπομιμνήσκω] from {{g5259}} and {{g3403}}; to remind quietly, i.e. suggest to the (middle voice, one's own) memory","strongs_number":"g5279"},"g5280":{"pronunciation":"hoop-om'-nay-sis","unicode":"ὑπόμνησις","translit":"hypómnēsis","definition":"[ὑπόμνησις] from {{g5279}}; a reminding or (reflexively) recollection","strongs_number":"g5280"},"g5281":{"pronunciation":"hoop-om-on-ay'","unicode":"ὑπομονή","translit":"hypomonḗ","definition":"[ὑπομονή] from {{g5278}}; cheerful (or hopeful) endurance, constancy","strongs_number":"g5281"},"g5282":{"pronunciation":"hoop-on-o-eh'-o","unicode":"ὑπονοέω","translit":"hyponoéō","definition":"[ὑπονοέω] from {{g5259}} and {{g3539}}; to think under (privately), i.e. to surmise or conjecture","strongs_number":"g5282"},"g5283":{"pronunciation":"hoop-on'-oy-ah","unicode":"ὑπόνοια","translit":"hypónoia","definition":"[ὑπόνοια] from {{g5282}}; suspicion","strongs_number":"g5283"},"g5284":{"pronunciation":"hoop-op-leh'-o","unicode":"ὑποπλέω","translit":"hypopléō","definition":"[ὑποπλέω] from {{g5259}} and {{g4126}}; to sail under the lee of","strongs_number":"g5284"},"g5285":{"pronunciation":"hoop-op-neh'-o","unicode":"ὑποπνέω","translit":"hypopnéō","definition":"[ὑποπνέω] from {{g5259}} and {{g4154}}; to breathe gently, i.e. breeze","strongs_number":"g5285"},"g5286":{"pronunciation":"hoop-op-od'-ee-on","unicode":"ὑποπόδιον","translit":"hypopódion","definition":"[ὑποπόδιον] neuter of a compound of {{g5259}} and {{g4228}}; something under the feet, i.e. a foot-rest (figuratively)","strongs_number":"g5286"},"g5287":{"pronunciation":"hoop-os'-tas-is","unicode":"ὑπόστασις","translit":"hypóstasis","definition":"[ὑπόστασις] from a compound of {{g5259}} and {{g2476}}; a setting under (support), i.e. (figuratively) concretely, essence, or abstractly, assurance (objectively or subjectively)","strongs_number":"g5287"},"g5288":{"pronunciation":"hoop-os-tel'-lo","unicode":"ὑποστέλλω","translit":"hypostéllō","definition":"[ὑποστέλλω] from {{g5259}} and {{g4724}}; to withhold under (out of sight), i.e. (reflexively) to cower or shrink, (figuratively) to conceal (reserve)","strongs_number":"g5288"},"g5289":{"pronunciation":"hoop-os-tol-ay'","unicode":"ὑποστολή","translit":"hypostolḗ","definition":"[ὑποστολή] from {{g5288}}; shrinkage (timidity), i.e. (by implication) apostasy","strongs_number":"g5289"},"g5290":{"pronunciation":"hoop-os-tref'-o","unicode":"ὑποστρέφω","translit":"hypostréphō","definition":"[ὑποστρέφω] from {{g5259}} and {{g4762}}; to turn under (behind), i.e. to return (literally or figuratively)","strongs_number":"g5290"},"g5291":{"pronunciation":"hoop-os-trone'-noo-mee","unicode":"ὑποστρώννυμι","translit":"hypostrṓnnymi","definition":"[ὑποστρώννυμι] from {{g5259}} and {{g4766}}; to strew underneath (the feet as a carpet)","strongs_number":"g5291"},"g5292":{"pronunciation":"hoop-ot-ag-ay'","unicode":"ὑποταγή","translit":"hypotagḗ","definition":"[ὑποταγή] from {{g5293}}; subordination","strongs_number":"g5292"},"g5293":{"pronunciation":"hoop-ot-as'-so","unicode":"ὑποτάσσω","translit":"hypotássō","definition":"[ὑποτάσσω] from {{g5259}} and {{g5021}}; to subordinate; reflexively, to obey","strongs_number":"g5293"},"g5294":{"pronunciation":"hoop-ot-ith'-ay-mee","unicode":"ὑποτίθημι","translit":"hypotíthēmi","definition":"[ὑποτίθημι] from {{g5259}} and {{g5087}}; to place underneath, i.e. (figuratively) to hazard, (reflexively) to suggest","strongs_number":"g5294"},"g5295":{"pronunciation":"hoop-ot-rekh'-o","unicode":"ὑποτρέχω","translit":"hypotréchō","definition":"[ὑποτρέχω] from {{g5259}} and {{g5143}} (including its alternate); to run under, i.e. (specially), to sail past","strongs_number":"g5295"},"g5296":{"pronunciation":"hoop-ot-oop'-o-sis","unicode":"ὑποτύπωσις","translit":"hypotýpōsis","definition":"[ὑποτύπωσις] from a compound of {{g5259}} and a derivative of {{g5179}}; typification under (after), i.e. (concretely) a sketch (figuratively) for imitation","strongs_number":"g5296"},"g5297":{"pronunciation":"hoop-of-er'-o","unicode":"ὑποφέρω","translit":"hypophérō","definition":"[ὑποφέρω] from {{g5259}} and {{g5342}}; to bear from underneath, i.e. (figuratively) to undergo hardship","strongs_number":"g5297"},"g5298":{"pronunciation":"hoop-okh-o-reh'-o","unicode":"ὑποχωρέω","translit":"hypochōréō","definition":"[ὑποχωρέω] from {{g5259}} and {{g5562}}; to vacate down, i.e. retire quietly","strongs_number":"g5298"},"g5299":{"pronunciation":"hoop-o-pee-ad'-zo","unicode":"ὑπωπιάζω","translit":"hypōpiázō","definition":"[ὑπωπιάζω] from a compound of {{g5259}} and a derivative of {{g3700}}; to hit under the eye (buffet or disable an antagonist as a pugilist), i.e. (figuratively) to tease or annoy (into compliance), subdue (one's passions)","strongs_number":"g5299"},"g5300":{"pronunciation":"hoos","unicode":"ὗς","translit":"hŷs","definition":"[ὗς] apparently a primary word; a hog (\"swine\")","strongs_number":"g5300"}}