{"g5301":{"pronunciation":"hoos'-so-pos","unicode":"ὕσσωπος","translit":"hýssōpos","definition":"[ὕσσωπος] of foreign origin ({{h231}}); \"hyssop\"","strongs_number":"g5301"},"g5302":{"pronunciation":"hoos-ter-eh'-o","unicode":"ὑστερέω","translit":"hysteréō","definition":"[ὑστερέω] from {{g5306}}; to be later, i.e. (by implication) to be inferior; generally, to fall short (be deficient)","strongs_number":"g5302"},"g5303":{"pronunciation":"hoos-ter'-ay-mah","unicode":"ὑστέρημα","translit":"hystérēma","definition":"[ὑστέρημα] from {{g5302}}; a deficit; specially, poverty","strongs_number":"g5303"},"g5304":{"pronunciation":"hoos-ter'-ay-sis","unicode":"ὑστέρησις","translit":"hystérēsis","definition":"[ὑστέρησις] from {{g5302}}; a falling short, i.e. (specially), penury","strongs_number":"g5304"},"g5305":{"pronunciation":"hoos'-ter-on","unicode":"ὕστερον","translit":"hýsteron","definition":"[ὕστερον] neuter of {{g5306}} as adverb; more lately, i.e. eventually","strongs_number":"g5305"},"g5306":{"pronunciation":"hoos'-ter-os","unicode":"ὕστερος","translit":"hýsteros","definition":"[ὕστερος] comparative from {{g5259}} (in the sense of behind); later","strongs_number":"g5306"},"g5307":{"pronunciation":"hoo-fan-tos'","unicode":"ὑφαντός","translit":"hyphantós","definition":"[ὑφαντός] from ὑφαίνω to weave; woven, i.e. (perhaps) knitted","strongs_number":"g5307"},"g5308":{"pronunciation":"hoop-say-los'","unicode":"ὑψηλός","translit":"hypsēlós","definition":"[ὑψηλός] from {{g5311}}; lofty (in place or character)","strongs_number":"g5308"},"g5309":{"pronunciation":"hoop-say-lo-fron-eh'-o","unicode":"ὑψηλοφρονέω","translit":"hypsēlophronéō","definition":"[ὑψηλοφρονέω] from a compound of {{g5308}} and {{g5424}}; to be lofty in mind, i.e. arrogant","strongs_number":"g5309"},"g5310":{"pronunciation":"hoop'-sis-tos","unicode":"ὕψιστος","translit":"hýpsistos","definition":"[ὕψιστος] superlative from the base of {{g5311}}; highest, i.e. (masculine singular) the Supreme (God), or (neuter plural) the heavens","strongs_number":"g5310"},"g5311":{"pronunciation":"hoop'-sos","unicode":"ὕψος","translit":"hýpsos","definition":"[ὕψος] from a derivative of {{g5228}}; elevation, i.e. (abstractly) altitude, (specially), the sky, or (figuratively) dignity","strongs_number":"g5311"},"g5312":{"pronunciation":"hoop-so'-o","unicode":"ὑψόω","translit":"hypsóō","definition":"[ὑψόω] from {{g5311}}; to elevate (literally or figuratively)","strongs_number":"g5312"},"g5313":{"pronunciation":"hoop'-so-mah","unicode":"ὕψωμα","translit":"hýpsōma","definition":"[ὕψωμα] from {{g5312}}; an elevated place or thing, i.e. (abstractly) altitude, or (by implication) a barrier (figuratively)","strongs_number":"g5313"},"g5314":{"pronunciation":"fag'-os","unicode":"φάγος","translit":"phágos","definition":"[φάγος] from {{g5315}}; a glutton","strongs_number":"g5314"},"g5315":{"pronunciation":"fag'-o","unicode":"φάγω","translit":"phágō","definition":"[φάγω] a primary verb (used as an alternate of {{g2068}} in certain tenses); to eat (literally or figuratively)","strongs_number":"g5315"},"g5316":{"pronunciation":"fah'-ee-no","unicode":"φαίνω","translit":"phaínō","definition":"[φαίνω] prolongation for the base of {{g5457}}; to lighten (shine), i.e. show (transitive or intransitive, literal or figurative)","strongs_number":"g5316"},"g5317":{"pronunciation":"fal'-ek","unicode":"Φάλεκ","translit":"Phálek","definition":"[Φάλεκ] of Hebrew origin ({{h6389}}); Phalek (i.e. Peleg), a patriarch","strongs_number":"g5317"},"g5318":{"pronunciation":"fan-er-os'","unicode":"φανερός","translit":"phanerós","definition":"[φανερός] from {{g5316}}; shining, i.e. apparent (literally or figuratively); neuter (as adverb) publicly, externally","strongs_number":"g5318"},"g5319":{"pronunciation":"fan-er-o'-o","unicode":"φανερόω","translit":"phaneróō","definition":"[φανερόω] from {{g5318}}; to render apparent (literally or figuratively)","strongs_number":"g5319"},"g5320":{"pronunciation":"fan-er-oce'","unicode":"φανερῶς","translit":"phanerōs","definition":"[φανερῶς] adverb from {{g5318}}; plainly, i.e. clearly or publicly","strongs_number":"g5320"},"g5321":{"pronunciation":"fan-er'-o-sis","unicode":"φανέρωσις","translit":"phanérōsis","definition":"[φανέρωσις] from {{g5319}}; exhibition, i.e. (figuratively) expression, (by extension) a bestowment","strongs_number":"g5321"},"g5322":{"pronunciation":"fan-os'","unicode":"φανός","translit":"phanós","definition":"[φανός] from {{g5316}}; a lightener, i.e. light; lantern","strongs_number":"g5322"},"g5323":{"pronunciation":"fan-oo-ale'","unicode":"Φανουήλ","translit":"Phanouḗl","definition":"[Φανουήλ] of Hebrew origin ({{h6439}}); Phanuel (i.e. Penuel), an Israelite","strongs_number":"g5323"},"g5324":{"pronunciation":"fan-tad'-zo","unicode":"φαντάζω","translit":"phantázō","definition":"[φαντάζω] from a derivative of {{g5316}}; to make apparent, i.e. (passively) to appear (neuter participle as noun, a spectacle)","strongs_number":"g5324"},"g5325":{"pronunciation":"fan-tas-ee'-ah","unicode":"φαντασία","translit":"phantasía","definition":"[φαντασία] from a derivative of {{g5324}}; (properly abstract) a (vain) show (\"fantasy\")","strongs_number":"g5325"},"g5326":{"pronunciation":"fan'-tas-mah","unicode":"φάντασμα","translit":"phántasma","definition":"[φάντασμα] from {{g5324}}; (properly concrete) a (mere) show (\"phantasm\"), i.e. spectre","strongs_number":"g5326"},"g5327":{"pronunciation":"far'-anx","unicode":"φάραγξ","translit":"pháranx","definition":"[φάραγξ] properly, strengthened from the base of {{g4008}} or rather of {{g4486}}; a gap or chasm, i.e. ravine (winter-torrent)","strongs_number":"g5327"},"g5328":{"pronunciation":"far-ah-o'","unicode":"Φαραώ","translit":"Pharaṓ","definition":"[Φαραώ] of foreign origin ({{h6547}}); Pharao (i.e. Pharoh), an Egyptian king","strongs_number":"g5328"},"g5329":{"pronunciation":"far-es'","unicode":"Φάρες","translit":"Pháres","definition":"[Φάρες] of Hebrew origin ({{h6557}}); Phares (i.e. Perets), an Israelite","strongs_number":"g5329"},"g5330":{"pronunciation":"far-is-ah'-yos","unicode":"Φαρισαῖος","translit":"Pharisaîos","definition":"[Φαρισαῖος] of Hebrew origin (compare {{h6567}}); a separatist, i.e. exclusively religious; a Pharisean, i.e. Jewish sectary","strongs_number":"g5330"},"g5331":{"pronunciation":"far-mak-i'-ah","unicode":"φαρμακεία","translit":"pharmakeía","definition":"[φαρμακεία] from {{g5332}}; medication (\"pharmacy\"), i.e. (by extension) magic (literally or figuratively)","strongs_number":"g5331"},"g5332":{"pronunciation":"far-mak-yoos'","unicode":"φαρμακεύς","translit":"pharmakeús","definition":"[φαρμακεύς] from φάρμακον (a drug, i.e. spell-giving potion); a druggist (\"pharmacist\") or poisoner, i.e. (by extension) a magician","strongs_number":"g5332"},"g5333":{"pronunciation":"far-mak-os'","unicode":"φάρμακος","translit":"phármakos","definition":"[φάρμακος] the same as 5332","strongs_number":"g5333"},"g5334":{"pronunciation":"fas'-is","unicode":"φάσις","translit":"phásis","definition":"[φάσις] from {{g5346}} (not the same as \"phase\", which is from {{g5316}}); a saying, i.e. report","strongs_number":"g5334"},"g5335":{"pronunciation":"fas'-ko","unicode":"φάσκω","translit":"pháskō","definition":"[φάσκω] prolongation from the same as {{g5346}}; to assert","strongs_number":"g5335"},"g5336":{"pronunciation":"fat'-nay","unicode":"φάτνη","translit":"phátnē","definition":"[φάτνη] from πατέομαι (to eat); a crib (for fodder)","strongs_number":"g5336"},"g5337":{"pronunciation":"fow'-los","unicode":"φαῦλος","translit":"phaûlos","definition":"[φαῦλος] apparently a primary word; \"foul\" or \"flawy\", i.e. (figuratively) wicked","strongs_number":"g5337"},"g5338":{"pronunciation":"feng'-gos","unicode":"φέγγος","translit":"phéngos","definition":"[φέγγος] probably akin to the base of {{g5457}} (compare {{g5350}}); brilliancy","strongs_number":"g5338"},"g5339":{"pronunciation":"fi'-dom-ahee","unicode":"φείδομαι","translit":"pheídomai","definition":"[φείδομαι] of uncertain affinity; to be chary of, i.e. (subjectively) to abstain or (objectively) to treat leniently","strongs_number":"g5339"},"g5340":{"pronunciation":"fi-dom-en'-oce","unicode":"φειδομένως","translit":"pheidoménōs","definition":"[φειδομένως] adverb from participle of {{g5339}}; abstemiously, i.e. stingily","strongs_number":"g5340"},"g5341":{"pronunciation":"fel-on'-ace","unicode":"φελόνης","translit":"phelónēs","definition":"[φελόνης] by transposition for a derivative probably of {{g5316}} (as showing outside the other garments); a mantle (surtout)","strongs_number":"g5341"},"g5342":{"pronunciation":"fer'-o","unicode":"φέρω","translit":"phérō","definition":"[φέρω] a primary verb (for which other, and apparently not cognate ones are used in certain tenses only; namely,          οἴω;       and ἐνέγκω; to \"bear\" or carry (in a very wide application, literally and figuratively, as follows)","strongs_number":"g5342"},"g5343":{"pronunciation":"fyoo'-go","unicode":"φεύγω","translit":"pheúgō","definition":"[φεύγω] apparently a primary verb; to run away (literally or figuratively); by implication, to shun; by analogy, to vanish","strongs_number":"g5343"},"g5344":{"pronunciation":"fay'-lix","unicode":"Φῆλιξ","translit":"Phēlix","definition":"[Φῆλιξ] of Latin origin; happy; Phelix (i.e. Felix), a Roman","strongs_number":"g5344"},"g5345":{"pronunciation":"fay'-may","unicode":"φήμη","translit":"phḗmē","definition":"[φήμη] from {{g5346}}; a saying, i.e. rumor (\"fame\")","strongs_number":"g5345"},"g5346":{"pronunciation":"fay-mee'","unicode":"φημί","translit":"phēmí","definition":"[φημί] properly, the same as the base of {{g5457}} and {{g5316}}; to show or make known one's thoughts, i.e. speak or say Compare {{g3004}}.","strongs_number":"g5346"},"g5347":{"pronunciation":"face'-tos","unicode":"Φῆστος","translit":"Phēstos","definition":"[Φῆστος] of Latin derivation; festal; Phestus (i.e. Festus), a Roman","strongs_number":"g5347"},"g5348":{"pronunciation":"fthan'-o","unicode":"φθάνω","translit":"phthánō","definition":"[φθάνω] apparently a primary verb; to be beforehand, i.e. anticipate or precede; by extension, to have arrived at","strongs_number":"g5348"},"g5349":{"pronunciation":"fthar-tos'","unicode":"φθαρτός","translit":"phthartós","definition":"[φθαρτός] from {{g5351}}; decayed, i.e. (by implication) perishable","strongs_number":"g5349"},"g5350":{"pronunciation":"ftheng'-gom-ahee","unicode":"φθέγγομαι","translit":"phthéngomai","definition":"[φθέγγομαι] probably akin to {{g5338}} and thus to {{g5346}}; to utter a clear sound, i.e. (generally) to proclaim","strongs_number":"g5350"},"g5351":{"pronunciation":"fthi'-ro","unicode":"φθείρω","translit":"phtheírō","definition":"[φθείρω] probably strengthened from φθίω (to pine or waste); properly, to shrivel or wither, i.e. to spoil (by any process) or (generally) to ruin (especially figuratively, by moral influences, to deprave)","strongs_number":"g5351"},"g5352":{"pronunciation":"fthin-op-o-ree-nos'","unicode":"φθινοπωρινός","translit":"phthinopōrinós","definition":"[φθινοπωρινός] from derivative of φθίνω  (to wane; akin to the base of {{g5351}}) and {{g3703}} (meaning late autumn); autumnal (as stripped of leaves)","strongs_number":"g5352"},"g5353":{"pronunciation":"ftong'-gos","unicode":"φθόγγος","translit":"phthóngos","definition":"[φθόγγος] from {{g5350}}; utterance, i.e. a musical note (vocal or instrumental)","strongs_number":"g5353"},"g5354":{"pronunciation":"fthon-eh'-o","unicode":"φθονέω","translit":"phthonéō","definition":"[φθονέω] from {{g5355}}; to be jealous of","strongs_number":"g5354"},"g5355":{"pronunciation":"fthon'-os","unicode":"φθόνος","translit":"phthónos","definition":"[φθόνος] probably akin to the base of {{g5351}}; ill-will (as detraction), i.e. jealousy (spite)","strongs_number":"g5355"},"g5356":{"pronunciation":"fthor-ah'","unicode":"φθορά","translit":"phthorá","definition":"[φθορά] from {{g5351}}; decay, i.e. ruin (spontaneous or inflicted, literally or figuratively)","strongs_number":"g5356"},"g5357":{"pronunciation":"fee-al'-ay","unicode":"φιάλη","translit":"phiálē","definition":"[φιάλη] of uncertain affinity; a broad shallow cup (\"phial\")","strongs_number":"g5357"},"g5358":{"pronunciation":"fil-ag'-ath-os","unicode":"φιλάγαθος","translit":"philágathos","definition":"[φιλάγαθος] from {{g5384}} and {{g18}}; fond to good, i.e. a promoter of virtue","strongs_number":"g5358"},"g5359":{"pronunciation":"fil-ad-el'-fee-ah","unicode":"Φιλαδέλφεια","translit":"Philadélpheia","definition":"[Φιλαδέλφεια] from Φιλάδελφος (the same as {{g5361}}), a king of Pergamos; Philadelphia, a place in Asia Minor","strongs_number":"g5359"},"g5360":{"pronunciation":"fil-ad-el-fee'-ah","unicode":"φιλαδελφία","translit":"philadelphía","definition":"[φιλαδελφία] from {{g5361}}; fraternal affection","strongs_number":"g5360"},"g5361":{"pronunciation":"fil-ad'-el-fos","unicode":"φιλάδελφος","translit":"philádelphos","definition":"[φιλάδελφος] from {{g5384}} and {{g80}}; fond of brethren, i.e. fraternal","strongs_number":"g5361"},"g5362":{"pronunciation":"fil'-an-dros","unicode":"φίλανδρος","translit":"phílandros","definition":"[φίλανδρος] from {{g5384}} and {{g435}}; fond of man, i.e. affectionate as a wife","strongs_number":"g5362"},"g5363":{"pronunciation":"fil-an-thro-pee'-ah","unicode":"φιλανθρωπία","translit":"philanthrōpía","definition":"[φιλανθρωπία] from the same as {{g5364}}; fondness of mankind, i.e. benevolence (\"philanthropy\")","strongs_number":"g5363"},"g5364":{"pronunciation":"fil-an-thro'-poce","unicode":"φιλανθρώπως","translit":"philanthrṓpōs","definition":"[φιλανθρώπως] adverb from a compound of {{g5384}} and {{g444}}; fondly to man (\"philanthropically\"), i.e. humanely","strongs_number":"g5364"},"g5365":{"pronunciation":"fil-ar-goo-ree'-ah","unicode":"φιλαργυρία","translit":"philargyría","definition":"[φιλαργυρία] from {{g5366}}; avarice","strongs_number":"g5365"},"g5366":{"pronunciation":"fil-ar'-goo-ros","unicode":"φιλάργυρος","translit":"philárgyros","definition":"[φιλάργυρος] from {{g5384}} and {{g696}}; fond of silver (money), i.e. avaricious","strongs_number":"g5366"},"g5367":{"pronunciation":"fil'-ow-tos","unicode":"φίλαυτος","translit":"phílautos","definition":"[φίλαυτος] from {{g5384}} and {{g846}}; fond of self, i.e. selfish","strongs_number":"g5367"},"g5368":{"pronunciation":"fil-eh'-o","unicode":"φιλέω","translit":"philéō","definition":"[φιλέω] from {{g5384}}; to be a friend to (fond of (an individual or an object)), i.e. have affection for (denoting personal attachment, as a matter of sentiment or feeling; while {{g25}} is wider, embracing especially the judgment and the deliberate assent of the will as a matter of principle, duty and propriety: the two thus stand related very much as {{g2309}} and {{g1014}}, or as {{g2372}} and {{g3563}} respectively; the former being chiefly of the heart and the latter of the head); specially, to kiss (as a mark of tenderness)","strongs_number":"g5368"},"g5369":{"pronunciation":"fil-ay'-don-os","unicode":"φιλήδονος","translit":"philḗdonos","definition":"[φιλήδονος] from {{g5384}} and {{g2237}}; fond of pleasure, i.e. voluptuous","strongs_number":"g5369"},"g5370":{"pronunciation":"fil'-ay-mah","unicode":"φίλημα","translit":"phílēma","definition":"[φίλημα] from {{g5368}}; a kiss","strongs_number":"g5370"},"g5371":{"pronunciation":"fil-ay'-mone","unicode":"Φιλήμων","translit":"Philḗmōn","definition":"[Φιλήμων] from {{g5368}}; friendly; Philemon, a Christian","strongs_number":"g5371"},"g5372":{"pronunciation":"fil-ay-tos'","unicode":"Φίλητος","translit":"Phílētos","definition":"[Φίλητος] from {{g5368}}; amiable; Philetus, an opposer of Christianity","strongs_number":"g5372"},"g5373":{"pronunciation":"fil-ee'-ah","unicode":"φιλία","translit":"philía","definition":"[φιλία] from {{g5384}}; fondness","strongs_number":"g5373"},"g5374":{"pronunciation":"fil-ip-pay'-see-os","unicode":"Φιλιππήσιος","translit":"Philippḗsios","definition":"[Φιλιππήσιος] from {{g5375}}; a Philippesian (Philippian), i.e. native of Philippi","strongs_number":"g5374"},"g5375":{"pronunciation":"fil'-ip-poy","unicode":"Φίλιπποι","translit":"Phílippoi","definition":"[Φίλιπποι] plural of {{g5376}}; Philippi, a place in Macedonia","strongs_number":"g5375"},"g5376":{"pronunciation":"fil'-ip-pos","unicode":"Φίλιππος","translit":"Phílippos","definition":"[Φίλιππος] from {{g5384}} and {{g2462}}; fond of horses; Philippus, the name of four Israelites","strongs_number":"g5376"},"g5377":{"pronunciation":"fil-oth'-eh-os","unicode":"φιλόθεος","translit":"philótheos","definition":"[φιλόθεος] from {{g5384}} and {{g2316}}; fond of God, i.e. pious","strongs_number":"g5377"},"g5378":{"pronunciation":"fil-ol'-og-os","unicode":"Φιλόλογος","translit":"Philólogos","definition":"[Φιλόλογος] from {{g5384}} and {{g3056}}; fond of words, i.e. talkative (argumentative, learned, \"philological\"); Philologus, a Christian","strongs_number":"g5378"},"g5379":{"pronunciation":"fil-on-i-kee'-ah","unicode":"φιλονεικία","translit":"philoneikía","definition":"[φιλονεικία] from {{g5380}}; quarrelsomeness, i.e. a dispute","strongs_number":"g5379"},"g5380":{"pronunciation":"fil-on'-i-kos","unicode":"φιλόνεικος","translit":"philóneikos","definition":"[φιλόνεικος] from {{g5384}} and νεῖκος (a quarrel; probably akin to {{g3534}}); fond of strife, i.e. disputatious","strongs_number":"g5380"},"g5381":{"pronunciation":"fil-on-ex-ee'-ah","unicode":"φιλονεξία","translit":"philonexía","definition":"[φιλονεξία] from {{g5382}}; hospitableness","strongs_number":"g5381"},"g5382":{"pronunciation":"fil-ox'-en-os","unicode":"φιλόξενος","translit":"philóxenos","definition":"[φιλόξενος] from {{g5384}} and {{g3581}}; fond of guests, i.e. hospitable","strongs_number":"g5382"},"g5383":{"pronunciation":"fil-op-rote-yoo'-o","unicode":"φιλοπρωτεύω","translit":"philoprōteúō","definition":"[φιλοπρωτεύω] from a compound of {{g5384}} and {{g4413}}; to be fond of being first, i.e. ambitious of distinction","strongs_number":"g5383"},"g5384":{"pronunciation":"fee'-los","unicode":"φίλος","translit":"phílos","definition":"[φίλος] properly, dear, i.e. a friend; actively, fond, i.e. friendly (still as a noun, an associate, neighbor, etc.)","strongs_number":"g5384"},"g5385":{"pronunciation":"fil-os-of-ee'-ah","unicode":"φιλοσοφία","translit":"philosophía","definition":"[φιλοσοφία] from {{g5386}}; \"philosophy\", i.e. (specially), Jewish sophistry","strongs_number":"g5385"},"g5386":{"pronunciation":"fil-os'-of-os","unicode":"φιλόσοφος","translit":"philósophos","definition":"[φιλόσοφος] from {{g5384}} and {{g4680}}; fond of wise things, i.e. a \"philosopher\"","strongs_number":"g5386"},"g5387":{"pronunciation":"fil-os'-tor-gos","unicode":"φιλόστοργος","translit":"philóstorgos","definition":"[φιλόστοργος] from {{g5384}} and στοργή (cherishing one's kindred, especially parents or children); fond of natural relatives, i.e. fraternal towards fellow Christian","strongs_number":"g5387"},"g5388":{"pronunciation":"fil-ot'-ek-nos","unicode":"φιλότεκνος","translit":"philóteknos","definition":"[φιλότεκνος] from {{g5384}} and {{g5043}}; fond of one's children, i.e. maternal","strongs_number":"g5388"},"g5389":{"pronunciation":"fil-ot-im-eh'-om-ahee","unicode":"φιλοτιμέομαι","translit":"philotiméomai","definition":"[φιλοτιμέομαι] middle voice from a compound of {{g5384}} and {{g5092}}; to be fond of honor, i.e. emulous (eager or earnest to do something)","strongs_number":"g5389"},"g5390":{"pronunciation":"fil-of-ron'-oce","unicode":"φιλοφρόνως","translit":"philophrónōs","definition":"[φιλοφρόνως] adverb from {{g5391}}; with friendliness of mind, i.e. kindly","strongs_number":"g5390"},"g5391":{"pronunciation":"fil-of'-rone","unicode":"φιλόφρων","translit":"philóphrōn","definition":"[φιλόφρων] from {{g5384}} and {{g5424}}; friendly of mind, i.e. kind","strongs_number":"g5391"},"g5392":{"pronunciation":"fee-mo'-o","unicode":"φιμόω","translit":"phimóō","definition":"[φιμόω] from φιμός (a muzzle); to muzzle","strongs_number":"g5392"},"g5393":{"pronunciation":"fleg'-one","unicode":"Φλέγων","translit":"Phlégōn","definition":"[Φλέγων] active participle of the base of {{g5395}}; blazing; Phlegon, a Christian","strongs_number":"g5393"},"g5394":{"pronunciation":"flog-id'-zo","unicode":"φλογίζω","translit":"phlogízō","definition":"[φλογίζω] from {{g5395}}; to cause a blaze, i.e. ignite (figuratively, to inflame with passion)","strongs_number":"g5394"},"g5395":{"pronunciation":"flox","unicode":"φλόξ","translit":"phlóx","definition":"[φλόξ] from a primary φλέγω (to \"flash\" or \"flame\"); a blaze","strongs_number":"g5395"},"g5396":{"pronunciation":"floo-ar-eh'-o","unicode":"φλυαρέω","translit":"phlyaréō","definition":"[φλυαρέω] from {{g5397}}; to be a babbler or trifler, i.e. (by implication) to berate idly or mischievously","strongs_number":"g5396"},"g5397":{"pronunciation":"floo'-ar-os","unicode":"φλύαρος","translit":"phlýaros","definition":"[φλύαρος] from φλύω (to bubble); a garrulous person, i.e. prater","strongs_number":"g5397"},"g5398":{"pronunciation":"fob-er-os'","unicode":"φοβερός","translit":"phoberós","definition":"[φοβερός] from {{g5401}}; frightful, i.e. (objectively) formidable","strongs_number":"g5398"},"g5399":{"pronunciation":"fob-eh'-o","unicode":"φοβέω","translit":"phobéō","definition":"[φοβέω] from {{g5401}}; to frighten, i.e. (passively) to be alarmed; by analogy, to be in awe of, i.e. revere","strongs_number":"g5399"},"g5400":{"pronunciation":"fob'-ay-tron","unicode":"φόβητρον","translit":"phóbētron","definition":"[φόβητρον] neuter of a derivative of {{g5399}}; a frightening thing, i.e. terrific portent","strongs_number":"g5400"}}