{"g5401":{"pronunciation":"fob'-os","unicode":"φόβος","translit":"phóbos","definition":"[φόβος] from a primary φέβομαι (to be put in fear); alarm or fright","strongs_number":"g5401"},"g5402":{"pronunciation":"foy'-bay","unicode":"Φοίβη","translit":"Phoíbē","definition":"[Φοίβη] feminine of φοῖβος (bright; probably akin to the base of {{g5457}}); Phœbe, a Christian woman","strongs_number":"g5402"},"g5403":{"pronunciation":"foy-nee'-kay","unicode":"Φοινίκη","translit":"Phoiníkē","definition":"[Φοινίκη] from {{g5404}}; palm-country; Phœnice (or Phœnicia), a region of Palestine","strongs_number":"g5403"},"g5404":{"pronunciation":"foy'-nix","unicode":"φοῖνιξ","translit":"phoînix","definition":"[φοῖνιξ] of uncertain derivation; a palm-tree","strongs_number":"g5404"},"g5405":{"pronunciation":"foy'-nix","unicode":"Φοῖνιξ","translit":"Phoînix","definition":"[Φοῖνιξ] probably the same as {{g5404}}; Phœnix, a place in Crete","strongs_number":"g5405"},"g5406":{"pronunciation":"fon-yooce'","unicode":"φονεύς","translit":"phoneús","definition":"[φονεύς] from {{g5408}}; a murderer (always of criminal (or at least intentional) homicide; which {{g443}} does not necessarily imply; while {{g4607}} is a special term for a public bandit)","strongs_number":"g5406"},"g5407":{"pronunciation":"fon-yoo'-o","unicode":"φονεύω","translit":"phoneúō","definition":"[φονεύω] from {{g5406}}; to be a murderer (of)","strongs_number":"g5407"},"g5408":{"pronunciation":"fon'-os","unicode":"φόνος","translit":"phónos","definition":"[φόνος] from an obsolete primary φένω (to slay); murder","strongs_number":"g5408"},"g5409":{"pronunciation":"for-eh'-o","unicode":"φορέω","translit":"phoréō","definition":"[φορέω] from {{g5411}}; to have a burden, i.e. (by analogy) to wear as clothing or a constant accompaniment","strongs_number":"g5409"},"g5410":{"pronunciation":"for'-on","unicode":"Φόρον","translit":"Phóron","definition":"[Φόρον] of Latin origin; a forum or market-place; only in comparative with {{g675}}; a station on the Appian road","strongs_number":"g5410"},"g5411":{"pronunciation":"for'-os","unicode":"φόρος","translit":"phóros","definition":"[φόρος] from {{g5342}}; a load (as borne), i.e. (figuratively) a tax (properly, an individual assessment on persons or property; whereas {{g5056}} is usually a general toll on goods or travel)","strongs_number":"g5411"},"g5412":{"pronunciation":"for-tid'-zo","unicode":"φορτίζω","translit":"phortízō","definition":"[φορτίζω] from {{g5414}}; to load up (properly, as a vessel or animal), i.e. (figuratively) to overburden with ceremony (or spiritual anxiety)","strongs_number":"g5412"},"g5413":{"pronunciation":"for-tee'-on","unicode":"φορτίον","translit":"phortíon","definition":"[φορτίον] diminutive of {{g5414}}; an invoice (as part of freight), i.e. (figuratively) a task or service","strongs_number":"g5413"},"g5414":{"pronunciation":"for'-tos","unicode":"φόρτος","translit":"phórtos","definition":"[φόρτος] from {{g5342}}; something carried, i.e. the cargo of a ship","strongs_number":"g5414"},"g5415":{"pronunciation":"for-too-nat'-os","unicode":"Φορτουνᾶτος","translit":"Phortounâtos","definition":"[Φορτουνᾶτος] of Latin origin; \"fortunate\"; Fortunatus, a Christian","strongs_number":"g5415"},"g5416":{"pronunciation":"frag-el'-le-on","unicode":"φραγέλλιον","translit":"phragéllion","definition":"[φραγέλλιον] neuter of a derivative from the base of {{g5417}}; a whip, i.e. Roman lash as a public punishment","strongs_number":"g5416"},"g5417":{"pronunciation":"frag-el-lo'-o","unicode":"φραγελλόω","translit":"phragellóō","definition":"[φραγελλόω] from a presumed equivalent of the Latin ; to whip, i.e. lash as a public punishment","strongs_number":"g5417"},"g5418":{"pronunciation":"frag-mos'","unicode":"φραγμός","translit":"phragmós","definition":"[φραγμός] from {{g5420}}; a fence, or inclosing barrier (literally or figuratively)","strongs_number":"g5418"},"g5419":{"pronunciation":"frad'-zo","unicode":"φράζω","translit":"phrázō","definition":"[φράζω] probably akin to {{g5420}} through the idea of defining; to indicate (by word or act), i.e. (specially), to expound","strongs_number":"g5419"},"g5420":{"pronunciation":"fras'-so","unicode":"φράσσω","translit":"phrássō","definition":"[φράσσω] apparently a strengthening form of the base of {{g5424}}; to fence or inclose, i.e. (specially), to block up (figuratively, to silence)","strongs_number":"g5420"},"g5421":{"pronunciation":"freh'-ar","unicode":"φρέαρ","translit":"phréar","definition":"[φρέαρ] of uncertain derivation; a hole in the ground (dug for obtaining or holding water or other purposes), i.e. a cistern or well; figuratively, an abyss (as a prison)","strongs_number":"g5421"},"g5422":{"pronunciation":"fren-ap-at-ah'-o","unicode":"φρεναπατάω","translit":"phrenapatáō","definition":"[φρεναπατάω] from {{g5423}}; to be a mind-misleader, i.e. delude","strongs_number":"g5422"},"g5423":{"pronunciation":"fren-ap-at'-ace","unicode":"φρεναπάτης","translit":"phrenapátēs","definition":"[φρεναπάτης] from {{g5424}} and {{g539}}; a mind-misleader, i.e. seducer","strongs_number":"g5423"},"g5424":{"pronunciation":"frane","unicode":"φρήν","translit":"phrḗn","definition":"[φρήν] probably from an obsolete φράω (to rein in or curb; compare {{g5420}}); the midrif (as a partition of the body), i.e. (figuratively and by implication, of sympathy) the feelings (or sensitive nature; by extension (also in the plural) the mind or cognitive faculties)","strongs_number":"g5424"},"g5425":{"pronunciation":"fris'-so","unicode":"φρίσσω","translit":"phríssō","definition":"[φρίσσω] apparently a primary verb; to \"bristle\" or chill, i.e. shudder (fear)","strongs_number":"g5425"},"g5426":{"pronunciation":"fron-eh'-o","unicode":"φρονέω","translit":"phronéō","definition":"[φρονέω] from {{g5424}}; to exercise the mind, i.e. entertain or have a sentiment or opinion; by implication, to be (mentally) disposed (more or less earnestly in a certain direction); intensively, to interest oneself in (with concern or obedience)","strongs_number":"g5426"},"g5427":{"pronunciation":"fron'-ay-mah","unicode":"φρόνημα","translit":"phrónēma","definition":"[φρόνημα] from {{g5426}}; (mental) inclination or purpose","strongs_number":"g5427"},"g5428":{"pronunciation":"fron'-ay-sis","unicode":"φρόνησις","translit":"phrónēsis","definition":"[φρόνησις] from {{g5426}}; mental action or activity, i.e. intellectual or moral insight","strongs_number":"g5428"},"g5429":{"pronunciation":"fron'-ee-mos","unicode":"φρόνιμος","translit":"phrónimos","definition":"[φρόνιμος] from {{g5424}}; thoughtful, i.e. sagacious or discreet (implying a cautious character; while {{g4680}} denotes practical skill or acumen; and {{g4908}} indicates rather intelligence or mental acquirement); in a bad sense conceited (also in the comparative)","strongs_number":"g5429"},"g5430":{"pronunciation":"fron-im'-oce","unicode":"φρονίμως","translit":"phronímōs","definition":"[φρονίμως] adverb from {{g5429}}; prudently","strongs_number":"g5430"},"g5431":{"pronunciation":"fron-tid'-zo","unicode":"φροντίζω","translit":"phrontízō","definition":"[φροντίζω] from a derivative of {{g5424}}; to exercise thought, i.e. be anxious","strongs_number":"g5431"},"g5432":{"pronunciation":"froo-reh'-o","unicode":"φρουρέω","translit":"phrouréō","definition":"[φρουρέω] from a compound of {{g4253}} and {{g3708}}; to be a watcher in advance, i.e. to mount guard as a sentinel (post spies at gates); figuratively, to hem in, protect Compare {{g5083}}.","strongs_number":"g5432"},"g5433":{"pronunciation":"froo-as'-so","unicode":"φρυάσσω","translit":"phryássō","definition":"[φρυάσσω] akin to {{g1032}}, {{g1031}}; to snort (as a spirited horse), i.e. (figuratively) to make a tumult","strongs_number":"g5433"},"g5434":{"pronunciation":"froo'-gan-on","unicode":"φρύγανον","translit":"phrýganon","definition":"[φρύγανον] neuter of a presumed derivative of φρύγω (to roast or parch; akin to the base of {{g5395}}); something desiccated, i.e. a dry twig","strongs_number":"g5434"},"g5435":{"pronunciation":"froog-ee'-ah","unicode":"Φρυγία","translit":"Phrygía","definition":"[Φρυγία] probably of foreign origin; Phrygia, a region of Asia Minor","strongs_number":"g5435"},"g5436":{"pronunciation":"foog'-el-los","unicode":"Φύγελλος","translit":"Phýgellos","definition":"[Φύγελλος] probably from {{g5343}}; fugitive; Phygellus, an apostate Christian","strongs_number":"g5436"},"g5437":{"pronunciation":"foog-ay'","unicode":"φυγή","translit":"phygḗ","definition":"[φυγή] from {{g5343}}; a fleeing, i.e. escape","strongs_number":"g5437"},"g5438":{"pronunciation":"foo-lak-ay'","unicode":"φυλακή","translit":"phylakḗ","definition":"[φυλακή] from {{g5442}}; a guarding or (concretely, guard), the act, the person; figuratively, the place, the condition, or (specially), the time (as a division of day or night), literally or figuratively","strongs_number":"g5438"},"g5439":{"pronunciation":"foo-lak-id'-zo","unicode":"φυλακίζω","translit":"phylakízō","definition":"[φυλακίζω] from {{g5441}}; to incarcerate","strongs_number":"g5439"},"g5440":{"pronunciation":"foo-lak-tay'-ree-on","unicode":"φυλακτήριον","translit":"phylaktḗrion","definition":"[φυλακτήριον] neuter of a derivative of {{g5442}}; a guard-case, i.e. \"phylactery\" for wearing slips of Scripture texts","strongs_number":"g5440"},"g5441":{"pronunciation":"foo'-lax","unicode":"φύλαξ","translit":"phýlax","definition":"[φύλαξ] from {{g5442}}; a watcher or sentry","strongs_number":"g5441"},"g5442":{"pronunciation":"foo-las'-so","unicode":"φυλάσσω","translit":"phylássō","definition":"[φυλάσσω] probably from {{g5443}} through the idea of isolation; to watch, i.e. be on guard (literally of figuratively); by implication, to preserve, obey, avoid Compare {{g5083}}.","strongs_number":"g5442"},"g5443":{"pronunciation":"foo-lay'","unicode":"φυλή","translit":"phylḗ","definition":"[φυλή] from {{g5453}} (compare {{g5444}}); an offshoot, i.e. race or clan","strongs_number":"g5443"},"g5444":{"pronunciation":"fool'-lon","unicode":"φύλλον","translit":"phýllon","definition":"[φύλλον] from the same as {{g5443}}; a sprout, i.e. leaf","strongs_number":"g5444"},"g5445":{"pronunciation":"foo'-ram-ah","unicode":"φύραμα","translit":"phýrama","definition":"[φύραμα] from a prolonged form of φύρω (to mix a liquid with a solid; perhaps akin to {{g5453}} through the idea of swelling in bulk), mean to knead; a mass of dough","strongs_number":"g5445"},"g5446":{"pronunciation":"foo-see-kos'","unicode":"φυσικός","translit":"physikós","definition":"[φυσικός] from {{g5449}}; \"physical\", i.e. (by implication) instinctive Compare {{g5591}}.","strongs_number":"g5446"},"g5447":{"pronunciation":"foo-see-koce'","unicode":"φυσικῶς","translit":"physikōs","definition":"[φυσικῶς] adverb from {{g5446}}; \"physically\", i.e. (by implication) instinctively","strongs_number":"g5447"},"g5448":{"pronunciation":"foo-see-o'-o","unicode":"φυσιόω","translit":"physióō","definition":"[φυσιόω] from {{g5449}} in the primary sense of blowing; to inflate, i.e. (figuratively) make proud (haughty)","strongs_number":"g5448"},"g5449":{"pronunciation":"foo'-sis","unicode":"φύσις","translit":"phýsis","definition":"[φύσις] from {{g5453}}; growth (by germination or expansion), i.e. (by implication) natural production (lineal descent); by extension, a genus or sort; figuratively, native disposition, constitution or usage","strongs_number":"g5449"},"g5450":{"pronunciation":"foo-see'-o-sis","unicode":"φυσίωσις","translit":"physíōsis","definition":"[φυσίωσις] from {{g5448}}; inflation, i.e. (figuratively) haughtiness","strongs_number":"g5450"},"g5451":{"pronunciation":"foo-ti'-ah","unicode":"φυτεία","translit":"phyteía","definition":"[φυτεία] from {{g5452}}; trans-planting, i.e. (concretely) a shrub or vegetable","strongs_number":"g5451"},"g5452":{"pronunciation":"foot-yoo'-o","unicode":"φυτεύω","translit":"phyteúō","definition":"[φυτεύω] from a derivative of {{g5453}}; to set out in the earth, i.e. implant; figuratively, to instil doctrine","strongs_number":"g5452"},"g5453":{"pronunciation":"foo'-o","unicode":"φύω","translit":"phýō","definition":"[φύω] a primary verb; probably originally, to \"puff\" or blow, i.e. to swell up; but only used in the implied sense, to germinate or grow (sprout, produce), literally or figuratively","strongs_number":"g5453"},"g5454":{"pronunciation":"fo-leh-os'","unicode":"φωλεός","translit":"phōleós","definition":"[φωλεός] of uncertain derivative; a burrow or lurking-place","strongs_number":"g5454"},"g5455":{"pronunciation":"fo-neh'-o","unicode":"φωνέω","translit":"phōnéō","definition":"[φωνέω] from {{g5456}}; to emit a sound (animal, human or instrumental); by implication, to address in words or by name, also in imitation","strongs_number":"g5455"},"g5456":{"pronunciation":"fo-nay'","unicode":"φωνή","translit":"phōnḗ","definition":"[φωνή] probably akin to {{g5316}} through the idea of disclosure; a tone (articulate, bestial or artificial); by implication, an address (for any purpose), saying or language","strongs_number":"g5456"},"g5457":{"pronunciation":"foce","unicode":"φῶς","translit":"phōs","definition":"[φῶς] from an obsolete φάω (to shine or make manifest, especially by rays; compare {{g5316}}, {{g5346}}); luminousness (in the widest application, natural or artificial, abstract or concrete, literal or figurative)","strongs_number":"g5457"},"g5458":{"pronunciation":"foce-tare'","unicode":"φωστήρ","translit":"phōstḗr","definition":"[φωστήρ] from {{g5457}}; an illuminator, i.e. (concretely) a luminary, or (abstractly) brilliancy","strongs_number":"g5458"},"g5459":{"pronunciation":"foce-for'-os","unicode":"φωσφόρος","translit":"phōsphóros","definition":"[φωσφόρος] from {{g5457}} and {{g5342}}; light-bearing (\"phosphorus\"), i.e. (specially), the morning-star (figuratively)","strongs_number":"g5459"},"g5460":{"pronunciation":"fo-ti-nos'","unicode":"φωτεινός","translit":"phōteinós","definition":"[φωτεινός] from {{g5457}}; lustrous, i.e. transparent or well-illuminated (figuratively)","strongs_number":"g5460"},"g5461":{"pronunciation":"fo-tid'-zo","unicode":"φωτίζω","translit":"phōtízō","definition":"[φωτίζω] from {{g5457}}; to shed rays, i.e. to shine or (transitively) to brighten up (literally or figuratively)","strongs_number":"g5461"},"g5462":{"pronunciation":"fo-tis-mos'","unicode":"φωτισμός","translit":"phōtismós","definition":"[φωτισμός] from {{g5461}}; illumination (figuratively)","strongs_number":"g5462"},"g5463":{"pronunciation":"khah'-ee-ro","unicode":"χαίρω","translit":"chaírō","definition":"[χαίρω] a primary verb; to be \"cheer\"ful, i.e. calmly happy or well-off; impersonally, especially as salutation (on meeting or parting), be well","strongs_number":"g5463"},"g5464":{"pronunciation":"khal'-ad-zah","unicode":"χάλαζα","translit":"chálaza","definition":"[χάλαζα] probably from {{g5465}}; hail","strongs_number":"g5464"},"g5465":{"pronunciation":"khal-ah'-o","unicode":"χαλάω","translit":"chaláō","definition":"[χαλάω] from the base of {{g5490}}; to lower (as into a void)","strongs_number":"g5465"},"g5466":{"pronunciation":"khal-dah'-yos","unicode":"Χαλδαῖος","translit":"Chaldaîos","definition":"[Χαλδαῖος] probably of Hebrew or ({{h3778}}); a Chaldæan (i.e. Kasdi), or native or the region of the lower Euphrates","strongs_number":"g5466"},"g5467":{"pronunciation":"khal-ep-os'","unicode":"χαλεπός","translit":"chalepós","definition":"[χαλεπός] perhaps from {{g5465}} through the idea of reducing the strength; difficult, i.e. dangerous, or (by implication) furious","strongs_number":"g5467"},"g5468":{"pronunciation":"khal-in-ag-ogue-eh'-o","unicode":"χαλιναγωγέω","translit":"chalinagōgéō","definition":"[χαλιναγωγέω] from a compound of {{g5469}} and the reduplicated form of {{g71}}; to be a bit-leader, i.e. to curb (figuratively)","strongs_number":"g5468"},"g5469":{"pronunciation":"khal-ee-nos'","unicode":"χαλινός","translit":"chalinós","definition":"[χαλινός] from {{g5465}}; a curb or head-stall (as curbing the spirit)","strongs_number":"g5469"},"g5470":{"pronunciation":"khal'-keh-os","unicode":"χάλκεος","translit":"chálkeos","definition":"[χάλκεος] from {{g5475}}; coppery","strongs_number":"g5470"},"g5471":{"pronunciation":"khalk-yooce'","unicode":"χαλκεύς","translit":"chalkeús","definition":"[χαλκεύς] from {{g5475}}; a copper-worker or brazier","strongs_number":"g5471"},"g5472":{"pronunciation":"khal-kay-dohn'","unicode":"χαλκηδών","translit":"chalkēdṓn","definition":"[χαλκηδών] from {{g5475}} and perhaps {{g1491}}; copper-like, i.e. \"chalcedony\"","strongs_number":"g5472"},"g5473":{"pronunciation":"khal-kee'-on","unicode":"χαλκίον","translit":"chalkíon","definition":"[χαλκίον] diminutive from {{g5475}}; a copper dish","strongs_number":"g5473"},"g5474":{"pronunciation":"khal-kol-ib'-an-on","unicode":"χαλκολίβανον","translit":"chalkolíbanon","definition":"[χαλκολίβανον] neuter of a compound of {{g5475}} and {{g3030}} (in the implied mean of whiteness or brilliancy); burnished copper, an alloy of copper (or gold) and silver having a brilliant lustre","strongs_number":"g5474"},"g5475":{"pronunciation":"khal-kos'","unicode":"χαλκός","translit":"chalkós","definition":"[χαλκός] perhaps from {{g5465}} through the idea of hollowing out as a vessel (this metal being chiefly used for that purpose); copper (the substance, or some implement or coin made of it)","strongs_number":"g5475"},"g5476":{"pronunciation":"kham-ah'-ee","unicode":"χαμαί","translit":"chamaí","definition":"[χαμαί] adverb perhaps from the base of {{g5490}} through the idea of a fissure in the soil; earthward, i.e. prostrate","strongs_number":"g5476"},"g5477":{"pronunciation":"khan-ah-an'","unicode":"Χαναάν","translit":"Chanaán","definition":"[Χαναάν] of Hebrew origin ({{h3667}}); Chanaan (i.e. Kenaan), the early name of Palestine","strongs_number":"g5477"},"g5478":{"pronunciation":"khan-ah-an-ah'-yos","unicode":"Χανααναῖος","translit":"Chanaanaîos","definition":"[Χανααναῖος] from {{g5477}}; a Chanaanæan (i.e. Kenaanite), or native of gentile Palestine","strongs_number":"g5478"},"g5479":{"pronunciation":"khar-ah'","unicode":"χαρά","translit":"chará","definition":"[χαρά] from {{g5463}}; cheerfulness, i.e. calm delight","strongs_number":"g5479"},"g5480":{"pronunciation":"khar'-ag-mah","unicode":"χάραγμα","translit":"cháragma","definition":"[χάραγμα] from the same as {{g5482}}; a scratch or etching, i.e. stamp (as a badge of servitude), or sculptured figure (statue)","strongs_number":"g5480"},"g5481":{"pronunciation":"khar-ak-tare'","unicode":"χαρακτήρ","translit":"charaktḗr","definition":"[χαρακτήρ] from the same as {{g5482}}; a graver (the tool or the person), i.e. (by implication) engraving ((\"character\"), the figure stamped, i.e. an exact copy or (figuratively) representation)","strongs_number":"g5481"},"g5482":{"pronunciation":"khar'-ax","unicode":"χάραξ","translit":"chárax","definition":"[χάραξ] from χαράσσω (to sharpen to a point; akin to {{g1125}} through the idea of scratching); a stake, i.e. (by implication) a palisade or rampart (military mound for circumvallation in a siege)","strongs_number":"g5482"},"g5483":{"pronunciation":"khar-id'-zom-ahee","unicode":"χαρίζομαι","translit":"charízomai","definition":"[χαρίζομαι] middle voice from {{g5485}}; to grant as a favor, i.e. gratuitously, in kindness, pardon or rescue","strongs_number":"g5483"},"g5484":{"pronunciation":"khar'-in","unicode":"χάριν","translit":"chárin","definition":"[χάριν] accusative case of {{g5485}} as preposition; through favor of, i.e. on account of","strongs_number":"g5484"},"g5485":{"pronunciation":"khar'-ece","unicode":"χάρις","translit":"cháris","definition":"[χάρις] from {{g5463}}; graciousness (as gratifying), of manner or act (abstract or concrete; literal, figurative or spiritual; especially the divine influence upon the heart, and its reflection in the life; including gratitude)","strongs_number":"g5485"},"g5486":{"pronunciation":"khar'-is-mah","unicode":"χάρισμα","translit":"chárisma","definition":"[χάρισμα] from {{g5483}}; a (divine) gratuity, i.e. deliverance (from danger or passion); (specially), a (spiritual) endowment, i.e. (subjectively) religious qualification, or (objectively) miraculous faculty","strongs_number":"g5486"},"g5487":{"pronunciation":"khar-ee-to'-o","unicode":"χαριτόω","translit":"charitóō","definition":"[χαριτόω] from {{g5485}}; to grace, i.e. indue with special honor","strongs_number":"g5487"},"g5488":{"pronunciation":"khar-hran'","unicode":"Χαῤῥάν","translit":"Charrhán","definition":"[Χαῤῥάν] of Hebrew origin ({{h2771}}); Charrhan (i.e. Charan), a place in Mesopotamia","strongs_number":"g5488"},"g5489":{"pronunciation":"khar'-tace","unicode":"χάρτης","translit":"chártēs","definition":"[χάρτης] from the same as {{g5482}}; a sheet (\"chart\") of writing-material (as to be scribbled over)","strongs_number":"g5489"},"g5490":{"pronunciation":"khas'-mah","unicode":"χάσμα","translit":"chásma","definition":"[χάσμα] from a form of an obsolete primary χάω (to \"gape\" or \"yawn\"); a \"chasm\" or vacancy (impassable interval)","strongs_number":"g5490"},"g5491":{"pronunciation":"khi'-los","unicode":"χεῖλος","translit":"cheîlos","definition":"[χεῖλος] from a form of the same as {{g5490}}; a lip (as a pouring place); figuratively, a margin (of water)","strongs_number":"g5491"},"g5492":{"pronunciation":"khi-mad'-zo","unicode":"χειμάζω","translit":"cheimázō","definition":"[χειμάζω] from the same as {{g5494}}; to storm, i.e. (passively) to labor under a gale","strongs_number":"g5492"},"g5493":{"pronunciation":"khi'-mar-hros","unicode":"χείμαῤῥος","translit":"cheímarrhos","definition":"[χείμαῤῥος] from the base of {{g5494}} and {{g4482}}; a storm-runlet, i.e. winter-torrent","strongs_number":"g5493"},"g5494":{"pronunciation":"khi-mone'","unicode":"χειμών","translit":"cheimṓn","definition":"[χειμών] from a derivative of χέω (to pour; akin to the base of 5490 through the idea of a channel), meaning a storm (as pouring rain); by implication, the rainy season, i.e. winter","strongs_number":"g5494"},"g5495":{"pronunciation":"khire","unicode":"χείρ","translit":"cheír","definition":"[χείρ] perhaps from the base of {{g5494}} in the sense of its congener the base of {{g5490}} (through the idea of hollowness for grasping); the hand (literally or figuratively (power); especially (by Hebraism) a means or instrument)","strongs_number":"g5495"},"g5496":{"pronunciation":"khi-rag-ogue-eh'-o","unicode":"χειραγωγέω","translit":"cheiragōgéō","definition":"[χειραγωγέω] from {{g5497}}; to be a hand-leader, i.e. to guide (a blind person)","strongs_number":"g5496"},"g5497":{"pronunciation":"khi-rag-o-gos'","unicode":"χειραγωγός","translit":"cheiragōgós","definition":"[χειραγωγός] from {{g5495}} and a reduplicated form of {{g71}}; a hand-leader, i.e. personal conductor (of a blind person)","strongs_number":"g5497"},"g5498":{"pronunciation":"khi-rog'-raf-on","unicode":"χειρόγραφον","translit":"cheirógraphon","definition":"[χειρόγραφον] neuter of a compound of {{g5495}} and {{g1125}}; something hand-written (\"chirograph\"), i.e. a manuscript (specially, a legal document or bond (figuratively))","strongs_number":"g5498"},"g5499":{"pronunciation":"khi-rop-oy'-ay-tos","unicode":"χειροποίητος","translit":"cheiropoíētos","definition":"[χειροποίητος] from {{g5495}} and a derivative of {{g4160}}; manufactured, i.e. of human construction","strongs_number":"g5499"},"g5500":{"pronunciation":"khi-rot-on-eh'-o","unicode":"χειροτονέω","translit":"cheirotonéō","definition":"[χειροτονέω] from a comparative of {{g5495}} and τείνω (to stretch); to be a hand-reacher or voter (by raising the hand), i.e. (generally) to select or appoint","strongs_number":"g5500"}}