{"g5601":{"pronunciation":"o-bade'","unicode":"Ὠβήδ","translit":"Ōbḗd","definition":"[Ὠβήδ] of Hebrew origin ({{h5744}}); Obed, an Israelite","strongs_number":"g5601"},"g5602":{"pronunciation":"ho'-deh","unicode":"ὧδε","translit":"hōde","definition":"[ὧδε] from an adverb form of {{g3592}}; in this same spot, i.e. here or hither","strongs_number":"g5602"},"g5603":{"pronunciation":"o-day'","unicode":"ᾠδή","translit":"ōidḗ","definition":"[ᾠδή] from {{g103}}; a chant or \"ode\" (the general term for any words sung; while {{g5215}} denotes especially a religious metrical composition, and {{g5568}} still more specially, a Hebrew cantillation)","strongs_number":"g5603"},"g5604":{"pronunciation":"o-deen'","unicode":"ὠδίν","translit":"ōdín","definition":"[ὠδίν] akin to {{g3601}}; a pang or throe, especially of childbirth","strongs_number":"g5604"},"g5605":{"pronunciation":"o-dee'-no","unicode":"ὠδίνω","translit":"ōdínō","definition":"[ὠδίνω] from {{g5604}}; to experience the pains of parturition (literally or figuratively)","strongs_number":"g5605"},"g5606":{"pronunciation":"o'-mos","unicode":"ὦμος","translit":"ōmos","definition":"[ὦμος] perhaps from the alternate of {{g5342}}; the shoulder (as that on which burdens are borne)","strongs_number":"g5606"},"g5607":{"pronunciation":"oan","unicode":"ὤν","translit":"ṓn","definition":"[ὤν] ,     including the feminine      οὖσα; and the neuter      ὄνpresent participle of {{g1510}}; being","strongs_number":"g5607"},"g5608":{"pronunciation":"o-neh'-om-ahee","unicode":"ὠνέομαι","translit":"ōnéomai","definition":"[ὠνέομαι] middle voice from an apparently primary ὦνος (a sum or price); to purchase (synonymous with the earlier {{g4092}})","strongs_number":"g5608"},"g5609":{"pronunciation":"o-on'","unicode":"ὠόν","translit":"ōón","definition":"[ὠόν] apparently a primary word; an \"egg\"","strongs_number":"g5609"},"g5610":{"pronunciation":"ho'-rah","unicode":"ὥρα","translit":"hṓra","definition":"[ὥρα] apparently a primary word; an \"hour\" (literally or figuratively)","strongs_number":"g5610"},"g5611":{"pronunciation":"ho-rah'-yos","unicode":"ὡραῖος","translit":"hōraîos","definition":"[ὡραῖος] from {{g5610}}; belonging to the right hour or season (timely), i.e. (by implication) flourishing (beauteous (figuratively))","strongs_number":"g5611"},"g5612":{"pronunciation":"o-roo'-om-ahee","unicode":"ὠρύομαι","translit":"ōrýomai","definition":"[ὠρύομαι] middle voice of an apparently primary verb; to \"roar\"","strongs_number":"g5612"},"g5613":{"pronunciation":"hoce","unicode":"ὡς","translit":"hōs","definition":"[ὡς] probably adverb of comparative from {{g3739}}; which how, i.e. in that manner (very variously used, as follows)","strongs_number":"g5613"},"g5614":{"pronunciation":"ho-san-nah'","unicode":"ὡσαννά","translit":"hōsanná","definition":"[ὡσαννά] of Hebrew origin ({{h3467}} and {{h4994}}); oh save!; hosanna (i.e. hoshia-na), an exclamation of adoration","strongs_number":"g5614"},"g5615":{"pronunciation":"ho-sow'-toce","unicode":"ὡσαύτως","translit":"hōsaútōs","definition":"[ὡσαύτως] from {{g5613}} and an adverb from {{g846}}; as thus, i.e. in the same way","strongs_number":"g5615"},"g5616":{"pronunciation":"ho-si'","unicode":"ὡσεί","translit":"hōseí","definition":"[ὡσεί] from {{g5613}} and {{g1487}}; as if","strongs_number":"g5616"},"g5617":{"pronunciation":"ho-say-eh'","unicode":"Ὡσηέ","translit":"Hōsēé","definition":"[Ὡσηέ] of Hebrew origin ({{h1954}}); Hosee (i.e. Hoshea), an Israelite","strongs_number":"g5617"},"g5618":{"pronunciation":"hoce'-per","unicode":"ὥσπερ","translit":"hṓsper","definition":"[ὥσπερ] from {{g5613}} and {{g4007}}; just as, i.e. exactly like","strongs_number":"g5618"},"g5619":{"pronunciation":"hoce-per-i'","unicode":"ὡσπερεί","translit":"hōspereí","definition":"[ὡσπερεί] from {{g5618}} and {{g1487}}; just as if, i.e. as it were","strongs_number":"g5619"},"g5620":{"pronunciation":"hoce'-teh","unicode":"ὥστε","translit":"hṓste","definition":"[ὥστε] from {{g5613}} and {{g5037}}; so too, i.e. thus therefore (in various relations of consecution, as follow)","strongs_number":"g5620"},"g5621":{"pronunciation":"o-tee'-on","unicode":"ὠτίον","translit":"ōtíon","definition":"[ὠτίον] diminutive of {{g3775}}; an earlet, i.e. one of the ears, or perhaps the lobe of the ear","strongs_number":"g5621"},"g5622":{"pronunciation":"o-fel'-i-ah","unicode":"ὠφέλεια","translit":"ōphéleia","definition":"[ὠφέλεια] from a derivative of the base of {{g5624}}; usefulness, i.e. benefit","strongs_number":"g5622"},"g5623":{"pronunciation":"o-fel-eh'-o","unicode":"ὠφελέω","translit":"ōpheléō","definition":"[ὠφελέω] from the same as {{g5622}}; to be useful, i.e. to benefit","strongs_number":"g5623"},"g5624":{"pronunciation":"o-fel'-ee-mos","unicode":"ὠφέλιμος","translit":"ōphélimos","definition":"[ὠφέλιμος] from a form of {{g3786}}; helpful or serviceable, i.e. advantageous","strongs_number":"g5624"}}