{"g601":{"pronunciation":"ap-ok-al-oop'-to","unicode":"ἀποκαλύπτω","translit":"apokalýptō","definition":"[ἀποκαλύπτω] from {{g575}} and {{g2572}}; to take off the cover, i.e. disclose","strongs_number":"g601"},"g602":{"pronunciation":"ap-ok-al'-oop-sis","unicode":"ἀποκάλυψις","translit":"apokálypsis","definition":"[ἀποκάλυψις] from {{g601}}; disclosure","strongs_number":"g602"},"g603":{"pronunciation":"ap-ok-ar-ad-ok-ee'-ah","unicode":"ἀποκαραδοκία","translit":"apokaradokía","definition":"[ἀποκαραδοκία] from a comparative of {{g575}} and a compound of κάρα (the head) and {{g1380}} (in the sense of watching); intense anticipation","strongs_number":"g603"},"g604":{"pronunciation":"ap-ok-at-al-las'-so","unicode":"ἀποκαταλλάσσω","translit":"apokatallássō","definition":"[ἀποκαταλλάσσω] from {{g575}} and {{g2644}}; to reconcile fully","strongs_number":"g604"},"g605":{"pronunciation":"ap-ok-at-as'-tas-is","unicode":"ἀποκατάστασις","translit":"apokatástasis","definition":"[ἀποκατάστασις] from {{g600}}; reconstitution","strongs_number":"g605"},"g606":{"pronunciation":"ap-ok'-i-mahee","unicode":"ἀπόκειμαι","translit":"apókeimai","definition":"[ἀπόκειμαι] from {{g575}} and {{g2749}}; to be reserved; figuratively, to await","strongs_number":"g606"},"g607":{"pronunciation":"ap-ok-ef-al-id'-zo","unicode":"ἀποκεφαλίζω","translit":"apokephalízō","definition":"[ἀποκεφαλίζω] from {{g575}} and {{g2776}}; to decapitate","strongs_number":"g607"},"g608":{"pronunciation":"ap-ok-li'-o","unicode":"ἀποκλείω","translit":"apokleíō","definition":"[ἀποκλείω] from {{g575}} and {{g2808}}; to close fully","strongs_number":"g608"},"g609":{"pronunciation":"ap-ok-op'-to","unicode":"ἀποκόπτω","translit":"apokóptō","definition":"[ἀποκόπτω] from {{g575}} and {{g2875}}; to amputate; reflexively (by irony) to mutilate (the privy parts) Compare {{g2699}}.","strongs_number":"g609"},"g610":{"pronunciation":"ap-ok'-ree-mah","unicode":"ἀπόκριμα","translit":"apókrima","definition":"[ἀπόκριμα] from {{g611}} (in its original sense of judging); a judicial decision","strongs_number":"g610"},"g611":{"pronunciation":"ap-ok-ree'-nom-ahee","unicode":"ἀποκρίνομαι","translit":"apokrínomai","definition":"[ἀποκρίνομαι] from {{g575}} and κρίνω; to conclude for oneself, i.e. (by implication) to respond; by Hebraism (compare {{h6030}}) to begin to speak (where an address is expected)","strongs_number":"g611"},"g612":{"pronunciation":"ap-ok'-ree-sis","unicode":"ἀπόκρισις","translit":"apókrisis","definition":"[ἀπόκρισις] from {{g611}}; a response","strongs_number":"g612"},"g613":{"pronunciation":"ap-ok-roop'-to","unicode":"ἀποκρύπτω","translit":"apokrýptō","definition":"[ἀποκρύπτω] from {{g575}} and {{g2928}}; to conceal away (i.e. fully); figuratively, to keep secret","strongs_number":"g613"},"g614":{"pronunciation":"ap-ok'-roo-fos","unicode":"ἀπόκρυφος","translit":"apókryphos","definition":"[ἀπόκρυφος] from {{g613}}; secret; by implication, treasured","strongs_number":"g614"},"g615":{"pronunciation":"ap-ok-ti'-no","unicode":"ἀποκτείνω","translit":"apokteínō","definition":"[ἀποκτείνω] from {{g575}} and κτείνω (to slay); to kill outright; figuratively, to destroy","strongs_number":"g615"},"g616":{"pronunciation":"ap-ok-oo-eh'-o","unicode":"ἀποκυέω","translit":"apokyéō","definition":"[ἀποκυέω] from {{g575}} and the base of {{g2949}}; to breed forth, i.e. (by transference) to generate (figuratively)","strongs_number":"g616"},"g617":{"pronunciation":"ap-ok-oo-lee'-o","unicode":"ἀποκυλίω","translit":"apokylíō","definition":"[ἀποκυλίω] from {{g575}} and {{g2947}}; to roll away","strongs_number":"g617"},"g618":{"pronunciation":"ap-ol-am-ban'-o","unicode":"ἀπολαμβάνω","translit":"apolambánō","definition":"[ἀπολαμβάνω] from {{g575}} and {{g2983}}; to receive (specially, in full, or as a host); also to take aside","strongs_number":"g618"},"g619":{"pronunciation":"ap-ol'-ow-sis","unicode":"ἀπόλαυσις","translit":"apólausis","definition":"[ἀπόλαυσις] from a comparative of {{g575}} and λαύω (to enjoy); full enjoyment","strongs_number":"g619"},"g620":{"pronunciation":"ap-ol-ipe'-o","unicode":"ἀπολείπω","translit":"apoleípō","definition":"[ἀπολείπω] from {{g575}} and {{g3007}}; to leave behind (passively, remain); by implication, to forsake","strongs_number":"g620"},"g621":{"pronunciation":"ap-ol-i'-kho","unicode":"ἀπολείχω","translit":"apoleíchō","definition":"[ἀπολείχω] from {{g575}} and λείχω (to \"lick\"); to lick clean","strongs_number":"g621"},"g622":{"pronunciation":"ap-ol'-loo-mee","unicode":"ἀπόλλυμι","translit":"apóllymi","definition":"[ἀπόλλυμι] from {{g575}} and the base of {{g3639}}; to destroy fully (reflexively, to perish, or lose), literally or figuratively","strongs_number":"g622"},"g623":{"pronunciation":"ap-ol-loo'-ohn","unicode":"Ἀπολλύων","translit":"Apollýōn","definition":"[Ἀπολλύων] active participle of {{g622}}; a destroyer (i.e. Satan)","strongs_number":"g623"},"g624":{"pronunciation":"ap-ol-lo-nee'-ah","unicode":"Ἀπολλωνία","translit":"Apollōnía","definition":"[Ἀπολλωνία] from the pagan deity Ἀπόλλων (i.e. the sun; from {{g622}}); Apollonia, a place in Macedonia","strongs_number":"g624"},"g625":{"pronunciation":"ap-ol-loce'","unicode":"Ἀπολλῶς","translit":"Apollōs","definition":"[Ἀπολλῶς] probably from the same as {{g624}}; Apollos, an Israelite","strongs_number":"g625"},"g626":{"pronunciation":"ap-ol-og-eh'-om-ahee","unicode":"ἀπολογέομαι","translit":"apologéomai","definition":"[ἀπολογέομαι] middle voice from a compound of {{g575}} and {{g3056}}; to give an account (legal plea) of oneself, i.e. exculpate (self)","strongs_number":"g626"},"g627":{"pronunciation":"ap-ol-og-ee'-ah","unicode":"ἀπολογία","translit":"apología","definition":"[ἀπολογία] from the same as {{g626}}; a plea (\"apology\")","strongs_number":"g627"},"g628":{"pronunciation":"ap-ol-oo'-o","unicode":"ἀπολούω","translit":"apoloúō","definition":"[ἀπολούω] from {{g575}} and {{g3068}}; to wash fully, i.e. (figuratively) have remitted (reflexively)","strongs_number":"g628"},"g629":{"pronunciation":"ap-ol-oo'-tro-sis","unicode":"ἀπολύτρωσις","translit":"apolýtrōsis","definition":"[ἀπολύτρωσις] from a compound of {{g575}} and {{g3083}}; (the act) ransom in full, i.e. (figuratively) riddance, or (specially) Christian salvation","strongs_number":"g629"},"g630":{"pronunciation":"ap-ol-oo'-o","unicode":"ἀπολύω","translit":"apolýō","definition":"[ἀπολύω] from {{g575}} and {{g3089}}; to free fully, i.e. (literally) relieve, release, dismiss (reflexively, depart), or (figuratively) let die, pardon or (specially) divorce","strongs_number":"g630"},"g631":{"pronunciation":"ap-om-as'-som-ahee","unicode":"ἀπομάσσομαι","translit":"apomássomai","definition":"[ἀπομάσσομαι] middle voice from {{g575}} and μάσσω (to squeeze, knead, smear); to scrape away","strongs_number":"g631"},"g632":{"pronunciation":"ap-on-em'-o","unicode":"ἀπονέμω","translit":"aponémō","definition":"[ἀπονέμω] from {{g575}} and the base of {{g3551}}; to apportion, i.e. bestow","strongs_number":"g632"},"g633":{"pronunciation":"ap-on-ip'-to","unicode":"ἀπονίπτω","translit":"aponíptō","definition":"[ἀπονίπτω] from {{g575}} and {{g3538}}; to wash off (reflexively, one's own hands symbolically)","strongs_number":"g633"},"g634":{"pronunciation":"ap-op-ip'-to","unicode":"ἀποπίπτω","translit":"apopíptō","definition":"[ἀποπίπτω] from {{g575}} and {{g4098}}; to fall off","strongs_number":"g634"},"g635":{"pronunciation":"ap-op-lan-ah'-o","unicode":"ἀποπλανάω","translit":"apoplanáō","definition":"[ἀποπλανάω] from {{g575}} and {{g4105}}; to lead astray (figuratively); passively, to stray (from truth)","strongs_number":"g635"},"g636":{"pronunciation":"ap-op-leh'-o","unicode":"ἀποπλέω","translit":"apopléō","definition":"[ἀποπλέω] from {{g575}} and {{g4126}}; to set sail","strongs_number":"g636"},"g637":{"pronunciation":"ap-op-loo'-no","unicode":"ἀποπλύνω","translit":"apoplýnō","definition":"[ἀποπλύνω] from {{g575}} and {{g4150}}; to rinse off","strongs_number":"g637"},"g638":{"pronunciation":"ap-op-nee'-go","unicode":"ἀποπνίγω","translit":"apopnígō","definition":"[ἀποπνίγω] from {{g575}} and {{g4155}}; to stifle (by drowning or overgrowth)","strongs_number":"g638"},"g639":{"pronunciation":"ap-or-eh'-o","unicode":"ἀπορέω","translit":"aporéō","definition":"[ἀπορέω] from a compound of {{g1}} (as a negative particle) and the base of {{g4198}}; to have no way out, i.e. be at a loss (mentally)","strongs_number":"g639"},"g640":{"pronunciation":"ap-or-ee'-a","unicode":"ἀπορία","translit":"aporía","definition":"[ἀπορία] from the same as {{g639}}; a (state of) quandary","strongs_number":"g640"},"g641":{"pronunciation":"ap-or-hrip'-to","unicode":"ἀποῤῥίπτω","translit":"aporrhíptō","definition":"[ἀποῤῥίπτω] from {{g575}} and {{g4496}}; to hurl off, i.e. precipitate (oneself)","strongs_number":"g641"},"g642":{"pronunciation":"ap-or-fan-id'-zo","unicode":"ἀπορφανίζω","translit":"aporphanízō","definition":"[ἀπορφανίζω] from {{g575}} and a derivative of {{g3737}}; to bereave wholly, i.e. (figuratively) separate (from intercourse)","strongs_number":"g642"},"g643":{"pronunciation":"ap-osk-yoo-ad'-zo","unicode":"ἀποσκευάζω","translit":"aposkeuázō","definition":"[ἀποσκευάζω] from {{g575}} and a derivative of {{g4632}}; to pack up (one's) baggage","strongs_number":"g643"},"g644":{"pronunciation":"ap-os-kee'-as-mah","unicode":"ἀποσκίασμα","translit":"aposkíasma","definition":"[ἀποσκίασμα] from a compound of {{g575}} and a derivative of {{g4639}}; a shading off, i.e. obscuration","strongs_number":"g644"},"g645":{"pronunciation":"ap-os-pah'-o","unicode":"ἀποσπάω","translit":"apospáō","definition":"[ἀποσπάω] from {{g575}} and {{g4685}}; to drag forth, i.e. (literally) unsheathe (a sword), or relatively (with a degree of force implied) retire (personally or factiously)","strongs_number":"g645"},"g646":{"pronunciation":"ap-os-tas-ee'-ah","unicode":"ἀποστασία","translit":"apostasía","definition":"[ἀποστασία] feminine of the same as {{g647}}; defection from truth (properly, the state) (\"apostasy\")","strongs_number":"g646"},"g647":{"pronunciation":"ap-os-tas'-ee-on","unicode":"ἀποστάσιον","translit":"apostásion","definition":"[ἀποστάσιον] neuter of a (presumed) adjective from a derivative of {{g868}}; properly, something separative, i.e. (specially) divorce","strongs_number":"g647"},"g648":{"pronunciation":"ap-os-teg-ad'-zo","unicode":"ἀποστεγάζω","translit":"apostegázō","definition":"[ἀποστεγάζω] from {{g575}} and a derivative of {{g4721}}; to unroof","strongs_number":"g648"},"g649":{"pronunciation":"ap-os-tel'-lo","unicode":"ἀποστέλλω","translit":"apostéllō","definition":"[ἀποστέλλω] from {{g575}} and {{g4724}}; set apart, i.e. (by implication) to send out (properly, on a mission) literally or figuratively","strongs_number":"g649"},"g650":{"pronunciation":"ap-os-ter-eh'-o","unicode":"ἀποστερέω","translit":"aposteréō","definition":"[ἀποστερέω] from {{g575}} and στερέω (to deprive); to despoil","strongs_number":"g650"},"g651":{"pronunciation":"ap-os-tol-ay'","unicode":"ἀποστολή","translit":"apostolḗ","definition":"[ἀποστολή] from {{g649}}; commission, i.e. (specially) apostolate","strongs_number":"g651"},"g652":{"pronunciation":"ap-os'-tol-os","unicode":"ἀπόστολος","translit":"apóstolos","definition":"[ἀπόστολος] from {{g649}}; a delegate; specially, an ambassador of the Gospel; officially a commissioner of Christ (\"apostle\") (with miraculous powers)","strongs_number":"g652"},"g653":{"pronunciation":"ap-os-tom-at-id'-zo","unicode":"ἀποστοματίζω","translit":"apostomatízō","definition":"[ἀποστοματίζω] from {{g575}} and a (presumed) derivative of {{g4750}}; to speak off-hand (properly, dictate), i.e. to catechize (in an invidious manner)","strongs_number":"g653"},"g654":{"pronunciation":"ap-os-tref'-o","unicode":"ἀποστρέφω","translit":"apostréphō","definition":"[ἀποστρέφω] from {{g575}} and {{g4762}}; to turn away or back (literally or figuratively)","strongs_number":"g654"},"g655":{"pronunciation":"ap-os-toog-eh'-o","unicode":"ἀποστυγέω","translit":"apostygéō","definition":"[ἀποστυγέω] from {{g575}} and the base of {{g4767}}; to detest utterly","strongs_number":"g655"},"g656":{"pronunciation":"ap-os-oon-ag'-o-gos","unicode":"ἀποσυνάγωγος","translit":"aposynágōgos","definition":"[ἀποσυνάγωγος] from {{g575}} and {{g4864}}; excommunicated","strongs_number":"g656"},"g657":{"pronunciation":"ap-ot-as'-som-ahee","unicode":"ἀποτάσσομαι","translit":"apotássomai","definition":"[ἀποτάσσομαι] middle voice from {{g575}} and {{g5021}}; literally, to say adieu (by departing or dismissing); figuratively, to renounce","strongs_number":"g657"},"g658":{"pronunciation":"ap-ot-el-eh'-o","unicode":"ἀποτελέω","translit":"apoteléō","definition":"[ἀποτελέω] from {{g575}} and {{g5055}}; to complete entirely, i.e. consummate","strongs_number":"g658"},"g659":{"pronunciation":"ap-ot-eeth'-ay-mee","unicode":"ἀποτίθημι","translit":"apotíthēmi","definition":"[ἀποτίθημι] from {{g575}} and {{g5087}}; to put away (literally or figuratively)","strongs_number":"g659"},"g660":{"pronunciation":"ap-ot-in-as'-so","unicode":"ἀποτινάσσω","translit":"apotinássō","definition":"[ἀποτινάσσω] from {{g575}} and τινάσσω (to jostle); to brush off","strongs_number":"g660"},"g661":{"pronunciation":"ap-ot-ee'-no","unicode":"ἀποτίνω","translit":"apotínō","definition":"[ἀποτίνω] from {{g575}} and {{g5099}}; to pay in full","strongs_number":"g661"},"g662":{"pronunciation":"ap-ot-ol-mah'-o","unicode":"ἀποτολμάω","translit":"apotolmáō","definition":"[ἀποτολμάω] from {{g575}} and {{g5111}}; to venture plainly","strongs_number":"g662"},"g663":{"pronunciation":"ap-ot-om-ee'-ah","unicode":"ἀποτομία","translit":"apotomía","definition":"[ἀποτομία] from the base of {{g664}}; (figuratively) decisiveness, i.e. rigor","strongs_number":"g663"},"g664":{"pronunciation":"ap-ot-om'-oce","unicode":"ἀποτόμως","translit":"apotómōs","definition":"[ἀποτόμως] adverb from a derivative of a comparative of {{g575}} and τέμνω (to cut); abruptly, i.e. peremptorily","strongs_number":"g664"},"g665":{"pronunciation":"ap-ot-rep'-o","unicode":"ἀποτρέπω","translit":"apotrépō","definition":"[ἀποτρέπω] from {{g575}} and the base of {{g5157}}; to deflect, i.e. (reflexively) avoid","strongs_number":"g665"},"g666":{"pronunciation":"ap-oo-see'-ah","unicode":"ἀπουσία","translit":"apousía","definition":"[ἀπουσία] from the participle of {{g548}}; a being away","strongs_number":"g666"},"g667":{"pronunciation":"ap-of-er'-o","unicode":"ἀποφέρω","translit":"apophérō","definition":"[ἀποφέρω] from {{g575}} and {{g5342}}; to bear off (literally or relatively)","strongs_number":"g667"},"g668":{"pronunciation":"ap-of-yoo'-go","unicode":"ἀποφεύγω","translit":"apopheúgō","definition":"[ἀποφεύγω] from {{g575}} and {{g5343}}; (figuratively) to escape","strongs_number":"g668"},"g669":{"pronunciation":"ap-of-theng'-om-ahee","unicode":"ἀποφθέγγομαι","translit":"apophthéngomai","definition":"[ἀποφθέγγομαι] from {{g575}} and {{g5350}}; to enunciate plainly, i.e. declare","strongs_number":"g669"},"g670":{"pronunciation":"ap-of-or-tid'-zom-ahee","unicode":"ἀποφορτίζομαι","translit":"apophortízomai","definition":"[ἀποφορτίζομαι] from {{g575}} and the middle voice of {{g5412}}; to unload","strongs_number":"g670"},"g671":{"pronunciation":"ap-okh'-ray-sis","unicode":"ἀπόχρησις","translit":"apóchrēsis","definition":"[ἀπόχρησις] from a compound of {{g575}} and {{g5530}}; the act of using up, i.e. consumption","strongs_number":"g671"},"g672":{"pronunciation":"ap-okh-o-reh'-o","unicode":"ἀποχωρέω","translit":"apochōréō","definition":"[ἀποχωρέω] from {{g575}} and {{g5562}}; to go away","strongs_number":"g672"},"g673":{"pronunciation":"ap-okh-o-rid'-zo","unicode":"ἀποχωρίζω","translit":"apochōrízō","definition":"[ἀποχωρίζω] from {{g575}} and {{g5563}}; to rend apart; reflexively, to separate","strongs_number":"g673"},"g674":{"pronunciation":"ap-ops-oo'-kho","unicode":"ἀποψύχω","translit":"apopsýchō","definition":"[ἀποψύχω] from {{g575}} and {{g5594}}; to breathe out, i.e. faint","strongs_number":"g674"},"g675":{"pronunciation":"ap'-pee-os","unicode":"Ἄππιος","translit":"Áppios","definition":"[Ἄππιος] of Latin origin; (in the genitive, i.e. possessive case) of Appius, the name of a Roman","strongs_number":"g675"},"g676":{"pronunciation":"ap-ros'-ee-tos","unicode":"ἀπρόσιτος","translit":"aprósitos","definition":"[ἀπρόσιτος] from {{g1}} (as a negative particle) and a derivative of a comparative of {{g4314}} and εἶμι (to go); inaccessible","strongs_number":"g676"},"g677":{"pronunciation":"ap-ros'-kop-os","unicode":"ἀπρόσκοπος","translit":"apróskopos","definition":"[ἀπρόσκοπος] from {{g1}} (as a negative particle) and a presumed derivative of {{g4350}}; actively, inoffensive, i.e. not leading into sin; passively, faultless, i.e. not led into sin","strongs_number":"g677"},"g678":{"pronunciation":"ap-ros-o-pol-ape'-tos","unicode":"ἀπροσωπολήπτως","translit":"aprosōpolḗptōs","definition":"[ἀπροσωπολήπτως] adverb from a compound of {{g1}} (as a negative particle) and a presumed derivative of a presumed compound of {{g4383}} and {{g2983}} (compare {{g4381}}); in a way not accepting the person, i.e. impartially","strongs_number":"g678"},"g679":{"pronunciation":"ap-tah'-ee-stos","unicode":"ἄπταιστος","translit":"áptaistos","definition":"[ἄπταιστος] from {{g1}} (as a negative particle) and a derivative of {{g4417}}; not stumbling, i.e. (figuratively) without sin","strongs_number":"g679"},"g680":{"pronunciation":"hap'-tom-ahee","unicode":"ἅπτομαι","translit":"háptomai","definition":"[ἅπτομαι] reflexive of {{g681}}; properly, to attach oneself to, i.e. to touch (in many implied relations)","strongs_number":"g680"},"g681":{"pronunciation":"hap'-to","unicode":"ἅπτω","translit":"háptō","definition":"[ἅπτω] a primary verb; properly, to fasten to, i.e. (specially) to set on fire","strongs_number":"g681"},"g682":{"pronunciation":"ap-fee'-a","unicode":"Ἀπφία","translit":"Apphía","definition":"[Ἀπφία] probably of foreign origin; Apphia, a woman of Collosæ","strongs_number":"g682"},"g683":{"pronunciation":"ap-o-theh'-om-ahee","unicode":"ἀπωθέομαι","translit":"apōthéomai","definition":"[ἀπωθέομαι]   or ἀπώθομαιfrom {{g575}} and the middle voice of ὠθέω or ὤθω (to shove); to push off, figuratively, to reject","strongs_number":"g683"},"g684":{"pronunciation":"ap-o'-li-a","unicode":"ἀπώλεια","translit":"apṓleia","definition":"[ἀπώλεια] from a presumed derivative of {{g622}}; ruin or loss (physical, spiritual or eternal)","strongs_number":"g684"},"g685":{"pronunciation":"ar-ah'","unicode":"ἀρά","translit":"ará","definition":"[ἀρά] probably from {{g142}}; properly, prayer (as lifted to Heaven), i.e. (by implication) imprecation","strongs_number":"g685"},"g686":{"pronunciation":"ar'-ah","unicode":"ἄρα","translit":"ára","definition":"[ἄρα] probably from {{g142}} (through the idea of drawing a conclusion); a particle denoting an inference more or less decisive (as follows) Often used in connection with other particles, especially {{g1065}} or {{g3767}} (after) or {{g1487}} (before). Compare also {{g687}}.","strongs_number":"g686"},"g687":{"pronunciation":"ar'-ah","unicode":"ἆρα","translit":"âra","definition":"[ἆρα] a form of {{g686}}, denoting an interrogation to which a negative answer is presumed","strongs_number":"g687"},"g688":{"pronunciation":"ar-ab-ee'-ah","unicode":"Ἀραβία","translit":"Arabía","definition":"[Ἀραβία] of Hebrew origin ({{h6152}}); Arabia, a region of Asia","strongs_number":"g688"},"g689":{"pronunciation":"ar-am'","unicode":"Ἀράμ","translit":"Arám","definition":"[Ἀράμ] of Hebrew origin ({{h7410}}); Aram (i.e. Ram), an Israelite","strongs_number":"g689"},"g690":{"pronunciation":"ar'-aps","unicode":"Ἄραψ","translit":"Áraps","definition":"[Ἄραψ] from {{g688}}; an Arab or native of Arabia","strongs_number":"g690"},"g691":{"pronunciation":"arg-eh'-o","unicode":"ἀργέω","translit":"argéō","definition":"[ἀργέω] from {{g692}}; to be idle, i.e. (figuratively) to delay","strongs_number":"g691"},"g692":{"pronunciation":"ar-gos'","unicode":"ἀργός","translit":"argós","definition":"[ἀργός] from {{g1}} (as a negative particle) and {{g2041}}; inactive, i.e. unemployed; (by implication) lazy, useless","strongs_number":"g692"},"g693":{"pronunciation":"ar-goo'-reh-os","unicode":"ἀργύρεος","translit":"argýreos","definition":"[ἀργύρεος] from {{g696}}; made of silver","strongs_number":"g693"},"g694":{"pronunciation":"ar-goo'-ree-on","unicode":"ἀργύριον","translit":"argýrion","definition":"[ἀργύριον] neuter of a presumed derivative of {{g696}}; silvery, i.e. (by implication) cash; specially, a silverling (i.e. drachma or shekel)","strongs_number":"g694"},"g695":{"pronunciation":"ar-goo-rok-op'-os","unicode":"ἀργυροκόπος","translit":"argyrokópos","definition":"[ἀργυροκόπος] from {{g696}} and {{g2875}}; a beater (i.e. worker) of silver","strongs_number":"g695"},"g696":{"pronunciation":"ar'-goo-ros","unicode":"ἄργυρος","translit":"árgyros","definition":"[ἄργυρος] from ἀργός (shining); silver (the metal, in the articles or coin)","strongs_number":"g696"},"g697":{"pronunciation":"ar'-i-os pag'-os","unicode":"Ἄρειος Πάγος","translit":"Áreios Págos","definition":"[Ἄρειος Πάγος] from Ἄρης (the name of the Greek deity of war) and a derivative of {{g4078}}; rock of Ares, a place in Athens","strongs_number":"g697"},"g698":{"pronunciation":"ar-eh-op-ag-ee'-tace","unicode":"Ἀρεοπαγίτης","translit":"Areopagítēs","definition":"[Ἀρεοπαγίτης] from {{g697}}; an Areopagite or member of the court held on Mars' Hill","strongs_number":"g698"},"g699":{"pronunciation":"ar-es'-ki-ah","unicode":"ἀρεσκεία","translit":"areskeía","definition":"[ἀρεσκεία] from a derivative of {{g700}}; complaisance","strongs_number":"g699"},"g700":{"pronunciation":"ar-es'-ko","unicode":"ἀρέσκω","translit":"aréskō","definition":"[ἀρέσκω] probably from {{g142}} (through the idea of exciting emotion); to be agreeable (or by implication, to seek to be so)","strongs_number":"g700"}}