{"g701":{"pronunciation":"ar-es-tos'","unicode":"ἀρεστός","translit":"arestós","definition":"[ἀρεστός] from {{g700}}; agreeable; by implication, fit","strongs_number":"g701"},"g702":{"pronunciation":"ar-et'-as","unicode":"Ἀρέτας","translit":"Arétas","definition":"[Ἀρέτας] of foreign origin; Aretas, an Arabian","strongs_number":"g702"},"g703":{"pronunciation":"ar-et'-ay","unicode":"ἀρέτη","translit":"arétē","definition":"[ἀρέτη] from the same as {{g730}}; properly, manliness (valor), i.e. excellence (intrinsic or attributed)","strongs_number":"g703"},"g704":{"pronunciation":"ar-ane'","unicode":"ἀρήν","translit":"arḗn","definition":"[ἀρήν] perhaps the same as {{g730}}; a lamb (as a male)","strongs_number":"g704"},"g705":{"pronunciation":"ar-ith-meh'-o","unicode":"ἀριθμέω","translit":"arithméō","definition":"[ἀριθμέω] from {{g706}}; to enumerate or count","strongs_number":"g705"},"g706":{"pronunciation":"ar-ith-mos'","unicode":"ἀριθμός","translit":"arithmós","definition":"[ἀριθμός] from {{g142}}; a number (as reckoned up)","strongs_number":"g706"},"g707":{"pronunciation":"ar-ee-math-ah'-ee-ah","unicode":"Ἀριμαθαία","translit":"Arimathaía","definition":"[Ἀριμαθαία] of Hebrew origin ({{h7414}}); Arimathæa (or Ramah), a place in Palestine","strongs_number":"g707"},"g708":{"pronunciation":"ar-is'-tar-khos","unicode":"Ἀρίσταρχος","translit":"Arístarchos","definition":"[Ἀρίσταρχος] from the same as {{g712}} and {{g757}}; best ruling; Aristarchus, a Macedonian","strongs_number":"g708"},"g709":{"pronunciation":"ar-is-tah'-o","unicode":"ἀριστάω","translit":"aristáō","definition":"[ἀριστάω] from {{g712}}; to take the principle meal","strongs_number":"g709"},"g710":{"pronunciation":"ar-is-ter-os'","unicode":"ἀριστερός","translit":"aristerós","definition":"[ἀριστερός] apparently a comparative of the same as {{g712}}; the left hand (as second-best)","strongs_number":"g710"},"g711":{"pronunciation":"ar-is-tob'-oo-los","unicode":"Ἀριστόβουλος","translit":"Aristóboulos","definition":"[Ἀριστόβουλος] from the same as {{g712}} and {{g1012}}; best counselling; Aristoboulus, a Christian","strongs_number":"g711"},"g712":{"pronunciation":"ar'-is-ton","unicode":"ἄριστον","translit":"áriston","definition":"[ἄριστον] apparently neuter of a superlative from the same as {{g730}}; the best meal (or breakfast; perhaps from ἦρι (\"early\")), i.e. luncheon","strongs_number":"g712"},"g713":{"pronunciation":"ar-ket-os'","unicode":"ἀρκετός","translit":"arketós","definition":"[ἀρκετός] from {{g714}}; satisfactory","strongs_number":"g713"},"g714":{"pronunciation":"ar-keh'-o","unicode":"ἀρκέω","translit":"arkéō","definition":"[ἀρκέω] apparently a primary verb (but probably akin to {{g142}} through the idea of raising a barrier); properly, to ward off, i.e. (by implication) to avail (figuratively, be satisfactory)","strongs_number":"g714"},"g715":{"pronunciation":"ark'-tos","unicode":"ἄρκτος","translit":"árktos","definition":"[ἄρκτος] probably from {{g714}}; a bear (as obstructing by ferocity)","strongs_number":"g715"},"g716":{"pronunciation":"har'-mah","unicode":"ἅρμα","translit":"hárma","definition":"[ἅρμα] probably from {{g142}} (perhaps with {{g1}} (as a particle of union) prefixed); a chariot (as raised or fitted together (compare {{g719}}))","strongs_number":"g716"},"g717":{"pronunciation":"ar-mag-ed-dohn'","unicode":"Ἀρμαγεδδών","translit":"Armageddṓn","definition":"[Ἀρμαγεδδών] of Hebrew origin ({{h2022}} and {{h4023}}); Armageddon (or Har-Meggiddon), a symbolic name","strongs_number":"g717"},"g718":{"pronunciation":"har-mod'-zo","unicode":"ἁρμόζω","translit":"harmózō","definition":"[ἁρμόζω] from {{g719}}; to joint, i.e. (figuratively) to woo (reflexively, to betroth)","strongs_number":"g718"},"g719":{"pronunciation":"har-mos'","unicode":"ἁρμός","translit":"harmós","definition":"[ἁρμός] from the same as {{g716}}; an articulation (of the body)","strongs_number":"g719"},"g720":{"pronunciation":"ar-neh'-om-ahee","unicode":"ἀρνέομαι","translit":"arnéomai","definition":"[ἀρνέομαι] perhaps from {{g1}} (as a negative particle) and the middle voice of {{g4483}}; to contradict, i.e. disavow, reject, abnegate","strongs_number":"g720"},"g721":{"pronunciation":"ar-nee'-on","unicode":"ἀρνίον","translit":"arníon","definition":"[ἀρνίον] diminutive from {{g704}}; a lambkin","strongs_number":"g721"},"g722":{"pronunciation":"ar-ot-ree-o'-o","unicode":"ἀροτριόω","translit":"arotrióō","definition":"[ἀροτριόω] from {{g723}}; to plow","strongs_number":"g722"},"g723":{"pronunciation":"ar'-ot-ron","unicode":"ἄροτρον","translit":"árotron","definition":"[ἄροτρον] from ἀρόω (to till); a plow","strongs_number":"g723"},"g724":{"pronunciation":"har-pag-ay'","unicode":"ἁρπαγή","translit":"harpagḗ","definition":"[ἁρπαγή] from {{g726}}; pillage (properly abstract)","strongs_number":"g724"},"g725":{"pronunciation":"har-pag-mos'","unicode":"ἁρπαγμός","translit":"harpagmós","definition":"[ἁρπαγμός] from {{g726}}; plunder (properly concrete)","strongs_number":"g725"},"g726":{"pronunciation":"har-pad'-zo","unicode":"ἁρπάζω","translit":"harpázō","definition":"[ἁρπάζω] from a derivative of {{g138}}; to seize (in various applications)","strongs_number":"g726"},"g727":{"pronunciation":"har'-pax","unicode":"ἅρπαξ","translit":"hárpax","definition":"[ἅρπαξ] from {{g726}}; rapacious","strongs_number":"g727"},"g728":{"pronunciation":"ar-hrab-ohn'","unicode":"ἀῤῥαβών","translit":"arrhabṓn","definition":"[ἀῤῥαβών] of Hebrew origin ({{h6162}}); a pledge, i.e. part of the purchase-money or property given in advance as security for the rest","strongs_number":"g728"},"g729":{"pronunciation":"ar'-hhraf-os","unicode":"ἄῤῥαφος","translit":"árrhaphos","definition":"[ἄῤῥαφος] from {{g1}} (as a negative particle) and a presumed derivative of the same as {{g4476}}; unsewed, i.e. of a single piece","strongs_number":"g729"},"g730":{"pronunciation":"ar'-hrane","unicode":"ἄῤῥην","translit":"árrhēn","definition":"[ἄῤῥην]   or ἄρσηνprobably from {{g142}}; male (as stronger for lifting)","strongs_number":"g730"},"g731":{"pronunciation":"ar'-hray-tos","unicode":"ἄῤῥητος","translit":"árrhētos","definition":"[ἄῤῥητος] from {{g1}} (as a negative particle) and the same as {{g4490}}; unsaid, i.e. (by implication) inexpressible","strongs_number":"g731"},"g732":{"pronunciation":"ar'-hroce-tos","unicode":"ἄῤῥωστος","translit":"árrhōstos","definition":"[ἄῤῥωστος] from {{g1}} (as a negative particle) and a presumed derivative of {{g4517}}; infirm","strongs_number":"g732"},"g733":{"pronunciation":"ar-sen-ok-oy'-tace","unicode":"ἀρσενοκοίτης","translit":"arsenokoítēs","definition":"[ἀρσενοκοίτης] from {{g730}} and {{g2845}}; a sodomite","strongs_number":"g733"},"g734":{"pronunciation":"ar-tem-as'","unicode":"Ἀρτεμάς","translit":"Artemás","definition":"[Ἀρτεμάς] contracted from a compound of {{g735}} and {{g1435}}; gift of Artemis; Artemas (or Artemidorus), a Christian","strongs_number":"g734"},"g735":{"pronunciation":"ar'-tem-is","unicode":"Ἄρτεμις","translit":"Ártemis","definition":"[Ἄρτεμις] probably from the same as {{g736}}; prompt; Artemis, the name of a Grecian goddess borrowed by the Asiatics for one of their deities","strongs_number":"g735"},"g736":{"pronunciation":"ar-tem'-ohn","unicode":"ἀρτέμων","translit":"artémōn","definition":"[ἀρτέμων] from a derivative of {{g737}}; properly, something ready (or else more remotely from {{g142}} (compare {{g740}}); something hung up), i.e. (specially) the topsail (rather foresail or jib) of a vessel","strongs_number":"g736"},"g737":{"pronunciation":"ar'-tee","unicode":"ἄρτι","translit":"árti","definition":"[ἄρτι] adverb from a derivative of {{g142}} (compare {{g740}}) through the idea of suspension; just now","strongs_number":"g737"},"g738":{"pronunciation":"ar-teeg-en'-nay-tos","unicode":"ἀρτιγέννητος","translit":"artigénnētos","definition":"[ἀρτιγέννητος] from {{g737}} and {{g1084}}; just born, i.e. (figuratively) a young convert","strongs_number":"g738"},"g739":{"pronunciation":"ar'-tee-os","unicode":"ἄρτιος","translit":"ártios","definition":"[ἄρτιος] from {{g737}}; fresh, i.e. (by implication) complete","strongs_number":"g739"},"g740":{"pronunciation":"ar'-tos","unicode":"ἄρτος","translit":"ártos","definition":"[ἄρτος] from {{g142}}; bread (as raised) or a loaf","strongs_number":"g740"},"g741":{"pronunciation":"ar-too'-o","unicode":"ἀρτύω","translit":"artýō","definition":"[ἀρτύω] from a presumed derivative of {{g142}}; to prepare, i.e. spice (with stimulating condiments)","strongs_number":"g741"},"g742":{"pronunciation":"ar-fax-ad'","unicode":"Ἀρφαξάδ","translit":"Arphaxád","definition":"[Ἀρφαξάδ] of Hebrew origin ({{h775}}); Arphaxad, a post-diluvian patriarch","strongs_number":"g742"},"g743":{"pronunciation":"ar-khang'-el-os","unicode":"ἀρχάγγελος","translit":"archángelos","definition":"[ἀρχάγγελος] from {{g757}} and {{g32}}; a chief angel","strongs_number":"g743"},"g744":{"pronunciation":"ar-khah'-yos","unicode":"ἀρχαῖος","translit":"archaîos","definition":"[ἀρχαῖος] from {{g746}}; original or primeval","strongs_number":"g744"},"g745":{"pronunciation":"ar-khel'-ah-os","unicode":"Ἀρχέλαος","translit":"Archélaos","definition":"[Ἀρχέλαος] from {{g757}} and {{g2994}}; people-ruling; Archelaus, a Jewish king","strongs_number":"g745"},"g746":{"pronunciation":"ar-khay'","unicode":"ἀρχή","translit":"archḗ","definition":"[ἀρχή] from {{g756}}; (properly abstract) a commencement, or (concretely) chief (in various applications of order, time, place, or rank)","strongs_number":"g746"},"g747":{"pronunciation":"ar-khay-gos'","unicode":"ἀρχηγός","translit":"archēgós","definition":"[ἀρχηγός] from {{g746}} and {{g71}}; a chief leader","strongs_number":"g747"},"g748":{"pronunciation":"ar-khee-er-at-ee-kos'","unicode":"ἀρχιερατικός","translit":"archieratikós","definition":"[ἀρχιερατικός] from {{g746}} and a derivative of {{g2413}}; high-priestly","strongs_number":"g748"},"g749":{"pronunciation":"ar-khee-er-yuce'","unicode":"ἀρχιερεύς","translit":"archiereús","definition":"[ἀρχιερεύς] from {{g746}} and {{g2409}}; the high-priest (literally, of the Jews, typically, Christ); by extension a chief priest","strongs_number":"g749"},"g750":{"pronunciation":"ar-khee-poy'-mane","unicode":"ἀρχιποίμην","translit":"archipoímēn","definition":"[ἀρχιποίμην] from {{g746}} and {{g4166}}; a head shepherd","strongs_number":"g750"},"g751":{"pronunciation":"ar'-khip-pos","unicode":"Ἄρχιππος","translit":"Árchippos","definition":"[Ἄρχιππος] from {{g746}} and {{g2462}}; horse-ruler; Archippus, a Christian","strongs_number":"g751"},"g752":{"pronunciation":"ar-khee-soon-ag'-o-gos","unicode":"ἀρχισυνάγωγος","translit":"archisynágōgos","definition":"[ἀρχισυνάγωγος] from {{g746}} and {{g4864}}; director of the synagogue services","strongs_number":"g752"},"g753":{"pronunciation":"ar-khee-tek'-tone","unicode":"ἀρχιτέκτων","translit":"architéktōn","definition":"[ἀρχιτέκτων] from {{g746}} and {{g5045}}; a chief constructor, i.e. \"architect\"","strongs_number":"g753"},"g754":{"pronunciation":"ar-khee-tel-o'-nace","unicode":"ἀρχιτελώνης","translit":"architelṓnēs","definition":"[ἀρχιτελώνης] from {{g746}} and {{g5057}}; a principle tax-gatherer","strongs_number":"g754"},"g755":{"pronunciation":"ar-khee-tree'-klee-nos","unicode":"ἀρχιτρίκλινος","translit":"architríklinos","definition":"[ἀρχιτρίκλινος] from {{g746}} and a compound of {{g5140}} and {{g2827}} (a dinner-bed, because composed of three couches); director of the entertainment","strongs_number":"g755"},"g756":{"pronunciation":"ar'-khom-ahee","unicode":"ἄρχομαι","translit":"árchomai","definition":"[ἄρχομαι] middle voice of {{g757}} (through the implication, of precedence); to commence (in order of time)","strongs_number":"g756"},"g757":{"pronunciation":"ar'-kho","unicode":"ἄρχω","translit":"árchō","definition":"[ἄρχω] a primary verb; to be first (in political rank or power)","strongs_number":"g757"},"g758":{"pronunciation":"ar'-khone","unicode":"ἄρχων","translit":"árchōn","definition":"[ἄρχων] present participle of {{g757}}; a first (in rank or power)","strongs_number":"g758"},"g759":{"pronunciation":"ar'-o-mah","unicode":"ἄρωμα","translit":"árōma","definition":"[ἄρωμα] from {{g142}} (in the sense of sending off scent); an aromatic","strongs_number":"g759"},"g760":{"pronunciation":"as-ah'","unicode":"Ἀσά","translit":"Asá","definition":"[Ἀσά] of Hebrew origin ({{h609}}); Asa, an Israelite","strongs_number":"g760"},"g761":{"pronunciation":"as-al'-yoo-tos","unicode":"ἀσάλευτος","translit":"asáleutos","definition":"[ἀσάλευτος] from {{g1}} (as a negative particle) and a derivative of {{g4531}}; unshaken, i.e. (by implication) immovable (figuratively)","strongs_number":"g761"},"g762":{"pronunciation":"as'-bes-tos","unicode":"ἄσβεστος","translit":"ásbestos","definition":"[ἄσβεστος] from {{g1}} (as a negative particle) and a derivative of {{g4570}}; not extinguished, i.e. (by implication) perpetual","strongs_number":"g762"},"g763":{"pronunciation":"as-eb'-i-ah","unicode":"ἀσέβεια","translit":"asébeia","definition":"[ἀσέβεια] from {{g765}}; impiety, i.e. (by implication) wickedness","strongs_number":"g763"},"g764":{"pronunciation":"as-eb-eh'-o","unicode":"ἀσεβέω","translit":"asebéō","definition":"[ἀσεβέω] from {{g765}}; to be (by implied act) impious or wicked","strongs_number":"g764"},"g765":{"pronunciation":"as-eb-ace'","unicode":"ἀσεβής","translit":"asebḗs","definition":"[ἀσεβής] from {{g1}} (as a negative particle) and a presumed derivative of {{g4576}}; irreverent, i.e. (by extension) impious or wicked","strongs_number":"g765"},"g766":{"pronunciation":"as-elg'-i-a","unicode":"ἀσέλγεια","translit":"asélgeia","definition":"[ἀσέλγεια] from a compound of {{g1}} (as a negative particle) and a presumed σελγής (of uncertain derivation, but apparently meaning continent); licentiousness (sometimes including other vices)","strongs_number":"g766"},"g767":{"pronunciation":"as'-ay-mos","unicode":"ἄσημος","translit":"ásēmos","definition":"[ἄσημος] from {{g1}} (as a negative particle) and the base of {{g4591}}; unmarked, i.e. (figuratively) ignoble","strongs_number":"g767"},"g768":{"pronunciation":"as-ayr'","unicode":"Ἀσήρ","translit":"Asḗr","definition":"[Ἀσήρ] of Hebrew origin ({{h836}}); Aser (i.e. Asher), an Israelite tribe","strongs_number":"g768"},"g769":{"pronunciation":"as-then'-i-ah","unicode":"ἀσθένεια","translit":"asthéneia","definition":"[ἀσθένεια] from {{g772}}; feebleness (of mind or body); by implication, malady; morally, frailty","strongs_number":"g769"},"g770":{"pronunciation":"as-then-eh'-o","unicode":"ἀσθενέω","translit":"asthenéō","definition":"[ἀσθενέω] from {{g772}}; to be feeble (in any sense)","strongs_number":"g770"},"g771":{"pronunciation":"as-then'-ay-mah","unicode":"ἀσθένημα","translit":"asthénēma","definition":"[ἀσθένημα] from {{g770}}; a scruple of conscience","strongs_number":"g771"},"g772":{"pronunciation":"as-then-ace'","unicode":"ἀσθενής","translit":"asthenḗs","definition":"[ἀσθενής] from {{g1}} (as a negative particle) and the base of {{g4599}}; strengthless (in various applications, literal, figurative and moral)","strongs_number":"g772"},"g773":{"pronunciation":"as-ee'-ah","unicode":"Ἀσία","translit":"Asía","definition":"[Ἀσία] of uncertain derivation; Asia, i.e. Asia Minor, or (usually) only its western shore","strongs_number":"g773"},"g774":{"pronunciation":"as-ee-an-os'","unicode":"Ἀσιανός","translit":"Asianós","definition":"[Ἀσιανός] from {{g773}}; an Asian (i.e. Asiatic) or an inhabitant of Asia","strongs_number":"g774"},"g775":{"pronunciation":"as-ee-ar'-khace","unicode":"Ἀσιάρχης","translit":"Asiárchēs","definition":"[Ἀσιάρχης] from {{g773}} and {{g746}}; an Asiarch or president of the public festivities in a city of Asia Minor","strongs_number":"g775"},"g776":{"pronunciation":"as-ee-tee'-ah","unicode":"ἀσιτία","translit":"asitía","definition":"[ἀσιτία] from {{g777}}; fasting (the state)","strongs_number":"g776"},"g777":{"pronunciation":"as'-ee-tos","unicode":"ἄσιτος","translit":"ásitos","definition":"[ἄσιτος] from {{g1}} (as a negative particle) and {{g4621}}; without (taking) food","strongs_number":"g777"},"g778":{"pronunciation":"as-keh'-o","unicode":"ἀσκέω","translit":"askéō","definition":"[ἀσκέω] probably from the same as {{g4632}}; to elaborate, i.e. (figuratively) train (by implication, strive)","strongs_number":"g778"},"g779":{"pronunciation":"as-kos'","unicode":"ἀσκός","translit":"askós","definition":"[ἀσκός] from the same as {{g778}}; a leathern (or skin) bag used as a bottle","strongs_number":"g779"},"g780":{"pronunciation":"as-men'-oce","unicode":"ἀσμένως","translit":"asménōs","definition":"[ἀσμένως] adverb from a derivative of the base of {{g2237}}; with pleasure","strongs_number":"g780"},"g781":{"pronunciation":"as'-of-os","unicode":"ἄσοφος","translit":"ásophos","definition":"[ἄσοφος] from {{g1}} (as a negative particle) and {{g4680}}; unwise","strongs_number":"g781"},"g782":{"pronunciation":"as-pad'-zom-ahee","unicode":"ἀσπάζομαι","translit":"aspázomai","definition":"[ἀσπάζομαι] from {{g1}} (as a particle of union) and a presumed form of {{g4685}}; to enfold in the arms, i.e. (by implication) to salute, (figuratively) to welcome","strongs_number":"g782"},"g783":{"pronunciation":"as-pas-mos'","unicode":"ἀσπασμός","translit":"aspasmós","definition":"[ἀσπασμός] from {{g782}}; a greeting (in person or by letter)","strongs_number":"g783"},"g784":{"pronunciation":"as'-pee-los","unicode":"ἄσπιλος","translit":"áspilos","definition":"[ἄσπιλος] from {{g1}} (as a negative particle) and {{g4695}}; unblemished (physically or morally)","strongs_number":"g784"},"g785":{"pronunciation":"as-pece'","unicode":"ἀσπίς","translit":"aspís","definition":"[ἀσπίς] of uncertain derivation; a buckler (or round shield); used of a serpent (as coiling itself), probably the \"asp\"","strongs_number":"g785"},"g786":{"pronunciation":"as'-pon-dos","unicode":"ἄσπονδος","translit":"áspondos","definition":"[ἄσπονδος] from {{g1}} (as a negative particle) and a derivative of {{g4689}}; literally, without libation (which usually accompanied a treaty), i.e. (by implication) truceless","strongs_number":"g786"},"g787":{"pronunciation":"as-sar'-ee-on","unicode":"ἀσσάριον","translit":"assárion","definition":"[ἀσσάριον] of Latin origin; an assarius or as, a Roman coin","strongs_number":"g787"},"g788":{"pronunciation":"as'-son","unicode":"ἆσσον","translit":"âsson","definition":"[ἆσσον] neuter comparative of the base of {{g1451}}; more nearly, i.e. very near","strongs_number":"g788"},"g789":{"pronunciation":"as'-sos","unicode":"Ἄσσος","translit":"Ássos","definition":"[Ἄσσος] probably of foreign origin; Assus, a city of Asia MInor","strongs_number":"g789"},"g790":{"pronunciation":"as-tat-eh'-o","unicode":"ἀστατέω","translit":"astatéō","definition":"[ἀστατέω] from {{g1}} (as a negative particle) and a derivative of {{g2476}}; to be non-stationary, i.e. (figuratively) homeless","strongs_number":"g790"},"g791":{"pronunciation":"as-ti'-os","unicode":"ἀστεῖος","translit":"asteîos","definition":"[ἀστεῖος] from ἄστυ (a city); urbane, i.e. (by implication) handsome","strongs_number":"g791"},"g792":{"pronunciation":"as-tare'","unicode":"ἀστήρ","translit":"astḗr","definition":"[ἀστήρ] probably from the base of {{g4766}}; a star (as strown over the sky), literally or figuratively","strongs_number":"g792"},"g793":{"pronunciation":"as-tay'-rik-tos","unicode":"ἀστήρικτος","translit":"astḗriktos","definition":"[ἀστήρικτος] from {{g1}} (as a negative particle) and a presumed derivative of {{g4741}}; unfixed, i.e. (figuratively) vacillating","strongs_number":"g793"},"g794":{"pronunciation":"as'-tor-gos","unicode":"ἄστοργος","translit":"ástorgos","definition":"[ἄστοργος] from {{g1}} (as a negative particle) and a presumed derivative of στέργω (to cherish affectionately); hard-hearted towards kindred","strongs_number":"g794"},"g795":{"pronunciation":"as-tokh-eh'-o","unicode":"ἀστοχέω","translit":"astochéō","definition":"[ἀστοχέω] from a compound of {{g1}} (as a negative particle) and στοίχος (an aim); to miss the mark, i.e. (figuratively) deviate from truth","strongs_number":"g795"},"g796":{"pronunciation":"as-trap-ay'","unicode":"ἀστραπή","translit":"astrapḗ","definition":"[ἀστραπή] from {{g797}}; lightning; by analogy, glare","strongs_number":"g796"},"g797":{"pronunciation":"as-trap'-to","unicode":"ἀστράπτω","translit":"astráptō","definition":"[ἀστράπτω] probably from  {{g792}}; to flash as lightning","strongs_number":"g797"},"g798":{"pronunciation":"as'-tron","unicode":"ἄστρον","translit":"ástron","definition":"[ἄστρον] neuter from {{g792}}; properly, a constellation; put for a single star (natural or artificial)","strongs_number":"g798"},"g799":{"pronunciation":"as-oong'-kree-tos","unicode":"Ἀσύγκριτος","translit":"Asýnkritos","definition":"[Ἀσύγκριτος] from {{g1}} (as a negative particle) and a derivative of {{g4793}}; incomparable; Asyncritus, a Christian","strongs_number":"g799"},"g800":{"pronunciation":"as-oom'-fo-nos","unicode":"ἀσύμφωνος","translit":"asýmphōnos","definition":"[ἀσύμφωνος] from {{g1}} (as a negative particle) and {{g4859}}; inharmonious (figuratively)","strongs_number":"g800"}}