{"g801":{"pronunciation":"as-oon'-ay-tos","unicode":"ἀσύνετος","translit":"asýnetos","definition":"[ἀσύνετος] from {{g1}} (as a negative particle) and {{g4908}}; unintelligent; by implication, wicked","strongs_number":"g801"},"g802":{"pronunciation":"as-oon'-thet-os","unicode":"ἀσύνθετος","translit":"asýnthetos","definition":"[ἀσύνθετος] from {{g1}} (as a negative particle) and a derivative of {{g4934}}; properly, not agreed, i.e. treacherous to compacts","strongs_number":"g802"},"g803":{"pronunciation":"as-fal'-i-ah","unicode":"ἀσφάλεια","translit":"aspháleia","definition":"[ἀσφάλεια] from {{g804}}; security (literally or figuratively)","strongs_number":"g803"},"g804":{"pronunciation":"as-fal-ace'","unicode":"ἀσφαλής","translit":"asphalḗs","definition":"[ἀσφαλής] from {{g1}} (as a negative particle) and sphallo (to \"fail\"); secure (literally or figuratively)","strongs_number":"g804"},"g805":{"pronunciation":"as-fal-id'-zo","unicode":"ἀσφαλίζω","translit":"asphalízō","definition":"[ἀσφαλίζω] from {{g804}}; to render secure","strongs_number":"g805"},"g806":{"pronunciation":"as-fal-oce'","unicode":"ἀσφαλῶς","translit":"asphalōs","definition":"[ἀσφαλῶς] adverb from {{g804}}; securely (literally or figuratively)","strongs_number":"g806"},"g807":{"pronunciation":"as-kay-mon-eh'-o","unicode":"ἀσχημονέω","translit":"aschēmonéō","definition":"[ἀσχημονέω] from {{g809}}; to be (i.e. act) unbecoming","strongs_number":"g807"},"g808":{"pronunciation":"as-kay-mos-oo'-nay","unicode":"ἀσχημοσύνη","translit":"aschēmosýnē","definition":"[ἀσχημοσύνη] from {{g809}}; an indecency; by implication, the pudenda","strongs_number":"g808"},"g809":{"pronunciation":"as-kay'-mone","unicode":"ἀσχήμων","translit":"aschḗmōn","definition":"[ἀσχήμων] from {{g1}} (as a negative particle) and a presumed derivative of {{g2192}} (in the sense of its congener {{g4976}}); properly, shapeless, i.e. (figuratively) inelegant","strongs_number":"g809"},"g810":{"pronunciation":"as-o-tee'-ah","unicode":"ἀσωτία","translit":"asōtía","definition":"[ἀσωτία] from a compound of {{g1}} (as a negative particle) and a presumed derivative of {{g4982}}; properly, unsavedness, i.e. (by implication) profligacy","strongs_number":"g810"},"g811":{"pronunciation":"as-o'-toce","unicode":"ἀσώτως","translit":"asṓtōs","definition":"[ἀσώτως] adverb from the same as {{g810}}; dissolutely","strongs_number":"g811"},"g812":{"pronunciation":"at-ak-teh'-o","unicode":"ἀτακτέω","translit":"ataktéō","definition":"[ἀτακτέω] from {{g813}}; to be (i.e. act) irregular","strongs_number":"g812"},"g813":{"pronunciation":"at'-ak-tos","unicode":"ἄτακτος","translit":"átaktos","definition":"[ἄτακτος] from {{g1}} (as a negative particle) and a derivative of {{g5021}}; unarranged, i.e. (by implication) insubordinate (religiously)","strongs_number":"g813"},"g814":{"pronunciation":"at-ak'-toce","unicode":"ἀτάκτως","translit":"atáktōs","definition":"[ἀτάκτως] adverb from {{g813}}, irregularly (morally)","strongs_number":"g814"},"g815":{"pronunciation":"at'-ek-nos","unicode":"ἄτεκνος","translit":"áteknos","definition":"[ἄτεκνος] from {{g1}} (as a negative particle) and {{g5043}}; childless","strongs_number":"g815"},"g816":{"pronunciation":"at-en-id'-zo","unicode":"ἀτενίζω","translit":"atenízō","definition":"[ἀτενίζω] from a compound of {{g1}} (as a particle of union) and τείνω (to stretch); to gaze intently","strongs_number":"g816"},"g817":{"pronunciation":"at'-er","unicode":"ἄτερ","translit":"áter","definition":"[ἄτερ] a particle probably akin to {{g427}}; aloof, i.e. apart from (literally or figuratively)","strongs_number":"g817"},"g818":{"pronunciation":"at-im-ad'-zo","unicode":"ἀτιμάζω","translit":"atimázō","definition":"[ἀτιμάζω] from {{g820}}; to render infamous, i.e. (by implication) contemn or maltreat","strongs_number":"g818"},"g819":{"pronunciation":"at-ee-mee'-ah","unicode":"ἀτιμία","translit":"atimía","definition":"[ἀτιμία] from {{g820}}; infamy, i.e. (subjectively) comparative indignity, (objectively) disgrace","strongs_number":"g819"},"g820":{"pronunciation":"at'-ee-mos","unicode":"ἄτιμος","translit":"átimos","definition":"[ἄτιμος] from {{g1}} (as a negative particle) and {{g5092}}; (negatively) unhonoured or (positively) dishonoured","strongs_number":"g820"},"g821":{"pronunciation":"at-ee-mo'-o","unicode":"ἀτιμόω","translit":"atimóō","definition":"[ἀτιμόω] from {{g820}}; used like {{g818}}, to maltreat","strongs_number":"g821"},"g822":{"pronunciation":"at-mece'","unicode":"ἀτμίς","translit":"atmís","definition":"[ἀτμίς] from the same as {{g109}}; mist","strongs_number":"g822"},"g823":{"pronunciation":"at'-om-os","unicode":"ἄτομος","translit":"átomos","definition":"[ἄτομος] from {{g1}} (as a negative particle) and the base of {{g5114}}; uncut, i.e. (by implication) indivisible (an \"atom\" of time)","strongs_number":"g823"},"g824":{"pronunciation":"at'-op-os","unicode":"ἄτοπος","translit":"átopos","definition":"[ἄτοπος] from {{g1}} (as a negative particle) and {{g5117}}; out of place, i.e. (figuratively) improper, injurious, wicked","strongs_number":"g824"},"g825":{"pronunciation":"at-tal'-i-ah","unicode":"Ἀττάλεια","translit":"Attáleia","definition":"[Ἀττάλεια] from Ἄτταλος (a king of Pergamus); Attaleia, a place in Pamphylia","strongs_number":"g825"},"g826":{"pronunciation":"ow-gad'-zo","unicode":"αὐγάζω","translit":"augázō","definition":"[αὐγάζω] from {{g827}}; to beam forth (figuratively)","strongs_number":"g826"},"g827":{"pronunciation":"owg'-ay","unicode":"αὐγή","translit":"augḗ","definition":"[αὐγή] of uncertain derivation; a ray of light, i.e. (by implication) radiance, dawn","strongs_number":"g827"},"g828":{"pronunciation":"ow'-goos-tos","unicode":"Αὐγοῦστος","translit":"Augoûstos","definition":"[Αὐγοῦστος] from Latin (\"\"); Augustus, a title of the Roman emperor","strongs_number":"g828"},"g829":{"pronunciation":"ow-thad'-ace","unicode":"αὐθάδης","translit":"authádēs","definition":"[αὐθάδης] from {{g846}} and the base of {{g2237}}; self-pleasing, i.e. arrogant","strongs_number":"g829"},"g830":{"pronunciation":"ow-thah'-ee-ret-os","unicode":"αὐθαίρετος","translit":"authaíretos","definition":"[αὐθαίρετος] from {{g846}} and the same as {{g140}}; self-chosen, i.e. (by implication) voluntary","strongs_number":"g830"},"g831":{"pronunciation":"ow-then-teh'-o","unicode":"αὐθεντέω","translit":"authentéō","definition":"[αὐθεντέω] from a compound of {{g846}} and an obsolete ἕντης (a worker); to act of oneself, i.e. (figuratively) dominate","strongs_number":"g831"},"g832":{"pronunciation":"ow-leh'-o","unicode":"αὐλέω","translit":"auléō","definition":"[αὐλέω] from {{g836}}; to play the flute","strongs_number":"g832"},"g833":{"pronunciation":"ow-lay'","unicode":"αὐλή","translit":"aulḗ","definition":"[αὐλή] from the same as {{g109}}; a yard (as open to the wind); by implication, a mansion","strongs_number":"g833"},"g834":{"pronunciation":"ow-lay-tace'","unicode":"αὐλητής","translit":"aulētḗs","definition":"[αὐλητής] from {{g832}}; a flute-player","strongs_number":"g834"},"g835":{"pronunciation":"ow-lid'-zom-ahee","unicode":"αὐλίζομαι","translit":"aulízomai","definition":"[αὐλίζομαι] middle voice from {{g833}}; to pass the night (properly, in the open air)","strongs_number":"g835"},"g836":{"pronunciation":"ow-los'","unicode":"αὐλός","translit":"aulós","definition":"[αὐλός] from the same as {{g109}}; a flute (as blown)","strongs_number":"g836"},"g837":{"pronunciation":"owx-an'-o","unicode":"αὐξάνω","translit":"auxánō","definition":"[αὐξάνω] a prolonged form of a primary verb; to grow (\"wax\"), i.e. enlarge (literal or figurative, active or passive)","strongs_number":"g837"},"g838":{"pronunciation":"owx'-ay-sis","unicode":"αὔξησις","translit":"aúxēsis","definition":"[αὔξησις] from {{g837}}; growth","strongs_number":"g838"},"g839":{"pronunciation":"ow'-ree-on","unicode":"αὔριον","translit":"aúrion","definition":"[αὔριον] from a derivative of the same as {{g109}} (meaning a breeze, i.e. the morning air); properly, fresh, i.e. (adverb with ellipsis of {{g2250}}) to-morrow","strongs_number":"g839"},"g840":{"pronunciation":"ow-stay-ros'","unicode":"αὐστηρός","translit":"austērós","definition":"[αὐστηρός] from a (presumed) derivative of the same as {{g109}} (meaning blown); rough (properly as a gale), i.e. (figuratively) severe","strongs_number":"g840"},"g841":{"pronunciation":"ow-tar'-ki-ah","unicode":"αὐτάρκεια","translit":"autárkeia","definition":"[αὐτάρκεια] from {{g842}}; self-satisfaction, i.e. (abstractly) contentedness, or (concretely) a competence","strongs_number":"g841"},"g842":{"pronunciation":"ow-tar'-kace","unicode":"αὐτάρκης","translit":"autárkēs","definition":"[αὐτάρκης] from {{g846}} and {{g714}}; self-complacent, i.e. contented","strongs_number":"g842"},"g843":{"pronunciation":"ow-tok-at-ak'-ree-tos","unicode":"αὐτοκατάκριτος","translit":"autokatákritos","definition":"[αὐτοκατάκριτος] from {{g846}} and a derivative or {{g2632}}; self-condemned","strongs_number":"g843"},"g844":{"pronunciation":"ow-tom'-at-os","unicode":"αὐτόματος","translit":"autómatos","definition":"[αὐτόματος] from {{g846}} and the same as {{g3155}}; self-moved (\"automatic\"), i.e. spontaneous","strongs_number":"g844"},"g845":{"pronunciation":"ow-top'-tace","unicode":"αὐτόπτης","translit":"autóptēs","definition":"[αὐτόπτης] from {{g846}} and {{g3700}}; self-seeing, i.e. an eye-witness","strongs_number":"g845"},"g846":{"pronunciation":"ow-tos'","unicode":"αὐτός","translit":"autós","definition":"[αὐτός] from the particle αὖ (perhaps akin to the base of {{g109}} through the idea of a baffling wind) (backward); the reflexive pronoun self, used (alone or in the comparative {{g1438}}) of the third person , and (with the proper personal pronoun) of the other persons Compare {{g848}}.","strongs_number":"g846"},"g847":{"pronunciation":"ow-too'","unicode":"αὐτοῦ","translit":"autoû","definition":"[αὐτοῦ] genitive (i.e. possessive) of {{g846}}, used as an adverb of location; properly, belonging to the same spot, i.e. in this (or that) place","strongs_number":"g847"},"g848":{"pronunciation":"how-too'","unicode":"αὑτοῦ","translit":"hautoû","definition":"[αὑτοῦ] contracted for {{g1438}}; self (in some oblique case or reflexive relation)","strongs_number":"g848"},"g849":{"pronunciation":"ow-tokh'-ire","unicode":"αὐτόχειρ","translit":"autócheir","definition":"[αὐτόχειρ] from {{g846}} and {{g5495}}; self-handed, i.e. doing personally","strongs_number":"g849"},"g850":{"pronunciation":"owkh-may-ros'","unicode":"αὐχμηρός","translit":"auchmērós","definition":"[αὐχμηρός] from αὐχμός (probably from a base akin to that of {{g109}}) (dust, as dried by wind); properly, dirty, i.e. (by implication) obscure","strongs_number":"g850"},"g851":{"pronunciation":"af-ahee-reh'-o","unicode":"ἀφαιρέω","translit":"aphairéō","definition":"[ἀφαιρέω] from {{g575}} and {{g138}}; to remove (literally or figuratively)","strongs_number":"g851"},"g852":{"pronunciation":"af-an-ace'","unicode":"ἀφανής","translit":"aphanḗs","definition":"[ἀφανής] from {{g1}} (as a negative particle) and {{g5316}}; non-apparent","strongs_number":"g852"},"g853":{"pronunciation":"af-an-id'-zo","unicode":"ἀφανίζω","translit":"aphanízō","definition":"[ἀφανίζω] from {{g852}}; to render unapparent, i.e. (actively) consume (becloud), or (passively) disappear (be destroyed)","strongs_number":"g853"},"g854":{"pronunciation":"af-an-is-mos'","unicode":"ἀφανισμός","translit":"aphanismós","definition":"[ἀφανισμός] from {{g853}}; disappearance, i.e. (figuratively) abrogation","strongs_number":"g854"},"g855":{"pronunciation":"af'-an-tos","unicode":"ἄφαντος","translit":"áphantos","definition":"[ἄφαντος] from {{g1}} (as a negative particle) and a derivative of {{g5316}}; non-manifested, i.e. invisible","strongs_number":"g855"},"g856":{"pronunciation":"af-ed-rone'","unicode":"ἀφεδρών","translit":"aphedrṓn","definition":"[ἀφεδρών] from a compound of {{g575}} and the base of {{g1476}}; a place of sitting apart, i.e. a privy","strongs_number":"g856"},"g857":{"pronunciation":"af-i-dee'-ah","unicode":"ἀφειδία","translit":"apheidía","definition":"[ἀφειδία] from a compound of {{g1}} (as a negative particle) and {{g5339}}; unsparingness, i.e. austerity (asceticism)","strongs_number":"g857"},"g858":{"pronunciation":"af-el-ot'-ace","unicode":"ἀφελότης","translit":"aphelótēs","definition":"[ἀφελότης] from a compound of {{g1}} (as a negative particle) and φέλλος (in the sense of a stone as stubbing the foot); smoothness, i.e. (figuratively) simplicity","strongs_number":"g858"},"g859":{"pronunciation":"af'-es-is","unicode":"ἄφεσις","translit":"áphesis","definition":"[ἄφεσις] from {{g863}}; freedom; (figuratively) pardon","strongs_number":"g859"},"g860":{"pronunciation":"haf-ay'","unicode":"ἁφή","translit":"haphḗ","definition":"[ἁφή] from {{g680}}; probably a ligament (as fastening)","strongs_number":"g860"},"g861":{"pronunciation":"af-thar-see'-ah","unicode":"ἀφθαρσία","translit":"aphtharsía","definition":"[ἀφθαρσία] from {{g862}}; incorruptibility; genitive, unending existence; (figuratively) genuineness","strongs_number":"g861"},"g862":{"pronunciation":"af'-thar-tos","unicode":"ἄφθαρτος","translit":"áphthartos","definition":"[ἄφθαρτος] from {{g1}} (as a negative particle) and a derivative of {{g5351}}; undecaying (in essence or continuance)","strongs_number":"g862"},"g863":{"pronunciation":"af-ee'-ay-mee","unicode":"ἀφίημι","translit":"aphíēmi","definition":"[ἀφίημι] from {{g575}} and ἵημι (to send; an intensive form of εἶμι, to go); to send forth, in various applications (as follow)","strongs_number":"g863"},"g864":{"pronunciation":"af-ik-neh'-om-ahee","unicode":"ἀφικνέομαι","translit":"aphiknéomai","definition":"[ἀφικνέομαι] from {{g575}} and the base of {{g2425}}; to go (i.e. spread) forth (by rumor)","strongs_number":"g864"},"g865":{"pronunciation":"af-il-ag'-ath-os","unicode":"ἀφιλάγαθος","translit":"aphilágathos","definition":"[ἀφιλάγαθος] from {{g1}} (as a negative particle) and {{g5358}}; hostile to virtue","strongs_number":"g865"},"g866":{"pronunciation":"af-il-ar'-goo-ros","unicode":"ἀφιλάργυρος","translit":"aphilárgyros","definition":"[ἀφιλάργυρος] from {{g1}} (as a negative particle) and {{g5366}}; unavaricious","strongs_number":"g866"},"g867":{"pronunciation":"af'-ix-is","unicode":"ἄφιξις","translit":"áphixis","definition":"[ἄφιξις] from {{g864}}; properly, arrival, i.e. (by implication) departure","strongs_number":"g867"},"g868":{"pronunciation":"af-is'-tay-mee","unicode":"ἀφίστημι","translit":"aphístēmi","definition":"[ἀφίστημι] from {{g575}} and {{g2476}}; to remove, i.e. (actively) instigate to revolt; usually (reflexively) to desist, desert, etc.","strongs_number":"g868"},"g869":{"pronunciation":"af'-no","unicode":"ἄφνω","translit":"áphnō","definition":"[ἄφνω] adverb from {{g852}} (contraction); unawares, i.e. unexpectedly","strongs_number":"g869"},"g870":{"pronunciation":"af-ob'-oce","unicode":"ἀφόβως","translit":"aphóbōs","definition":"[ἀφόβως] adverb from a compound of {{g1}} (as a negative particle) and {{g5401}}; fearlessly","strongs_number":"g870"},"g871":{"pronunciation":"af-om-oy-o'-o","unicode":"ἀφομοιόω","translit":"aphomoióō","definition":"[ἀφομοιόω] from {{g575}} and {{g3666}}; to assimilate closely","strongs_number":"g871"},"g872":{"pronunciation":"af-or-ah'-o","unicode":"ἀφοράω","translit":"aphoráō","definition":"[ἀφοράω] from {{g575}} and {{g3708}}; to consider attentively","strongs_number":"g872"},"g873":{"pronunciation":"af-or-id'-zo","unicode":"ἀφορίζω","translit":"aphorízō","definition":"[ἀφορίζω] from {{g575}} and {{g3724}}; to set off by boundary, i.e. (figuratively) limit, exclude, appoint, etc.","strongs_number":"g873"},"g874":{"pronunciation":"af-or-may'","unicode":"ἀφορμή","translit":"aphormḗ","definition":"[ἀφορμή] from a compound of {{g575}} and {{g3729}}; a starting-point, i.e. (figuratively) an opportunity","strongs_number":"g874"},"g875":{"pronunciation":"af-rid'-zo","unicode":"ἀφρίζω","translit":"aphrízō","definition":"[ἀφρίζω] from {{g876}}; to froth at the mouth (in epilepsy)","strongs_number":"g875"},"g876":{"pronunciation":"af-ros'","unicode":"ἀφρός","translit":"aphrós","definition":"[ἀφρός] apparently a primary word; froth, i.e. slaver","strongs_number":"g876"},"g877":{"pronunciation":"af-ros-oo'-nay","unicode":"ἀφροσύνη","translit":"aphrosýnē","definition":"[ἀφροσύνη] from {{g878}}; senselessness, i.e. (euphemistically) egotism; (morally) recklessness","strongs_number":"g877"},"g878":{"pronunciation":"af'-rone","unicode":"ἄφρων","translit":"áphrōn","definition":"[ἄφρων] from {{g1}} (as a negative particle) and {{g5424}}; properly, mindless, i.e. stupid, (by implication) ignorant, (specially) egotistic, (practically) rash, or (morally) unbelieving","strongs_number":"g878"},"g879":{"pronunciation":"af-oop-no'-o","unicode":"ἀφυπνόω","translit":"aphypnóō","definition":"[ἀφυπνόω] from a compound of {{g575}} and {{g5258}}; properly, to become awake, i.e. (by implication) to drop (off) in slumber","strongs_number":"g879"},"g880":{"pronunciation":"af'-o-nos","unicode":"ἄφωνος","translit":"áphōnos","definition":"[ἄφωνος] from {{g1}} (as a negative particle) and {{g5456}}; voiceless, i.e. mute (by nature or choice); figuratively, unmeaning","strongs_number":"g880"},"g881":{"pronunciation":"akh-adz'","unicode":"Ἀχάζ","translit":"Acház","definition":"[Ἀχάζ] of Hebrew origin ({{h271}}); Achaz, an Israelite","strongs_number":"g881"},"g882":{"pronunciation":"ach-ah-ee'-ah","unicode":"Ἀχαΐα","translit":"Achaḯa","definition":"[Ἀχαΐα] of uncertain derivation; Achaia (i.e. Greece), a country of Europe","strongs_number":"g882"},"g883":{"pronunciation":"ach-ah-ee-kos'","unicode":"Ἀχαϊκός","translit":"Achaïkós","definition":"[Ἀχαϊκός] from {{g882}}; an Achaian; Achaicus, a Christian","strongs_number":"g883"},"g884":{"pronunciation":"ach-ar'-is-tos","unicode":"ἀχάριστος","translit":"acháristos","definition":"[ἀχάριστος] from {{g1}} (as a negative particle) and a presumed derivative of {{g5483}}; thankless, i.e. ungrateful","strongs_number":"g884"},"g885":{"pronunciation":"akh-ime'","unicode":"Ἀχείμ","translit":"Acheím","definition":"[Ἀχείμ] probably of Hebrew origin (compare {{h3137}}); Achim, an Israelite","strongs_number":"g885"},"g886":{"pronunciation":"akh-i-rop-oy'-ay-tos","unicode":"ἀχειροποίητος","translit":"acheiropoíētos","definition":"[ἀχειροποίητος] from {{g1}} (as a negative particle) and {{g5499}}; unmanufactured, i.e. inartificial","strongs_number":"g886"},"g887":{"pronunciation":"akh-looce'","unicode":"ἀχλύς","translit":"achlýs","definition":"[ἀχλύς] of uncertain derivation; dimness of sight, i.e. (probably) a cataract","strongs_number":"g887"},"g888":{"pronunciation":"akh-ri'-os","unicode":"ἀχρεῖος","translit":"achreîos","definition":"[ἀχρεῖος] from {{g1}} (as a negative particle) and a derivative of {{g5534}} (compare {{g5532}}); useless, i.e. (euphemistically) unmeritorious","strongs_number":"g888"},"g889":{"pronunciation":"akh-ri-o'-o","unicode":"ἀχρειόω","translit":"achreióō","definition":"[ἀχρειόω] from {{g888}}; to render useless, i.e. spoil","strongs_number":"g889"},"g890":{"pronunciation":"akh'-race-tos","unicode":"ἄχρηστος","translit":"áchrēstos","definition":"[ἄχρηστος] from {{g1}} (as a negative particle) and {{g5543}}; inefficient, i.e. (by implication) detrimental","strongs_number":"g890"},"g891":{"pronunciation":"akh'-ree","unicode":"ἄχρι","translit":"áchri","definition":"[ἄχρι]   or ἄχρις; akin to {{g206}} (through the idea of a terminus); (of time) until or (of place) up to Compare {{g3360}}.","strongs_number":"g891"},"g892":{"pronunciation":"akh'-oo-ron","unicode":"ἄχυρον","translit":"áchyron","definition":"[ἄχυρον] perhaps remotely from χέω (to shed forth); chaff (as diffusive)","strongs_number":"g892"},"g893":{"pronunciation":"aps-yoo-dace'","unicode":"ἀψευδής","translit":"apseudḗs","definition":"[ἀψευδής] from {{g1}} (as a negative particle) and {{g5579}}; veracious","strongs_number":"g893"},"g894":{"pronunciation":"ap'-sin-thos","unicode":"ἄψινθος","translit":"ápsinthos","definition":"[ἄψινθος] of uncertain derivation; wormwood (as a type of bitterness, i.e. (figuratively) calamity)","strongs_number":"g894"},"g895":{"pronunciation":"ap'-soo-khos","unicode":"ἄψυχος","translit":"ápsychos","definition":"[ἄψυχος] from {{g1}} (as a negative particle) and {{g5590}}; lifeless, i.e. inanimate (mechanical)","strongs_number":"g895"},"g896":{"pronunciation":"bah'-al","unicode":"Βάαλ","translit":"Báal","definition":"[Βάαλ] of Hebrew origin ({{h1168}}); Baal, a Phœnician deity (used as a symbol of idolatry)","strongs_number":"g896"},"g897":{"pronunciation":"bab-oo-lone'","unicode":"Βαβυλών","translit":"Babylṓn","definition":"[Βαβυλών] of Hebrew origin ({{h894}}); Babylon, the capitol of Chaldæa (literally or figuratively (as a type of tyranny))","strongs_number":"g897"},"g898":{"pronunciation":"bath-mos'","unicode":"βαθμός","translit":"bathmós","definition":"[βαθμός] from the same as {{g899}}; a step, i.e. (figuratively) grade (of dignity)","strongs_number":"g898"},"g899":{"pronunciation":"bath'-os","unicode":"βάθος","translit":"báthos","definition":"[βάθος] from the same as {{g901}}; profundity, i.e. (by implication) extent; (figuratively) mystery","strongs_number":"g899"},"g900":{"pronunciation":"bath-oo'-no","unicode":"βαθύνω","translit":"bathýnō","definition":"[βαθύνω] from {{g901}}; to deepen","strongs_number":"g900"}}