{"g901":{"pronunciation":"bath-oos'","unicode":"βαθύς","translit":"bathýs","definition":"[βαθύς] from the base of {{g939}}; profound (as going down), literally or figuratively","strongs_number":"g901"},"g902":{"pronunciation":"bah-ee'-on","unicode":"βαΐον","translit":"baḯon","definition":"[βαΐον] a diminutive of a derivative probably of the base of {{g939}}; a palm twig (as going out far)","strongs_number":"g902"},"g903":{"pronunciation":"bal-ah-am'","unicode":"Βαλαάμ","translit":"Balaám","definition":"[Βαλαάμ] of Hebrew origin ({{h1109}}); Balaam, a Mesopotamian (symbolic of a false teacher)","strongs_number":"g903"},"g904":{"pronunciation":"bal-ak'","unicode":"Βαλάκ","translit":"Balák","definition":"[Βαλάκ] of Hebrew origin ({{h1111}}); Balak, a Moabite","strongs_number":"g904"},"g905":{"pronunciation":"bal-an'-tee-on","unicode":"βαλάντιον","translit":"balántion","definition":"[βαλάντιον] probably remotely from {{g906}} (as a depository); a pouch (for money)","strongs_number":"g905"},"g906":{"pronunciation":"bal'-lo","unicode":"βάλλω","translit":"bállō","definition":"[βάλλω] a primary verb; to throw (in various applications, more or less violent or intense) Compare {{g4496}}.","strongs_number":"g906"},"g907":{"pronunciation":"bap-tid'-zo","unicode":"βαπτίζω","translit":"baptízō","definition":"[βαπτίζω] from a derivative of {{g911}}; to immerse, submerge; to make whelmed (i.e. fully wet); used only (in the New Testament) of ceremonial ablution, especially (technically) of the ordinance of Christian baptism","strongs_number":"g907"},"g908":{"pronunciation":"bap'-tis-mah","unicode":"βάπτισμα","translit":"báptisma","definition":"[βάπτισμα] from {{g907}}; baptism (technically or figuratively)","strongs_number":"g908"},"g909":{"pronunciation":"bap-tis-mos'","unicode":"βαπτισμός","translit":"baptismós","definition":"[βαπτισμός] from {{g907}}; ablution (ceremonial or Christian)","strongs_number":"g909"},"g910":{"pronunciation":"bap-tis-tace'","unicode":"Βαπτιστής","translit":"Baptistḗs","definition":"[Βαπτιστής] from {{g907}}; a baptizer, as an epithet of Christ's forerunner","strongs_number":"g910"},"g911":{"pronunciation":"bap'-to","unicode":"βάπτω","translit":"báptō","definition":"[βάπτω] a primary verb; to whelm, i.e. cover wholly with a fluid; in the New Testament only in a qualified or special sense, i.e. (literally) to moisten (a part of one's person), or (by implication) to stain (as with dye)","strongs_number":"g911"},"g912":{"pronunciation":"bar-ab-bas'","unicode":"Βαραββᾶς","translit":"Barabbâs","definition":"[Βαραββᾶς] of Chaldee origin ({{h1347}} and {{h5}}); son of Abba; Bar-abbas, an Israelite","strongs_number":"g912"},"g913":{"pronunciation":"bar-ak'","unicode":"Βαράκ","translit":"Barák","definition":"[Βαράκ] of Hebrew origin ({{h1301}}); Barak, an Israelite","strongs_number":"g913"},"g914":{"pronunciation":"bar-akh-ee'-as","unicode":"Βαραχίας","translit":"Barachías","definition":"[Βαραχίας] of Hebrew origin ({{h1296}}); Barachias (i.e. Berechijah), an Israelite","strongs_number":"g914"},"g915":{"pronunciation":"bar'-bar-os","unicode":"βάρβαρος","translit":"bárbaros","definition":"[βάρβαρος] of uncertain derivation; a foreigner (i.e. non-Greek)","strongs_number":"g915"},"g916":{"pronunciation":"bar-eh'-o","unicode":"βαρέω","translit":"baréō","definition":"[βαρέω] from {{g926}}; to weigh down (figuratively)","strongs_number":"g916"},"g917":{"pronunciation":"bar-eh'-oce","unicode":"βαρέως","translit":"baréōs","definition":"[βαρέως] adverb from {{g926}}; heavily (figuratively)","strongs_number":"g917"},"g918":{"pronunciation":"bar-thol-om-ah'-yos","unicode":"Βαρθολομαῖος","translit":"Bartholomaîos","definition":"[Βαρθολομαῖος] of Chaldee origin ({{h1247}} and {{h8526}}); son of Tolmai; Bar-tholomæus, a Christian apostle","strongs_number":"g918"},"g919":{"pronunciation":"bar-ee-ay-sooce'","unicode":"Βαριησοῦς","translit":"Bariēsoûs","definition":"[Βαριησοῦς] of Chaldee origin ({{h1247}} and {{h3091}}); son of Jesus (or Joshua); Bar-jesus, an Israelite","strongs_number":"g919"},"g920":{"pronunciation":"bar-ee-oo-nas'","unicode":"Βαριωνᾶς","translit":"Bariōnâs","definition":"[Βαριωνᾶς] of Chaldee origin ({{h1247}} and {{h3124}}); son of Jonas (or Jonah); Bar-jonas, an Israelite","strongs_number":"g920"},"g921":{"pronunciation":"bar-nab'-as","unicode":"Βαρνάβας","translit":"Barnábas","definition":"[Βαρνάβας] of Chaldee origin ({{h1247}} and {{h5029}}); son of Nabas (i.e. prophecy); Barnabas, an Israelite","strongs_number":"g921"},"g922":{"pronunciation":"bar'-os","unicode":"βάρος","translit":"báros","definition":"[βάρος] probably from the same as {{g939}} (through the notion of going down; compare {{g899}}); weight; in the New Testament only, figuratively, a load, abundance, authority","strongs_number":"g922"},"g923":{"pronunciation":"bar-sab-as'","unicode":"Βαρσαβᾶς","translit":"Barsabâs","definition":"[Βαρσαβᾶς] of Chaldee origin ({{h1247}} and probably {{h6634}}); son of Sabas (or Tsaba); Bar-sabas, the name of two Israelites","strongs_number":"g923"},"g924":{"pronunciation":"bar-tim-ah'-yos","unicode":"Βαρτιμαῖος","translit":"Bartimaîos","definition":"[Βαρτιμαῖος] of Chaldee origin ({{h1247}} and {{h2931}}); son of Timæus (or the unclean); Bar-timæus, an Israelite","strongs_number":"g924"},"g925":{"pronunciation":"bar-oo'-no","unicode":"βαρύνω","translit":"barýnō","definition":"[βαρύνω] from {{g926}}; to burden (figuratively)","strongs_number":"g925"},"g926":{"pronunciation":"bar-ooce'","unicode":"βαρύς","translit":"barýs","definition":"[βαρύς] from the same as {{g922}}; weighty, i.e. (fig) burdensome, grave","strongs_number":"g926"},"g927":{"pronunciation":"bar-oo'-tim-os","unicode":"βαρύτιμος","translit":"barýtimos","definition":"[βαρύτιμος] from {{g926}} and {{g5092}}; highly valuable","strongs_number":"g927"},"g928":{"pronunciation":"bas-an-id'-zo","unicode":"βασανίζω","translit":"basanízō","definition":"[βασανίζω] from {{g931}}; to torture","strongs_number":"g928"},"g929":{"pronunciation":"bas-an-is-mos'","unicode":"βασανισμός","translit":"basanismós","definition":"[βασανισμός] from {{g928}}; torture","strongs_number":"g929"},"g930":{"pronunciation":"bas-an-is-tace'","unicode":"βασανιστής","translit":"basanistḗs","definition":"[βασανιστής] from {{g928}}; a torturer","strongs_number":"g930"},"g931":{"pronunciation":"bas'-an-os","unicode":"βάσανος","translit":"básanos","definition":"[βάσανος] perhaps remotely from the same as {{g939}} (through the notion of going to the bottom); a touch-stone, i.e. (by analogy) torture","strongs_number":"g931"},"g932":{"pronunciation":"bas-il-i'-ah","unicode":"βασιλεία","translit":"basileía","definition":"[βασιλεία] from {{g935}}; properly, royalty, i.e. (abstractly) rule, or (concretely) a realm (literally or figuratively)","strongs_number":"g932"},"g933":{"pronunciation":"bas-il'-i-on","unicode":"βασίλειον","translit":"basíleion","definition":"[βασίλειον] neuter of {{g934}}; a palace","strongs_number":"g933"},"g934":{"pronunciation":"bas-il'-i-os","unicode":"βασίλειος","translit":"basíleios","definition":"[βασίλειος] from {{g935}}; kingly (in nature)","strongs_number":"g934"},"g935":{"pronunciation":"bas-il-yooce'","unicode":"βασιλεύς","translit":"basileús","definition":"[βασιλεύς] probably from {{g939}} (through the notion of a foundation of power); a sovereign (abstractly, relatively, or figuratively)","strongs_number":"g935"},"g936":{"pronunciation":"bas-il-yoo'-o","unicode":"βασιλεύω","translit":"basileúō","definition":"[βασιλεύω] from {{g935}}; to rule (literally or figuratively)","strongs_number":"g936"},"g937":{"pronunciation":"bas-il-ee-kos'","unicode":"βασιλικός","translit":"basilikós","definition":"[βασιλικός] from {{g935}}; regal (in relation), i.e. (literally) belonging to (or befitting) the sovereign (as land, dress, or a courtier), or (figuratively) preeminent","strongs_number":"g937"},"g938":{"pronunciation":"bas-il'-is-sah","unicode":"βασίλισσα","translit":"basílissa","definition":"[βασίλισσα] feminine from {{g936}}; a queen","strongs_number":"g938"},"g939":{"pronunciation":"bas'-ece","unicode":"βάσις","translit":"básis","definition":"[βάσις] from βαίνω (to walk); a pace (\"base\"), i.e. (by implication) the foot","strongs_number":"g939"},"g940":{"pronunciation":"bas-kah'-ee-no","unicode":"βασκαίνω","translit":"baskaínō","definition":"[βασκαίνω] akin to {{g5335}}; to malign, i.e. (by extension) to fascinate (by false representations)","strongs_number":"g940"},"g941":{"pronunciation":"bas-tad'-zo","unicode":"βαστάζω","translit":"bastázō","definition":"[βαστάζω] perhaps remotely derived from the base of {{g939}} (through the idea of removal); to lift, literally or figuratively (endure, declare, sustain, receive, etc.)","strongs_number":"g941"},"g942":{"pronunciation":"bat'-os","unicode":"βάτος","translit":"bátos","definition":"[βάτος] of uncertain derivation; a brier shrub","strongs_number":"g942"},"g943":{"pronunciation":"bat'-os","unicode":"βάτος","translit":"bátos","definition":"[βάτος] of Hebrew origin ({{h1324}}); a bath, or measure for liquids","strongs_number":"g943"},"g944":{"pronunciation":"bat'-rakh-os","unicode":"βάτραχος","translit":"bátrachos","definition":"[βάτραχος] of uncertain derivation; a frog","strongs_number":"g944"},"g945":{"pronunciation":"bat-tol-og-eh'-o","unicode":"βαττολογέω","translit":"battologéō","definition":"[βαττολογέω] from Βάττος (a proverbial stammerer) and {{g3056}}; to stutter, i.e. (by implication) to prate tediously","strongs_number":"g945"},"g946":{"pronunciation":"bdel'-oog-mah","unicode":"βδέλυγμα","translit":"bdélygma","definition":"[βδέλυγμα] from {{g948}}; a detestation, i.e. (specially) idolatry","strongs_number":"g946"},"g947":{"pronunciation":"bdel-ook-tos'","unicode":"βδελυκτός","translit":"bdelyktós","definition":"[βδελυκτός] from {{g948}}; detestable, i.e. (specially) idolatrous","strongs_number":"g947"},"g948":{"pronunciation":"bdel-oos'-so","unicode":"βδελύσσω","translit":"bdelýssō","definition":"[βδελύσσω] from a (presumed) derivative of βδέω (to stink); to be disgusted, i.e. (by implication) detest (especially of idolatry)","strongs_number":"g948"},"g949":{"pronunciation":"beb'-ah-yos","unicode":"βέβαιος","translit":"bébaios","definition":"[βέβαιος] from the base of {{g939}} (through the idea of basality); stable (literally or figuratively)","strongs_number":"g949"},"g950":{"pronunciation":"beb-ah-yo'-o","unicode":"βεβαιόω","translit":"bebaióō","definition":"[βεβαιόω] from {{g949}}; to stabilitate (figuratively)","strongs_number":"g950"},"g951":{"pronunciation":"beb-ah'-yo-sis","unicode":"βεβαίωσις","translit":"bebaíōsis","definition":"[βεβαίωσις] from {{g950}}; stabiliment","strongs_number":"g951"},"g952":{"pronunciation":"beb'-ay-los","unicode":"βέβηλος","translit":"bébēlos","definition":"[βέβηλος] from the base of {{g939}} and βηλός (a threshold); accessible (as by crossing the door-way), i.e. (by implication, of Jewish notions) heathenish, wicked","strongs_number":"g952"},"g953":{"pronunciation":"beb-ay-lo'-o","unicode":"βεβηλόω","translit":"bebēlóō","definition":"[βεβηλόω] from {{g952}}; to desecrate","strongs_number":"g953"},"g954":{"pronunciation":"beh-el-zeb-ool'","unicode":"Βεελζεβούλ","translit":"Beelzeboúl","definition":"[Βεελζεβούλ] of Chaldee origin (by parody on {{h1176}}); dung-god; Beelzebul, a name of Satan","strongs_number":"g954"},"g955":{"pronunciation":"bel-ee'-al","unicode":"Βελίαλ","translit":"Belíal","definition":"[Βελίαλ] of Hebrew origin ({{h1100}}); worthlessness; Belial, as an epithet of Satan","strongs_number":"g955"},"g956":{"pronunciation":"bel'-os","unicode":"βέλος","translit":"bélos","definition":"[βέλος] from {{g906}}; a missile, i.e. spear or arrow","strongs_number":"g956"},"g957":{"pronunciation":"bel-tee'-on","unicode":"βελτίον","translit":"beltíon","definition":"[βελτίον] neuter of a compound of a derivative of {{g906}} (used for the comparative of {{g18}}); better","strongs_number":"g957"},"g958":{"pronunciation":"ben-ee-am-een'","unicode":"Βενιαμίν","translit":"Beniamín","definition":"[Βενιαμίν] of Hebrew origin ({{h1144}}); Benjamin, an Israelite","strongs_number":"g958"},"g959":{"pronunciation":"ber-nee'-kay","unicode":"Βερνίκη","translit":"Berníkē","definition":"[Βερνίκη] from a provincial form of {{g5342}} and {{g3529}}; victorious; Bernice, a member of the Herodian family","strongs_number":"g959"},"g960":{"pronunciation":"ber'-oy-ah","unicode":"Βέροια","translit":"Béroia","definition":"[Βέροια] perhaps a provincial from a derivative of {{g4008}} (Perœa, i.e. the region beyond the coast-line); Berœa, a place in Macedonia","strongs_number":"g960"},"g961":{"pronunciation":"ber-oy-ah'-yos","unicode":"Βεροιαῖος","translit":"Beroiaîos","definition":"[Βεροιαῖος] from {{g960}}; a Berœoean or native of Berœa","strongs_number":"g961"},"g962":{"pronunciation":"bay-thab-ar-ah'","unicode":"Βηθαβαρά","translit":"Bēthabará","definition":"[Βηθαβαρά] of Hebrew origin ({{h1004}} and {{h5679}}); ferry-house; Bethabara (i.e. Bethabarah), a place on the Jordan","strongs_number":"g962"},"g963":{"pronunciation":"bay-than-ee'-ah","unicode":"Βηθανία","translit":"Bēthanía","definition":"[Βηθανία] of Chaldee origin; date-house; Beth-any, a place in Palestine","strongs_number":"g963"},"g964":{"pronunciation":"bay-thes-dah'","unicode":"Βηθεσδά","translit":"Bēthesdá","definition":"[Βηθεσδά] of Chaldee origin (compare {{h1004}} and {{h2617}}); house of kindness; Beth-esda, a pool in Jerusalem","strongs_number":"g964"},"g965":{"pronunciation":"bayth-leh-em'","unicode":"Βηθλεέμ","translit":"Bēthleém","definition":"[Βηθλεέμ] of Hebrew origin ({{h1036}}); Bethleem (i.e. Beth-lechem), a place in Palestine","strongs_number":"g965"},"g966":{"pronunciation":"bayth-sahee-dah'","unicode":"Βηθσαϊδά","translit":"Bēthsaïdá","definition":"[Βηθσαϊδά] of Chaldee origin (compare {{h1004}} and {{h6719}}); fishing-house; Bethsaida, a place in Palestine","strongs_number":"g966"},"g967":{"pronunciation":"bayth-fag-ay'","unicode":"Βηθφαγή","translit":"Bēthphagḗ","definition":"[Βηθφαγή] of Chaldee origin (compare {{h1004}} and {{h6291}}); fig-house; Beth-phage, a place in Palestine","strongs_number":"g967"},"g968":{"pronunciation":"bay'-ma","unicode":"βῆμα","translit":"bēma","definition":"[βῆμα] from the base of {{g939}}; a step, i.e. foot-breath; by implication, a rostrum, i.e. a tribunal","strongs_number":"g968"},"g969":{"pronunciation":"bay'-rool-los","unicode":"βήρυλλος","translit":"bḗryllos","definition":"[βήρυλλος] of uncertain derivation; a \"beryl\"","strongs_number":"g969"},"g970":{"pronunciation":"bee'-ah","unicode":"βία","translit":"bía","definition":"[βία] probably akin to {{g979}} (through the idea of vital activity); force","strongs_number":"g970"},"g971":{"pronunciation":"bee-ad'-zo","unicode":"βιάζω","translit":"biázō","definition":"[βιάζω] from {{g970}}; to force, i.e. (reflexively) to crowd oneself (into), or (passively) to be seized","strongs_number":"g971"},"g972":{"pronunciation":"bee'-ah-yos","unicode":"βίαιος","translit":"bíaios","definition":"[βίαιος] from {{g970}}; violent","strongs_number":"g972"},"g973":{"pronunciation":"bee-as-tace'","unicode":"βιαστής","translit":"biastḗs","definition":"[βιαστής] from {{g971}}; a forcer, i.e. (figuratively) energetic","strongs_number":"g973"},"g974":{"pronunciation":"bib-lee-ar-id'-ee-on","unicode":"βιβλιαρίδιον","translit":"bibliarídion","definition":"[βιβλιαρίδιον] a diminutive of {{g975}}; a booklet","strongs_number":"g974"},"g975":{"pronunciation":"bib-lee'-on","unicode":"βιβλίον","translit":"biblíon","definition":"[βιβλίον] a diminutive of {{g976}}; a roll","strongs_number":"g975"},"g976":{"pronunciation":"bib'-los","unicode":"βίβλος","translit":"bíblos","definition":"[βίβλος] properly, the inner bark of the papyrus plant, i.e. (by implication) a sheet or scroll of writing","strongs_number":"g976"},"g977":{"pronunciation":"bib-ro'-sko","unicode":"βιβρώσκω","translit":"bibrṓskō","definition":"[βιβρώσκω] a reduplicated and prolonged form of an obsolete primary verb (perhaps causative of {{g1006}}); to eat","strongs_number":"g977"},"g978":{"pronunciation":"bee-thoo-nee'-ah","unicode":"Βιθυνία","translit":"Bithynía","definition":"[Βιθυνία] of uncertain derivation; Bithynia, a region of Asia","strongs_number":"g978"},"g979":{"pronunciation":"bee'-os","unicode":"βίος","translit":"bíos","definition":"[βίος] a primary word; life, i.e. (literally) the present state of existence; by implication, the means of livelihood","strongs_number":"g979"},"g980":{"pronunciation":"bee-o'-o","unicode":"βιόω","translit":"bióō","definition":"[βιόω] from {{g979}}; to spend existence","strongs_number":"g980"},"g981":{"pronunciation":"bee'-o-sis","unicode":"βίωσις","translit":"bíōsis","definition":"[βίωσις] from {{g980}}; living (properly, the act, by implication, the mode)","strongs_number":"g981"},"g982":{"pronunciation":"bee-o-tee-kos'","unicode":"βιωτικός","translit":"biōtikós","definition":"[βιωτικός] from a derivative of {{g980}}; relating to the present existence","strongs_number":"g982"},"g983":{"pronunciation":"blab-er-os'","unicode":"βλαβερός","translit":"blaberós","definition":"[βλαβερός] from {{g984}}; injurious","strongs_number":"g983"},"g984":{"pronunciation":"blap'-to","unicode":"βλάπτω","translit":"bláptō","definition":"[βλάπτω] a primary verb; properly, to hinder, i.e. (by implication) to injure","strongs_number":"g984"},"g985":{"pronunciation":"blas-tan'-o","unicode":"βλαστάνω","translit":"blastánō","definition":"[βλαστάνω] from βλαστός (a sprout); to germinate; by implication, to yield fruit","strongs_number":"g985"},"g986":{"pronunciation":"blas'-tos","unicode":"Βλάστος","translit":"Blástos","definition":"[Βλάστος] perhaps the same as the base of {{g985}}; Blastus, an officer of Herod Agrippa","strongs_number":"g986"},"g987":{"pronunciation":"blas-fay-meh'-o","unicode":"βλασφημέω","translit":"blasphēméō","definition":"[βλασφημέω] from {{g989}}; to vilify; specially, to speak impiously","strongs_number":"g987"},"g988":{"pronunciation":"blas-fay-me'-ah","unicode":"βλασφημία","translit":"blasphēmía","definition":"[βλασφημία] from {{g989}}; vilification (especially against God)","strongs_number":"g988"},"g989":{"pronunciation":"blas'-fay-mos","unicode":"βλάσφημος","translit":"blásphēmos","definition":"[βλάσφημος] from a derivative of {{g984}} and {{g5345}}; scurrilious, i.e. calumnious (against men), or (specially) impious (against God)","strongs_number":"g989"},"g990":{"pronunciation":"blem'-mah","unicode":"βλέμμα","translit":"blémma","definition":"[βλέμμα] from {{g991}}; vision (properly concrete; by implication, abstract)","strongs_number":"g990"},"g991":{"pronunciation":"blep'-o","unicode":"βλέπω","translit":"blépō","definition":"[βλέπω] a primary verb; to look at (literally or figuratively) Compare {{g3700}}.","strongs_number":"g991"},"g992":{"pronunciation":"blay-teh'-os","unicode":"βλητέος","translit":"blētéos","definition":"[βλητέος] from {{g906}}; fit to be cast (i.e. applied)","strongs_number":"g992"},"g993":{"pronunciation":"bo-an-erg-es'","unicode":"Βοανεργές","translit":"Boanergés","definition":"[Βοανεργές] of Chaldee origin ({{h1123}} and {{h7266}}); sons of commotion; Boanerges, an epithet of two of the apostles","strongs_number":"g993"},"g994":{"pronunciation":"bo-ah'-o","unicode":"βοάω","translit":"boáō","definition":"[βοάω] apparently a prolonged form of a primary verb; to halloo, i.e. shout (for help or in a tumultuous way)","strongs_number":"g994"},"g995":{"pronunciation":"bo-ay'","unicode":"βοή","translit":"boḗ","definition":"[βοή] from {{g994}}; a halloo, i.e. call (for aid, etc.)","strongs_number":"g995"},"g996":{"pronunciation":"bo-ay'-thi-ah","unicode":"βοήθεια","translit":"boḗtheia","definition":"[βοήθεια] from {{g998}}; aid; specially, a rope or chain for frapping a vessel","strongs_number":"g996"},"g997":{"pronunciation":"bo-ay-theh'-o","unicode":"βοηθέω","translit":"boēthéō","definition":"[βοηθέω] from {{g998}}; to aid or relieve","strongs_number":"g997"},"g998":{"pronunciation":"bo-ay-thos'","unicode":"βοηθός","translit":"boēthós","definition":"[βοηθός] from {{g995}} and theo (to run); a succorer","strongs_number":"g998"},"g999":{"pronunciation":"both'-oo-nos","unicode":"βόθυνος","translit":"bóthynos","definition":"[βόθυνος] akin to {{g900}}; a hole (in the ground); specially, a cistern","strongs_number":"g999"},"g1000":{"pronunciation":"bol-ay'","unicode":"βολή","translit":"bolḗ","definition":"[βολή] from {{g906}}; a throw (as a measure of distance)","strongs_number":"g1000"}}