{"g101":{"pronunciation":"ad-oo-nat-eh'-o","unicode":"ἀδυνατέω","translit":"adynatéō","definition":"[ἀδυνατέω] from {{g102}}; to be unable, i.e. (passively) impossible","strongs_number":"g101"},"g102":{"pronunciation":"ad-oo'-nat-os","unicode":"ἀδύνατος","translit":"adýnatos","definition":"[ἀδύνατος] from {{g1}} (as a negative particle) and {{g1415}}; unable, i.e. weak (literally or figuratively); passively, impossible","strongs_number":"g102"},"g103":{"pronunciation":"ad'-o","unicode":"ᾄδω","translit":"áidō","definition":"[ᾄδω] a primary verb; to sing","strongs_number":"g103"},"g104":{"pronunciation":"ah-eye'","unicode":"ἀεί","translit":"aeí","definition":"[ἀεί] from an obsolete primary noun (apparently meaning continued duration); \"ever,\" by qualification regularly; by implication, earnestly","strongs_number":"g104"},"g105":{"pronunciation":"ah-et-os'","unicode":"ἀετός","translit":"aetós","definition":"[ἀετός] from the same as {{g109}}; an eagle (from its wind-like flight)","strongs_number":"g105"},"g106":{"pronunciation":"ad'-zoo-mos","unicode":"ἄζυμος","translit":"ázymos","definition":"[ἄζυμος] from {{g1}} (as a negative particle) and {{g2219}}; unleavened, i.e. (figuratively) uncorrupted; (in the neutral plural) specially (by implication) the Passover week","strongs_number":"g106"},"g107":{"pronunciation":"ad-zore'","unicode":"Ἀζώρ","translit":"Azṓr","definition":"[Ἀζώρ] of Hebrew origin (compare {{h5809}}); Azor, an Israelite","strongs_number":"g107"},"g108":{"pronunciation":"ad'-zo-tos","unicode":"Ἄζωτος","translit":"Ázōtos","definition":"[Ἄζωτος] of Hebrew origin ({{h795}}); Azotus (i.e. Ashdod), a place in Palestine","strongs_number":"g108"},"g109":{"pronunciation":"ah-ayr'","unicode":"ἀήρ","translit":"aḗr","definition":"[ἀήρ] from ἄημι (to breathe unconsciously, i.e. respire; by analogy, to blow); \"air\" (as naturally circumambient) Compare {{g5594}}.","strongs_number":"g109"},"g110":{"pronunciation":"ath-an-as-ee'-ah","unicode":"ἀθανασία","translit":"athanasía","definition":"[ἀθανασία] from a compound of {{g1}} (as a negative particle) and {{g2288}}; deathlessness","strongs_number":"g110"},"g111":{"pronunciation":"ath-em'-ee-tos","unicode":"ἀθέμιτος","translit":"athémitos","definition":"[ἀθέμιτος] from {{g1}} (as a negative particle) and a derivative of θέμις (statute; from the base of {{g5087}}); illegal; by implication, flagitious","strongs_number":"g111"},"g112":{"pronunciation":"ath'-eh-os","unicode":"ἄθεος","translit":"átheos","definition":"[ἄθεος] from {{g1}} (as a negative particle) and {{g2316}}; godless","strongs_number":"g112"},"g113":{"pronunciation":"ath'-es-mos","unicode":"ἄθεσμος","translit":"áthesmos","definition":"[ἄθεσμος] from {{g1}} (as a negative particle) and a derivative of {{g5087}} (in the sense of enacting); lawless, i.e. (by implication) criminal","strongs_number":"g113"},"g114":{"pronunciation":"ath-et-eh'-o","unicode":"ἀθετέω","translit":"athetéō","definition":"[ἀθετέω] from a compound of {{g1}} (as a negative particle) and a derivative of {{g5087}}; to set aside, i.e. (by implication) to disesteem, neutralize or violate","strongs_number":"g114"},"g115":{"pronunciation":"ath-et'-ay-sis","unicode":"ἀθέτησις","translit":"athétēsis","definition":"[ἀθέτησις] from {{g114}}; cancellation (literally or figuratively)","strongs_number":"g115"},"g116":{"pronunciation":"ath-ay-nahee","unicode":"Ἀθῆναι","translit":"Athēnai","definition":"[Ἀθῆναι] plural of Ἀθήνη (the goddess of wisdom, who was reputed to have founded the city); Athenæ, the capitol of Greece","strongs_number":"g116"},"g117":{"pronunciation":"ath-ay-nah'-yos","unicode":"Ἀθηναῖος","translit":"Athēnaîos","definition":"[Ἀθηναῖος] from {{g116}}; an Athenæan or inhabitant of Athenæ","strongs_number":"g117"},"g118":{"pronunciation":"ath-leh'-o","unicode":"ἀθλέω","translit":"athléō","definition":"[ἀθλέω] from ἄθλος (a contest in the public lists); to contend in the competitive games","strongs_number":"g118"},"g119":{"pronunciation":"ath'-lay-sis","unicode":"ἄθλησις","translit":"áthlēsis","definition":"[ἄθλησις] from {{g118}}; a struggle (figuratively)","strongs_number":"g119"},"g120":{"pronunciation":"ath-oo-meh'-o","unicode":"ἀθυμέω","translit":"athyméō","definition":"[ἀθυμέω] from a compound of {{g1}} (as a negative particle) and {{g2372}}; to be spiritless, i.e. disheartened","strongs_number":"g120"},"g121":{"pronunciation":"ath'-o-os","unicode":"ἄθωος","translit":"áthōos","definition":"[ἄθωος] from {{g1}} (as a negative particle) and probably a derivative of {{g5087}} (meaning a penalty); not guilty","strongs_number":"g121"},"g122":{"pronunciation":"ah'-ee-ghi-os","unicode":"αἴγειος","translit":"aígeios","definition":"[αἴγειος] from αἴξ (a goat); belonging to a goat","strongs_number":"g122"},"g123":{"pronunciation":"ahee-ghee-al-os'","unicode":"αἰγιαλός","translit":"aigialós","definition":"[αἰγιαλός] from aisso (to rush) and {{g251}} (in the sense of the sea); a beach (on which the waves dash)","strongs_number":"g123"},"g124":{"pronunciation":"ahee-goop'-tee-os","unicode":"Αἰγύπτιος","translit":"Aigýptios","definition":"[Αἰγύπτιος] from {{g125}}; an Ægyptian or inhabitant of Ægyptus","strongs_number":"g124"},"g125":{"pronunciation":"ah'-ee-goop-tos","unicode":"Αἴγυπτος","translit":"Aígyptos","definition":"[Αἴγυπτος] of uncertain derivation; Ægyptus, the land of the Nile","strongs_number":"g125"},"g126":{"pronunciation":"ah-id'-ee-os","unicode":"ἀΐδιος","translit":"aḯdios","definition":"[ἀΐδιος] from {{g104}}; everduring (forward and backward, or forward only)","strongs_number":"g126"},"g127":{"pronunciation":"ahee-doce'","unicode":"αἰδώς","translit":"aidṓs","definition":"[αἰδώς] perhaps from {{g1}} (as a negative particle) and {{g1492}} (through the idea of downcast eyes); bashfulness, i.e. (towards men), modesty or (towards God) awe","strongs_number":"g127"},"g128":{"pronunciation":"ahee-thee'-ops","unicode":"Αἰθίοψ","translit":"Aithíops","definition":"[Αἰθίοψ] from αἴθω (to scorch) and ὤψ (the face, from {{g3700}}); an Æthiopian (as a blackamoor)","strongs_number":"g128"},"g129":{"pronunciation":"hah'-ee-mah","unicode":"αἷμα","translit":"haîma","definition":"[αἷμα] of uncertain derivation; blood, literally (of men or animals), figuratively (the juice of grapes) or specially (the atoning blood of Christ); by implication, bloodshed, also kindred","strongs_number":"g129"},"g130":{"pronunciation":"hahee-mat-ek-khoo-see'-ah","unicode":"αἱματεκχυσία","translit":"haimatekchysía","definition":"[αἱματεκχυσία] from {{g129}} and a derivative of {{g1632}}; an effusion of blood","strongs_number":"g130"},"g131":{"pronunciation":"hahee-mor-hreh'-o","unicode":"αἱμοῤῥέω","translit":"haimorrhéō","definition":"[αἱμοῤῥέω] from {{g129}} and {{g4482}}; to flow blood, i.e. have a hæmorrhage","strongs_number":"g131"},"g132":{"pronunciation":"ahee-neh'-as","unicode":"Αἰνέας","translit":"Ainéas","definition":"[Αἰνέας] of uncertain derivation; Ænĕas, an Israelite","strongs_number":"g132"},"g133":{"pronunciation":"ah'-ee-nes-is","unicode":"αἴνεσις","translit":"aínesis","definition":"[αἴνεσις] from {{g134}}; a praising (the act), i.e. (specially) a thank(-offering)","strongs_number":"g133"},"g134":{"pronunciation":"ahee-neh'-o","unicode":"αἰνέω","translit":"ainéō","definition":"[αἰνέω] from {{g136}}; to praise (God)","strongs_number":"g134"},"g135":{"pronunciation":"ah'-ee-nig-ma","unicode":"αἴνιγμα","translit":"aínigma","definition":"[αἴνιγμα] from a derivative of {{g136}} (in its primary sense); an obscure saying (\"enigma\"), i.e. (abstractly) obscureness","strongs_number":"g135"},"g136":{"pronunciation":"ah'-ee-nos","unicode":"αἶνος","translit":"aînos","definition":"[αἶνος] apparently a prime word; properly, a story, but used in the sense of {{g1868}}; praise (of God)","strongs_number":"g136"},"g137":{"pronunciation":"ahee-nohn'","unicode":"Αἰνών","translit":"Ainṓn","definition":"[Αἰνών] of Hebrew origin (a derivative of {{h5869}}, place of springs); Ænon, a place in Palestine","strongs_number":"g137"},"g138":{"pronunciation":"hahee-reh'-om-ahee","unicode":"αἱρέομαι","translit":"hairéomai","definition":"[αἱρέομαι] probably akin to {{g142}}; to take for oneself, i.e. to prefer Some of the forms are borrowed from a cognate ἕλλομαι; which is otherwise obsolete.","strongs_number":"g138"},"g139":{"pronunciation":"hah'-ee-res-is","unicode":"αἵρεσις","translit":"haíresis","definition":"[αἵρεσις] from {{g138}}; properly, a choice, i.e. (specially) a party or (abstractly) disunion","strongs_number":"g139"},"g140":{"pronunciation":"hahee-ret-id'-zo","unicode":"αἱρετίζω","translit":"hairetízō","definition":"[αἱρετίζω] from a derivative of {{g138}}; to make a choice","strongs_number":"g140"},"g141":{"pronunciation":"hahee-ret-ee-kos'","unicode":"αἱρετικός","translit":"hairetikós","definition":"[αἱρετικός] from the same as {{g140}}; a schismatic","strongs_number":"g141"},"g142":{"pronunciation":"ah'-ee-ro","unicode":"αἴρω","translit":"aírō","definition":"[αἴρω] a primary root; to lift up; by implication, to take up or away; figuratively, to raise (the voice), keep in suspense (the mind), specially, to sail away (i.e. weigh anchor); by Hebraism (compare {{h5375}}) to expiate sin","strongs_number":"g142"},"g143":{"pronunciation":"ahee-sthan'-om-ahee","unicode":"αἰσθάνομαι","translit":"aisthánomai","definition":"[αἰσθάνομαι] of uncertain derivation; to apprehend (properly, by the senses)","strongs_number":"g143"},"g144":{"pronunciation":"ah'-ee-sthay-sis","unicode":"αἴσθησις","translit":"aísthēsis","definition":"[αἴσθησις] from {{g143}}; perception, i.e. (figuratively) discernment","strongs_number":"g144"},"g145":{"pronunciation":"ahee-sthay-tay'-ree-on","unicode":"αἰσθητήριον","translit":"aisthētḗrion","definition":"[αἰσθητήριον] from a derivative of {{g143}}; properly, an organ of perception, i.e. (figuratively) judgment","strongs_number":"g145"},"g146":{"pronunciation":"ahee-skhrok-er-dace'","unicode":"αἰσχροκερδής","translit":"aischrokerdḗs","definition":"[αἰσχροκερδής] from {{g150}} and κέρδος (gain); sordid","strongs_number":"g146"},"g147":{"pronunciation":"ahee-skhrok-er-doce'","unicode":"αἰσχροκερδῶς","translit":"aischrokerdōs","definition":"[αἰσχροκερδῶς] adverb from {{g146}}; sordidly","strongs_number":"g147"},"g148":{"pronunciation":"ahee-skhrol-og-ee'-ah","unicode":"αἰσχρολογία","translit":"aischrología","definition":"[αἰσχρολογία] from {{g150}} and {{g3056}}; vile conversation","strongs_number":"g148"},"g149":{"pronunciation":"ahee-skhron'","unicode":"αἰσχρόν","translit":"aischrón","definition":"[αἰσχρόν] neuter of {{g150}}; a shameful thing, i.e. indecorum","strongs_number":"g149"},"g150":{"pronunciation":"ahee-skhros'","unicode":"αἰσχρός","translit":"aischrós","definition":"[αἰσχρός] from the same as {{g153}}; shameful, i.e. base (specially, venal)","strongs_number":"g150"},"g151":{"pronunciation":"ahee-skhrot'-ace","unicode":"αἰσχρότης","translit":"aischrótēs","definition":"[αἰσχρότης] from {{g150}}; shamefulness, i.e. obscenity","strongs_number":"g151"},"g152":{"pronunciation":"ahee-skhoo'-nay","unicode":"αἰσχύνη","translit":"aischýnē","definition":"[αἰσχύνη] from {{g153}}; shame or disgrace (abstractly or concretely)","strongs_number":"g152"},"g153":{"pronunciation":"ahee-skhoo'-nom-ahee","unicode":"αἰσχύνομαι","translit":"aischýnomai","definition":"[αἰσχύνομαι] from αἶσχος (disfigurement, i.e. disgrace); to feel shame (for oneself)","strongs_number":"g153"},"g154":{"pronunciation":"ahee-teh'-o","unicode":"αἰτέω","translit":"aitéō","definition":"[αἰτέω] of uncertain derivation; to ask (in genitive case) Compare {{g4441}}.","strongs_number":"g154"},"g155":{"pronunciation":"ah'-ee-tay-mah","unicode":"αἴτημα","translit":"aítēma","definition":"[αἴτημα] from {{g154}}; a thing asked or (abstractly) an asking","strongs_number":"g155"},"g156":{"pronunciation":"ahee-tee'-a","unicode":"αἰτία","translit":"aitía","definition":"[αἰτία] from the same as {{g154}}; a cause (as if asked for), i.e. (logical) reason (motive, matter), (legal) crime (alleged or proved)","strongs_number":"g156"},"g157":{"pronunciation":"ahee-tee'-am-ah","unicode":"αἰτίαμα","translit":"aitíama","definition":"[αἰτίαμα] from a derivative of {{g156}}; a thing charged","strongs_number":"g157"},"g158":{"pronunciation":"ah'-ee-tee-on","unicode":"αἴτιον","translit":"aítion","definition":"[αἴτιον] neuter of {{g159}}; a reason or crime (like {{g156}})","strongs_number":"g158"},"g159":{"pronunciation":"ah'-ee-tee-os","unicode":"αἴτιος","translit":"aítios","definition":"[αἴτιος] from the same as {{g154}}; causative, i.e. (concretely) a causer","strongs_number":"g159"},"g160":{"pronunciation":"aheef-nid'-ee-os","unicode":"αἰφνίδιος","translit":"aiphnídios","definition":"[αἰφνίδιος] from a compound of {{g1}} (as a negative particle) and {{g5316}} (compare {{g1810}}) (meaning non-apparent); unexpected, i.e. (adverbially) suddenly","strongs_number":"g160"},"g161":{"pronunciation":"aheekh-mal-o-see'-ah","unicode":"αἰχμαλωσία","translit":"aichmalōsía","definition":"[αἰχμαλωσία] from {{g164}}; captivity","strongs_number":"g161"},"g162":{"pronunciation":"aheekh-mal-o-tew'-o","unicode":"αἰχμαλωτεύω","translit":"aichmalōteúō","definition":"[αἰχμαλωτεύω] from {{g164}}; to capture (like {{g163}})","strongs_number":"g162"},"g163":{"pronunciation":"aheekh-mal-o-tid'-zo","unicode":"αἰχμαλωτίζω","translit":"aichmalōtízō","definition":"[αἰχμαλωτίζω] from {{g164}}; to make captive","strongs_number":"g163"},"g164":{"pronunciation":"aheekh-mal-o-tos'","unicode":"αἰχμάλωτος","translit":"aichmálōtos","definition":"[αἰχμάλωτος] from αἰχμή (a spear) and a derivative of the same as {{g259}}; properly, a prisoner of war, i.e. (genitive case) a captive","strongs_number":"g164"},"g165":{"pronunciation":"ahee-ohn'","unicode":"αἰών","translit":"aiṓn","definition":"[αἰών] from the same as {{g104}}; properly, an age; by extension, perpetuity (also past); by implication, the world; specially (Jewish) a Messianic period (present or future) Compare {{g5550}}.","strongs_number":"g165"},"g166":{"pronunciation":"ahee-o'-nee-os","unicode":"αἰώνιος","translit":"aiṓnios","definition":"[αἰώνιος] from {{g165}}; perpetual (also used of past time, or past and future as well)","strongs_number":"g166"},"g167":{"pronunciation":"ak-ath-ar-see'-ah","unicode":"ἀκαθαρσία","translit":"akatharsía","definition":"[ἀκαθαρσία] from {{g169}}; impurity (the quality), physically or morally","strongs_number":"g167"},"g168":{"pronunciation":"ak-ath-ar'-tace","unicode":"ἀκαθάρτης","translit":"akathártēs","definition":"[ἀκαθάρτης] from {{g169}}; impurity (the state), morally","strongs_number":"g168"},"g169":{"pronunciation":"ak-ath'-ar-tos","unicode":"ἀκάθαρτος","translit":"akáthartos","definition":"[ἀκάθαρτος] from {{g1}} (as a negative particle) and a presumed derivative of {{g2508}} (meaning cleansed); impure (ceremonially, morally (lewd) or specially, (demonic))","strongs_number":"g169"},"g170":{"pronunciation":"ak-ahee-reh'-om-ahee","unicode":"ἀκαιρέομαι","translit":"akairéomai","definition":"[ἀκαιρέομαι] from a compound of {{g1}} (as a negative particle) and {{g2540}} (meaning unseasonable); to be inopportune (for oneself), i.e. to fail of a proper occasion","strongs_number":"g170"},"g171":{"pronunciation":"ak-ah'-ee-roce","unicode":"ἀκαίρως","translit":"akaírōs","definition":"[ἀκαίρως] adverb from the same as {{g170}}; inopportunely","strongs_number":"g171"},"g172":{"pronunciation":"ak'-ak-os","unicode":"ἄκακος","translit":"ákakos","definition":"[ἄκακος] from {{g1}} (as a negative particle) and {{g2556}}; not bad, i.e. (objectively) innocent or (subjectively) unsuspecting","strongs_number":"g172"},"g173":{"pronunciation":"ak'-an-thah","unicode":"ἄκανθα","translit":"ákantha","definition":"[ἄκανθα] probably from the same as {{g188}}; a thorn","strongs_number":"g173"},"g174":{"pronunciation":"ak-an'-thee-nos","unicode":"ἀκάνθινος","translit":"akánthinos","definition":"[ἀκάνθινος] from {{g173}}; thorny","strongs_number":"g174"},"g175":{"pronunciation":"ak'-ar-pos","unicode":"ἄκαρπος","translit":"ákarpos","definition":"[ἄκαρπος] from {{g1}} (as a negative particle) and {{g2590}}; barren (literally or figuratively)","strongs_number":"g175"},"g176":{"pronunciation":"ak-at-ag'-noce-tos","unicode":"ἀκατάγνωστος","translit":"akatágnōstos","definition":"[ἀκατάγνωστος] from {{g1}} (as a negative particle) and a derivative of {{g2607}}; unblamable","strongs_number":"g176"},"g177":{"pronunciation":"ak-at-ak-al'-oop-tos","unicode":"ἀκατακάλυπτος","translit":"akatakályptos","definition":"[ἀκατακάλυπτος] from {{g1}} (as a negative particle) and a derivative of a compound of {{g2596}} and {{g2572}}; unveiled","strongs_number":"g177"},"g178":{"pronunciation":"ak-at-ak'-ree-tos","unicode":"ἀκατάκριτος","translit":"akatákritos","definition":"[ἀκατάκριτος] from {{g1}} (as a negative particle) and a derivative of {{g2632}}; without (legal) trial","strongs_number":"g178"},"g179":{"pronunciation":"ak-at-al'-oo-tos","unicode":"ἀκατάλυτος","translit":"akatálytos","definition":"[ἀκατάλυτος] from {{g1}} (as a negative particle) and a derivative of {{g2647}}; indissoluble, i.e. (figuratively) permanent","strongs_number":"g179"},"g180":{"pronunciation":"ak-at-ap'-ow-stos","unicode":"ἀκατάπαυστος","translit":"akatápaustos","definition":"[ἀκατάπαυστος] from {{g1}} (as a negative particle) and a derivative of {{g2664}}; unrefraining","strongs_number":"g180"},"g181":{"pronunciation":"ak-at-as-tah-see'-ah","unicode":"ἀκαταστασία","translit":"akatastasía","definition":"[ἀκαταστασία] from {{g182}}; instability, i.e. disorder","strongs_number":"g181"},"g182":{"pronunciation":"ak-at-as'-tat-os","unicode":"ἀκατάστατος","translit":"akatástatos","definition":"[ἀκατάστατος] from {{g1}} (as a negative particle) and a derivative of {{g2525}}; inconstant","strongs_number":"g182"},"g183":{"pronunciation":"ak-at-as'-khet-os","unicode":"ἀκατάσχετος","translit":"akatáschetos","definition":"[ἀκατάσχετος] from {{g1}} (as a negative particle) and a derivative of {{g2722}}; unrestrainable","strongs_number":"g183"},"g184":{"pronunciation":"ak-el-dam-ah'","unicode":"Ἀκελδαμά","translit":"Akeldamá","definition":"[Ἀκελδαμά] of Chaldee origin (meaning field of blood; corresponding to {{h2506}} and {{h1818}}); Akeldama, a place near Jerusalem","strongs_number":"g184"},"g185":{"pronunciation":"ak-er'-ah-yos","unicode":"ἀκέραιος","translit":"akéraios","definition":"[ἀκέραιος] from {{g1}} (as a negative particle) and a presumed derivative of {{g2767}}; unmixed, i.e. (figuratively) innocent","strongs_number":"g185"},"g186":{"pronunciation":"ak-lee-nace'","unicode":"ἀκλινής","translit":"aklinḗs","definition":"[ἀκλινής] from {{g1}} (as a negative particle) and {{g2827}}; not leaning, i.e. (figuratively) firm","strongs_number":"g186"},"g187":{"pronunciation":"ak-mad'-zo","unicode":"ἀκμάζω","translit":"akmázō","definition":"[ἀκμάζω] from the same as {{g188}}; to make a point, i.e. (figuratively) mature","strongs_number":"g187"},"g188":{"pronunciation":"ak-mane'","unicode":"ἀκμήν","translit":"akmḗn","definition":"[ἀκμήν] accusative case of a noun (\"acme\") akin to ἀκή (a point) and meaning the same; adverbially, just now, i.e. still","strongs_number":"g188"},"g189":{"pronunciation":"ak-o-ay'","unicode":"ἀκοή","translit":"akoḗ","definition":"[ἀκοή] from {{g191}}; hearing (the act, the sense or the thing heard)","strongs_number":"g189"},"g190":{"pronunciation":"ak-ol-oo-theh'-o","unicode":"ἀκολουθέω","translit":"akolouthéō","definition":"[ἀκολουθέω] from {{g1}} (as a particle of union) and κέλευθος (a road); properly, to be in the same way with, i.e. to accompany (specially, as a disciple)","strongs_number":"g190"},"g191":{"pronunciation":"ak-oo'-o","unicode":"ἀκούω","translit":"akoúō","definition":"[ἀκούω] a primary verb; to hear (in various senses)","strongs_number":"g191"},"g192":{"pronunciation":"ak-ras-ee'-a","unicode":"ἀκρασία","translit":"akrasía","definition":"[ἀκρασία] from {{g193}}; want of self-restraint","strongs_number":"g192"},"g193":{"pronunciation":"ak-rat'-ace","unicode":"ἀκρατής","translit":"akratḗs","definition":"[ἀκρατής] from {{g1}} (as a negative particle) and {{g2904}}; powerless, i.e. without self-control","strongs_number":"g193"},"g194":{"pronunciation":"ak'-rat-os","unicode":"ἄκρατος","translit":"ákratos","definition":"[ἄκρατος] from {{g1}} (as a negative particle) and a presumed derivative of {{g2767}}; undiluted","strongs_number":"g194"},"g195":{"pronunciation":"ak-ree'-bi-ah","unicode":"ἀκρίβεια","translit":"akríbeia","definition":"[ἀκρίβεια] from the same as {{g196}}; exactness","strongs_number":"g195"},"g196":{"pronunciation":"ak-ree-bes'-ta-tos","unicode":"ἀκριβέστατος","translit":"akribéstatos","definition":"[ἀκριβέστατος] superlative of ἀκρίβης (a derivative of the same as {{g206}}); most exact","strongs_number":"g196"},"g197":{"pronunciation":"ak-ree-bes'-ter-on","unicode":"ἀκριβέστερον","translit":"akribésteron","definition":"[ἀκριβέστερον] neuter of the comparative of the same as {{g196}}; (adverbially) more exactly","strongs_number":"g197"},"g198":{"pronunciation":"ak-ree-bo'-o","unicode":"ἀκριβόω","translit":"akribóō","definition":"[ἀκριβόω] from the same as {{g196}}; to be exact, i.e. ascertain","strongs_number":"g198"},"g199":{"pronunciation":"ak-ree-boce'","unicode":"ἀκριβῶς","translit":"akribōs","definition":"[ἀκριβῶς] adverb from the same as {{g196}}; exactly","strongs_number":"g199"},"g200":{"pronunciation":"ak-rece'","unicode":"ἀκρίς","translit":"akrís","definition":"[ἀκρίς] apparently from the same as {{g206}}; a locust (as pointed, or as lighting on the top of vegetation)","strongs_number":"g200"}}