{"g1001":{"pronunciation":"bol-id'-zo","unicode":"βολίζω","translit":"bolízō","definition":"[βολίζω] from {{g1002}}; to heave the lead","strongs_number":"g1001"},"g1002":{"pronunciation":"bol-ece'","unicode":"βολίς","translit":"bolís","definition":"[βολίς] from {{g906}}; a missile, i.e. javelin","strongs_number":"g1002"},"g1003":{"pronunciation":"bo-oz'","unicode":"Βοόζ","translit":"Boóz","definition":"[Βοόζ] of Hebrew origin ({{h1162}}); Booz, (i.e. Boaz), an Israelite","strongs_number":"g1003"},"g1004":{"pronunciation":"bor'-bor-os","unicode":"βόρβορος","translit":"bórboros","definition":"[βόρβορος] of uncertain derivation; mud","strongs_number":"g1004"},"g1005":{"pronunciation":"bor-hras'","unicode":"βοῤῥᾶς","translit":"borrhâs","definition":"[βοῤῥᾶς] of uncertain derivation; the north (properly, wind)","strongs_number":"g1005"},"g1006":{"pronunciation":"bos'-ko","unicode":"βόσκω","translit":"bóskō","definition":"[βόσκω] a prolonged form of a primary verb (compare {{g977}}, {{g1016}}); to pasture; by extension to, fodder; reflexively, to graze","strongs_number":"g1006"},"g1007":{"pronunciation":"bos-or'","unicode":"Βοσόρ","translit":"Bosór","definition":"[Βοσόρ] of Hebrew origin ({{h1160}}); Bosor (i.e. Beor), a Moabite","strongs_number":"g1007"},"g1008":{"pronunciation":"bot-an'-ay","unicode":"βοτάνη","translit":"botánē","definition":"[βοτάνη] from {{g1006}}; herbage (as if for grazing)","strongs_number":"g1008"},"g1009":{"pronunciation":"bot'-rooce","unicode":"βότρυς","translit":"bótrys","definition":"[βότρυς] of uncertain derivation; a bunch (of grapes)","strongs_number":"g1009"},"g1010":{"pronunciation":"bool-yoo-tace'","unicode":"βουλευτής","translit":"bouleutḗs","definition":"[βουλευτής] from {{g1011}}; an adviser, i.e. (specially) a councillor or member of the Jewish Sanhedrin","strongs_number":"g1010"},"g1011":{"pronunciation":"bool-yoo'-o","unicode":"βουλεύω","translit":"bouleúō","definition":"[βουλεύω] from {{g1012}}; to advise, i.e. (reflexively) deliberate, or (by implication) resolve","strongs_number":"g1011"},"g1012":{"pronunciation":"boo-lay'","unicode":"βουλή","translit":"boulḗ","definition":"[βουλή] from {{g1014}}; volition, i.e. (objectively) advice, or (by implication) purpose","strongs_number":"g1012"},"g1013":{"pronunciation":"boo'-lay-mah","unicode":"βούλημα","translit":"boúlēma","definition":"[βούλημα] from {{g1014}}; a resolve","strongs_number":"g1013"},"g1014":{"pronunciation":"boo'-lom-ahee","unicode":"βούλομαι","translit":"boúlomai","definition":"[βούλομαι] middle voice of a primary verb; to \"will,\" i.e. (reflexively) be willing Compare {{g2309}}.","strongs_number":"g1014"},"g1015":{"pronunciation":"boo-nos'","unicode":"βουνός","translit":"bounós","definition":"[βουνός] probably of foreign origin; a hillock","strongs_number":"g1015"},"g1016":{"pronunciation":"booce","unicode":"βοῦς","translit":"boûs","definition":"[βοῦς] probably from the base of {{g1006}}; an ox (as grazing), i.e. an animal of that species (\"beef\")","strongs_number":"g1016"},"g1017":{"pronunciation":"brab-i'-on","unicode":"βραβεῖον","translit":"brabeîon","definition":"[βραβεῖον] from βραβεύς (an umpire of uncertain derivation); an award (of arbitration), i.e. (specially) a prize in the public games","strongs_number":"g1017"},"g1018":{"pronunciation":"brab-yoo'-o","unicode":"βραβεύω","translit":"brabeúō","definition":"[βραβεύω] from the same as {{g1017}}; to arbitrate, i.e. (genitive case) to govern (figuratively, prevail)","strongs_number":"g1018"},"g1019":{"pronunciation":"brad-oo'-no","unicode":"βραδύνω","translit":"bradýnō","definition":"[βραδύνω] from {{g1021}}; to delay","strongs_number":"g1019"},"g1020":{"pronunciation":"brad-oo-plo-eh'-o","unicode":"βραδυπλοέω","translit":"bradyploéō","definition":"[βραδυπλοέω] from {{g1021}} and a prolonged form of {{g4126}}; to sail slowly","strongs_number":"g1020"},"g1021":{"pronunciation":"brad-ooce'","unicode":"βραδύς","translit":"bradýs","definition":"[βραδύς] of uncertain affinity; slow; figuratively, dull","strongs_number":"g1021"},"g1022":{"pronunciation":"brad-oo'-tace","unicode":"βραδύτης","translit":"bradýtēs","definition":"[βραδύτης] from {{g1021}}; tardiness","strongs_number":"g1022"},"g1023":{"pronunciation":"brakh-ee'-own","unicode":"βραχίων","translit":"brachíōn","definition":"[βραχίων] properly, comparative of {{g1024}}, but apparently in the sense of βράσσω (to wield); the arm, i.e. (figuratively) strength","strongs_number":"g1023"},"g1024":{"pronunciation":"brakh-ooce'","unicode":"βραχύς","translit":"brachýs","definition":"[βραχύς] of uncertain affinity; short (of time, place, quantity, or number)","strongs_number":"g1024"},"g1025":{"pronunciation":"bref'-os","unicode":"βρέφος","translit":"bréphos","definition":"[βρέφος] of uncertain affinity; an infant (properly, unborn) literally or figuratively","strongs_number":"g1025"},"g1026":{"pronunciation":"brekh'-o","unicode":"βρέχω","translit":"bréchō","definition":"[βρέχω] a primary verb; to moisten (especially by a shower)","strongs_number":"g1026"},"g1027":{"pronunciation":"bron-tay'","unicode":"βροντή","translit":"brontḗ","definition":"[βροντή] akin to βρέμω (to roar); thunder","strongs_number":"g1027"},"g1028":{"pronunciation":"brokh-ay'","unicode":"βροχή","translit":"brochḗ","definition":"[βροχή] from {{g1026}}; rain","strongs_number":"g1028"},"g1029":{"pronunciation":"brokh'-os","unicode":"βρόχος","translit":"bróchos","definition":"[βρόχος] of uncertain derivation; a noose","strongs_number":"g1029"},"g1030":{"pronunciation":"broog-mos'","unicode":"βρυγμός","translit":"brygmós","definition":"[βρυγμός] from {{g1031}}; a grating (of the teeth)","strongs_number":"g1030"},"g1031":{"pronunciation":"broo'-kho","unicode":"βρύχω","translit":"brýchō","definition":"[βρύχω] a primary verb; to grate the teeth (in pain or rage)","strongs_number":"g1031"},"g1032":{"pronunciation":"broo'-o","unicode":"βρύω","translit":"brýō","definition":"[βρύω] a primary verb; to swell out, i.e. (by implication) to gush","strongs_number":"g1032"},"g1033":{"pronunciation":"bro'-mah","unicode":"βρῶμα","translit":"brōma","definition":"[βρῶμα] from the base of {{g977}}; food (literally or figuratively), especially (ceremonially) articles allowed or forbidden by the Jewish law","strongs_number":"g1033"},"g1034":{"pronunciation":"bro'-sim-os","unicode":"βρώσιμος","translit":"brṓsimos","definition":"[βρώσιμος] from {{g1035}}; eatable","strongs_number":"g1034"},"g1035":{"pronunciation":"bro'-sis","unicode":"βρῶσις","translit":"brōsis","definition":"[βρῶσις] from the base of {{g977}}; (abstractly) eating (literally or figuratively); by extension (concretely) food (literally or figuratively)","strongs_number":"g1035"},"g1036":{"pronunciation":"boo-thid'-zo","unicode":"βυθίζω","translit":"bythízō","definition":"[βυθίζω] from {{g1037}}; to sink; by implication, to drown","strongs_number":"g1036"},"g1037":{"pronunciation":"boo-thos'","unicode":"βυθός","translit":"bythós","definition":"[βυθός] a variation of {{g899}}; depth, i.e. (by implication) the sea","strongs_number":"g1037"},"g1038":{"pronunciation":"boorce-yooce'","unicode":"βυρσεύς","translit":"byrseús","definition":"[βυρσεύς] from βύρσα (a hide); a tanner","strongs_number":"g1038"},"g1039":{"pronunciation":"boos'-see-nos","unicode":"βύσσινος","translit":"býssinos","definition":"[βύσσινος] from {{g1040}}; made of linen (neuter a linen cloth)","strongs_number":"g1039"},"g1040":{"pronunciation":"boos'-sos","unicode":"βύσσος","translit":"býssos","definition":"[βύσσος] of Hebrew origin ({{h948}}); white linen","strongs_number":"g1040"},"g1041":{"pronunciation":"bo'-mos","unicode":"βωμός","translit":"bōmós","definition":"[βωμός] from the base of {{g939}}; properly, a stand, i.e. (specially) an altar","strongs_number":"g1041"},"g1042":{"pronunciation":"gab-bath-ah'","unicode":"γαββαθά","translit":"gabbathá","definition":"[γαββαθά] of Chaldee origin (compare {{h1355}}); the knoll; gabbatha, a vernacular term for the Roman tribunal in Jerusalem","strongs_number":"g1042"},"g1043":{"pronunciation":"gab-ree-ale'","unicode":"Γαβριήλ","translit":"Gabriḗl","definition":"[Γαβριήλ] of Hebrew origin ({{h1403}}); Gabriel, an archangel","strongs_number":"g1043"},"g1044":{"pronunciation":"gang'-grahee-nah","unicode":"γάγγραινα","translit":"gángraina","definition":"[γάγγραινα] from γραίνω (to gnaw); an ulcer (\"gangrene\")","strongs_number":"g1044"},"g1045":{"pronunciation":"gad","unicode":"Γάδ","translit":"Gád","definition":"[Γάδ] of Hebrew origin ({{h1410}}); Gad, a tribe of Israelites","strongs_number":"g1045"},"g1046":{"pronunciation":"gad-ar-ay-nos'","unicode":"Γαδαρηνός","translit":"Gadarēnós","definition":"[Γαδαρηνός] from Γαδαρά (a town east of the Jordan); a Gadarene or inhabitant of Gadara","strongs_number":"g1046"},"g1047":{"pronunciation":"gad'-zah","unicode":"γάζα","translit":"gáza","definition":"[γάζα] of foreign origin; a treasure","strongs_number":"g1047"},"g1048":{"pronunciation":"gad'-zah","unicode":"Γάζα","translit":"Gáza","definition":"[Γάζα] of Hebrew origin ({{h5804}}); Gazah (i.e. Azzah), a place in Palestine","strongs_number":"g1048"},"g1049":{"pronunciation":"gad-zof-oo-lak'-ee-on","unicode":"γαζοφυλάκιον","translit":"gazophylákion","definition":"[γαζοφυλάκιον] from {{g1047}} and {{g5438}}; a treasure-house, i.e. a court in the temple for the collection-boxes","strongs_number":"g1049"},"g1050":{"pronunciation":"gah'-ee-os","unicode":"Γάϊος","translit":"Gáïos","definition":"[Γάϊος] of Latin origin; Gaius (i.e. Caius), a Christian","strongs_number":"g1050"},"g1051":{"pronunciation":"gal'-ah","unicode":"γάλα","translit":"gála","definition":"[γάλα] of uncertain affinity; milk (figuratively)","strongs_number":"g1051"},"g1052":{"pronunciation":"gal-at'-ace","unicode":"Γαλάτης","translit":"Galátēs","definition":"[Γαλάτης] from {{g1053}}; a Galatian or inhabitant of Galatia","strongs_number":"g1052"},"g1053":{"pronunciation":"gal-at-ee'-ah","unicode":"Γαλατία","translit":"Galatía","definition":"[Γαλατία] of foreign origin; Galatia, a region of Asia","strongs_number":"g1053"},"g1054":{"pronunciation":"gal-at-ee-kos'","unicode":"Γαλατικός","translit":"Galatikós","definition":"[Γαλατικός] from {{g1053}}; Galatic or relating to Galatia","strongs_number":"g1054"},"g1055":{"pronunciation":"gal-ay'-nay","unicode":"γαλήνη","translit":"galḗnē","definition":"[γαλήνη] of uncertain derivation; tranquillity","strongs_number":"g1055"},"g1056":{"pronunciation":"gal-il-ah'-yah","unicode":"Γαλιλαία","translit":"Galilaía","definition":"[Γαλιλαία] of Hebrew origin ({{h1551}}); Galilæa (i.e. the heathen circle), a region of Palestine","strongs_number":"g1056"},"g1057":{"pronunciation":"gal-ee-lah'-yos","unicode":"Γαλιλαῖος","translit":"Galilaîos","definition":"[Γαλιλαῖος] from {{g1056}}; Galilean or belonging to Galilea","strongs_number":"g1057"},"g1058":{"pronunciation":"gal-lee'-own","unicode":"Γαλλίων","translit":"Gallíōn","definition":"[Γαλλίων] of Latin origin; Gallion (i.e. Gallio), a Roman officer","strongs_number":"g1058"},"g1059":{"pronunciation":"gam-al-ee-ale'","unicode":"Γαμαλιήλ","translit":"Gamaliḗl","definition":"[Γαμαλιήλ] of Hebrew origin ({{h1583}}); Gamaliel (i.e. Gamliel), an Israelite","strongs_number":"g1059"},"g1060":{"pronunciation":"gam-eh'-o","unicode":"γαμέω","translit":"gaméō","definition":"[γαμέω] from {{g1062}}; to wed (of either sex)","strongs_number":"g1060"},"g1061":{"pronunciation":"gam-is'-ko","unicode":"γαμίσκω","translit":"gamískō","definition":"[γαμίσκω] from {{g1062}}; to espouse (a daughter to a husband)","strongs_number":"g1061"},"g1062":{"pronunciation":"gam'-os","unicode":"γάμος","translit":"gámos","definition":"[γάμος] of uncertain affinity; nuptials","strongs_number":"g1062"},"g1063":{"pronunciation":"gar","unicode":"γάρ","translit":"gár","definition":"[γάρ] a primary particle; properly, assigning a reason (used in argument, explanation or intensification; often with other particles)","strongs_number":"g1063"},"g1064":{"pronunciation":"gas-tare'","unicode":"γαστήρ","translit":"gastḗr","definition":"[γαστήρ] of uncertain derivation; the stomach; by analogy, the matrix; figuratively, a gourmand","strongs_number":"g1064"},"g1065":{"pronunciation":"gheh","unicode":"γέ","translit":"gé","definition":"[γέ] a primary particle of emphasis or qualification (often used with other particles prefixed)","strongs_number":"g1065"},"g1066":{"pronunciation":"ghed-eh-own'","unicode":"Γεδεών","translit":"Gedeṓn","definition":"[Γεδεών] of Hebrew origin ({{h1439}}); Gedeon (i.e. Gid(e)on), an Israelite","strongs_number":"g1066"},"g1067":{"pronunciation":"gheh'-en-nah","unicode":"γέεννα","translit":"géenna","definition":"[γέεννα] of Hebrew origin ({{h1516}} and {{h2011}}); valley of (the son of) Hinnom; ge-henna (or Ge-Hinnom), a valley of Jerusalem, used (figuratively) as a name for the place (or state) of everlasting punishment","strongs_number":"g1067"},"g1068":{"pronunciation":"gheth-say-man-ay'","unicode":"Γεθσημανῆ","translit":"Gethsēmanē","definition":"[Γεθσημανῆ] of Chaldee origin (compare {{h1660}} and {{h8081}}); oil-press; Gethsemane, a garden near Jerusalem","strongs_number":"g1068"},"g1069":{"pronunciation":"ghi'-tone","unicode":"γείτων","translit":"geítōn","definition":"[γείτων] from {{g1093}}; a neighbour (as adjoining one's ground); by implication, a friend","strongs_number":"g1069"},"g1070":{"pronunciation":"ghel-ah'-o","unicode":"γελάω","translit":"geláō","definition":"[γελάω] of uncertain affinity; to laugh (as a sign of joy or satisfaction)","strongs_number":"g1070"},"g1071":{"pronunciation":"ghel'-os","unicode":"γέλως","translit":"gélōs","definition":"[γέλως] from {{g1070}}; laughter (as a mark of gratification)","strongs_number":"g1071"},"g1072":{"pronunciation":"ghem-id'-zo","unicode":"γεμίζω","translit":"gemízō","definition":"[γεμίζω] transitive from {{g1073}}; to fill entirely","strongs_number":"g1072"},"g1073":{"pronunciation":"ghem'-o","unicode":"γέμω","translit":"gémō","definition":"[γέμω] a primary verb; to swell out, i.e. be full","strongs_number":"g1073"},"g1074":{"pronunciation":"ghen-eh-ah'","unicode":"γενεά","translit":"geneá","definition":"[γενεά] from (a presumed derivative of) {{g1085}}; a generation; by implication, an age (the period or the persons)","strongs_number":"g1074"},"g1075":{"pronunciation":"ghen-eh-al-og-eh'-o","unicode":"γενεαλογέω","translit":"genealogéō","definition":"[γενεαλογέω] from {{g1074}} and {{g3056}}; to reckon by generations, i.e. trace in genealogy","strongs_number":"g1075"},"g1076":{"pronunciation":"ghen-eh-al-og-ee'-ah","unicode":"γενεαλογία","translit":"genealogía","definition":"[γενεαλογία] from the same as {{g1075}}; tracing by generations, i.e. \"genealogy\"","strongs_number":"g1076"},"g1077":{"pronunciation":"ghen-es'-ee-ah","unicode":"γενέσια","translit":"genésia","definition":"[γενέσια] neuter plural of a derivative of {{g1078}}; birthday ceremonies","strongs_number":"g1077"},"g1078":{"pronunciation":"ghen'-es-is","unicode":"γένεσις","translit":"génesis","definition":"[γένεσις] from the same as {{g1074}}; nativity; figuratively, nature","strongs_number":"g1078"},"g1079":{"pronunciation":"ghen-et-ay","unicode":"γενετή","translit":"genetḗ","definition":"[γενετή] feminine of a presumed derivative of the base of {{g1074}}; birth","strongs_number":"g1079"},"g1080":{"pronunciation":"ghen-nah'-o","unicode":"γεννάω","translit":"gennáō","definition":"[γεννάω] from a variation of {{g1085}}; to procreate (properly, of the father, but by extension of the mother); figuratively, to regenerate","strongs_number":"g1080"},"g1081":{"pronunciation":"ghen'-nay-mah","unicode":"γέννημα","translit":"génnēma","definition":"[γέννημα] from {{g1080}}; offspring; by analogy, produce (literally or figuratively)","strongs_number":"g1081"},"g1082":{"pronunciation":"ghen-nay-sar-et'","unicode":"Γεννησαρέτ","translit":"Gennēsarét","definition":"[Γεννησαρέτ] of Hebrew origin (compare {{h3672}}); Gennesaret (i.e. Kinnereth), a lake and plain in Palestine","strongs_number":"g1082"},"g1083":{"pronunciation":"ghen'-nay-sis","unicode":"γέννησις","translit":"génnēsis","definition":"[γέννησις] from {{g1080}}; nativity","strongs_number":"g1083"},"g1084":{"pronunciation":"ghen-nay-tos'","unicode":"γεννητός","translit":"gennētós","definition":"[γεννητός] from {{g1080}}; born","strongs_number":"g1084"},"g1085":{"pronunciation":"ghen'-os","unicode":"γένος","translit":"génos","definition":"[γένος] from {{g1096}}; \"kin\" (abstract or concrete, literal or figurative, individual or collective)","strongs_number":"g1085"},"g1086":{"pronunciation":"gher-ghes-ay-nos'","unicode":"Γεργεσηνός","translit":"Gergesēnós","definition":"[Γεργεσηνός] of Hebrew origin ({{h1622}}); a Gergesene (i.e. Girgashite) or one of the aborigines of Palestine","strongs_number":"g1086"},"g1087":{"pronunciation":"gher-oo-see'-ah","unicode":"γερουσία","translit":"gerousía","definition":"[γερουσία] from {{g1088}}; the eldership, i.e. (collectively) the Jewish Sanhedrin","strongs_number":"g1087"},"g1088":{"pronunciation":"gher'-own","unicode":"γέρων","translit":"gérōn","definition":"[γέρων] of uncertain affinity (compare {{g1094}}); aged","strongs_number":"g1088"},"g1089":{"pronunciation":"ghyoo'-om-ahee","unicode":"γεύομαι","translit":"geúomai","definition":"[γεύομαι] a primary verb; to taste; by implication, to eat; figuratively, to experience (good or ill)","strongs_number":"g1089"},"g1090":{"pronunciation":"gheh-or-gheh'-o","unicode":"γεωργέω","translit":"geōrgéō","definition":"[γεωργέω] from {{g1092}}; to till (the soil)","strongs_number":"g1090"},"g1091":{"pronunciation":"gheh-ore'-ghee-on","unicode":"γεώργιον","translit":"geṓrgion","definition":"[γεώργιον] neuter of a (presumed) derivative of {{g1092}}; cultivable, i.e. a farm","strongs_number":"g1091"},"g1092":{"pronunciation":"gheh-ore-gos'","unicode":"γεωργός","translit":"geōrgós","definition":"[γεωργός] from {{g1093}} and the base of {{g2041}}; a land-worker, i.e. farmer","strongs_number":"g1092"},"g1093":{"pronunciation":"ghay","unicode":"γῆ","translit":"gē","definition":"[γῆ] contracted from a primary word; soil; by extension a region, or the solid part or the whole of the terrene globe (including the occupants in each application)","strongs_number":"g1093"},"g1094":{"pronunciation":"ghay'-ras","unicode":"γῆρας","translit":"gēras","definition":"[γῆρας] akin to {{g1088}}; senility","strongs_number":"g1094"},"g1095":{"pronunciation":"ghay-ras'-ko","unicode":"γηράσκω","translit":"gēráskō","definition":"[γηράσκω] from {{g1094}}; to be senescent","strongs_number":"g1095"},"g1096":{"pronunciation":"ghin'-om-ahee","unicode":"γίνομαι","translit":"gínomai","definition":"[γίνομαι] a prolongation and middle voice form of a primary verb; to cause to be (\"gen\"-erate), i.e. (reflexively) to become (come into being), used with great latitude (literal, figurative, intensive, etc.)","strongs_number":"g1096"},"g1097":{"pronunciation":"ghin-oce'-ko","unicode":"γινώσκω","translit":"ginṓskō","definition":"[γινώσκω] a prolonged form of a primary verb; to \"know\" (absolutely) in a great variety of applications and with many implications (as follow, with others not thus clearly expressed)","strongs_number":"g1097"},"g1098":{"pronunciation":"glyoo'-kos","unicode":"γλεῦκος","translit":"gleûkos","definition":"[γλεῦκος] akin to {{g1099}}; sweet wine, i.e. (properly) must (fresh juice), but used of the more saccharine (and therefore highly inebriating) fermented wine","strongs_number":"g1098"},"g1099":{"pronunciation":"gloo-koos'","unicode":"γλυκύς","translit":"glykýs","definition":"[γλυκύς] of uncertain affinity; sweet (i.e. not bitter nor salt)","strongs_number":"g1099"},"g1100":{"pronunciation":"gloce-sah'","unicode":"γλῶσσα","translit":"glōssa","definition":"[γλῶσσα] of uncertain affinity; the tongue; by implication, a language (specially, one naturally unacquired)","strongs_number":"g1100"}}