{"g1101":{"pronunciation":"gloce-sok'-om-on","unicode":"γλωσσόκομον","translit":"glōssókomon","definition":"[γλωσσόκομον] from {{g1100}} and the base of {{g2889}}; properly, a case (to keep mouthpieces of wind-instruments in) i.e. (by extension) a casket or (specially) purse","strongs_number":"g1101"},"g1102":{"pronunciation":"gnaf-yuce'","unicode":"γναφεύς","translit":"gnapheús","definition":"[γναφεύς] by variation for a derivative from κνάπτω (to tease cloth); a cloth-dresser","strongs_number":"g1102"},"g1103":{"pronunciation":"gnay'-see-os","unicode":"γνήσιος","translit":"gnḗsios","definition":"[γνήσιος] from the same as {{g1077}}; legitimate (of birth), i.e. genuine","strongs_number":"g1103"},"g1104":{"pronunciation":"gnay-see'-ose","unicode":"γνησίως","translit":"gnēsíōs","definition":"[γνησίως] adverb from {{g1103}}; genuinely, i.e. really","strongs_number":"g1104"},"g1105":{"pronunciation":"gnof'-os","unicode":"γνόφος","translit":"gnóphos","definition":"[γνόφος] akin to {{g3509}}; gloom (as of a storm)","strongs_number":"g1105"},"g1106":{"pronunciation":"gno'-may","unicode":"γνώμη","translit":"gnṓmē","definition":"[γνώμη] from {{g1097}}; cognition, i.e. (subjectively) opinion, or (objectively) resolve (counsel, consent, etc.)","strongs_number":"g1106"},"g1107":{"pronunciation":"gno-rid'-zo","unicode":"γνωρίζω","translit":"gnōrízō","definition":"[γνωρίζω] from a derivative of {{g1097}}; to make known; subjectively, to know","strongs_number":"g1107"},"g1108":{"pronunciation":"gno'-sis","unicode":"γνῶσις","translit":"gnōsis","definition":"[γνῶσις] from {{g1097}}; knowing (the act), i.e. (by implication) knowledge","strongs_number":"g1108"},"g1109":{"pronunciation":"gnoce'-tace","unicode":"γνώστης","translit":"gnṓstēs","definition":"[γνώστης] from {{g1097}}; a knower","strongs_number":"g1109"},"g1110":{"pronunciation":"gnoce-tos'","unicode":"γνωστός","translit":"gnōstós","definition":"[γνωστός] from {{g1097}}; well-known","strongs_number":"g1110"},"g1111":{"pronunciation":"gong-good'-zo","unicode":"γογγύζω","translit":"gongýzō","definition":"[γογγύζω] of uncertain derivation; to grumble","strongs_number":"g1111"},"g1112":{"pronunciation":"gong-goos-mos'","unicode":"γογγυσμός","translit":"gongysmós","definition":"[γογγυσμός] from {{g1111}}; a grumbling","strongs_number":"g1112"},"g1113":{"pronunciation":"gong-goos-tace'","unicode":"γογγυστής","translit":"gongystḗs","definition":"[γογγυστής] from {{g1111}}; a grumbler","strongs_number":"g1113"},"g1114":{"pronunciation":"go'-ace","unicode":"γόης","translit":"góēs","definition":"[γόης] from γοάω (to wail); properly, a wizard (as muttering spells), i.e. (by implication) an imposter","strongs_number":"g1114"},"g1115":{"pronunciation":"gol-goth-ah'","unicode":"Γολγοθᾶ","translit":"Golgothâ","definition":"[Γολγοθᾶ] of Chaldee origin (compare {{h1538}}); the skull; Golgotha, a knoll near Jerusalem","strongs_number":"g1115"},"g1116":{"pronunciation":"gom'-or-hrhah","unicode":"Γόμοῤῥα","translit":"Gómorrha","definition":"[Γόμοῤῥα] of Hebrew origin ({{h6017}}); Gomorrha (i.e. Amorah), a place near the Dead Sea","strongs_number":"g1116"},"g1117":{"pronunciation":"gom'-os","unicode":"γόμος","translit":"gómos","definition":"[γόμος] from {{g1073}}; a load (as filling), i.e. (specially) a cargo, or (by extension) wares","strongs_number":"g1117"},"g1118":{"pronunciation":"gon-yooce'","unicode":"γονεύς","translit":"goneús","definition":"[γονεύς] from the base of {{g1096}}; a parent","strongs_number":"g1118"},"g1119":{"pronunciation":"gon-oo'","unicode":"γόνυ","translit":"góny","definition":"[γόνυ] of uncertain affinity; the \"knee\"","strongs_number":"g1119"},"g1120":{"pronunciation":"gon-oo-pet-eh'-o","unicode":"γονυπετέω","translit":"gonypetéō","definition":"[γονυπετέω] from a compound of {{g1119}} and the alternate of {{g4098}}; to fall on the knee","strongs_number":"g1120"},"g1121":{"pronunciation":"gram'-mah","unicode":"γράμμα","translit":"grámma","definition":"[γράμμα] from {{g1125}}; a writing, i.e. a letter, note, epistle, book, etc.; plural learning","strongs_number":"g1121"},"g1122":{"pronunciation":"gram-mat-yooce'","unicode":"γραμματεύς","translit":"grammateús","definition":"[γραμματεύς] from {{g1121}}. a writer, i.e. (professionally) scribe or secretary","strongs_number":"g1122"},"g1123":{"pronunciation":"grap-tos'","unicode":"γραπτός","translit":"graptós","definition":"[γραπτός] from {{g1125}}; inscribed (figuratively)","strongs_number":"g1123"},"g1124":{"pronunciation":"graf-ay'","unicode":"γραφή","translit":"graphḗ","definition":"[γραφή] from {{g1125}}; a document, i.e. holy Writ (or its contents or a statement in it)","strongs_number":"g1124"},"g1125":{"pronunciation":"graf'-o","unicode":"γράφω","translit":"gráphō","definition":"[γράφω] a primary verb; to \"grave\", especially to write; figuratively, to describe","strongs_number":"g1125"},"g1126":{"pronunciation":"grah-o'-dace","unicode":"γραώδης","translit":"graṓdēs","definition":"[γραώδης] from γραύς (an old woman) and {{g1491}}; crone-like, i.e. silly","strongs_number":"g1126"},"g1127":{"pronunciation":"gray-gor-yoo'-o","unicode":"γρηγορεύω","translit":"grēgoreúō","definition":"[γρηγορεύω] from {{g1453}}; to keep awake, i.e. watch (literally or figuratively)","strongs_number":"g1127"},"g1128":{"pronunciation":"goom-nad'-zo","unicode":"γυμνάζω","translit":"gymnázō","definition":"[γυμνάζω] from {{g1131}}; to practise naked (in the games), i.e. train (figuratively)","strongs_number":"g1128"},"g1129":{"pronunciation":"goom-nas-ee'-ah","unicode":"γυμνασία","translit":"gymnasía","definition":"[γυμνασία] from {{g1128}}; training, i.e. (figuratively) asceticism","strongs_number":"g1129"},"g1130":{"pronunciation":"goom-nayt-yoo'-o","unicode":"γυμνητεύω","translit":"gymnēteúō","definition":"[γυμνητεύω] from a derivative of {{g1131}}; to strip, i.e. (reflexively) go poorly clad","strongs_number":"g1130"},"g1131":{"pronunciation":"goom-nos'","unicode":"γυμνός","translit":"gymnós","definition":"[γυμνός] of uncertain affinity; nude (absolute or relative, literal or figurative)","strongs_number":"g1131"},"g1132":{"pronunciation":"goom-not'-ace","unicode":"γυμνότης","translit":"gymnótēs","definition":"[γυμνότης] from {{g1131}}; nudity (absolute or comparative)","strongs_number":"g1132"},"g1133":{"pronunciation":"goo-nahee-kar'-ee-on","unicode":"γυναικάριον","translit":"gynaikárion","definition":"[γυναικάριον] a diminutive from {{g1135}}; a little (i.e. foolish) woman","strongs_number":"g1133"},"g1134":{"pronunciation":"goo-nahee-ki'-os","unicode":"γυναικεῖος","translit":"gynaikeîos","definition":"[γυναικεῖος] from {{g1135}}; feminine","strongs_number":"g1134"},"g1135":{"pronunciation":"goo-nay'","unicode":"γυνή","translit":"gynḗ","definition":"[γυνή] probably from the base of {{g1096}}; a woman; specially, a wife","strongs_number":"g1135"},"g1136":{"pronunciation":"gogue","unicode":"Γώγ","translit":"Gṓg","definition":"[Γώγ] of Hebrew origin ({{h1463}}); Gog, a symbolic name for some future Antichrist","strongs_number":"g1136"},"g1137":{"pronunciation":"go-nee'-ah","unicode":"γωνία","translit":"gōnía","definition":"[γωνία] probably akin to {{g1119}}; an angle","strongs_number":"g1137"},"g1138":{"pronunciation":"dab-eed'","unicode":"Δαβίδ","translit":"Dabíd","definition":"[Δαβίδ] of Hebrew origin ({{h1732}}); Dabid (i.e. David), the Israelite king","strongs_number":"g1138"},"g1139":{"pronunciation":"dahee-mon-id'-zom-ahee","unicode":"δαιμονίζομαι","translit":"daimonízomai","definition":"[δαιμονίζομαι] middle voice from {{g1142}}; to be exercised by a dæmon","strongs_number":"g1139"},"g1140":{"pronunciation":"dahee-mon'-ee-on","unicode":"δαιμόνιον","translit":"daimónion","definition":"[δαιμόνιον] neuter of a derivative of {{g1142}}; a dæmonic being; by extension a deity","strongs_number":"g1140"},"g1141":{"pronunciation":"dahee-mon-ee-o'-dace","unicode":"δαιμονιώδης","translit":"daimoniṓdēs","definition":"[δαιμονιώδης] from {{g1140}} and {{g1142}}; dæmon-like","strongs_number":"g1141"},"g1142":{"pronunciation":"dah'-ee-mown","unicode":"δαίμων","translit":"daímōn","definition":"[δαίμων] from δαίω (to distribute fortunes); a dæmon or supernatural spirit (of a bad nature)","strongs_number":"g1142"},"g1143":{"pronunciation":"dak'-no","unicode":"δάκνω","translit":"dáknō","definition":"[δάκνω] a prolonged form of a primary root; to bite, i.e. (figuratively) thwart","strongs_number":"g1143"},"g1144":{"pronunciation":"dak'-roo","unicode":"δάκρυ","translit":"dákry","definition":"[δάκρυ]   or δάκρυονof uncertain affinity; a tear","strongs_number":"g1144"},"g1145":{"pronunciation":"dak-roo'-o","unicode":"δακρύω","translit":"dakrýō","definition":"[δακρύω] from {{g1144}}; to shed tears Compare {{g2799}}.","strongs_number":"g1145"},"g1146":{"pronunciation":"dak-too'-lee-os","unicode":"δακτύλιος","translit":"daktýlios","definition":"[δακτύλιος] from {{g1147}}; a finger-ring","strongs_number":"g1146"},"g1147":{"pronunciation":"dak'-too-los","unicode":"δάκτυλος","translit":"dáktylos","definition":"[δάκτυλος] probably from {{g1176}}; a finger","strongs_number":"g1147"},"g1148":{"pronunciation":"dal-man-oo-thah'","unicode":"Δαλμανουθά","translit":"Dalmanouthá","definition":"[Δαλμανουθά] probably of Chaldee origin; Dalmanutha, a place in Palestine","strongs_number":"g1148"},"g1149":{"pronunciation":"dal-mat-ee'-ah","unicode":"Δαλματία","translit":"Dalmatía","definition":"[Δαλματία] probably of foreign derivation; Dalmatia, a region of Europe","strongs_number":"g1149"},"g1150":{"pronunciation":"dam-ad'-zo","unicode":"δαμάζω","translit":"damázō","definition":"[δαμάζω] a variation of an obsolete primary of the same meaning; to tame","strongs_number":"g1150"},"g1151":{"pronunciation":"dam'-al-is","unicode":"δάμαλις","translit":"dámalis","definition":"[δάμαλις] probably from the base of {{g1150}}; a heifer (as tame)","strongs_number":"g1151"},"g1152":{"pronunciation":"dam'-ar-is","unicode":"Δάμαρις","translit":"Dámaris","definition":"[Δάμαρις] probably from the base of {{g1150}}; perhaps gentle; Damaris, an Athenian woman","strongs_number":"g1152"},"g1153":{"pronunciation":"dam-as-kay-nos'","unicode":"Δαμασκηνός","translit":"Damaskēnós","definition":"[Δαμασκηνός] from {{g1154}}; a Damascene or inhabitant of Damascus","strongs_number":"g1153"},"g1154":{"pronunciation":"dam-as-kos'","unicode":"Δαμασκός","translit":"Damaskós","definition":"[Δαμασκός] of Hebrew origin ({{h1834}}); Damascus, a city of Syria","strongs_number":"g1154"},"g1155":{"pronunciation":"dan-ide'-zo","unicode":"δανείζω","translit":"daneízō","definition":"[δανείζω] from {{g1156}}; to loan on interest; reflexively, to borrow","strongs_number":"g1155"},"g1156":{"pronunciation":"dan'-i-on","unicode":"δάνειον","translit":"dáneion","definition":"[δάνειον] from δάνος (a gift); probably akin to the base of {{g1325}}; a loan","strongs_number":"g1156"},"g1157":{"pronunciation":"dan-ice-tace'","unicode":"δανειστής","translit":"daneistḗs","definition":"[δανειστής] from {{g1155}}; a lender","strongs_number":"g1157"},"g1158":{"pronunciation":"dan-ee-ale'","unicode":"Δανιήλ","translit":"Daniḗl","definition":"[Δανιήλ] of Hebrew origin ({{h1840}}); Daniel, an Israelite","strongs_number":"g1158"},"g1159":{"pronunciation":"dap-an-ah'-o","unicode":"δαπανάω","translit":"dapanáō","definition":"[δαπανάω] from {{g1160}}; to expend, i.e. (in a good sense) to incur cost, or (in a bad one) to waste","strongs_number":"g1159"},"g1160":{"pronunciation":"dap-an'-ay","unicode":"δαπάνη","translit":"dapánē","definition":"[δαπάνη] from δάπτω (to devour); expense (as consuming)","strongs_number":"g1160"},"g1161":{"pronunciation":"deh","unicode":"δέ","translit":"dé","definition":"[δέ] a primary particle (adversative or continuative); but, and, etc.","strongs_number":"g1161"},"g1162":{"pronunciation":"deh'-ay-sis","unicode":"δέησις","translit":"déēsis","definition":"[δέησις] from {{g1189}}; a petition","strongs_number":"g1162"},"g1163":{"pronunciation":"die","unicode":"δεῖ","translit":"deî","definition":"[δεῖ] 3rd person singular active present of {{g1210}}; also deon deh-on'; neuter active participle of the same; both used impersonally; it is (was, etc.) necessary (as binding)","strongs_number":"g1163"},"g1164":{"pronunciation":"digh'-mah","unicode":"δεῖγμα","translit":"deîgma","definition":"[δεῖγμα] from the base of {{g1166}}; a specimen (as shown)","strongs_number":"g1164"},"g1165":{"pronunciation":"digh-mat-id'-zo","unicode":"δειγματίζω","translit":"deigmatízō","definition":"[δειγματίζω] from {{g1164}}; to exhibit","strongs_number":"g1165"},"g1166":{"pronunciation":"dike-noo'-o","unicode":"δεικνύω","translit":"deiknýō","definition":"[δεικνύω] a prolonged form of an obsolete primary of the same meaning; to show (literally or figuratively)","strongs_number":"g1166"},"g1167":{"pronunciation":"di-lee'-ah","unicode":"δειλία","translit":"deilía","definition":"[δειλία] from {{g1169}}; timidity","strongs_number":"g1167"},"g1168":{"pronunciation":"di-lee-ah'-o","unicode":"δειλιάω","translit":"deiliáō","definition":"[δειλιάω] from {{g1167}}; to be timid","strongs_number":"g1168"},"g1169":{"pronunciation":"di-los'","unicode":"δειλός","translit":"deilós","definition":"[δειλός] from δεός (dread); timid, i.e. (by implication) faithless","strongs_number":"g1169"},"g1170":{"pronunciation":"di'-nah","unicode":"δεῖνα","translit":"deîna","definition":"[δεῖνα] probably from the same as {{g1171}} (through the idea of forgetting the name as fearful, i.e. strange); so and so (when the person is not specified)","strongs_number":"g1170"},"g1171":{"pronunciation":"di-noce'","unicode":"δεινῶς","translit":"deinōs","definition":"[δεινῶς] adverb from a derivative of the same as {{g1169}}; terribly, i.e. excessively","strongs_number":"g1171"},"g1172":{"pronunciation":"dipe-neh'-o","unicode":"δειπνέω","translit":"deipnéō","definition":"[δειπνέω] from {{g1173}}; to dine, i.e. take the principle (or evening) meal","strongs_number":"g1172"},"g1173":{"pronunciation":"dipe'-non","unicode":"δεῖπνον","translit":"deîpnon","definition":"[δεῖπνον] from the same as {{g1160}}; dinner, i.e. the chief meal (usually in the evening)","strongs_number":"g1173"},"g1174":{"pronunciation":"dice-ee-dahee-mon-es'-ter-os","unicode":"δεισιδαιμονέστερος","translit":"deisidaimonésteros","definition":"[δεισιδαιμονέστερος] the compound of a derivative of the base of {{g1169}} and {{g1142}}; more religious than others","strongs_number":"g1174"},"g1175":{"pronunciation":"dice-ee-dahee-mon-ee'-ah","unicode":"δεισιδαιμονία","translit":"deisidaimonía","definition":"[δεισιδαιμονία] from the same as {{g1174}}; religion","strongs_number":"g1175"},"g1176":{"pronunciation":"dek'-ah","unicode":"δέκα","translit":"déka","definition":"[δέκα] a primary number; ten","strongs_number":"g1176"},"g1177":{"pronunciation":"dek-ad-oo'-o","unicode":"δεκαδύο","translit":"dekadýo","definition":"[δεκαδύο] from {{g1176}} and {{g1417}}; two and ten, i.e. twelve","strongs_number":"g1177"},"g1178":{"pronunciation":"dek-ap-en'-teh","unicode":"δεκαπέντε","translit":"dekapénte","definition":"[δεκαπέντε] from {{g1176}} and {{g4002}}; ten and five, i.e. fifteen","strongs_number":"g1178"},"g1179":{"pronunciation":"dek-ap'-ol-is","unicode":"Δεκάπολις","translit":"Dekápolis","definition":"[Δεκάπολις] from {{g1176}} and {{g4172}}; the ten-city region; the Decapolis, a district in Syria","strongs_number":"g1179"},"g1180":{"pronunciation":"dek-at-es'-sar-es","unicode":"δεκατέσσαρες","translit":"dekatéssares","definition":"[δεκατέσσαρες] from {{g1176}} and {{g5064}}; ten and four, i.e. fourteen","strongs_number":"g1180"},"g1181":{"pronunciation":"dek-at'-ay","unicode":"δεκάτη","translit":"dekátē","definition":"[δεκάτη] feminine of {{g1182}}; a tenth, i.e. as a percentage or (technically) tithe","strongs_number":"g1181"},"g1182":{"pronunciation":"dek'-at-os","unicode":"δέκατος","translit":"dékatos","definition":"[δέκατος] ordinal from {{g1176}}; tenth","strongs_number":"g1182"},"g1183":{"pronunciation":"dek-at-o'-o","unicode":"δεκατόω","translit":"dekatóō","definition":"[δεκατόω] from {{g1181}}; to tithe, i.e. to give or take a tenth","strongs_number":"g1183"},"g1184":{"pronunciation":"dek-tos'","unicode":"δεκτός","translit":"dektós","definition":"[δεκτός] from {{g1209}}; approved; (figuratively) propitious","strongs_number":"g1184"},"g1185":{"pronunciation":"del-eh-ad'-zo","unicode":"δελεάζω","translit":"deleázō","definition":"[δελεάζω] from the base of {{g1388}}; to entrap, i.e. (figuratively) delude","strongs_number":"g1185"},"g1186":{"pronunciation":"den'-dron","unicode":"δένδρον","translit":"déndron","definition":"[δένδρον] probably from δρύς (an oak); a tree","strongs_number":"g1186"},"g1187":{"pronunciation":"dex-ee-ol-ab'-os","unicode":"δεξιολάβος","translit":"dexiolábos","definition":"[δεξιολάβος] from {{g1188}} and {{g2983}}; a guardsman (as if taking the right) or light-armed soldier","strongs_number":"g1187"},"g1188":{"pronunciation":"dex-ee-os'","unicode":"δεξιός","translit":"dexiós","definition":"[δεξιός] from {{g1209}}; the right side or (feminine) hand (as that which usually takes)","strongs_number":"g1188"},"g1189":{"pronunciation":"deh'-om-ahee","unicode":"δέομαι","translit":"déomai","definition":"[δέομαι] middle voice of {{g1210}}; to beg (as binding oneself), i.e. petition Compare {{g4441}}.","strongs_number":"g1189"},"g1190":{"pronunciation":"der-bah'-ee-os","unicode":"Δερβαῖος","translit":"Derbaîos","definition":"[Δερβαῖος] from {{g1191}}; a Derbæan or inhabitant of Derbe","strongs_number":"g1190"},"g1191":{"pronunciation":"der-bay'","unicode":"Δέρβη","translit":"Dérbē","definition":"[Δέρβη] of foreign origin; Derbe, a place in Asia Minor","strongs_number":"g1191"},"g1192":{"pronunciation":"der'-mah","unicode":"δέρμα","translit":"dérma","definition":"[δέρμα] from {{g1194}}; a hide","strongs_number":"g1192"},"g1193":{"pronunciation":"der-mat'-ee-nos","unicode":"δερμάτινος","translit":"dermátinos","definition":"[δερμάτινος] from {{g1192}}; made of hide","strongs_number":"g1193"},"g1194":{"pronunciation":"der'-o","unicode":"δέρω","translit":"dérō","definition":"[δέρω] a primary verb; properly, to flay, i.e. (by implication) to scourge, or (by analogy) to thrash","strongs_number":"g1194"},"g1195":{"pronunciation":"des-myoo'-o","unicode":"δεσμεύω","translit":"desmeúō","definition":"[δεσμεύω] from a (presumed) derivative of {{g1196}}; to be a binder (captor), i.e. to enchain (a prisoner), to tie on (a load)","strongs_number":"g1195"},"g1196":{"pronunciation":"des-meh'-o","unicode":"δεσμέω","translit":"desméō","definition":"[δεσμέω] from {{g1199}}; to tie, i.e. shackle","strongs_number":"g1196"},"g1197":{"pronunciation":"des-may'","unicode":"δέσμη","translit":"désmē","definition":"[δέσμη] from {{g1196}}; a bundle","strongs_number":"g1197"},"g1198":{"pronunciation":"des'-mee-os","unicode":"δέσμιος","translit":"désmios","definition":"[δέσμιος] from {{g1199}}; a captive (as bound)","strongs_number":"g1198"},"g1199":{"pronunciation":"des-mon'","unicode":"δεσμόν","translit":"desmón","definition":"[δεσμόν]   or δεσμόςneuter and masculine respectively from {{g1210}}; a band, i.e. ligament (of the body) or shackle (of a prisoner); figuratively, an impediment or disability","strongs_number":"g1199"},"g1200":{"pronunciation":"des-mof-oo'-lax","unicode":"δεσμοφύλαξ","translit":"desmophýlax","definition":"[δεσμοφύλαξ] from {{g1199}} and {{g5441}}; a jailer (as guarding the prisoners)","strongs_number":"g1200"}}