{"g1201":{"pronunciation":"des-mo-tay'-ree-on","unicode":"δεσμωτήριον","translit":"desmōtḗrion","definition":"[δεσμωτήριον] from a derivative of {{g1199}} (equivalent to {{g1196}}); a place of bondage, i.e. a dungeon","strongs_number":"g1201"},"g1202":{"pronunciation":"des-mo'-tace","unicode":"δεσμώτης","translit":"desmṓtēs","definition":"[δεσμώτης] from the same as {{g1201}}; (passively) a captive","strongs_number":"g1202"},"g1203":{"pronunciation":"des-pot'-ace","unicode":"δεσπότης","translit":"despótēs","definition":"[δεσπότης] perhaps from {{g1210}} and πόσις (a husband); an absolute ruler (\"despot\")","strongs_number":"g1203"},"g1204":{"pronunciation":"dyoo'-ro","unicode":"δεῦρο","translit":"deûro","definition":"[δεῦρο] of uncertain affinity; here; used also imperative hither!; and of time, hitherto","strongs_number":"g1204"},"g1205":{"pronunciation":"dyoo'-teh","unicode":"δεῦτε","translit":"deûte","definition":"[δεῦτε] from {{g1204}} and an imperative form of εἶμι (to go); come hither!","strongs_number":"g1205"},"g1206":{"pronunciation":"dyoo-ter-ah'-yos","unicode":"δευτεραῖος","translit":"deuteraîos","definition":"[δευτεραῖος] from {{g1208}}; secondary, i.e. (specially) on the second day","strongs_number":"g1206"},"g1207":{"pronunciation":"dyoo-ter-op'-ro-tos","unicode":"δευτερόπρωτος","translit":"deuteróprōtos","definition":"[δευτερόπρωτος] from {{g1208}} and {{g4413}}; second-first, i.e. (specially) a designation of the Sabbath immediately after the Paschal week (being the second after Passover day, and the first of the seven Sabbaths intervening before Pentecost)","strongs_number":"g1207"},"g1208":{"pronunciation":"dyoo'-ter-os","unicode":"δεύτερος","translit":"deúteros","definition":"[δεύτερος] as the comparative of {{g1417}}; (ordinal) second (in time, place, or rank; also adverb)","strongs_number":"g1208"},"g1209":{"pronunciation":"dekh'-om-ahee","unicode":"δέχομαι","translit":"déchomai","definition":"[δέχομαι] middle voice of a primary verb; to receive (in various applications, literally or figuratively) Compare {{g2983}}.","strongs_number":"g1209"},"g1210":{"pronunciation":"deh'-o","unicode":"δέω","translit":"déō","definition":"[δέω] a primary verb; to bind (in various applications, literally or figuratively) See also {{g1163}}, {{g1189}}.","strongs_number":"g1210"},"g1211":{"pronunciation":"day","unicode":"δή","translit":"dḗ","definition":"[δή] probably akin to {{g1161}}; a particle of emphasis or explicitness; now, then, etc.","strongs_number":"g1211"},"g1212":{"pronunciation":"day'-los","unicode":"δῆλος","translit":"dēlos","definition":"[δῆλος] of uncertain derivation; clear","strongs_number":"g1212"},"g1213":{"pronunciation":"day-lo'-o","unicode":"δηλόω","translit":"dēlóō","definition":"[δηλόω] from {{g1212}}; to make plain (by words)","strongs_number":"g1213"},"g1214":{"pronunciation":"day-mas'","unicode":"Δημᾶς","translit":"Dēmâs","definition":"[Δημᾶς] probably for {{g1216}}; Demas, a Christian","strongs_number":"g1214"},"g1215":{"pronunciation":"day-may-gor-eh'-o","unicode":"δημηγορέω","translit":"dēmēgoréō","definition":"[δημηγορέω] from a compound of {{g1218}} and {{g58}}; to be a people-gatherer, i.e. to address a public assembly","strongs_number":"g1215"},"g1216":{"pronunciation":"day-may'-tree-os","unicode":"Δημήτριος","translit":"Dēmḗtrios","definition":"[Δημήτριος] from Δημήτηρ (Ceres); Demetrius, the name of an Ephesian and of a Christian","strongs_number":"g1216"},"g1217":{"pronunciation":"day-me-oor-gos'","unicode":"δημιουργός","translit":"dēmiourgós","definition":"[δημιουργός] from {{g1218}} and {{g2041}}; a worker for the people, i.e. mechanic (spoken of the Creator)","strongs_number":"g1217"},"g1218":{"pronunciation":"day'-mos","unicode":"δῆμος","translit":"dēmos","definition":"[δῆμος] from {{g1210}}; the public (as bound together socially)","strongs_number":"g1218"},"g1219":{"pronunciation":"day-mos'ee-os","unicode":"δημόσιος","translit":"dēmósios","definition":"[δημόσιος] from {{g1218}}; public; (feminine singular dative case as adverb) in public","strongs_number":"g1219"},"g1220":{"pronunciation":"day-nar'-ee-on","unicode":"δηνάριον","translit":"dēnárion","definition":"[δηνάριον] of Latin origin; a denarius (or ten asses)","strongs_number":"g1220"},"g1221":{"pronunciation":"day'-pot-eh","unicode":"δήποτε","translit":"dḗpote","definition":"[δήποτε] from {{g1211}} and {{g4218}}; a particle of generalization; indeed, at any time","strongs_number":"g1221"},"g1222":{"pronunciation":"day'-poo","unicode":"δήπου","translit":"dḗpou","definition":"[δήπου] from {{g1211}} and {{g4225}}; a particle of asseveration; indeed doubtless","strongs_number":"g1222"},"g1223":{"pronunciation":"dee-ah'","unicode":"διά","translit":"diá","definition":"[διά] a primary preposition denoting the channel of an act; through (in very wide applications, local, causal, or occasional) In composition it retains the same general importance.","strongs_number":"g1223"},"g1224":{"pronunciation":"dee-ab-ah'-ee-no","unicode":"διαβαίνω","translit":"diabaínō","definition":"[διαβαίνω] from {{g1223}} and the base of {{g939}}; to cross","strongs_number":"g1224"},"g1225":{"pronunciation":"dee-ab-al'-lo","unicode":"διαβάλλω","translit":"diabállō","definition":"[διαβάλλω] from {{g1223}} and {{g906}}; (figuratively) to traduce","strongs_number":"g1225"},"g1226":{"pronunciation":"dee-ab-eb-ahee-o'-om-ahee","unicode":"διαβεβαιόομαι","translit":"diabebaióomai","definition":"[διαβεβαιόομαι] middle voice of a compound of {{g1223}} and {{g950}}; to confirm thoroughly (by words), i.e. asseverate","strongs_number":"g1226"},"g1227":{"pronunciation":"dee-ab-lep'-o","unicode":"διαβλέπω","translit":"diablépō","definition":"[διαβλέπω] from {{g1223}} and {{g991}}; to look through, i.e. recover full vision","strongs_number":"g1227"},"g1228":{"pronunciation":"dee-ab'-ol-os","unicode":"διάβολος","translit":"diábolos","definition":"[διάβολος] from {{g1225}}; a traducer; specially, Satan (compare {{h7854}})","strongs_number":"g1228"},"g1229":{"pronunciation":"de-ang-gel'-lo","unicode":"διαγγέλλω","translit":"diangéllō","definition":"[διαγγέλλω] from {{g1223}} and the base of {{g32}}; to herald thoroughly","strongs_number":"g1229"},"g1230":{"pronunciation":"dee-ag-in'-om-ahee","unicode":"διαγίνομαι","translit":"diagínomai","definition":"[διαγίνομαι] from {{g1223}} and {{g1096}}; to elapse meanwhile","strongs_number":"g1230"},"g1231":{"pronunciation":"dee-ag-in-o'-sko","unicode":"διαγινώσκω","translit":"diaginṓskō","definition":"[διαγινώσκω] from {{g1223}} and {{g1097}}; to know thoroughly, i.e. ascertain exactly","strongs_number":"g1231"},"g1232":{"pronunciation":"dee-ag-no-rid'-zo","unicode":"διαγνωρίζω","translit":"diagnōrízō","definition":"[διαγνωρίζω] from {{g1123}} and {{g1107}}; to tell abroad","strongs_number":"g1232"},"g1233":{"pronunciation":"dee-ag'-no-sis","unicode":"διάγνωσις","translit":"diágnōsis","definition":"[διάγνωσις] from {{g1231}}; (magisterial) examination (\"diagnosis\")","strongs_number":"g1233"},"g1234":{"pronunciation":"dee-ag-ong-good'-zo","unicode":"διαγογγύζω","translit":"diagongýzō","definition":"[διαγογγύζω] from {{g1223}} and {{g1111}}; to complain throughout a crowd","strongs_number":"g1234"},"g1235":{"pronunciation":"dee-ag-ray-gor-eh'-o","unicode":"διαγρηγορέω","translit":"diagrēgoréō","definition":"[διαγρηγορέω] from {{g1223}} and {{g1127}}; to waken thoroughly","strongs_number":"g1235"},"g1236":{"pronunciation":"dee-ag'-o","unicode":"διάγω","translit":"diágō","definition":"[διάγω] from {{g1223}} and {{g71}}; to pass time or life","strongs_number":"g1236"},"g1237":{"pronunciation":"dee-ad-ekh'-om-ahee","unicode":"διαδέχομαι","translit":"diadéchomai","definition":"[διαδέχομαι] from {{g1223}} and {{g1209}}; to receive in turn, i.e. (figuratively) succeed to","strongs_number":"g1237"},"g1238":{"pronunciation":"dee-ad'-ay-mah","unicode":"διάδημα","translit":"diádēma","definition":"[διάδημα] from a compound of {{g1223}} and {{g1210}}; a \"diadem\" (as bound about the head) Compare {{g4735}}.","strongs_number":"g1238"},"g1239":{"pronunciation":"dee-ad-id'-o-mee","unicode":"διαδίδωμι","translit":"diadídōmi","definition":"[διαδίδωμι] from {{g1223}} and {{g1325}}; to give throughout a crowd, i.e. deal out; also to deliver over (as to a successor)","strongs_number":"g1239"},"g1240":{"pronunciation":"dee-ad'-okh-os","unicode":"διάδοχος","translit":"diádochos","definition":"[διάδοχος] from {{g1237}}; a successor in office","strongs_number":"g1240"},"g1241":{"pronunciation":"dee-az-own'-noo-mee","unicode":"διαζώννυμι","translit":"diazṓnnymi","definition":"[διαζώννυμι] from {{g1223}} and {{g2224}}; to gird tightly","strongs_number":"g1241"},"g1242":{"pronunciation":"dee-ath-ay'-kay","unicode":"διαθήκη","translit":"diathḗkē","definition":"[διαθήκη] from {{g1303}}; properly, a disposition, i.e. (specially) a contract (especially a devisory will)","strongs_number":"g1242"},"g1243":{"pronunciation":"dee-ah'-ee-res-is","unicode":"διαίρεσις","translit":"diaíresis","definition":"[διαίρεσις] from {{g1244}}; a distinction or (concretely) variety","strongs_number":"g1243"},"g1244":{"pronunciation":"dee-ahee-reh'-o","unicode":"διαιρέω","translit":"diairéō","definition":"[διαιρέω] from {{g1223}} and {{g138}}; to separate, i.e. distribute","strongs_number":"g1244"},"g1245":{"pronunciation":"dee-ak-ath-ar-id'-zo","unicode":"διακαθαρίζω","translit":"diakatharízō","definition":"[διακαθαρίζω] from {{g1223}} and {{g2511}}; to cleanse perfectly, i.e. (specially) winnow","strongs_number":"g1245"},"g1246":{"pronunciation":"dee-ak-at-el-eng'-khom-ahee","unicode":"διακατελέγχομαι","translit":"diakatelénchomai","definition":"[διακατελέγχομαι] middle voice from {{g1223}} and a compound of {{g2596}} and {{g1651}}; to prove downright, i.e. confute","strongs_number":"g1246"},"g1247":{"pronunciation":"dee-ak-on-eh'-o","unicode":"διακονέω","translit":"diakonéō","definition":"[διακονέω] from {{g1249}}; to be an attendant, i.e. wait upon (menially or as a host, friend, or (figuratively) teacher); technically, to act as a Christian deacon","strongs_number":"g1247"},"g1248":{"pronunciation":"dee-ak-on-ee'-ah","unicode":"διακονία","translit":"diakonía","definition":"[διακονία] from {{g1249}}; attendance (as a servant, etc.); figuratively (eleemosynary) aid, (official) service (especially of the Christian teacher, or technically of the diaconate)","strongs_number":"g1248"},"g1249":{"pronunciation":"dee-ak'-on-os","unicode":"διάκονος","translit":"diákonos","definition":"[διάκονος] probably from an obsolete διάκω (to run on errands; compare {{g1377}}); an attendant, i.e. (genitive case) a waiter (at table or in other menial duties); specially, a Christian teacher and pastor (technically, a deacon or deaconess)","strongs_number":"g1249"},"g1250":{"pronunciation":"dee-ak-os'-ee-oy","unicode":"διακόσιοι","translit":"diakósioi","definition":"[διακόσιοι] from {{g1364}} and {{g1540}}; two hundred","strongs_number":"g1250"},"g1251":{"pronunciation":"dee-ak-oo'-om-ahee","unicode":"διακούομαι","translit":"diakoúomai","definition":"[διακούομαι] middle voice from {{g1223}} and {{g191}}; to hear throughout, i.e. patiently listen (to a prisoner's plea)","strongs_number":"g1251"},"g1252":{"pronunciation":"dee-ak-ree'-no","unicode":"διακρίνω","translit":"diakrínō","definition":"[διακρίνω] from {{g1223}} and {{g2919}}; to separate thoroughly, i.e. (literally and reflexively) to withdraw from, or (by implication) oppose; figuratively, to discriminate (by implication, decide), or (reflexively) hesitate","strongs_number":"g1252"},"g1253":{"pronunciation":"dee-ak'-ree-sis","unicode":"διάκρισις","translit":"diákrisis","definition":"[διάκρισις] from {{g1252}}; judicial estimation","strongs_number":"g1253"},"g1254":{"pronunciation":"dee-ak-o-loo'-o","unicode":"διακωλύω","translit":"diakōlýō","definition":"[διακωλύω] from {{g1223}} and {{g2967}}; to hinder altogether, i.e. utterly prohibit","strongs_number":"g1254"},"g1255":{"pronunciation":"dee-al-al-eh'-o","unicode":"διαλαλέω","translit":"dialaléō","definition":"[διαλαλέω] from {{g1223}} and {{g2980}}; to talk throughout a company, i.e. converse or (genitive case) publish","strongs_number":"g1255"},"g1256":{"pronunciation":"dee-al-eg'-om-ahee","unicode":"διαλέγομαι","translit":"dialégomai","definition":"[διαλέγομαι] middle voice from {{g1223}} and {{g3004}}; to say thoroughly, i.e. discuss (in argument or exhortation)","strongs_number":"g1256"},"g1257":{"pronunciation":"dee-al-i'-po","unicode":"διαλείπω","translit":"dialeípō","definition":"[διαλείπω] from {{g1223}} and {{g3007}}; to leave off in the middle, i.e. intermit","strongs_number":"g1257"},"g1258":{"pronunciation":"dee-al'-ek-tos","unicode":"διάλεκτος","translit":"diálektos","definition":"[διάλεκτος] from {{g1256}}; a (mode of) discourse, i.e. \"dialect\"","strongs_number":"g1258"},"g1259":{"pronunciation":"dee-al-las'-so","unicode":"διαλλάσσω","translit":"diallássō","definition":"[διαλλάσσω] from {{g1223}} and {{g236}}; to change thoroughly, i.e. (mentally) to conciliate","strongs_number":"g1259"},"g1260":{"pronunciation":"dee-al-og-id'-zom-ahee","unicode":"διαλογίζομαι","translit":"dialogízomai","definition":"[διαλογίζομαι] from {{g1223}} and {{g3049}}; to reckon thoroughly, i.e. (genitive case) to deliberate (by reflection or discussion)","strongs_number":"g1260"},"g1261":{"pronunciation":"dee-al-og-is-mos'","unicode":"διαλογισμός","translit":"dialogismós","definition":"[διαλογισμός] from {{g1260}}; discussion, i.e. (internal) consideration (by implication, purpose), or (external) debate","strongs_number":"g1261"},"g1262":{"pronunciation":"dee-al-oo'-o","unicode":"διαλύω","translit":"dialýō","definition":"[διαλύω] from {{g1223}} and {{g3089}}; to dissolve utterly","strongs_number":"g1262"},"g1263":{"pronunciation":"dee-am-ar-too'-rom-ahee","unicode":"διαμαρτύρομαι","translit":"diamartýromai","definition":"[διαμαρτύρομαι] from {{g1223}} and {{g3140}}; to attest or protest earnestly, or (by implication) hortatively","strongs_number":"g1263"},"g1264":{"pronunciation":"dee-am-akh'-om-ahee","unicode":"διαμάχομαι","translit":"diamáchomai","definition":"[διαμάχομαι] from {{g1223}} and {{g3164}}; to fight fiercely (in altercation)","strongs_number":"g1264"},"g1265":{"pronunciation":"dee-am-en'-o","unicode":"διαμένω","translit":"diaménō","definition":"[διαμένω] from {{g1223}} and {{g3306}}; to stay constantly (in being or relation)","strongs_number":"g1265"},"g1266":{"pronunciation":"dee-am-er-id'-zo","unicode":"διαμερίζω","translit":"diamerízō","definition":"[διαμερίζω] from {{g1223}} and {{g3307}}; to partition thoroughly (literally in distribution, figuratively in dissension)","strongs_number":"g1266"},"g1267":{"pronunciation":"dee-am-er-is-mos'","unicode":"διαμερισμός","translit":"diamerismós","definition":"[διαμερισμός] from {{g1266}}; disunion (of opinion and conduct)","strongs_number":"g1267"},"g1268":{"pronunciation":"dee-an-em'-o","unicode":"διανέμω","translit":"dianémō","definition":"[διανέμω] from {{g1223}} and the base of {{g3551}}; to distribute, i.e. (of information) to disseminate","strongs_number":"g1268"},"g1269":{"pronunciation":"dee-an-yoo'-o","unicode":"διανεύω","translit":"dianeúō","definition":"[διανεύω] from {{g1223}} and {{g3506}}; to nod (or express by signs) across an intervening space","strongs_number":"g1269"},"g1270":{"pronunciation":"dee-an-o'-ay-mah","unicode":"διανόημα","translit":"dianóēma","definition":"[διανόημα] from a compound of {{g1223}} and {{g3539}}; something thought through, i.e. a sentiment","strongs_number":"g1270"},"g1271":{"pronunciation":"dee-an'-oy-ah","unicode":"διάνοια","translit":"diánoia","definition":"[διάνοια] from {{g1223}} and {{g3563}}; deep thought, properly, the faculty (mind or its disposition), by implication, its exercise","strongs_number":"g1271"},"g1272":{"pronunciation":"dee-an-oy'-go","unicode":"διανοίγω","translit":"dianoígō","definition":"[διανοίγω] from {{g1223}} and {{g455}}; to open thoroughly, literally (as a first-born) or figuratively (to expound)","strongs_number":"g1272"},"g1273":{"pronunciation":"dee-an-ook-ter-yoo'-o","unicode":"διανυκτερεύω","translit":"dianyktereúō","definition":"[διανυκτερεύω] from {{g1223}} and a derivative of {{g3571}}; to sit up the whole night","strongs_number":"g1273"},"g1274":{"pronunciation":"dee-an-oo'-o","unicode":"διανύω","translit":"dianýō","definition":"[διανύω] from {{g1223}} and ἀνύω (to effect); to accomplish thoroughly","strongs_number":"g1274"},"g1275":{"pronunciation":"dee-ap-an-tos'","unicode":"διαπαντός","translit":"diapantós","definition":"[διαπαντός] from {{g1223}} and the genitive case of {{g3956}}; through all time, i.e. (adverbially) constantly","strongs_number":"g1275"},"g1276":{"pronunciation":"dee-ap-er-ah'-o","unicode":"διαπεράω","translit":"diaperáō","definition":"[διαπεράω] from {{g1223}} and a derivative of the base of {{g4008}}; to cross entirely","strongs_number":"g1276"},"g1277":{"pronunciation":"dee-ap-leh'-o","unicode":"διαπλέω","translit":"diapléō","definition":"[διαπλέω] from {{g1223}} and {{g4126}}; to sail through","strongs_number":"g1277"},"g1278":{"pronunciation":"dee-ap-on-eh'-o","unicode":"διαπονέω","translit":"diaponéō","definition":"[διαπονέω] from {{g1223}} and a derivative of {{g4192}}; to toil through, i.e. (passively) be worried","strongs_number":"g1278"},"g1279":{"pronunciation":"dee-ap-or-yoo'-om-ahee","unicode":"διαπορεύομαι","translit":"diaporeúomai","definition":"[διαπορεύομαι] from {{g1223}} and {{g4198}}; to travel through","strongs_number":"g1279"},"g1280":{"pronunciation":"dee-ap-or-eh'-o","unicode":"διαπορέω","translit":"diaporéō","definition":"[διαπορέω] from {{g1223}} and {{g639}}; to be thoroughly nonplussed","strongs_number":"g1280"},"g1281":{"pronunciation":"dee-ap-rag-mat-yoo'-om-ahee","unicode":"διαπραγματεύομαι","translit":"diapragmateúomai","definition":"[διαπραγματεύομαι] from {{g1223}} and {{g4231}}; to thoroughly occupy oneself, i.e. (transitively and by implication) to earn in business","strongs_number":"g1281"},"g1282":{"pronunciation":"dee-ap-ree'-o","unicode":"διαπρίω","translit":"diapríō","definition":"[διαπρίω] from {{g1223}} and the base of {{g4249}}; to saw asunder, i.e. (figuratively) to exasperate","strongs_number":"g1282"},"g1283":{"pronunciation":"dee-ar-pad'-zo","unicode":"διαρπάζω","translit":"diarpázō","definition":"[διαρπάζω] from {{g1223}} and {{g726}}; to seize asunder, i.e. plunder","strongs_number":"g1283"},"g1284":{"pronunciation":"dee-ar-hrayce'-so","unicode":"διαῤῥήσσω","translit":"diarrhḗssō","definition":"[διαῤῥήσσω] from {{g1223}} and {{g4486}}; to tear asunder","strongs_number":"g1284"},"g1285":{"pronunciation":"dee-as-af-eh'-o","unicode":"διασαφέω","translit":"diasaphéō","definition":"[διασαφέω] from {{g1223}} and σαφής (clear); to clear thoroughly, i.e. (figuratively) declare","strongs_number":"g1285"},"g1286":{"pronunciation":"dee-as-i'-o","unicode":"διασείω","translit":"diaseíō","definition":"[διασείω] from {{g1223}} and {{g4579}}; to shake thoroughly, i.e. (figuratively) to intimidate","strongs_number":"g1286"},"g1287":{"pronunciation":"dee-as-kor-pid'-zo","unicode":"διασκορπίζω","translit":"diaskorpízō","definition":"[διασκορπίζω] from {{g1223}} and {{g4650}}; to dissipate, i.e. (genitive case) to rout or separate; specially, to winnow; figuratively, to squander","strongs_number":"g1287"},"g1288":{"pronunciation":"dee-as-pah'-o","unicode":"διασπάω","translit":"diaspáō","definition":"[διασπάω] from {{g1223}} and {{g4685}}; to draw apart, i.e. sever or dismember","strongs_number":"g1288"},"g1289":{"pronunciation":"dee-as-pi'-ro","unicode":"διασπείρω","translit":"diaspeírō","definition":"[διασπείρω] from {{g1223}} and {{g4687}}; to sow throughout, i.e. (figuratively) distribute in foreign lands","strongs_number":"g1289"},"g1290":{"pronunciation":"dee-as-por-ah'","unicode":"διασπορά","translit":"diasporá","definition":"[διασπορά] from {{g1289}}; dispersion, i.e. (specially and concretely) the (converted) Israelite resident in Gentile countries","strongs_number":"g1290"},"g1291":{"pronunciation":"dee-as-tel'-lom-ahee","unicode":"διαστέλλομαι","translit":"diastéllomai","definition":"[διαστέλλομαι] middle voice from {{g1223}} and {{g4724}}; to set (oneself) apart (figuratively, distinguish), i.e. (by implication) to enjoin","strongs_number":"g1291"},"g1292":{"pronunciation":"dee-as'-tay-mah","unicode":"διάστημα","translit":"diástēma","definition":"[διάστημα] from {{g1339}}; an interval","strongs_number":"g1292"},"g1293":{"pronunciation":"dee-as-tol-ay'","unicode":"διαστολή","translit":"diastolḗ","definition":"[διαστολή] from {{g1291}}; a variation","strongs_number":"g1293"},"g1294":{"pronunciation":"dee-as-tref'-o","unicode":"διαστρέφω","translit":"diastréphō","definition":"[διαστρέφω] from {{g1223}} and {{g4762}}; to distort, i.e. (figuratively) misinterpret, or (morally) corrupt","strongs_number":"g1294"},"g1295":{"pronunciation":"dee-as-odze'-o","unicode":"διασώζω","translit":"diasṓzō","definition":"[διασώζω] from {{g1223}} and {{g4982}}; to save thoroughly, i.e. (by implication or analogy) to cure, preserve, rescue, etc.","strongs_number":"g1295"},"g1296":{"pronunciation":"dee-at-ag-ay'","unicode":"διαταγή","translit":"diatagḗ","definition":"[διαταγή] from {{g1299}}; arrangement, i.e. institution","strongs_number":"g1296"},"g1297":{"pronunciation":"dee-at'-ag-mah","unicode":"διάταγμα","translit":"diátagma","definition":"[διάταγμα] from {{g1299}}; an arrangement, i.e. (authoritative) edict","strongs_number":"g1297"},"g1298":{"pronunciation":"dee-at-ar-as'-so","unicode":"διαταράσσω","translit":"diatarássō","definition":"[διαταράσσω] from {{g1223}} and {{g5015}}; to disturb wholly, i.e. agitate (with alarm)","strongs_number":"g1298"},"g1299":{"pronunciation":"dee-at-as'-so","unicode":"διατάσσω","translit":"diatássō","definition":"[διατάσσω] from {{g1223}} and {{g5021}}; to arrange thoroughly, i.e. (specially) institute, prescribe, etc.","strongs_number":"g1299"},"g1300":{"pronunciation":"dee-at-el-eh'-o","unicode":"διατελέω","translit":"diateléō","definition":"[διατελέω] from {{g1223}} and {{g5055}}; to accomplish thoroughly, i.e. (subjectively) to persist","strongs_number":"g1300"}}