{"g1401":{"pronunciation":"doo'-los","unicode":"δοῦλος","translit":"doûlos","definition":"[δοῦλος] from {{g1210}}; a slave (literal or figurative, involuntary or voluntary; frequently, therefore in a qualified sense of subjection or subserviency)","strongs_number":"g1401"},"g1402":{"pronunciation":"doo-lo'-o","unicode":"δουλόω","translit":"doulóō","definition":"[δουλόω] from {{g1401}}; to enslave (literally or figuratively)","strongs_number":"g1402"},"g1403":{"pronunciation":"dokh-ay'","unicode":"δοχή","translit":"dochḗ","definition":"[δοχή] from {{g1209}}; a reception, i.e. convivial entertainment","strongs_number":"g1403"},"g1404":{"pronunciation":"drak'-own","unicode":"δράκων","translit":"drákōn","definition":"[δράκων] probably from an alternate form of δέρκομαι (to look); a fabulous kind of serpent (perhaps as supposed to fascinate)","strongs_number":"g1404"},"g1405":{"pronunciation":"dras'-som-ahee","unicode":"δράσσομαι","translit":"drássomai","definition":"[δράσσομαι] perhaps akin to the base of {{g1404}} (through the idea of capturing); to grasp, i.e. (figuratively) entrap","strongs_number":"g1405"},"g1406":{"pronunciation":"drakh-may'","unicode":"δραχμή","translit":"drachmḗ","definition":"[δραχμή] from {{g1405}}; a drachma or (silver) coin (as handled)","strongs_number":"g1406"},"g1407":{"pronunciation":"drep'-an-on","unicode":"δρέπανον","translit":"drépanon","definition":"[δρέπανον] from δρέπω (to pluck); a gathering hook (especially for harvesting)","strongs_number":"g1407"},"g1408":{"pronunciation":"drom'-os","unicode":"δρόμος","translit":"drómos","definition":"[δρόμος] from the alternate of {{g5143}}; a race, i.e. (figuratively) career","strongs_number":"g1408"},"g1409":{"pronunciation":"droo'-sil-lah","unicode":"Δρούσιλλα","translit":"Droúsilla","definition":"[Δρούσιλλα] a feminine diminutive of Drusus (a Roman name); Drusilla, a member of the Herodian family","strongs_number":"g1409"},"g1410":{"pronunciation":"doo'-nam-ahee","unicode":"δύναμαι","translit":"dýnamai","definition":"[δύναμαι] of uncertain affinity; to be able or possible","strongs_number":"g1410"},"g1411":{"pronunciation":"doo'-nam-is","unicode":"δύναμις","translit":"dýnamis","definition":"[δύναμις] from {{g1410}}; force (literally or figuratively); specially, miraculous power (usually by implication, a miracle itself)","strongs_number":"g1411"},"g1412":{"pronunciation":"doo-nam-o'-o","unicode":"δυναμόω","translit":"dynamóō","definition":"[δυναμόω] from {{g1411}}; to enable","strongs_number":"g1412"},"g1413":{"pronunciation":"doo-nas'-tace","unicode":"δυνάστης","translit":"dynástēs","definition":"[δυνάστης] from {{g1410}}; a ruler or officer","strongs_number":"g1413"},"g1414":{"pronunciation":"doo-nat-eh'-o","unicode":"δυνατέω","translit":"dynatéō","definition":"[δυνατέω] from {{g1415}}; to be efficient (figuratively)","strongs_number":"g1414"},"g1415":{"pronunciation":"doo-nat-os'","unicode":"δυνατός","translit":"dynatós","definition":"[δυνατός] from {{g1410}}; powerful or capable (literally or figuratively); neuter possible","strongs_number":"g1415"},"g1416":{"pronunciation":"doo'-no","unicode":"δύνω","translit":"dýnō","definition":"[δύνω]   or δῦμιprolonged forms of an obsolete primary      δύο (to sink); to go \"down\"","strongs_number":"g1416"},"g1417":{"pronunciation":"doo'-o","unicode":"δύο","translit":"dýo","definition":"[δύο] a primary numeral; \"two\"","strongs_number":"g1417"},"g1418":{"pronunciation":"doos","unicode":"δυσ-","translit":"dys-","definition":"[δυσ-] a primary inseparable particle of uncertain derivation; used only in composition as a prefix; hard, i.e. with difficulty","strongs_number":"g1418"},"g1419":{"pronunciation":"doos-bas'-tak-tos","unicode":"δυσβάστακτος","translit":"dysbástaktos","definition":"[δυσβάστακτος] from {{g1418}} and a derivative of {{g941}}; oppressive","strongs_number":"g1419"},"g1420":{"pronunciation":"doos-en-ter-ee'-ah","unicode":"δυσεντερία","translit":"dysentería","definition":"[δυσεντερία] from {{g1418}} and a comparative of {{g1787}} (meaning a bowel); a \"dysentery\"","strongs_number":"g1420"},"g1421":{"pronunciation":"doos-er-mane'-yoo-tos","unicode":"δυσερμήνευτος","translit":"dysermḗneutos","definition":"[δυσερμήνευτος] from {{g1418}} and a presumed derivative of {{g2059}}; difficult of explanation","strongs_number":"g1421"},"g1422":{"pronunciation":"doo'-kol-os","unicode":"δύσκολος","translit":"dýskolos","definition":"[δύσκολος] from {{g1418}} and κόλον (food); properly, fastidious about eating (peevish), i.e. (genitive case) impracticable","strongs_number":"g1422"},"g1423":{"pronunciation":"doos-kol'-oce","unicode":"δυσκόλως","translit":"dyskólōs","definition":"[δυσκόλως] adverb from {{g1422}}; impracticably","strongs_number":"g1423"},"g1424":{"pronunciation":"doos-may'","unicode":"δυσμή","translit":"dysmḗ","definition":"[δυσμή] from {{g1416}}; the sun-set, i.e. (by implication) the western region","strongs_number":"g1424"},"g1425":{"pronunciation":"doos-no'-ay-tos","unicode":"δυσνόητος","translit":"dysnóētos","definition":"[δυσνόητος] from {{g1418}} and a derivative of {{g3539}}; difficult of perception","strongs_number":"g1425"},"g1426":{"pronunciation":"doos-fay-mee'-ah","unicode":"δυσφημία","translit":"dysphēmía","definition":"[δυσφημία] from a compound of {{g1418}} and {{g5345}}; defamation","strongs_number":"g1426"},"g1427":{"pronunciation":"do'-dek-ah","unicode":"δώδεκα","translit":"dṓdeka","definition":"[δώδεκα] from {{g1417}} and {{g1176}}; two and ten, i.e. a dozen","strongs_number":"g1427"},"g1428":{"pronunciation":"do-dek'-at-os","unicode":"δωδέκατος","translit":"dōdékatos","definition":"[δωδέκατος] from {{g1427}}; twelfth","strongs_number":"g1428"},"g1429":{"pronunciation":"do-dek-af'-oo-lon","unicode":"δωδεκάφυλον","translit":"dōdekáphylon","definition":"[δωδεκάφυλον] from {{g1427}} and {{g5443}}; the commonwealth of Israel","strongs_number":"g1429"},"g1430":{"pronunciation":"do'-mah","unicode":"δῶμα","translit":"dōma","definition":"[δῶμα] from δέμω (to build); properly, an edifice, i.e. (specially) a roof","strongs_number":"g1430"},"g1431":{"pronunciation":"do-reh-ah'","unicode":"δωρεά","translit":"dōreá","definition":"[δωρεά] from {{g1435}}; a gratuity","strongs_number":"g1431"},"g1432":{"pronunciation":"do-reh-an'","unicode":"δωρεάν","translit":"dōreán","definition":"[δωρεάν] accusative case of {{g1431}} as adverb; gratuitously (literally or figuratively)","strongs_number":"g1432"},"g1433":{"pronunciation":"do-reh'-om-ahee","unicode":"δωρέομαι","translit":"dōréomai","definition":"[δωρέομαι] middle voice from {{g1435}}; to bestow gratuitously","strongs_number":"g1433"},"g1434":{"pronunciation":"do'-ray-mah","unicode":"δώρημα","translit":"dṓrēma","definition":"[δώρημα] from {{g1433}}; a bestowment","strongs_number":"g1434"},"g1435":{"pronunciation":"do'-ron","unicode":"δῶρον","translit":"dōron","definition":"[δῶρον] a present; specially, a sacrifice","strongs_number":"g1435"},"g1436":{"pronunciation":"eh'-ah","unicode":"ἔα","translit":"éa","definition":"[ἔα] apparent imperative of {{g1439}}; properly, let it be, i.e. (as interjection) aha!","strongs_number":"g1436"},"g1437":{"pronunciation":"eh-an'","unicode":"ἐάν","translit":"eán","definition":"[ἐάν] from {{g1487}} and {{g302}}; a conditional particle; in case that, provided, etc.; often used in connection with other particles to denote indefiniteness or uncertainty See {{g3361}}.","strongs_number":"g1437"},"g1438":{"pronunciation":"heh-ow-too'","unicode":"ἑαυτοῦ","translit":"heautoû","definition":"[ἑαυτοῦ] from a reflexive pronoun otherwise obsolete and the genitive case (dative case or accusative case) of {{g846}}; him- (her-, it-, them-, also (in conjunction with the personal pronoun of the other persons) my-, thy-, our-, your-) self (selves), etc.","strongs_number":"g1438"},"g1439":{"pronunciation":"eh-ah'-o","unicode":"ἐάω","translit":"eáō","definition":"[ἐάω] of uncertain affinity; to let be, i.e. permit or leave alone See also {{g1436}}.","strongs_number":"g1439"},"g1440":{"pronunciation":"heb-dom-ay'-kon-tah","unicode":"ἑβδομήκοντα","translit":"hebdomḗkonta","definition":"[ἑβδομήκοντα] from {{g1442}} and a modified form of {{g1176}}; seventy","strongs_number":"g1440"},"g1441":{"pronunciation":"heb-dom-ay-kon-tak-is","unicode":"ἑβδομηκοντάκις","translit":"hebdomēkontákis","definition":"[ἑβδομηκοντάκις] multiple adverb from {{g1440}}; seventy times","strongs_number":"g1441"},"g1442":{"pronunciation":"heb'-dom-os","unicode":"ἕβδομος","translit":"hébdomos","definition":"[ἕβδομος] ordinal from {{g2033}}; seventh","strongs_number":"g1442"},"g1443":{"pronunciation":"eb-er'","unicode":"Ἐβέρ","translit":"Ebér","definition":"[Ἐβέρ] of Hebrew origin ({{h5677}}); Eber, a patriarch","strongs_number":"g1443"},"g1444":{"pronunciation":"heb-rah-ee-kos'","unicode":"Ἑβραϊκός","translit":"Hebraïkós","definition":"[Ἑβραϊκός] from {{g1443}}; Hebraic or the Jewish language","strongs_number":"g1444"},"g1445":{"pronunciation":"heb-rah'-yos","unicode":"Ἑβραῖος","translit":"Hebraîos","definition":"[Ἑβραῖος] from {{g1443}}; a Hebræan (i.e. Hebrew) or Jew","strongs_number":"g1445"},"g1446":{"pronunciation":"heb-rah-is'","unicode":"Ἑβραΐς","translit":"Hebraḯs","definition":"[Ἑβραΐς] from {{g1443}}; the Hebraistic (Hebrew) or Jewish (Chaldee) language","strongs_number":"g1446"},"g1447":{"pronunciation":"heb-rah-is-tee'","unicode":"Ἑβραϊστί","translit":"Hebraïstí","definition":"[Ἑβραϊστί] adverb from {{g1446}}; Hebraistically or in the Jewish (Chaldee) language","strongs_number":"g1447"},"g1448":{"pronunciation":"eng-id'-zo","unicode":"ἐγγίζω","translit":"engízō","definition":"[ἐγγίζω] from {{g1451}}; to make near, i.e. (reflexively) approach","strongs_number":"g1448"},"g1449":{"pronunciation":"eng-graf'-o","unicode":"ἐγγράφω","translit":"engráphō","definition":"[ἐγγράφω] from {{g1722}} and {{g1125}}; to \"engrave\", i.e. inscribe","strongs_number":"g1449"},"g1450":{"pronunciation":"eng'-goo-os","unicode":"ἔγγυος","translit":"éngyos","definition":"[ἔγγυος] from {{g1722}} and γυῖον (a limb); pledged (as if articulated by a member), i.e. a bondsman","strongs_number":"g1450"},"g1451":{"pronunciation":"eng-goos'","unicode":"ἐγγύς","translit":"engýs","definition":"[ἐγγύς] from a primary verb ἄγχω (to squeeze or throttle; akin to the base of {{g43}}); near (literally or figuratively, of place or time)","strongs_number":"g1451"},"g1452":{"pronunciation":"eng-goo'-ter-on","unicode":"ἐγγύτερον","translit":"engýteron","definition":"[ἐγγύτερον] neuter of the comparative of {{g1451}}; nearer","strongs_number":"g1452"},"g1453":{"pronunciation":"eg-i'-ro","unicode":"ἐγείρω","translit":"egeírō","definition":"[ἐγείρω] probably akin to the base of {{g58}} (through the idea of collecting one's faculties); to waken (transitively or intransitively), i.e. rouse (literally, from sleep, from sitting or lying, from disease, from death; or figuratively, from obscurity, inactivity, ruins, nonexistence)","strongs_number":"g1453"},"g1454":{"pronunciation":"eg'-er-sis","unicode":"ἔγερσις","translit":"égersis","definition":"[ἔγερσις] from {{g1453}}; a resurgence (from death)","strongs_number":"g1454"},"g1455":{"pronunciation":"eng-kath'-et-os","unicode":"ἐγκάθετος","translit":"enkáthetos","definition":"[ἐγκάθετος] from {{g1722}} and a derivative of {{g2524}}; subinduced, i.e. surreptitiously suborned as a lier-in-wait","strongs_number":"g1455"},"g1456":{"pronunciation":"eng-kah'-ee-nee-ah","unicode":"ἐγκαίνια","translit":"enkaínia","definition":"[ἐγκαίνια] neuter plural of a presumed compound from {{g1722}} and {{g2537}}; innovatives, i.e. (specially) renewal (of religious services after the Antiochian interruption)","strongs_number":"g1456"},"g1457":{"pronunciation":"eng-kahee-nid'-zo","unicode":"ἐγκαινίζω","translit":"enkainízō","definition":"[ἐγκαινίζω] from {{g1456}}; to renew, i.e. inaugurate","strongs_number":"g1457"},"g1458":{"pronunciation":"eng-kal-eh'-o","unicode":"ἐγκαλέω","translit":"enkaléō","definition":"[ἐγκαλέω] from {{g1722}} and {{g2564}}; to call in (as a debt or demand), i.e. bring to account (charge, criminate, etc.)","strongs_number":"g1458"},"g1459":{"pronunciation":"eng-kat-al-i'-po","unicode":"ἐγκαταλείπω","translit":"enkataleípō","definition":"[ἐγκαταλείπω] from {{g1722}} and {{g2641}}; to leave behind in some place, i.e. (in a good sense) let remain over, or (in a bad sense) to desert","strongs_number":"g1459"},"g1460":{"pronunciation":"eng-kat-oy-keh'-o","unicode":"ἐγκατοικέω","translit":"enkatoikéō","definition":"[ἐγκατοικέω] from {{g1722}} and {{g2730}}; to settle down in a place, i.e. reside","strongs_number":"g1460"},"g1461":{"pronunciation":"eng-ken-trid'-zo","unicode":"ἐγκεντρίζω","translit":"enkentrízō","definition":"[ἐγκεντρίζω] from {{g1722}} and a derivative of {{g2759}}; to prick in, i.e. ingraft","strongs_number":"g1461"},"g1462":{"pronunciation":"eng'-klay-mah","unicode":"ἔγκλημα","translit":"énklēma","definition":"[ἔγκλημα] from {{g1458}}; an accusation, i.e. offence alleged","strongs_number":"g1462"},"g1463":{"pronunciation":"eng-kom-bo'-om-ahee","unicode":"ἐγκομβόομαι","translit":"enkombóomai","definition":"[ἐγκομβόομαι] middle voice from {{g1722}} and κομβόω (to gird); to engirdle oneself (for labor), i.e. figuratively (the apron as being a badge of servitude) to wear (in token of mutual deference)","strongs_number":"g1463"},"g1464":{"pronunciation":"eng-kop-ay'","unicode":"ἐγκοπή","translit":"enkopḗ","definition":"[ἐγκοπή] from {{g1465}}; a hindrance","strongs_number":"g1464"},"g1465":{"pronunciation":"eng-kop'-to","unicode":"ἐγκόπτω","translit":"enkóptō","definition":"[ἐγκόπτω] from {{g1722}} and {{g2875}}; to cut into, i.e. (figuratively) impede, detain","strongs_number":"g1465"},"g1466":{"pronunciation":"eng-krat'-i-ah","unicode":"ἐγκράτεια","translit":"enkráteia","definition":"[ἐγκράτεια] from {{g1468}}; self-control (especially continence)","strongs_number":"g1466"},"g1467":{"pronunciation":"eng-krat-yoo'-om-ahee","unicode":"ἐγκρατεύομαι","translit":"enkrateúomai","definition":"[ἐγκρατεύομαι] middle voice from {{g1468}}; to exercise self-restraint (in diet and chastity)","strongs_number":"g1467"},"g1468":{"pronunciation":"eng-krat-ace'","unicode":"ἐγκρατής","translit":"enkratḗs","definition":"[ἐγκρατής] from {{g1722}} and {{g2904}}; strong in a thing (masterful), i.e. (figuratively and reflexively) self-controlled (in appetite, etc.)","strongs_number":"g1468"},"g1469":{"pronunciation":"eng-kree'-no","unicode":"ἐγκρίνω","translit":"enkrínō","definition":"[ἐγκρίνω] from {{g1722}} and {{g2919}}; to judge in, i.e. count among","strongs_number":"g1469"},"g1470":{"pronunciation":"eng-kroop'-to","unicode":"ἐγκρύπτω","translit":"enkrýptō","definition":"[ἐγκρύπτω] from {{g1722}} and {{g2928}}; to conceal in, i.e. incorporate with","strongs_number":"g1470"},"g1471":{"pronunciation":"eng'-koo-os","unicode":"ἔγκυος","translit":"énkyos","definition":"[ἔγκυος] from {{g1722}} and the base of {{g2949}}; swelling inside, i.e. pregnant","strongs_number":"g1471"},"g1472":{"pronunciation":"eng-khree'-o","unicode":"ἐγχρίω","translit":"enchríō","definition":"[ἐγχρίω] from {{g1722}} and {{g5548}}; to rub in (oil), i.e. besmear","strongs_number":"g1472"},"g1473":{"pronunciation":"eg-o'","unicode":"ἐγώ","translit":"egṓ","definition":"[ἐγώ] a primary pronoun of the first person I (only expressed when emphatic) For the other cases and the plural see {{g1691}}, {{g1698}}, {{g1700}}, {{g2248}}, {{g2249}}, {{g2254}}, {{g2257}}, etc.","strongs_number":"g1473"},"g1474":{"pronunciation":"ed-af-id'-zo","unicode":"ἐδαφίζω","translit":"edaphízō","definition":"[ἐδαφίζω] from {{g1475}}; to raze","strongs_number":"g1474"},"g1475":{"pronunciation":"ed'-af-os","unicode":"ἔδαφος","translit":"édaphos","definition":"[ἔδαφος] from the base of {{g1476}}; a basis (bottom), i.e. the soil","strongs_number":"g1475"},"g1476":{"pronunciation":"hed-rah'-yos","unicode":"ἑδραῖος","translit":"hedraîos","definition":"[ἑδραῖος] from a derivative of ἕζομαι (to sit); sedentary, i.e. (by implication) immovable","strongs_number":"g1476"},"g1477":{"pronunciation":"hed-rah'-yo-mah","unicode":"ἑδραίωμα","translit":"hedraíōma","definition":"[ἑδραίωμα] from a derivative of {{g1476}}; a support, i.e. (figuratively) basis","strongs_number":"g1477"},"g1478":{"pronunciation":"ed-zek-ee'-as","unicode":"Ἐζεκίας","translit":"Ezekías","definition":"[Ἐζεκίας] of Hebrew origin ({{h2396}}); Ezekias (i.e. Hezekeiah), an Israelite","strongs_number":"g1478"},"g1479":{"pronunciation":"eth-el-oth-race-ki'-ah","unicode":"ἐθελοθρησκεία","translit":"ethelothrēskeía","definition":"[ἐθελοθρησκεία] from {{g2309}} and {{g2356}}; voluntary (arbitrary and unwarranted) piety, i.e. sanctimony","strongs_number":"g1479"},"g1480":{"pronunciation":"eth-id'-zo","unicode":"ἐθίζω","translit":"ethízō","definition":"[ἐθίζω] from {{g1485}}; to accustom, i.e. (neuter passive participle) customary","strongs_number":"g1480"},"g1481":{"pronunciation":"eth-nar'-khace","unicode":"ἐθνάρχης","translit":"ethnárchēs","definition":"[ἐθνάρχης] from {{g1484}} and {{g746}}; the governor (not king) of a district","strongs_number":"g1481"},"g1482":{"pronunciation":"eth-nee-kos'","unicode":"ἐθνικός","translit":"ethnikós","definition":"[ἐθνικός] from {{g1484}}; national (\"ethnic\"), i.e. (specially) a Gentile","strongs_number":"g1482"},"g1483":{"pronunciation":"eth-nee-koce'","unicode":"ἐθνικῶς","translit":"ethnikōs","definition":"[ἐθνικῶς] adverb from {{g1482}}; as a Gentile","strongs_number":"g1483"},"g1484":{"pronunciation":"eth'-nos","unicode":"ἔθνος","translit":"éthnos","definition":"[ἔθνος] probably from {{g1486}}; a race (as of the same habit), i.e. a tribe; specially, a foreign (non-Jewish) one (usually, by implication, pagan)","strongs_number":"g1484"},"g1485":{"pronunciation":"eth'-os","unicode":"ἔθος","translit":"éthos","definition":"[ἔθος] from {{g1486}}; a usage (prescribed by habit or law)","strongs_number":"g1485"},"g1486":{"pronunciation":"eth'-o","unicode":"ἔθω","translit":"éthō","definition":"[ἔθω] a primary verb; to be used (by habit or conventionality); neuter perfect participle usage","strongs_number":"g1486"},"g1487":{"pronunciation":"i","unicode":"εἰ","translit":"ei","definition":"[εἰ] a primary particle of conditionality; if, whether, that, etc. Often used in connection or composition with other particles, especially as in {{g1489}}, {{g1490}}, {{g1499}}, {{g1508}}, {{g1509}}, {{g1512}}, {{g1513}}, {{g1536}}, {{g1537}}. See also {{g1437}}.","strongs_number":"g1487"},"g1488":{"pronunciation":"i","unicode":"εἶ","translit":"eî","definition":"[εἶ] second person singular present of {{g1510}}; thou art","strongs_number":"g1488"},"g1489":{"pronunciation":"i'-gheh","unicode":"εἴγε","translit":"eíge","definition":"[εἴγε] from {{g1487}} and {{g1065}}; if indeed, seeing that, unless, (with negative) otherwise","strongs_number":"g1489"},"g1490":{"pronunciation":"i deh may'-(gheh)","unicode":"εἰ δὲ μή(γε)","translit":"ei dè mḗ(ge)","definition":"[εἰ δὲ μή(γε)] from {{g1487}}, {{g1161}}, and {{g3361}} (sometimes with {{g1065}} added); but if not","strongs_number":"g1490"},"g1491":{"pronunciation":"i'-dos","unicode":"εἶδος","translit":"eîdos","definition":"[εἶδος] from {{g1492}}; a view, i.e. form (literally or figuratively)","strongs_number":"g1491"},"g1492":{"pronunciation":"i'-do","unicode":"εἴδω","translit":"eídō","definition":"[εἴδω] a primary verb; used only in certain past tenses, the others being borrowed from the equivalent {{g3700}} and {{g3708}}; properly, to see (literally or figuratively); by implication, (in the perfect tense only) to know Compare {{g3700}}.","strongs_number":"g1492"},"g1493":{"pronunciation":"i-do-li'-on","unicode":"εἰδωλεῖον","translit":"eidōleîon","definition":"[εἰδωλεῖον] neuter of a presumed derivative of {{g1497}}; an image-fane","strongs_number":"g1493"},"g1494":{"pronunciation":"i-do-loth'-oo-ton","unicode":"εἰδωλόθυτον","translit":"eidōlóthyton","definition":"[εἰδωλόθυτον] neuter of a compound of {{g1497}} and a presumed derivative of {{g2380}}; an image-sacrifice, i.e. part of an idolatrous offering","strongs_number":"g1494"},"g1495":{"pronunciation":"i-do-lol-at-ri'-ah","unicode":"εἰδωλολατρεία","translit":"eidōlolatreía","definition":"[εἰδωλολατρεία] from {{g1497}} and {{g2999}}; image-worship (literally or figuratively)","strongs_number":"g1495"},"g1496":{"pronunciation":"i-do-lol-at'-race","unicode":"εἰδωλολάτρης","translit":"eidōlolátrēs","definition":"[εἰδωλολάτρης] from {{g1497}} and the base of {{g3000}}; an image- (servant or) worshipper (literally or figuratively)","strongs_number":"g1496"},"g1497":{"pronunciation":"i'-do-lon","unicode":"εἴδωλον","translit":"eídōlon","definition":"[εἴδωλον] from {{g1491}}; an image (i.e. for worship); by implication, a heathen god, or (plural) the worship of such","strongs_number":"g1497"},"g1498":{"pronunciation":"i'-ane","unicode":"εἴην","translit":"eíēn","definition":"[εἴην] optative (i.e. English subjunctive) present of {{g1510}} (including the other person); might (could, would, or should) be","strongs_number":"g1498"},"g1499":{"pronunciation":"i kahee","unicode":"εἰ καί","translit":"ei kaí","definition":"[εἰ καί] from {{g1487}} and {{g2532}}; if also (or even)","strongs_number":"g1499"},"g1500":{"pronunciation":"i-kay'","unicode":"εἰκῆ","translit":"eikē","definition":"[εἰκῆ] probably from {{g1502}} (through the idea of failure); idly, i.e. without reason (or effect)","strongs_number":"g1500"}}