{"g1801":{"pronunciation":"en-o-tid'-zom-ahee","unicode":"ἐνωτίζομαι","translit":"enōtízomai","definition":"[ἐνωτίζομαι] middle voice from a compound of {{g1722}} and {{g3775}}; to take in one's ear, i.e. to listen","strongs_number":"g1801"},"g1802":{"pronunciation":"en-oke'","unicode":"Ἐνώχ","translit":"Enṓch","definition":"[Ἐνώχ] of Hebrew origin ({{h2585}}); Enoch (i.e. Chanok), an antediluvian","strongs_number":"g1802"},"g1803":{"pronunciation":"hex","unicode":"ἕξ","translit":"héx","definition":"[ἕξ] a primary numeral; six","strongs_number":"g1803"},"g1804":{"pronunciation":"ex-ang-el'-lo","unicode":"ἐξαγγέλλω","translit":"exangéllō","definition":"[ἐξαγγέλλω] from {{g1537}} and the base of {{g32}}; to publish, i.e. celebrate","strongs_number":"g1804"},"g1805":{"pronunciation":"ex-ag-or-ad'-zo","unicode":"ἐξαγοράζω","translit":"exagorázō","definition":"[ἐξαγοράζω] from {{g1537}} and {{g59}}; to buy up, i.e. ransom; figuratively, to rescue from loss (improve opportunity)","strongs_number":"g1805"},"g1806":{"pronunciation":"ex-ag'-o","unicode":"ἐξάγω","translit":"exágō","definition":"[ἐξάγω] from {{g1537}} and {{g71}}; to lead forth","strongs_number":"g1806"},"g1807":{"pronunciation":"ex-ahee-reh'-o","unicode":"ἐξαιρέω","translit":"exairéō","definition":"[ἐξαιρέω] from {{g1537}} and {{g138}}; actively, to tear out; middle voice, to select; figuratively, to release","strongs_number":"g1807"},"g1808":{"pronunciation":"ex-ah'-ee-ro","unicode":"ἐξαίρω","translit":"exaírō","definition":"[ἐξαίρω] from {{g1537}} and {{g142}}; to remove","strongs_number":"g1808"},"g1809":{"pronunciation":"ex-ahee-teh'-om-ahee","unicode":"ἐξαιτέομαι","translit":"exaitéomai","definition":"[ἐξαιτέομαι] middle voice from {{g1537}} and {{g154}}; to demand (for trial)","strongs_number":"g1809"},"g1810":{"pronunciation":"ex-ah'-eef-nace","unicode":"ἐξαίφνης","translit":"exaíphnēs","definition":"[ἐξαίφνης] from {{g1537}} and the base of {{g160}}; of a sudden (unexpectedly) Compare {{g1819}}.","strongs_number":"g1810"},"g1811":{"pronunciation":"ex-ak-ol-oo-theh'-o","unicode":"ἐξακολουθέω","translit":"exakolouthéō","definition":"[ἐξακολουθέω] from {{g1537}} and {{g190}}; to follow out, i.e. (figuratively) to imitate, obey, yield to","strongs_number":"g1811"},"g1812":{"pronunciation":"hex-ak-os'-ee-oy","unicode":"ἑξακόσιοι","translit":"hexakósioi","definition":"[ἑξακόσιοι] plural ordinal from {{g1803}} and {{g1540}}; six hundred","strongs_number":"g1812"},"g1813":{"pronunciation":"ex-al-i'-fo","unicode":"ἐξαλείφω","translit":"exaleíphō","definition":"[ἐξαλείφω] from {{g1537}} and {{g218}}; to smear out, i.e. obliterate (erase tears, figuratively, pardon sin)","strongs_number":"g1813"},"g1814":{"pronunciation":"ex-al'-lom-ahee","unicode":"ἐξάλλομαι","translit":"exállomai","definition":"[ἐξάλλομαι] from {{g1537}} and {{g242}}; to spring forth ","strongs_number":"g1814"},"g1815":{"pronunciation":"ex-an-as'-tas-is","unicode":"ἐξανάστασις","translit":"exanástasis","definition":"[ἐξανάστασις] from {{g1817}}; a rising from death","strongs_number":"g1815"},"g1816":{"pronunciation":"ex-an-at-el'-lo","unicode":"ἐξανατέλλω","translit":"exanatéllō","definition":"[ἐξανατέλλω] from {{g1537}} and {{g393}}; to start up out of the ground, i.e. germinate","strongs_number":"g1816"},"g1817":{"pronunciation":"ex-an-is'-tay-mee","unicode":"ἐξανίστημι","translit":"exanístēmi","definition":"[ἐξανίστημι] from {{g1537}} and {{g450}}; objectively, to produce, i.e. (figuratively) beget; subjectively, to arise, i.e. (figuratively) object","strongs_number":"g1817"},"g1818":{"pronunciation":"ex-ap-at-ah'-o","unicode":"ἐξαπατάω","translit":"exapatáō","definition":"[ἐξαπατάω] from {{g1537}} and {{g538}}; to seduce wholly","strongs_number":"g1818"},"g1819":{"pronunciation":"ex-ap'-ee-nah","unicode":"ἐξάπινα","translit":"exápina","definition":"[ἐξάπινα] from {{g1537}} and a derivative of the same as {{g160}}; of a sudden, i.e. unexpectedly Compare {{g1810}}.","strongs_number":"g1819"},"g1820":{"pronunciation":"ex-ap-or-eh'-om-ahee","unicode":"ἐξαπορέομαι","translit":"exaporéomai","definition":"[ἐξαπορέομαι] middle voice from {{g1537}} and {{g639}}; to be utterly at a loss, i.e. despond","strongs_number":"g1820"},"g1821":{"pronunciation":"ex-ap-os-tel'-lo","unicode":"ἐξαποστέλλω","translit":"exapostéllō","definition":"[ἐξαποστέλλω] from {{g1537}} and {{g649}}; to send away forth, i.e. (on a mission) to despatch, or (peremptorily) to dismiss","strongs_number":"g1821"},"g1822":{"pronunciation":"ex-ar-tid'-zo","unicode":"ἐξαρτίζω","translit":"exartízō","definition":"[ἐξαρτίζω] from {{g1537}} and a derivative of {{g739}}; to finish out (time); figuratively, to equip fully (a teacher)","strongs_number":"g1822"},"g1823":{"pronunciation":"ex-as-trap'-to","unicode":"ἐξαστράπτω","translit":"exastráptō","definition":"[ἐξαστράπτω] from {{g1537}} and {{g797}}; to lighten forth, i.e. (figuratively) to be radiant (of very white garments)","strongs_number":"g1823"},"g1824":{"pronunciation":"ex-ow'-tace","unicode":"ἐξαυτῆς","translit":"exautēs","definition":"[ἐξαυτῆς] from {{g1537}} and the genitive case singular feminine of {{g846}} ({{g5610}} being understood); from that hour, i.e. instantly","strongs_number":"g1824"},"g1825":{"pronunciation":"ex-eg-i'-ro","unicode":"ἐξεγείρω","translit":"exegeírō","definition":"[ἐξεγείρω] from {{g1537}} and {{g1453}}; to rouse fully, i.e. (figuratively) to resuscitate (from death), release (from infliction)","strongs_number":"g1825"},"g1826":{"pronunciation":"ex'-i-mee","unicode":"ἔξειμι","translit":"éxeimi","definition":"[ἔξειμι] from {{g1537}} and εἶμι (to go); to issue, i.e. leave (a place), escape (to the shore)","strongs_number":"g1826"},"g1827":{"pronunciation":"ex-el-eng'-kho","unicode":"ἐξελέγχω","translit":"exelénchō","definition":"[ἐξελέγχω] from {{g1537}} and {{g1651}}; to convict fully, i.e. (by implication) to punish","strongs_number":"g1827"},"g1828":{"pronunciation":"ex-el'-ko","unicode":"ἐξέλκω","translit":"exélkō","definition":"[ἐξέλκω] from {{g1537}} and {{g1670}}; to drag forth, i.e. (figuratively) to entice (to sin)","strongs_number":"g1828"},"g1829":{"pronunciation":"ex-er'-am-ah","unicode":"ἐξέραμα","translit":"exérama","definition":"[ἐξέραμα] from a comparative of {{g1537}} and a presumed ἐράω (to spue); vomit, i.e. food disgorged","strongs_number":"g1829"},"g1830":{"pronunciation":"ex-er-yoo-nah'-o","unicode":"ἐξερευνάω","translit":"exereunáō","definition":"[ἐξερευνάω] from {{g1537}} and {{g2045}}; to explore (figuratively)","strongs_number":"g1830"},"g1831":{"pronunciation":"ex-er'-khom-ahee","unicode":"ἐξέρχομαι","translit":"exérchomai","definition":"[ἐξέρχομαι] from {{g1537}} and {{g2064}}; to issue (literally or figuratively)","strongs_number":"g1831"},"g1832":{"pronunciation":"ex'-es-tee","unicode":"ἔξεστι","translit":"éxesti","definition":"[ἔξεστι] third person singular present indicative of a compound of {{g1537}} and {{g1510}}; so also      ἐξόν neuter present participle of the same (with or without some form of {{g1510}} expressed); impersonally, it is right (through the figurative idea of being out in public)","strongs_number":"g1832"},"g1833":{"pronunciation":"ex-et-ad'-zo","unicode":"ἐξετάζω","translit":"exetázō","definition":"[ἐξετάζω] from {{g1537}} and ἐτάζω (to examine); to test thoroughly (by questions), i.e. ascertain or interrogate","strongs_number":"g1833"},"g1834":{"pronunciation":"ex-ayg-eh'-om-ahee","unicode":"ἐξηγέομαι","translit":"exēgéomai","definition":"[ἐξηγέομαι] from {{g1537}} and {{g2233}}; to consider out (aloud), i.e. rehearse, unfold","strongs_number":"g1834"},"g1835":{"pronunciation":"hex-ay'-kon-tah","unicode":"ἑξήκοντα","translit":"hexḗkonta","definition":"[ἑξήκοντα] the tenth multiple of {{g1803}}; sixty","strongs_number":"g1835"},"g1836":{"pronunciation":"hex-ace'","unicode":"ἑξῆς","translit":"hexēs","definition":"[ἑξῆς] from {{g2192}} (in the sense of taking hold of, i.e. adjoining); successive","strongs_number":"g1836"},"g1837":{"pronunciation":"ex-ay-kheh'-om-ahee","unicode":"ἐξηχέομαι","translit":"exēchéomai","definition":"[ἐξηχέομαι] middle voice from {{g1537}} and {{g2278}}; to \"echo\" forth, i.e. resound (be generally reported)","strongs_number":"g1837"},"g1838":{"pronunciation":"hex'-is","unicode":"ἕξις","translit":"héxis","definition":"[ἕξις] from {{g2192}}; habit, i.e. (by implication) practice","strongs_number":"g1838"},"g1839":{"pronunciation":"ex-is'-tay-mee","unicode":"ἐξίστημι","translit":"exístēmi","definition":"[ἐξίστημι] from {{g1537}} and {{g2476}}; to put (stand) out of wits, i.e. astound, or (reflexively) become astounded, insane","strongs_number":"g1839"},"g1840":{"pronunciation":"ex-is-khoo'-o","unicode":"ἐξισχύω","translit":"exischýō","definition":"[ἐξισχύω] from {{g1537}} and {{g2480}}; to have full strength, i.e. be entirely competent","strongs_number":"g1840"},"g1841":{"pronunciation":"ex'-od-os","unicode":"ἔξοδος","translit":"éxodos","definition":"[ἔξοδος] from {{g1537}} and {{g3598}}; an exit, i.e. (figuratively) death","strongs_number":"g1841"},"g1842":{"pronunciation":"ex-ol-oth-ryoo'-o","unicode":"ἐξολοθρεύω","translit":"exolothreúō","definition":"[ἐξολοθρεύω] from {{g1537}} and {{g3645}}; to extirpate","strongs_number":"g1842"},"g1843":{"pronunciation":"ex-om-ol-og-eh'-o","unicode":"ἐξομολογέω","translit":"exomologéō","definition":"[ἐξομολογέω] from {{g1537}} and {{g3670}}; to acknowledge or (by implication, of assent) agree fully","strongs_number":"g1843"},"g1844":{"pronunciation":"ex-or-kid'-zo","unicode":"ἐξορκίζω","translit":"exorkízō","definition":"[ἐξορκίζω] from {{g1537}} and {{g3726}}; to exact an oath, i.e. conjure","strongs_number":"g1844"},"g1845":{"pronunciation":"ex-or-kis-tace'","unicode":"ἐξορκιστής","translit":"exorkistḗs","definition":"[ἐξορκιστής] from {{g1844}}; one that binds by an oath (or spell), i.e. (by implication) an \"exorcist\" (conjurer)","strongs_number":"g1845"},"g1846":{"pronunciation":"ex-or-oos'-so","unicode":"ἐξορύσσω","translit":"exorýssō","definition":"[ἐξορύσσω] from {{g1537}} and {{g3736}}; to dig out, i.e. (by extension) to extract (an eye), remove (roofing)","strongs_number":"g1846"},"g1847":{"pronunciation":"ex-oo-den-o'-o","unicode":"ἐξουδενόω","translit":"exoudenóō","definition":"[ἐξουδενόω] from {{g1537}} and a derivative of the neuter of {{g3762}}; to make utterly nothing of, i.e. despise See also {{g1848}}.","strongs_number":"g1847"},"g1848":{"pronunciation":"ex-oo-then-eh'-o","unicode":"ἐξουθενέω","translit":"exouthenéō","definition":"[ἐξουθενέω] a variation of {{g1847}} and meaning the same","strongs_number":"g1848"},"g1849":{"pronunciation":"ex-oo-see'-ah","unicode":"ἐξουσία","translit":"exousía","definition":"[ἐξουσία] from {{g1832}} (in the sense of ability); privilege, i.e. (subjectively) force, capacity, competency, freedom, or (objectively) mastery (concretely, magistrate, superhuman, potentate, token of control), delegated influence","strongs_number":"g1849"},"g1850":{"pronunciation":"ex-oo-see-ad'-zo","unicode":"ἐξουσιάζω","translit":"exousiázō","definition":"[ἐξουσιάζω] from {{g1849}}; to control","strongs_number":"g1850"},"g1851":{"pronunciation":"ex-okh-ay'","unicode":"ἐξοχή","translit":"exochḗ","definition":"[ἐξοχή] from a compound of {{g1537}} and {{g2192}} (meaning to stand out); prominence (figuratively)","strongs_number":"g1851"},"g1852":{"pronunciation":"ex-oop-nid'-zo","unicode":"ἐξυπνίζω","translit":"exypnízō","definition":"[ἐξυπνίζω] from {{g1853}}; to waken","strongs_number":"g1852"},"g1853":{"pronunciation":"ex'-oop-nos","unicode":"ἔξυπνος","translit":"éxypnos","definition":"[ἔξυπνος] from {{g1537}} and {{g5258}}; awake","strongs_number":"g1853"},"g1854":{"pronunciation":"ex'-o","unicode":"ἔξω","translit":"éxō","definition":"[ἔξω] adverb from {{g1537}}; out(-side, of doors), literally or figuratively","strongs_number":"g1854"},"g1855":{"pronunciation":"ex'-o-then","unicode":"ἔξωθεν","translit":"éxōthen","definition":"[ἔξωθεν] from {{g1854}}; external(-ly)","strongs_number":"g1855"},"g1856":{"pronunciation":"ex-o-theh'-o","unicode":"ἐξωθέω","translit":"exōthéō","definition":"[ἐξωθέω]   or ἐξώθωfrom {{g1537}} and ὠθέω (to push); to expel; by implication, to propel","strongs_number":"g1856"},"g1857":{"pronunciation":"ex-o'-ter-os","unicode":"ἐξώτερος","translit":"exṓteros","definition":"[ἐξώτερος] comparative of {{g1854}}; exterior","strongs_number":"g1857"},"g1858":{"pronunciation":"heh-or-tad'-zo","unicode":"ἑορτάζω","translit":"heortázō","definition":"[ἑορτάζω] from {{g1859}}; to observe a festival","strongs_number":"g1858"},"g1859":{"pronunciation":"heh-or-tay'","unicode":"ἑορτή","translit":"heortḗ","definition":"[ἑορτή] of uncertain affinity; a festival","strongs_number":"g1859"},"g1860":{"pronunciation":"ep-ang-el-ee'-ah","unicode":"ἐπαγγελία","translit":"epangelía","definition":"[ἐπαγγελία] from {{g1861}}; an announcement (for information, assent or pledge; especially a divine assurance of good)","strongs_number":"g1860"},"g1861":{"pronunciation":"ep-ang-el'-lo","unicode":"ἐπαγγέλλω","translit":"epangéllō","definition":"[ἐπαγγέλλω] from {{g1909}} and the base of {{g32}}; to announce upon (reflexively), i.e. (by implication) to engage to do something, to assert something respecting oneself","strongs_number":"g1861"},"g1862":{"pronunciation":"ep-ang'-el-mah","unicode":"ἐπάγγελμα","translit":"epángelma","definition":"[ἐπάγγελμα] from {{g1861}}; a self-committal (by assurance of conferring some good)","strongs_number":"g1862"},"g1863":{"pronunciation":"ep-ag'-o","unicode":"ἐπάγω","translit":"epágō","definition":"[ἐπάγω] from {{g1909}} and {{g71}}; to superinduce, i.e. inflict (an evil), charge (a crime)","strongs_number":"g1863"},"g1864":{"pronunciation":"ep-ag-o-nid'-zom-ahee","unicode":"ἐπαγωνίζομαι","translit":"epagōnízomai","definition":"[ἐπαγωνίζομαι] from {{g1909}} and {{g75}}; to struggle for","strongs_number":"g1864"},"g1865":{"pronunciation":"ep-ath-roid'-zo","unicode":"ἐπαθροίζω","translit":"epathroízō","definition":"[ἐπαθροίζω] from {{g1909}} and ἀθροίζω (to assemble); to accumulate","strongs_number":"g1865"},"g1866":{"pronunciation":"ep-a'-hee-net-os","unicode":"Ἐπαίνετος","translit":"Epaínetos","definition":"[Ἐπαίνετος] from {{g1867}}; praised; Epænetus, a Christian","strongs_number":"g1866"},"g1867":{"pronunciation":"ep-ahee-neh'-o","unicode":"ἐπαινέω","translit":"epainéō","definition":"[ἐπαινέω] from {{g1909}} and {{g134}}; to applaud","strongs_number":"g1867"},"g1868":{"pronunciation":"ep'-ahee-nos","unicode":"ἔπαινος","translit":"épainos","definition":"[ἔπαινος] from {{g1909}} and the base of {{g134}}; laudation; concretely, a commendable thing","strongs_number":"g1868"},"g1869":{"pronunciation":"ep-ahee'-ro","unicode":"ἐπαίρω","translit":"epaírō","definition":"[ἐπαίρω] from {{g1909}} and {{g142}}; to raise up (literally or figuratively)","strongs_number":"g1869"},"g1870":{"pronunciation":"ep-ahee-skhoo'-nom-ahee","unicode":"ἐπαισχύνομαι","translit":"epaischýnomai","definition":"[ἐπαισχύνομαι] from {{g1909}} and {{g153}}; to feel shame for something","strongs_number":"g1870"},"g1871":{"pronunciation":"ep-ahee-teh'-o","unicode":"ἐπαιτέω","translit":"epaitéō","definition":"[ἐπαιτέω] from {{g1909}} and {{g154}}; to ask for","strongs_number":"g1871"},"g1872":{"pronunciation":"ep-ak-ol-oo-theh'-o","unicode":"ἐπακολουθέω","translit":"epakolouthéō","definition":"[ἐπακολουθέω] from {{g1909}} and {{g190}}; to accompany","strongs_number":"g1872"},"g1873":{"pronunciation":"ep-ak-oo'-o","unicode":"ἐπακούω","translit":"epakoúō","definition":"[ἐπακούω] from {{g1909}} and {{g191}}; to hearken (favorably) to","strongs_number":"g1873"},"g1874":{"pronunciation":"ep-ak-ro-ah'-om-ahee","unicode":"ἐπακροάομαι","translit":"epakroáomai","definition":"[ἐπακροάομαι] from {{g1909}} and the base of {{g202}}; to listen (intently) to","strongs_number":"g1874"},"g1875":{"pronunciation":"ep-an'","unicode":"ἐπάν","translit":"epán","definition":"[ἐπάν] from {{g1909}} and {{g302}}; a particle of indefinite contemporaneousness; whenever, as soon as","strongs_number":"g1875"},"g1876":{"pronunciation":"ep-an'-ang-kes","unicode":"ἐπάναγκες","translit":"epánankes","definition":"[ἐπάναγκες] neuter of a presumed compound of {{g1909}} and {{g318}}; (adverbially) on necessity, i.e. necessarily","strongs_number":"g1876"},"g1877":{"pronunciation":"ep-an-ag'-o","unicode":"ἐπανάγω","translit":"epanágō","definition":"[ἐπανάγω] from {{g1909}} and {{g321}}; to lead up on, i.e. (technical) to put out (to sea); (intransitively) to return","strongs_number":"g1877"},"g1878":{"pronunciation":"ep-an-ah-mim-nace'-ko","unicode":"ἐπαναμιμνήσκω","translit":"epanamimnḗskō","definition":"[ἐπαναμιμνήσκω] from {{g1909}} and {{g363}}; to remind of","strongs_number":"g1878"},"g1879":{"pronunciation":"ep-an-ah-pow'-om-ahee","unicode":"ἐπαναπαύομαι","translit":"epanapaúomai","definition":"[ἐπαναπαύομαι] middle voice from {{g1909}} and {{g373}}; to settle on; literally (remain) or figuratively (rely)","strongs_number":"g1879"},"g1880":{"pronunciation":"ep-an-er'-khom-ahee","unicode":"ἐπανέρχομαι","translit":"epanérchomai","definition":"[ἐπανέρχομαι] from {{g1909}} and {{g424}}; to come up on, i.e. return","strongs_number":"g1880"},"g1881":{"pronunciation":"ep-an-is'-tam-ahee","unicode":"ἐπανίσταμαι","translit":"epanístamai","definition":"[ἐπανίσταμαι] middle voice from {{g1909}} and {{g450}}; to stand up on, i.e. (figuratively) to attack","strongs_number":"g1881"},"g1882":{"pronunciation":"ep-an-or'-tho-sis","unicode":"ἐπανόρθωσις","translit":"epanórthōsis","definition":"[ἐπανόρθωσις] from a compound of {{g1909}} and {{g461}}; a straightening up again, i.e. (figuratively) rectification (reformation)","strongs_number":"g1882"},"g1883":{"pronunciation":"ep-an'-o","unicode":"ἐπάνω","translit":"epánō","definition":"[ἐπάνω] from {{g1909}} and {{g507}}; up above, i.e. over or on (of place, amount, rank, etc.)","strongs_number":"g1883"},"g1884":{"pronunciation":"ep-ar-keh'-o","unicode":"ἐπαρκέω","translit":"eparkéō","definition":"[ἐπαρκέω] from {{g1909}} and {{g714}}; to avail for, i.e. help","strongs_number":"g1884"},"g1885":{"pronunciation":"ep-ar-khee'-ah","unicode":"ἐπαρχία","translit":"eparchía","definition":"[ἐπαρχία] from a compound of {{g1909}} and {{g757}} (meaning a governor of a district, \"eparch\"); a special region of government, i.e. a Roman præfecture","strongs_number":"g1885"},"g1886":{"pronunciation":"ep'-ow-lis","unicode":"ἔπαυλις","translit":"épaulis","definition":"[ἔπαυλις] from {{g1909}} and an equivalent of {{g833}}; a hut over the head, i.e. a dwelling","strongs_number":"g1886"},"g1887":{"pronunciation":"ep-ow'-ree-on","unicode":"ἐπαύριον","translit":"epaúrion","definition":"[ἐπαύριον] from {{g1909}} and {{g839}}; occurring on the succeeding day, i.e. ({{g2250}} being implied) to-morrow","strongs_number":"g1887"},"g1888":{"pronunciation":"ep-ow-tof-o'-ro","unicode":"ἐπαυτοφώρῳ","translit":"epautophṓrōi","definition":"[ἐπαυτοφώρῳ] from {{g1909}} and {{g846}} and (the dative case singular of) a derivative of φώρ (a thief); in theft itself, i.e. (by analogy) in actual crime","strongs_number":"g1888"},"g1889":{"pronunciation":"ep-af-ras'","unicode":"Ἐπαφρᾶς","translit":"Epaphrâs","definition":"[Ἐπαφρᾶς] contracted from {{g1891}}; Epaphras, a Christian","strongs_number":"g1889"},"g1890":{"pronunciation":"ep-af-rid'-zo","unicode":"ἐπαφρίζω","translit":"epaphrízō","definition":"[ἐπαφρίζω] from {{g1909}} and {{g875}}; to foam upon, i.e. (figuratively) to exhibit (a vile passion)","strongs_number":"g1890"},"g1891":{"pronunciation":"ep-af-rod'-ee-tos","unicode":"Ἐπαφρόδιτος","translit":"Epaphróditos","definition":"[Ἐπαφρόδιτος] from {{g1909}} (in the sense of devoted to) and Ἀφροδίτη (Venus); Epaphroditus, a Christian Compare {{g1889}}.","strongs_number":"g1891"},"g1892":{"pronunciation":"ep-eg-i'-ro","unicode":"ἐπεγείρω","translit":"epegeírō","definition":"[ἐπεγείρω] from {{g1909}} and {{g1453}}; to rouse upon, i.e. (figuratively) to excite against","strongs_number":"g1892"},"g1893":{"pronunciation":"ep-i'","unicode":"ἐπεί","translit":"epeí","definition":"[ἐπεί] from {{g1909}} and {{g1487}}; thereupon, i.e. since (of time or cause)","strongs_number":"g1893"},"g1894":{"pronunciation":"ep-i-day'","unicode":"ἐπειδή","translit":"epeidḗ","definition":"[ἐπειδή] from {{g1893}} and {{g1211}}; since now, i.e. (of time) when, or (of cause) whereas","strongs_number":"g1894"},"g1895":{"pronunciation":"ep-i-day'-per","unicode":"ἐπειδήπερ","translit":"epeidḗper","definition":"[ἐπειδήπερ] from {{g1894}} and {{g4007}}; since indeed (of cause)","strongs_number":"g1895"},"g1896":{"pronunciation":"ep-i'-don","unicode":"ἐπεῖδον","translit":"epeîdon","definition":"[ἐπεῖδον] and other moods and persons of the same tense; from {{g1909}} and {{g1492}}; to regard (favorably or otherwise)","strongs_number":"g1896"},"g1897":{"pronunciation":"ep-i'-per","unicode":"ἐπείπερ","translit":"epeíper","definition":"[ἐπείπερ] from {{g1893}} and {{g4007}}; since indeed (of cause)","strongs_number":"g1897"},"g1898":{"pronunciation":"ep-ice-ag-o-gay'","unicode":"ἐπεισαγωγή","translit":"epeisagōgḗ","definition":"[ἐπεισαγωγή] from a compound of {{g1909}} and {{g1521}}; a superintroduction","strongs_number":"g1898"},"g1899":{"pronunciation":"ep'-i-tah","unicode":"ἔπειτα","translit":"épeita","definition":"[ἔπειτα] from {{g1909}} and {{g1534}}; thereafter","strongs_number":"g1899"},"g1900":{"pronunciation":"ep-ek'-i-nah","unicode":"ἐπέκεινα","translit":"epékeina","definition":"[ἐπέκεινα] from {{g1909}} and (the accusative case plural neuter of) {{g1565}}; upon those parts of, i.e. on the further side of","strongs_number":"g1900"}}