{"g1901":{"pronunciation":"ep-ek-ti'-nom-ahee","unicode":"ἐπεκτείνομαι","translit":"epekteínomai","definition":"[ἐπεκτείνομαι] middle voice from {{g1909}} and {{g1614}}; to stretch (oneself) forward upon","strongs_number":"g1901"},"g1902":{"pronunciation":"ep-en-doo'-om-ahee","unicode":"ἐπενδύομαι","translit":"ependýomai","definition":"[ἐπενδύομαι] middle voice from {{g1909}} and {{g1746}}; to invest upon oneself","strongs_number":"g1902"},"g1903":{"pronunciation":"ep-en-doo'-tace","unicode":"ἐπενδύτης","translit":"ependýtēs","definition":"[ἐπενδύτης] from {{g1902}}; a wrapper, i.e. outer garment","strongs_number":"g1903"},"g1904":{"pronunciation":"ep-er'-khom-ahee","unicode":"ἐπέρχομαι","translit":"epérchomai","definition":"[ἐπέρχομαι] from {{g1909}} and {{g2064}}; to supervene, i.e. arrive, occur, impend, attack, (figuratively) influence","strongs_number":"g1904"},"g1905":{"pronunciation":"ep-er-o-tah'-o","unicode":"ἐπερωτάω","translit":"eperōtáō","definition":"[ἐπερωτάω] from {{g1909}} and {{g2065}}; to ask for, i.e. inquire, seek","strongs_number":"g1905"},"g1906":{"pronunciation":"ep-er-o'-tay-mah","unicode":"ἐπερώτημα","translit":"eperṓtēma","definition":"[ἐπερώτημα] from {{g1905}}; an inquiry","strongs_number":"g1906"},"g1907":{"pronunciation":"ep-ekh'-o","unicode":"ἐπέχω","translit":"epéchō","definition":"[ἐπέχω] from {{g1909}} and {{g2192}}; to hold upon, i.e. (by implication) to retain; (by extension) to detain; (with implication, of {{g3563}}) to pay attention to","strongs_number":"g1907"},"g1908":{"pronunciation":"ep-ay-reh-ad'-zo","unicode":"ἐπηρεάζω","translit":"epēreázō","definition":"[ἐπηρεάζω] from a comparative of {{g1909}} and (probably) ἀρειά (threats); to insult, slander","strongs_number":"g1908"},"g1909":{"pronunciation":"ep-ee'","unicode":"ἐπί","translit":"epí","definition":"[ἐπί] a primary preposition; properly, meaning superimposition (of time, place, order, etc.), as a relation of distribution (with the genitive case), i.e. over, upon, etc.; of rest (with the dative case) at, on, etc.; of direction (with the accusative case) towards, upon, etc. In compounds it retains essentially the same import, at, upon, etc. (literally or figuratively).","strongs_number":"g1909"},"g1910":{"pronunciation":"ep-ee-bah'-ee-no","unicode":"ἐπιβαίνω","translit":"epibaínō","definition":"[ἐπιβαίνω] from {{g1909}} and the base of {{g939}}; to walk upon, i.e. mount, ascend, embark, arrive","strongs_number":"g1910"},"g1911":{"pronunciation":"ep-ee-bal'-lo","unicode":"ἐπιβάλλω","translit":"epibállō","definition":"[ἐπιβάλλω] from {{g1909}} and {{g906}}; to throw upon (literal or figurative, transitive or reflexive; usually with more or less force); specially (with {{g1438}} implied) to reflect; impersonally, to belong to","strongs_number":"g1911"},"g1912":{"pronunciation":"ep-ee-bar-eh'-o","unicode":"ἐπιβαρέω","translit":"epibaréō","definition":"[ἐπιβαρέω] from {{g1909}} and {{g916}}; to be heavy upon, i.e. (pecuniarily) to be expensive to; figuratively, to be severe towards","strongs_number":"g1912"},"g1913":{"pronunciation":"ep-ee-bee-bad'-zo","unicode":"ἐπιβιβάζω","translit":"epibibázō","definition":"[ἐπιβιβάζω] from {{g1909}} and a reduplicated derivative of the base of {{g939}} (compare {{g307}}); to cause to mount (an animal)","strongs_number":"g1913"},"g1914":{"pronunciation":"ep-ee-blep'-o","unicode":"ἐπιβλέπω","translit":"epiblépō","definition":"[ἐπιβλέπω] from {{g1909}} and {{g991}}; to gaze at (with favor, pity or partiality)","strongs_number":"g1914"},"g1915":{"pronunciation":"ep-ib'-lay-mah","unicode":"ἐπίβλημα","translit":"epíblēma","definition":"[ἐπίβλημα] from {{g1911}}; a patch","strongs_number":"g1915"},"g1916":{"pronunciation":"ep-ee-bo-ah'-o","unicode":"ἐπιβοάω","translit":"epiboáō","definition":"[ἐπιβοάω] from {{g1909}} and {{g994}}; to exclaim against","strongs_number":"g1916"},"g1917":{"pronunciation":"ep-ee-boo-lay'","unicode":"ἐπιβουλή","translit":"epiboulḗ","definition":"[ἐπιβουλή] from a presumed compound of {{g1909}} and {{g1014}}; a plan against someone, i.e. a plot","strongs_number":"g1917"},"g1918":{"pronunciation":"ep-ee-gam-bryoo'-o","unicode":"ἐπιγαμβρεύω","translit":"epigambreúō","definition":"[ἐπιγαμβρεύω] from {{g1909}} and a derivative of {{g1062}}; to form affinity with, i.e. (specially) in a levirate way","strongs_number":"g1918"},"g1919":{"pronunciation":"ep-ig'-i-os","unicode":"ἐπίγειος","translit":"epígeios","definition":"[ἐπίγειος] from {{g1909}} and {{g1093}}; worldly (physically or morally)","strongs_number":"g1919"},"g1920":{"pronunciation":"ep-ig-in'-om-ahee","unicode":"ἐπιγίνομαι","translit":"epigínomai","definition":"[ἐπιγίνομαι] from {{g1909}} and {{g1096}}; to arrive upon, i.e. spring up (as a wind)","strongs_number":"g1920"},"g1921":{"pronunciation":"ep-ig-in-oce'-ko","unicode":"ἐπιγινώσκω","translit":"epiginṓskō","definition":"[ἐπιγινώσκω] from {{g1909}} and {{g1097}}; to know upon some mark, i.e. recognize; by implication, to become fully acquainted with, to acknowledge","strongs_number":"g1921"},"g1922":{"pronunciation":"ep-ig'-no-sis","unicode":"ἐπίγνωσις","translit":"epígnōsis","definition":"[ἐπίγνωσις] from {{g1921}}; recognition, i.e. (by implication) full discernment, acknowledgement","strongs_number":"g1922"},"g1923":{"pronunciation":"ep-ig-raf-ay'","unicode":"ἐπιγραφή","translit":"epigraphḗ","definition":"[ἐπιγραφή] from {{g1924}}; an inscription","strongs_number":"g1923"},"g1924":{"pronunciation":"ep-ee-graf'-o","unicode":"ἐπιγράφω","translit":"epigráphō","definition":"[ἐπιγράφω] from {{g1909}} and {{g1125}}; to inscribe (physically or mentally)","strongs_number":"g1924"},"g1925":{"pronunciation":"ep-ee-dike'-noo-mee","unicode":"ἐπιδείκνυμι","translit":"epideíknymi","definition":"[ἐπιδείκνυμι] from {{g1909}} and {{g1166}}; to exhibit (physically or mentally)","strongs_number":"g1925"},"g1926":{"pronunciation":"ep-ee-dekh'-om-ahee","unicode":"ἐπιδέχομαι","translit":"epidéchomai","definition":"[ἐπιδέχομαι] from {{g1909}} and {{g1209}}; to admit (as a guest or (figuratively) teacher)","strongs_number":"g1926"},"g1927":{"pronunciation":"ep-ee-day-meh'-o","unicode":"ἐπιδημέω","translit":"epidēméō","definition":"[ἐπιδημέω] from a compound of {{g1909}} and {{g1218}}; to make oneself at home, i.e. (by extension) to reside (in a foreign country)","strongs_number":"g1927"},"g1928":{"pronunciation":"ep-ee-dee-ah-tas'-som-ahee","unicode":"ἐπιδιατάσσομαι","translit":"epidiatássomai","definition":"[ἐπιδιατάσσομαι] middle voice from {{g1909}} and {{g1299}}; to appoint besides, i.e. supplement (as a codicil)","strongs_number":"g1928"},"g1929":{"pronunciation":"ep-ee-did'-o-mee","unicode":"ἐπιδίδωμι","translit":"epidídōmi","definition":"[ἐπιδίδωμι] from {{g1909}} and {{g1325}}; to give over (by hand or surrender)","strongs_number":"g1929"},"g1930":{"pronunciation":"ep-ee-dee-or-tho'-o","unicode":"ἐπιδιορθόω","translit":"epidiorthóō","definition":"[ἐπιδιορθόω] from {{g1909}} and a derivative of {{g3717}}; to straighten further, i.e. (figuratively) arrange additionally","strongs_number":"g1930"},"g1931":{"pronunciation":"ep-ee-doo'-o","unicode":"ἐπιδύω","translit":"epidýō","definition":"[ἐπιδύω] from {{g1909}} and {{g1416}}; to set fully (as the sun)","strongs_number":"g1931"},"g1932":{"pronunciation":"ep-ee-i'-ki-ah","unicode":"ἐπιείκεια","translit":"epieíkeia","definition":"[ἐπιείκεια] from {{g1933}}; suitableness, i.e. (by implication) equity, mildness","strongs_number":"g1932"},"g1933":{"pronunciation":"ep-ee-i-kace'","unicode":"ἐπιεικής","translit":"epieikḗs","definition":"[ἐπιεικής] from {{g1909}} and {{g1503}}; appropriate, i.e. (by implication) mild","strongs_number":"g1933"},"g1934":{"pronunciation":"ep-eed-zay-teh'-o","unicode":"ἐπιζητέω","translit":"epizētéō","definition":"[ἐπιζητέω] from {{g1909}} and {{g2212}}; to search (inquire) for; intensively, to demand, to crave","strongs_number":"g1934"},"g1935":{"pronunciation":"ep-ee-than-at'-ee-os","unicode":"ἐπιθανάτιος","translit":"epithanátios","definition":"[ἐπιθανάτιος] from {{g1909}} and {{g2288}}; doomed to death","strongs_number":"g1935"},"g1936":{"pronunciation":"ep-ith'-es-is","unicode":"ἐπίθεσις","translit":"epíthesis","definition":"[ἐπίθεσις] from {{g2007}}; an imposition (of hands officially)","strongs_number":"g1936"},"g1937":{"pronunciation":"ep-ee-thoo-meh'-o","unicode":"ἐπιθυμέω","translit":"epithyméō","definition":"[ἐπιθυμέω] from {{g1909}} and {{g2372}}; to set the heart upon, i.e. long for (rightfully or otherwise)","strongs_number":"g1937"},"g1938":{"pronunciation":"ep-ee-thoo-may-tace'","unicode":"ἐπιθυμητής","translit":"epithymētḗs","definition":"[ἐπιθυμητής] from {{g1937}}; a craver","strongs_number":"g1938"},"g1939":{"pronunciation":"ep-ee-thoo-mee'-ah","unicode":"ἐπιθυμία","translit":"epithymía","definition":"[ἐπιθυμία] from {{g1937}}; a longing (especially for what is forbidden)","strongs_number":"g1939"},"g1940":{"pronunciation":"ep-ee-kath-id'-zo","unicode":"ἐπικαθίζω","translit":"epikathízō","definition":"[ἐπικαθίζω] from {{g1909}} and {{g2523}}; to seat upon","strongs_number":"g1940"},"g1941":{"pronunciation":"ep-ee-kal-eh'-om-ahee","unicode":"ἐπικαλέομαι","translit":"epikaléomai","definition":"[ἐπικαλέομαι] middle voice from {{g1909}} and {{g2564}}; to entitle; by implication, to invoke (for aid, worship, testimony, decision, etc.)","strongs_number":"g1941"},"g1942":{"pronunciation":"ep-ee-kal'-oo-mah","unicode":"ἐπικάλυμα","translit":"epikályma","definition":"[ἐπικάλυμα] from {{g1943}}; a covering, i.e. (figuratively) pretext","strongs_number":"g1942"},"g1943":{"pronunciation":"ep-ee-kal-oop'-to","unicode":"ἐπικαλύπτω","translit":"epikalýptō","definition":"[ἐπικαλύπτω] from {{g1909}} and {{g2572}}; to conceal, i.e. (figuratively) forgive","strongs_number":"g1943"},"g1944":{"pronunciation":"ep-ee-kat-ar'-at-os","unicode":"ἐπικατάρατος","translit":"epikatáratos","definition":"[ἐπικατάρατος] from {{g1909}} and a derivative of {{g2672}}; imprecated, i.e. execrable","strongs_number":"g1944"},"g1945":{"pronunciation":"ep-ik'-i-mahee","unicode":"ἐπίκειμαι","translit":"epíkeimai","definition":"[ἐπίκειμαι] from {{g1909}} and {{g2749}}; to rest upon (literally or figuratively)","strongs_number":"g1945"},"g1946":{"pronunciation":"ep-ee-koo'-ri-os","unicode":"Ἐπικούρειος","translit":"Epikoúreios","definition":"[Ἐπικούρειος] from Ἐπίκουρος (compare {{g1947}}) (a noted philosopher); an Epicurean or follower of Epicurus","strongs_number":"g1946"},"g1947":{"pronunciation":"ep-ee-koo-ree'-ah","unicode":"ἐπικουρία","translit":"epikouría","definition":"[ἐπικουρία] from a compound of {{g1909}} and a (prolonged) form of the base of {{g2877}} (in the sense of servant); assistance","strongs_number":"g1947"},"g1948":{"pronunciation":"ep-ee-kree'-no","unicode":"ἐπικρίνω","translit":"epikrínō","definition":"[ἐπικρίνω] from {{g1909}} and {{g2919}}; to adjudge","strongs_number":"g1948"},"g1949":{"pronunciation":"ep-ee-lam-ban'-om-ahee","unicode":"ἐπιλαμβάνομαι","translit":"epilambánomai","definition":"[ἐπιλαμβάνομαι] middle voice from {{g1909}} and {{g2983}}; to seize (for help, injury, attainment, or any other purpose; literally or figuratively)","strongs_number":"g1949"},"g1950":{"pronunciation":"ep-ee-lan-than'-om-ahee","unicode":"ἐπιλανθάνομαι","translit":"epilanthánomai","definition":"[ἐπιλανθάνομαι] middle voice from {{g1909}} and {{g2990}}; to lose out of mind; by implication, to neglect","strongs_number":"g1950"},"g1951":{"pronunciation":"ep-ee-leg'-om-ahee","unicode":"ἐπιλέγομαι","translit":"epilégomai","definition":"[ἐπιλέγομαι] middle voice from {{g1909}} and {{g3004}}; to surname, select","strongs_number":"g1951"},"g1952":{"pronunciation":"ep-ee-li'-po","unicode":"ἐπιλείπω","translit":"epileípō","definition":"[ἐπιλείπω] from {{g1909}} and {{g3007}}; to leave upon, i.e. (figuratively) to be insufficient for","strongs_number":"g1952"},"g1953":{"pronunciation":"ep-ee-lace-mon-ay'","unicode":"ἐπιλησμονή","translit":"epilēsmonḗ","definition":"[ἐπιλησμονή] from a derivative of {{g1950}}; negligence","strongs_number":"g1953"},"g1954":{"pronunciation":"ep-il'-oy-pos","unicode":"ἐπίλοιπος","translit":"epíloipos","definition":"[ἐπίλοιπος] from {{g1909}} and {{g3062}}; left over, i.e. remaining","strongs_number":"g1954"},"g1955":{"pronunciation":"ep-il'-oo-sis","unicode":"ἐπίλυσις","translit":"epílysis","definition":"[ἐπίλυσις] from {{g1956}}; explanation, i.e. application","strongs_number":"g1955"},"g1956":{"pronunciation":"ep-ee-loo'-o","unicode":"ἐπιλύω","translit":"epilýō","definition":"[ἐπιλύω] from {{g1909}} and {{g3089}}; to solve further, i.e. (figuratively) to explain, decide","strongs_number":"g1956"},"g1957":{"pronunciation":"ep-ee-mar-too-reh'-o","unicode":"ἐπιμαρτυρέω","translit":"epimartyréō","definition":"[ἐπιμαρτυρέω] from {{g1909}} and {{g3140}}; to attest further, i.e. corroborate","strongs_number":"g1957"},"g1958":{"pronunciation":"ep-ee-mel'-i-ah","unicode":"ἐπιμέλεια","translit":"epiméleia","definition":"[ἐπιμέλεια] from {{g1959}}; carefulness, i.e. kind attention (hospitality)","strongs_number":"g1958"},"g1959":{"pronunciation":"ep-ee-mel-eh'-om-ahee","unicode":"ἐπιμελέομαι","translit":"epimeléomai","definition":"[ἐπιμελέομαι] middle voice from {{g1909}} and the same as {{g3199}}; to care for (physically or otherwise)","strongs_number":"g1959"},"g1960":{"pronunciation":"ep-ee-mel-oce'","unicode":"ἐπιμελῶς","translit":"epimelōs","definition":"[ἐπιμελῶς] adverb from a derivative of {{g1959}}; carefully","strongs_number":"g1960"},"g1961":{"pronunciation":"ep-ee-men'-o","unicode":"ἐπιμένω","translit":"epiménō","definition":"[ἐπιμένω] from {{g1909}} and {{g3306}}; to stay over, i.e. remain (figuratively, persevere)","strongs_number":"g1961"},"g1962":{"pronunciation":"ep-een-yoo'-o","unicode":"ἐπινεύω","translit":"epineúō","definition":"[ἐπινεύω] from {{g1909}} and {{g3506}}; to nod at, i.e. (by implication) to assent","strongs_number":"g1962"},"g1963":{"pronunciation":"ep-in'-oy-ah","unicode":"ἐπίνοια","translit":"epínoia","definition":"[ἐπίνοια] from {{g1909}} and {{g3563}}; attention of the mind, i.e. (by implication) purpose","strongs_number":"g1963"},"g1964":{"pronunciation":"ep-ee-or-keh'-o","unicode":"ἐπιορκέω","translit":"epiorkéō","definition":"[ἐπιορκέω] from {{g1965}}; to commit perjury","strongs_number":"g1964"},"g1965":{"pronunciation":"ep-ee'-or-kos","unicode":"ἐπίορκος","translit":"epíorkos","definition":"[ἐπίορκος] from {{g1909}} and {{g3727}}; on oath, i.e. (falsely) a forswearer","strongs_number":"g1965"},"g1966":{"pronunciation":"ep-ee-oo'-sah","unicode":"ἐπιοῦσα","translit":"epioûsa","definition":"[ἐπιοῦσα] feminine singular participle of a comparative of {{g1909}} and εἶμι (to go); supervening, i.e. ({{g2250}} or {{g3571}} being expressed or implied) the ensuing day or night","strongs_number":"g1966"},"g1967":{"pronunciation":"ep-ee-oo'-see-os","unicode":"ἐπιούσιος","translit":"epioúsios","definition":"[ἐπιούσιος] perhaps from the same as {{g1966}}; tomorrow's; but more probably from {{g1909}} and a derivative of the present participle feminine of {{g1510}}; for subsistence, i.e. needful","strongs_number":"g1967"},"g1968":{"pronunciation":"ep-ee-pip'-to","unicode":"ἐπιπίπτω","translit":"epipíptō","definition":"[ἐπιπίπτω] from {{g1909}} and {{g4098}}; to embrace (with affection) or seize (with more or less violence; literally or figuratively)","strongs_number":"g1968"},"g1969":{"pronunciation":"ep-ee-place'-so","unicode":"ἐπιπλήσσω","translit":"epiplḗssō","definition":"[ἐπιπλήσσω] from {{g1909}} and {{g4141}}; to chastise, i.e. (with words) to upbraid","strongs_number":"g1969"},"g1970":{"pronunciation":"ep-ee-pnee'-go","unicode":"ἐπιπνίγω","translit":"epipnígō","definition":"[ἐπιπνίγω] from {{g1909}} and {{g4155}}; to throttle upon, i.e. (figuratively) overgrow","strongs_number":"g1970"},"g1971":{"pronunciation":"ep-ee-poth-eh'-o","unicode":"ἐπιποθέω","translit":"epipothéō","definition":"[ἐπιποθέω] from {{g1909}} and potheo (to yearn); to dote upon, i.e. intensely crave possession (lawfully or wrongfully)","strongs_number":"g1971"},"g1972":{"pronunciation":"ep-ee-poth'-ay-sis","unicode":"ἐπιπόθησις","translit":"epipóthēsis","definition":"[ἐπιπόθησις] from {{g1971}}; a longing for","strongs_number":"g1972"},"g1973":{"pronunciation":"ep-ee-poth'-ay-tos","unicode":"ἐπιπόθητος","translit":"epipóthētos","definition":"[ἐπιπόθητος] from {{g1909}} and a derivative of the latter part of {{g1971}}; yearned upon, i.e. greatly loved","strongs_number":"g1973"},"g1974":{"pronunciation":"ep-ee-poth-ee'-ah","unicode":"ἐπιποθία","translit":"epipothía","definition":"[ἐπιποθία] from {{g1971}}; intense longing","strongs_number":"g1974"},"g1975":{"pronunciation":"ep-ee-por-yoo'-om-ahee","unicode":"ἐπιπορεύομαι","translit":"epiporeúomai","definition":"[ἐπιπορεύομαι] from {{g1909}} and {{g4198}}; to journey further, i.e. travel on (reach)","strongs_number":"g1975"},"g1976":{"pronunciation":"ep-ir-hrap'-to","unicode":"ἐπιῤῥάπτω","translit":"epirrháptō","definition":"[ἐπιῤῥάπτω] from {{g1909}} and the base of {{g4476}}; to stitch upon, i.e. fasten with the needle","strongs_number":"g1976"},"g1977":{"pronunciation":"ep-ir-hrip'-to","unicode":"ἐπιῤῥίπτω","translit":"epirrhíptō","definition":"[ἐπιῤῥίπτω] from {{g1909}} and {{g4496}}; to throw upon (literally or figuratively)","strongs_number":"g1977"},"g1978":{"pronunciation":"ep-is'-ay-mos","unicode":"ἐπίσημος","translit":"epísēmos","definition":"[ἐπίσημος] from {{g1909}} and some form of the base of {{g4591}}; remarkable, i.e. (figuratively) eminent","strongs_number":"g1978"},"g1979":{"pronunciation":"ep-ee-sit-is-mos'","unicode":"ἐπισιτισμός","translit":"episitismós","definition":"[ἐπισιτισμός] from a compound of {{g1909}} and a derivative of {{g4621}}; a provisioning, i.e. (concretely) food","strongs_number":"g1979"},"g1980":{"pronunciation":"ep-ee-skep'-tom-ahee","unicode":"ἐπισκέπτομαι","translit":"episképtomai","definition":"[ἐπισκέπτομαι] middle voice from {{g1909}} and the base of {{g4649}}; to inspect, i.e. (by implication) to select; by extension, to go to see, relieve","strongs_number":"g1980"},"g1981":{"pronunciation":"ep-ee-skay-no'-o","unicode":"ἐπισκηνόω","translit":"episkēnóō","definition":"[ἐπισκηνόω] from {{g1909}} and {{g4637}}; to tent upon, i.e. (figuratively) abide with ","strongs_number":"g1981"},"g1982":{"pronunciation":"ep-ee-skee-ad'-zo","unicode":"ἐπισκιάζω","translit":"episkiázō","definition":"[ἐπισκιάζω] from {{g1909}} and a derivative of {{g4639}}; to cast a shade upon, i.e. (by analogy) to envelop in a haze of brilliancy; figuratively, to invest with preternatural influence","strongs_number":"g1982"},"g1983":{"pronunciation":"ep-ee-skop-eh'-o","unicode":"ἐπισκοπέω","translit":"episkopéō","definition":"[ἐπισκοπέω] from {{g1909}} and {{g4648}}; to oversee; by implication, to beware","strongs_number":"g1983"},"g1984":{"pronunciation":"ep-is-kop-ay'","unicode":"ἐπισκοπή","translit":"episkopḗ","definition":"[ἐπισκοπή] from {{g1980}}; inspection (for relief); by implication, superintendence; specially, the Christian \"episcopate\"","strongs_number":"g1984"},"g1985":{"pronunciation":"ep-is'-kop-os","unicode":"ἐπίσκοπος","translit":"epískopos","definition":"[ἐπίσκοπος] from {{g1909}} and {{g4649}} (in the sense of {{g1983}}); a superintendent, i.e. Christian officer in genitive case charge of a (or the) church (literally or figuratively)","strongs_number":"g1985"},"g1986":{"pronunciation":"ep-ee-spah'-om-ahee","unicode":"ἐπισπάομαι","translit":"epispáomai","definition":"[ἐπισπάομαι] from {{g1909}} and {{g4685}}; to draw over, i.e. (with {{g203}} implied) efface the mark of circumcision (by recovering with the foreskin)","strongs_number":"g1986"},"g1987":{"pronunciation":"ep-is'-tam-ahee","unicode":"ἐπίσταμαι","translit":"epístamai","definition":"[ἐπίσταμαι] apparently a middle voice of {{g2186}} (with {{g3563}} implied); to put the mind upon, i.e. comprehend, or be acquainted with","strongs_number":"g1987"},"g1988":{"pronunciation":"ep-is-tat'-ace","unicode":"ἐπιστάτης","translit":"epistátēs","definition":"[ἐπιστάτης] from {{g1909}} and a presumed derivative of {{g2476}}; an appointee over, i.e. commander (teacher)","strongs_number":"g1988"},"g1989":{"pronunciation":"ep-ee-stel'-lo","unicode":"ἐπιστέλλω","translit":"epistéllō","definition":"[ἐπιστέλλω] from {{g1909}} and {{g4724}}; to enjoin (by writing), i.e. (genitive case) to communicate by letter (for any purpose)","strongs_number":"g1989"},"g1990":{"pronunciation":"ep-ee-stay'-mone","unicode":"ἐπιστήμων","translit":"epistḗmōn","definition":"[ἐπιστήμων] from {{g1987}}; intelligent","strongs_number":"g1990"},"g1991":{"pronunciation":"ep-ee-stay-rid'-zo","unicode":"ἐπιστηρίζω","translit":"epistērízō","definition":"[ἐπιστηρίζω] from {{g1909}} and {{g4741}}; to support further, i.e. reestablish","strongs_number":"g1991"},"g1992":{"pronunciation":"ep-is-tol-ay'","unicode":"ἐπιστολή","translit":"epistolḗ","definition":"[ἐπιστολή] from {{g1989}}; a written message","strongs_number":"g1992"},"g1993":{"pronunciation":"ep-ee-stom-id'-zo","unicode":"ἐπιστομίζω","translit":"epistomízō","definition":"[ἐπιστομίζω] from {{g1909}} and {{g4750}}; to put something over the mouth, i.e. (figuratively) to silence","strongs_number":"g1993"},"g1994":{"pronunciation":"ep-ee-stref'-o","unicode":"ἐπιστρέφω","translit":"epistréphō","definition":"[ἐπιστρέφω] from {{g1909}} and {{g4762}}; to revert (literally, figuratively or morally)","strongs_number":"g1994"},"g1995":{"pronunciation":"ep-is-trof-ay'","unicode":"ἐπιστροφή","translit":"epistrophḗ","definition":"[ἐπιστροφή] from {{g1994}}; reversion, i.e. morally, revolution","strongs_number":"g1995"},"g1996":{"pronunciation":"ep-ee-soon-ag'-o","unicode":"ἐπισυνάγω","translit":"episynágō","definition":"[ἐπισυνάγω] from {{g1909}} and {{g4863}}; to collect upon the same place","strongs_number":"g1996"},"g1997":{"pronunciation":"ep-ee-soon-ag-o-gay'","unicode":"ἐπισυναγωγή","translit":"episynagōgḗ","definition":"[ἐπισυναγωγή] from {{g1996}}; a complete collection; especially a Christian meeting (for worship)","strongs_number":"g1997"},"g1998":{"pronunciation":"ep-ee-soon-trekh'-o","unicode":"ἐπισυντρέχω","translit":"episyntréchō","definition":"[ἐπισυντρέχω] from {{g1909}} and {{g4936}}; to hasten together upon one place (or a particular occasion)","strongs_number":"g1998"},"g1999":{"pronunciation":"ep-ee-soo'-stas-is","unicode":"ἐπισύστασις","translit":"episýstasis","definition":"[ἐπισύστασις] from the middle voice of a compound of {{g1909}} and {{g4921}}; a conspiracy, i.e. concourse (riotous or friendly)","strongs_number":"g1999"},"g2000":{"pronunciation":"ep-ee-sfal-ace'","unicode":"ἐπισφαλής","translit":"episphalḗs","definition":"[ἐπισφαλής] from a compound of {{g1909}} and σφάλλω (to trip); figuratively, insecure","strongs_number":"g2000"}}