{"g2301":{"pronunciation":"theh-at-rid'-zo","unicode":"θεατρίζω","translit":"theatrízō","definition":"[θεατρίζω] from {{g2302}}; to expose as a spectacle","strongs_number":"g2301"},"g2302":{"pronunciation":"theh'-at-ron","unicode":"θέατρον","translit":"théatron","definition":"[θέατρον] from {{g2300}}; a place for public show (\"theatre\"), i.e. general audience-room; by implication, a show itself (figuratively)","strongs_number":"g2302"},"g2303":{"pronunciation":"thi'-on","unicode":"θεῖον","translit":"theîon","definition":"[θεῖον] probably neuter of {{g2304}} (in its original sense of flashing); sulphur","strongs_number":"g2303"},"g2304":{"pronunciation":"thi'-os","unicode":"θεῖος","translit":"theîos","definition":"[θεῖος] from {{g2316}}; godlike (neuter as noun, divinity)","strongs_number":"g2304"},"g2305":{"pronunciation":"thi-ot'-ace","unicode":"θειότης","translit":"theiótēs","definition":"[θειότης] from {{g2304}}; divinity (abstractly)","strongs_number":"g2305"},"g2306":{"pronunciation":"thi-o'-dace","unicode":"θειώδης","translit":"theiṓdēs","definition":"[θειώδης] from {{g2303}} and 1491; sulphur-like, i.e. sulphurous","strongs_number":"g2306"},"g2307":{"pronunciation":"thel'-ay-mah","unicode":"θέλημα","translit":"thélēma","definition":"[θέλημα] from the prolonged form of {{g2309}}; a determination (properly, the thing), i.e. (actively) choice (specially, purpose, decree; abstractly, volition) or (passively) inclination","strongs_number":"g2307"},"g2308":{"pronunciation":"thel'-ay-sis","unicode":"θέλησις","translit":"thélēsis","definition":"[θέλησις] from {{g2309}}; determination (properly, the act), i.e. option","strongs_number":"g2308"},"g2309":{"pronunciation":"thel'-o","unicode":"θέλω","translit":"thélō","definition":"[θέλω]   or ἐθέλω,    in certain tenses      θελέω,  and ἐθελέω, which are otherwise obsolete apparently strengthened from the alternate form of {{g138}}; to determine (as an active option from subjective impulse; whereas {{g1014}} properly denotes rather a passive acquiescence in objective considerations), i.e. choose or prefer (literally or figuratively); by implication, to wish, i.e. be inclined to (sometimes adverbially, gladly); impersonally for the future tense, to be about to; by Hebraism, to delight in","strongs_number":"g2309"},"g2310":{"pronunciation":"them-el'-ee-os","unicode":"θεμέλιος","translit":"themélios","definition":"[θεμέλιος] from a derivative of {{g5087}}; something put down, i.e. a substruction (of a building, etc.), (literally or figuratively)","strongs_number":"g2310"},"g2311":{"pronunciation":"them-el-ee-o'-o","unicode":"θεμελιόω","translit":"themelióō","definition":"[θεμελιόω] from {{g2310}}; to lay a basis for, i.e. (literally) erect, or (figuratively) consolidate","strongs_number":"g2311"},"g2312":{"pronunciation":"theh-od-id'-ak-tos","unicode":"θεοδίδακτος","translit":"theodídaktos","definition":"[θεοδίδακτος] from {{g2316}} and {{g1321}}; divinely instructed","strongs_number":"g2312"},"g2313":{"pronunciation":"theh-o-makh-eh'-o","unicode":"θεομαχέω","translit":"theomachéō","definition":"[θεομαχέω] from {{g2314}}; to resist deity","strongs_number":"g2313"},"g2314":{"pronunciation":"theh-om'-akh-os","unicode":"θεομάχος","translit":"theomáchos","definition":"[θεομάχος] from {{g2316}} and {{g3164}}; an opponent of deity","strongs_number":"g2314"},"g2315":{"pronunciation":"theh-op'-nyoo-stos","unicode":"θεόπνευστος","translit":"theópneustos","definition":"[θεόπνευστος] from {{g2316}} and a presumed derivative of {{g4154}}; divinely breathed in","strongs_number":"g2315"},"g2316":{"pronunciation":"theh'-os","unicode":"θεός","translit":"theós","definition":"[θεός] of uncertain affinity; a deity, especially (with {{g3588}}) the supreme Divinity; figuratively, a magistrate; by Hebraism, very","strongs_number":"g2316"},"g2317":{"pronunciation":"theh-os-eb'-i-ah","unicode":"θεοσέβεια","translit":"theosébeia","definition":"[θεοσέβεια] from {{g2318}}; devoutness, i.e. piety","strongs_number":"g2317"},"g2318":{"pronunciation":"theh-os-eb-ace'","unicode":"θεοσεβής","translit":"theosebḗs","definition":"[θεοσεβής] from {{g2316}} and {{g4576}}; reverent of God, i.e. pious","strongs_number":"g2318"},"g2319":{"pronunciation":"theh-os-too-gace'","unicode":"θεοστυγής","translit":"theostygḗs","definition":"[θεοστυγής] from {{g2316}} and the base of {{g4767}}; hateful to God, i.e. impious","strongs_number":"g2319"},"g2320":{"pronunciation":"theh-ot'-ace","unicode":"θεότης","translit":"theótēs","definition":"[θεότης] from {{g2316}}; divinity (abstractly)","strongs_number":"g2320"},"g2321":{"pronunciation":"theh-of'-il-os","unicode":"Θεόφιλος","translit":"Theóphilos","definition":"[Θεόφιλος] from {{g2316}} and {{g5384}}; friend of God; Theophilus, a Christian","strongs_number":"g2321"},"g2322":{"pronunciation":"ther-ap-i'-ah","unicode":"θεραπεία","translit":"therapeía","definition":"[θεραπεία] from {{g2323}}; attendance (specially, medical, i.e. cure); figuratively and collectively, domestics","strongs_number":"g2322"},"g2323":{"pronunciation":"ther-ap-yoo'-o","unicode":"θεραπεύω","translit":"therapeúō","definition":"[θεραπεύω] from the same as {{g2324}}; to wait upon menially, i.e. (figuratively) to adore (God), or (specially) to relieve (of disease)","strongs_number":"g2323"},"g2324":{"pronunciation":"ther-ap'-ohn","unicode":"θεράπων","translit":"therápōn","definition":"[θεράπων] apparently a participle from an otherwise obsolete derivative of the base of {{g2330}}; a menial attendant (as if cherishing)","strongs_number":"g2324"},"g2325":{"pronunciation":"ther-id'-zo","unicode":"θερίζω","translit":"therízō","definition":"[θερίζω] from {{g2330}} (in the sense of the crop); to harvest","strongs_number":"g2325"},"g2326":{"pronunciation":"ther-is-mos'","unicode":"θερισμός","translit":"therismós","definition":"[θερισμός] from {{g2325}}; reaping, i.e. the crop","strongs_number":"g2326"},"g2327":{"pronunciation":"ther-is-tace'","unicode":"θεριστής","translit":"theristḗs","definition":"[θεριστής] from {{g2325}}; a harvester","strongs_number":"g2327"},"g2328":{"pronunciation":"ther-mah'-ee-no","unicode":"θερμαίνω","translit":"thermaínō","definition":"[θερμαίνω] from {{g2329}}; to heat (oneself)","strongs_number":"g2328"},"g2329":{"pronunciation":"ther'-may","unicode":"θέρμη","translit":"thérmē","definition":"[θέρμη] from the base of {{g2330}}; warmth","strongs_number":"g2329"},"g2330":{"pronunciation":"ther'-os","unicode":"θέρος","translit":"théros","definition":"[θέρος] from a primary θέρω (to heat); properly, heat, i.e. summer","strongs_number":"g2330"},"g2331":{"pronunciation":"thes-sal-on-ik-yoos'","unicode":"Θεσσαλονικεύς","translit":"Thessalonikeús","definition":"[Θεσσαλονικεύς] from {{g2332}}; a Thessalonican, i.e. inhabitant of Thessalonice","strongs_number":"g2331"},"g2332":{"pronunciation":"thes-sal-on-ee'-kay","unicode":"Θεσσαλονίκη","translit":"Thessaloníkē","definition":"[Θεσσαλονίκη] from Θεσσαλός (a Thessalian) and {{g3529}}; Thessalonice, a place in Asia Minor","strongs_number":"g2332"},"g2333":{"pronunciation":"thyoo-das'","unicode":"Θευδᾶς","translit":"Theudâs","definition":"[Θευδᾶς] of uncertain origin; Theudas, an Israelite","strongs_number":"g2333"},"g2334":{"pronunciation":"theh-o-reh'-o","unicode":"θεωρέω","translit":"theōréō","definition":"[θεωρέω] from a derivative of {{g2300}} (perhaps by addition of {{g3708}}); to be a spectator of, i.e. discern, (literally, figuratively (experience) or intensively (acknowledge)) Compare {{g3700}}.","strongs_number":"g2334"},"g2335":{"pronunciation":"theh-o-ree'-ah","unicode":"θεωρία","translit":"theōría","definition":"[θεωρία] from the same as {{g2334}}; spectatorship, i.e. (concretely) a spectacle","strongs_number":"g2335"},"g2336":{"pronunciation":"thay'-kay","unicode":"θήκη","translit":"thḗkē","definition":"[θήκη] from {{g5087}}; a receptacle, i.e. scabbard","strongs_number":"g2336"},"g2337":{"pronunciation":"thay-lad'-zo","unicode":"θηλάζω","translit":"thēlázō","definition":"[θηλάζω] from θηλή (the nipple); to suckle, (by implication) to suck","strongs_number":"g2337"},"g2338":{"pronunciation":"thay'-loos","unicode":"θῆλυς","translit":"thēlys","definition":"[θῆλυς] from the same as {{g2337}}; female","strongs_number":"g2338"},"g2339":{"pronunciation":"thay'-rah","unicode":"θήρα","translit":"thḗra","definition":"[θήρα] from θήρ (a wild animal, as game); hunting, i.e. (figuratively) destruction","strongs_number":"g2339"},"g2340":{"pronunciation":"thay-ryoo'-o","unicode":"θηρεύω","translit":"thēreúō","definition":"[θηρεύω] from {{g2339}}; to hunt (an animal), i.e. (figuratively) to carp at","strongs_number":"g2340"},"g2341":{"pronunciation":"thay-ree-om-akh-eh'-o","unicode":"θηριομαχέω","translit":"thēriomachéō","definition":"[θηριομαχέω] from a compound of {{g2342}} and {{g3164}}; to be a beast-fighter (in the gladiatorial show), i.e. (figuratively) to encounter (furious men)","strongs_number":"g2341"},"g2342":{"pronunciation":"thay-ree'-on","unicode":"θηρίον","translit":"thēríon","definition":"[θηρίον] diminutive from the same as {{g2339}}; a dangerous animal","strongs_number":"g2342"},"g2343":{"pronunciation":"thay-sow-rid'-zo","unicode":"θησαυρίζω","translit":"thēsaurízō","definition":"[θησαυρίζω] from {{g2344}}; to amass or reserve (literally or figuratively)","strongs_number":"g2343"},"g2344":{"pronunciation":"thay-sow-ros'","unicode":"θησαυρός","translit":"thēsaurós","definition":"[θησαυρός] from {{g5087}}; a deposit, i.e. wealth (literally or figuratively)","strongs_number":"g2344"},"g2345":{"pronunciation":"thing-gan'-o","unicode":"θιγγάνω","translit":"thingánō","definition":"[θιγγάνω] a prolonged form of an obsolete primary θίγω (to finger); to manipulate, i.e. have to do with; by implication, to injure","strongs_number":"g2345"},"g2346":{"pronunciation":"thlee'-bo","unicode":"θλίβω","translit":"thlíbō","definition":"[θλίβω] akin to the base of {{g5147}}; to crowd (literally or figuratively)","strongs_number":"g2346"},"g2347":{"pronunciation":"thlip'-sis","unicode":"θλῖψις","translit":"thlîpsis","definition":"[θλῖψις] from {{g2346}}; pressure (literally or figuratively)","strongs_number":"g2347"},"g2348":{"pronunciation":"thnay'-sko","unicode":"θνήσκω","translit":"thnḗskō","definition":"[θνήσκω] a strengthened form of a simpler primary θάνω (which is used for it only in certain tenses); to die (literally or figuratively)","strongs_number":"g2348"},"g2349":{"pronunciation":"thnay-tos'","unicode":"θνητός","translit":"thnētós","definition":"[θνητός] from {{g2348}}; liable to die","strongs_number":"g2349"},"g2350":{"pronunciation":"thor-oo-beh'-o","unicode":"θορυβέω","translit":"thorybéō","definition":"[θορυβέω] from {{g2351}}; to be in tumult, i.e. disturb, clamor","strongs_number":"g2350"},"g2351":{"pronunciation":"thor'-oo-bos","unicode":"θόρυβος","translit":"thórybos","definition":"[θόρυβος] from the base of {{g2360}}; a disturbance","strongs_number":"g2351"},"g2352":{"pronunciation":"throw'-o","unicode":"θραύω","translit":"thraúō","definition":"[θραύω] a primary verb; to crush Compare {{g4486}}.","strongs_number":"g2352"},"g2353":{"pronunciation":"threm'-mah","unicode":"θρέμμα","translit":"thrémma","definition":"[θρέμμα] from {{g5142}}; stock (as raised on a farm)","strongs_number":"g2353"},"g2354":{"pronunciation":"thray-neh'-o","unicode":"θρηνέω","translit":"thrēnéō","definition":"[θρηνέω] from {{g2355}}; to bewail","strongs_number":"g2354"},"g2355":{"pronunciation":"thray'-nos","unicode":"θρῆνος","translit":"thrēnos","definition":"[θρῆνος] from the base of {{g2360}}; wailing","strongs_number":"g2355"},"g2356":{"pronunciation":"thrace-ki'-ah","unicode":"θρησκεία","translit":"thrēskeía","definition":"[θρησκεία] from a derivative of {{g2357}}; ceremonial observance","strongs_number":"g2356"},"g2357":{"pronunciation":"thrace'-kos","unicode":"θρησκός","translit":"thrēskós","definition":"[θρησκός] probably from the base of {{g2360}}; ceremonious in worship (as demonstrative), i.e. pious","strongs_number":"g2357"},"g2358":{"pronunciation":"three-am-byoo'-o","unicode":"θριαμβεύω","translit":"thriambeúō","definition":"[θριαμβεύω] from a prolonged compound of the base of {{g2360}}; and a derivative of {{g680}} (meaning a noisy iambus, sung in honor of Bacchus); to make an acclamatory procession, i.e. (figuratively) to conquer or (by Hebraism) to give victory","strongs_number":"g2358"},"g2359":{"pronunciation":"threeks","unicode":"θρίξ","translit":"thríx","definition":"[θρίξ] genitive case τριχός, etc.; of uncertain derivation; hair Compare {{g2864}}.","strongs_number":"g2359"},"g2360":{"pronunciation":"thro-eh'-o","unicode":"θροέω","translit":"throéō","definition":"[θροέω] from θρέομαι to wail; to clamor, i.e. (by implication) to frighten","strongs_number":"g2360"},"g2361":{"pronunciation":"throm'-bos","unicode":"θρόμβος","translit":"thrómbos","definition":"[θρόμβος] perhaps from {{g5142}} (in the sense of thickening); a clot","strongs_number":"g2361"},"g2362":{"pronunciation":"thron'-os","unicode":"θρόνος","translit":"thrónos","definition":"[θρόνος] from θράω (to sit); a stately seat (\"throne\"); by implication, power or (concretely) a potentate","strongs_number":"g2362"},"g2363":{"pronunciation":"thoo-at'-i-rah","unicode":"Θυάτειρα","translit":"Thyáteira","definition":"[Θυάτειρα] of uncertain derivation; Thyatira, a place in Asia Minor","strongs_number":"g2363"},"g2364":{"pronunciation":"thoo-gat'-air","unicode":"θυγάτηρ","translit":"thygátēr","definition":"[θυγάτηρ] apparently a primary word (compare \"daughter\"); a female child, or (by Hebraism) descendant (or inhabitant)","strongs_number":"g2364"},"g2365":{"pronunciation":"thoo-gat'-ree-on","unicode":"θυγάτριον","translit":"thygátrion","definition":"[θυγάτριον] from {{g2364}}; a daughterling","strongs_number":"g2365"},"g2366":{"pronunciation":"thoo'-el-lah","unicode":"θύελλα","translit":"thýella","definition":"[θύελλα] from {{g2380}} (in the sense of blowing) a storm","strongs_number":"g2366"},"g2367":{"pronunciation":"thoo'-ee-nos","unicode":"θύϊνος","translit":"thýïnos","definition":"[θύϊνος] from a derivative of {{g2380}} (in the sense of blowing; denoting a certain fragrant tree); made of citron-wood","strongs_number":"g2367"},"g2368":{"pronunciation":"thoo-mee'-am-ah","unicode":"θυμίαμα","translit":"thymíama","definition":"[θυμίαμα] from {{g2370}}; an aroma, i.e. fragrant powder burnt in religious service; by implication, the burning itself","strongs_number":"g2368"},"g2369":{"pronunciation":"thoo-mee-as-tay'-ree-on","unicode":"θυμιαστήριον","translit":"thymiastḗrion","definition":"[θυμιαστήριον] from a derivative of {{g2370}}; a place of fumigation, i.e. the alter of incense (in the Temple)","strongs_number":"g2369"},"g2370":{"pronunciation":"thoo-mee-ah'-o","unicode":"θυμιάω","translit":"thymiáō","definition":"[θυμιάω] from a derivative of {{g2380}} (in the sense of smoking); to fumigate, i.e. offer aromatic fumes","strongs_number":"g2370"},"g2371":{"pronunciation":"thoo-mom-akh-eh'-o","unicode":"θυμομαχέω","translit":"thymomachéō","definition":"[θυμομαχέω] from a presumed compound of {{g2372}} and {{g3164}}; to be in a furious fight, i.e. (figuratively) to be exasperated","strongs_number":"g2371"},"g2372":{"pronunciation":"thoo-mos'","unicode":"θυμός","translit":"thymós","definition":"[θυμός] from {{g2380}}; passion (as if breathing hard) Compare {{g5590}}.","strongs_number":"g2372"},"g2373":{"pronunciation":"tho-mo'-o","unicode":"θυμόω","translit":"thymóō","definition":"[θυμόω] from {{g2372}}; to put in a passion, i.e. enrage","strongs_number":"g2373"},"g2374":{"pronunciation":"thoo'-rah","unicode":"θύρα","translit":"thýra","definition":"[θύρα] apparently a primary word (compare \"door\"); a portal or entrance (the opening or the closure, literally or figuratively)","strongs_number":"g2374"},"g2375":{"pronunciation":"thoo-reh-os'","unicode":"θυρεός","translit":"thyreós","definition":"[θυρεός] from {{g2374}}; a large shield (as door-shaped)","strongs_number":"g2375"},"g2376":{"pronunciation":"thoo-rece'","unicode":"θυρίς","translit":"thyrís","definition":"[θυρίς] from {{g2374}}; an aperture, i.e. window","strongs_number":"g2376"},"g2377":{"pronunciation":"thoo-ro-ros'","unicode":"θυρωρός","translit":"thyrōrós","definition":"[θυρωρός] from {{g2374}} and οὖρος (a watcher); a gate- warden","strongs_number":"g2377"},"g2378":{"pronunciation":"thoo-see'-ah","unicode":"θυσία","translit":"thysía","definition":"[θυσία] from {{g2380}}; sacrifice (the act or the victim, literally or figuratively)","strongs_number":"g2378"},"g2379":{"pronunciation":"thoo-see-as-tay'-ree-on","unicode":"θυσιαστήριον","translit":"thysiastḗrion","definition":"[θυσιαστήριον] from a derivative of {{g2378}}; a place of sacrifice, i.e. an altar (special or genitive case, literal or figurative)","strongs_number":"g2379"},"g2380":{"pronunciation":"thoo'-o","unicode":"θύω","translit":"thýō","definition":"[θύω] a primary verb; properly, to rush (breathe hard, blow, smoke), i.e. (by implication) to sacrifice (properly, by fire, but genitive case); by extension to immolate (slaughter for any purpose)","strongs_number":"g2380"},"g2381":{"pronunciation":"tho-mas'","unicode":"Θωμᾶς","translit":"Thōmâs","definition":"[Θωμᾶς] of Chaldee origin (compare {{h8380}}); the twin; Thomas, a Christian","strongs_number":"g2381"},"g2382":{"pronunciation":"tho'-rax","unicode":"θώραξ","translit":"thṓrax","definition":"[θώραξ] of uncertain affinity; the chest (\"thorax\"), i.e. (by implication) a corslet","strongs_number":"g2382"},"g2383":{"pronunciation":"ee-ah'-i-ros","unicode":"Ἰάειρος","translit":"Iáeiros","definition":"[Ἰάειρος] of Hebrew origin ({{h2971}}); Jairus (i.e. Jair), an Israelite","strongs_number":"g2383"},"g2384":{"pronunciation":"ee-ak-obe'","unicode":"Ἰακώβ","translit":"Iakṓb","definition":"[Ἰακώβ] of Hebrew origin ({{h3290}}); Jacob (i.e. Ja`akob), the progenitor of the Israelites","strongs_number":"g2384"},"g2385":{"pronunciation":"ee-ak'-o-bos","unicode":"Ἰάκωβος","translit":"Iákōbos","definition":"[Ἰάκωβος] the same as {{g2384}} Græcized; Jacobus, the name of three Israelites","strongs_number":"g2385"},"g2386":{"pronunciation":"ee'-am-ah","unicode":"ἴαμα","translit":"íama","definition":"[ἴαμα] from {{g2390}}; a cure (the effect)","strongs_number":"g2386"},"g2387":{"pronunciation":"ee-am-brace'","unicode":"Ἰαμβρῆς","translit":"Iambrēs","definition":"[Ἰαμβρῆς] of Egyptian origin; Jambres, an Egyptian","strongs_number":"g2387"},"g2388":{"pronunciation":"ee-an-nah'","unicode":"Ἰαννά","translit":"Ianná","definition":"[Ἰαννά] probably of Hebrew origin (compare {{h3238}}); Janna, an Israelite","strongs_number":"g2388"},"g2389":{"pronunciation":"ee-an-nace'","unicode":"Ἰαννῆς","translit":"Iannēs","definition":"[Ἰαννῆς] of Egyptian origin; Jannes, an Egyptian","strongs_number":"g2389"},"g2390":{"pronunciation":"ee-ah'-om-ahee","unicode":"ἰάομαι","translit":"iáomai","definition":"[ἰάομαι] middle voice of apparently a primary verb; to cure (literally or figuratively)","strongs_number":"g2390"},"g2391":{"pronunciation":"ee-ar'-ed","unicode":"Ἰάρεδ","translit":"Iáred","definition":"[Ἰάρεδ] of Hebrew origin ({{h3382}}); Jared (i.e. Jered), an antediluvian","strongs_number":"g2391"},"g2392":{"pronunciation":"ee'-as-is","unicode":"ἴασις","translit":"íasis","definition":"[ἴασις] from {{g2390}}; curing (the act)","strongs_number":"g2392"},"g2393":{"pronunciation":"ee'-as-pis","unicode":"ἴασπις","translit":"íaspis","definition":"[ἴασπις] probably of foreign origin (see {{h3471}}); \"jasper\", a gem","strongs_number":"g2393"},"g2394":{"pronunciation":"ee-as'-oan","unicode":"Ἰάσων","translit":"Iásōn","definition":"[Ἰάσων] future active participle masculine of {{g2390}}; about to cure; Jason, a Christian","strongs_number":"g2394"},"g2395":{"pronunciation":"ee-at-ros'","unicode":"ἰατρός","translit":"iatrós","definition":"[ἰατρός] from {{g2390}}; a physician","strongs_number":"g2395"},"g2396":{"pronunciation":"id'-eh","unicode":"ἴδε","translit":"íde","definition":"[ἴδε] second person singular imperative active of {{g1492}}; used as an interjection to denote surprise; lo!","strongs_number":"g2396"},"g2397":{"pronunciation":"id-eh'-ah","unicode":"ἰδέα","translit":"idéa","definition":"[ἰδέα] from {{g1492}}; a sight (comparative figuratively \"idea\"), i.e. aspect","strongs_number":"g2397"},"g2398":{"pronunciation":"id'-ee-os","unicode":"ἴδιος","translit":"ídios","definition":"[ἴδιος] of uncertain affinity; pertaining to self, i.e. one's own; by implication, private or separate","strongs_number":"g2398"},"g2399":{"pronunciation":"id-ee-o'-tace","unicode":"ἰδιώτης","translit":"idiṓtēs","definition":"[ἰδιώτης] from {{g2398}}; a private person, i.e. (by implication) an ignoramus (compare \"idiot\")","strongs_number":"g2399"},"g2400":{"pronunciation":"id-oo'","unicode":"ἰδού","translit":"idoú","definition":"[ἰδού] second person singular imperative middle voice of {{g1492}}; used as imperative lo!; ","strongs_number":"g2400"}}