{"g2501":{"pronunciation":"ee-o-safe'","unicode":"Ἰωσήφ","translit":"Iōsḗph","definition":"[Ἰωσήφ] of Hebrew origin ({{h3130}}); Joseph, the name of seven Israelites","strongs_number":"g2501"},"g2502":{"pronunciation":"ee-o-see'-as","unicode":"Ἰωσίας","translit":"Iōsías","definition":"[Ἰωσίας] of Hebrew origin ({{h2977}}); Josias (i.e. Joshiah), an Israelite","strongs_number":"g2502"},"g2503":{"pronunciation":"ee-o'-tah","unicode":"ἰῶτα","translit":"iōta","definition":"[ἰῶτα] of Hebrew origin (the tenth letter of the Hebrew alphabet); \"iota\", the name of the eighth letter of the Greek alphabet, put (figuratively) for a very small part of anything","strongs_number":"g2503"},"g2504":{"pronunciation":"kag-o'","unicode":"κἀγώ","translit":"kagṓ","definition":"[κἀγώ] from {{g2532}} and {{g1473}};   so also the dative case        κἀμοί,  and accusative case      κἀμέ        and (or also, even, etc.) I, (to) me","strongs_number":"g2504"},"g2505":{"pronunciation":"kath-ah'","unicode":"καθά","translit":"kathá","definition":"[καθά] from {{g2596}} and the neuter plural of {{g3739}}; according to which things, i.e. just as","strongs_number":"g2505"},"g2506":{"pronunciation":"kath-ah'-ee-res-is","unicode":"καθαίρεσις","translit":"kathaíresis","definition":"[καθαίρεσις] from {{g2507}}; demolition; figuratively, extinction","strongs_number":"g2506"},"g2507":{"pronunciation":"kath-ahee-reh'-o","unicode":"καθαιρέω","translit":"kathairéō","definition":"[καθαιρέω] from {{g2596}} and {{g138}} (including its alternate); to lower (or with violence) demolish (literally or figuratively)","strongs_number":"g2507"},"g2508":{"pronunciation":"kath-ah'-ee-ro","unicode":"καθαίρω","translit":"kathaírō","definition":"[καθαίρω] from {{g2513}}; to cleanse, i.e. (specially) to prune; figuratively, to expiate","strongs_number":"g2508"},"g2509":{"pronunciation":"kath-ap'-er","unicode":"καθάπερ","translit":"katháper","definition":"[καθάπερ] from {{g2505}} and {{g4007}}; exactly as","strongs_number":"g2509"},"g2510":{"pronunciation":"kath-ap'-to","unicode":"καθάπτω","translit":"katháptō","definition":"[καθάπτω] from {{g2596}} and {{g680}}; to seize upon","strongs_number":"g2510"},"g2511":{"pronunciation":"kath-ar-id'-zo","unicode":"καθαρίζω","translit":"katharízō","definition":"[καθαρίζω] from {{g2513}}; to cleanse (literally or figuratively)","strongs_number":"g2511"},"g2512":{"pronunciation":"kath-ar-is-mos'","unicode":"καθαρισμός","translit":"katharismós","definition":"[καθαρισμός] from {{g2511}}; a washing off, i.e. (ceremonially) ablution, (morally) expiation","strongs_number":"g2512"},"g2513":{"pronunciation":"kath-ar-os'","unicode":"καθαρός","translit":"katharós","definition":"[καθαρός] of uncertain affinity; clean (literally or figuratively)","strongs_number":"g2513"},"g2514":{"pronunciation":"kath-ar-ot'-ace","unicode":"καθαρότης","translit":"katharótēs","definition":"[καθαρότης] from {{g2513}}; cleanness (ceremonially)","strongs_number":"g2514"},"g2515":{"pronunciation":"kath-ed'-rah","unicode":"καθέδρα","translit":"kathédra","definition":"[καθέδρα] from {{g2596}} and the same as {{g1476}}; a bench (literally or figuratively)","strongs_number":"g2515"},"g2516":{"pronunciation":"kath-ed'-zom-ahee","unicode":"καθέζομαι","translit":"kathézomai","definition":"[καθέζομαι] from {{g2596}} and the base of {{g1476}}; to sit down","strongs_number":"g2516"},"g2517":{"pronunciation":"kath-ex-ace'","unicode":"καθεξῆς","translit":"kathexēs","definition":"[καθεξῆς] from {{g2596}} and {{g1836}}; thereafter, i.e. consecutively; as a noun (by ellipsis of noun) a subsequent person or time","strongs_number":"g2517"},"g2518":{"pronunciation":"kath-yoo'-do","unicode":"καθεύδω","translit":"katheúdō","definition":"[καθεύδω] from {{g2596}} and εὕδω (to sleep); to lie down to rest, i.e. (by implication) to fall asleep (literally or figuratively)","strongs_number":"g2518"},"g2519":{"pronunciation":"kath-ayg-ay-tace'","unicode":"καθηγητής","translit":"kathēgētḗs","definition":"[καθηγητής] from a compound of {{g2596}} and {{g2233}}; a guide, i.e. (figuratively) a teacher","strongs_number":"g2519"},"g2520":{"pronunciation":"kath-ay'-ko","unicode":"καθήκω","translit":"kathḗkō","definition":"[καθήκω] from {{g2596}} and {{g2240}}; to reach to, i.e. (neuter of present active participle, figuratively as adjective) becoming","strongs_number":"g2520"},"g2521":{"pronunciation":"kath'-ay-mahee","unicode":"κάθημαι","translit":"káthēmai","definition":"[κάθημαι] from {{g2596}}; and ἧμαι (to sit; akin to the base of {{g1476}}); to sit down; figuratively, to remain, reside","strongs_number":"g2521"},"g2522":{"pronunciation":"kath-ay-mer-ee-nos'","unicode":"καθημερινός","translit":"kathēmerinós","definition":"[καθημερινός] from {{g2596}} and {{g2250}}; quotidian","strongs_number":"g2522"},"g2523":{"pronunciation":"kath-id'-zo","unicode":"καθίζω","translit":"kathízō","definition":"[καθίζω] another (active) form for {{g2516}}; to seat down, i.e. set (figuratively, appoint); intransitively, to sit (down); figuratively, to settle (hover, dwell)","strongs_number":"g2523"},"g2524":{"pronunciation":"kath-ee'-ay-mee","unicode":"καθίημι","translit":"kathíēmi","definition":"[καθίημι] from {{g2596}}; and ἵημι (to send); to lower","strongs_number":"g2524"},"g2525":{"pronunciation":"kath-is'-tay-mee","unicode":"καθίστημι","translit":"kathístēmi","definition":"[καθίστημι] from {{g2596}} and {{g2476}}; to place down (permanently), i.e. (figuratively) to designate, constitute, convoy","strongs_number":"g2525"},"g2526":{"pronunciation":"kath-o'","unicode":"καθό","translit":"kathó","definition":"[καθό] from {{g2596}} and {{g3739}}; according to which thing, i.e. precisely as, in proportion as","strongs_number":"g2526"},"g2527":{"pronunciation":"kath-ol'-oo","unicode":"καθόλου","translit":"kathólou","definition":"[καθόλου] from {{g2596}} and {{g3650}}; on the whole, i.e. entirely","strongs_number":"g2527"},"g2528":{"pronunciation":"kath-op-lid'-zo","unicode":"καθοπλίζω","translit":"kathoplízō","definition":"[καθοπλίζω] from {{g2596}}; and {{g3695}}; to equip fully with armor","strongs_number":"g2528"},"g2529":{"pronunciation":"kath-or-ah'-o","unicode":"καθοράω","translit":"kathoráō","definition":"[καθοράω] from {{g2596}} and {{g3708}}; to behold fully, i.e. (figuratively) distinctly apprehend","strongs_number":"g2529"},"g2530":{"pronunciation":"kath-ot'-ee","unicode":"καθότι","translit":"kathóti","definition":"[καθότι] from {{g2596}}; and {{g3739}} and {{g5100}}; according to which certain thing, i.e. as far (or inasmuch) as","strongs_number":"g2530"},"g2531":{"pronunciation":"kath-oce'","unicode":"καθώς","translit":"kathṓs","definition":"[καθώς] from {{g2596}} and {{g5613}}; just (or inasmuch) as, that","strongs_number":"g2531"},"g2532":{"pronunciation":"kahee","unicode":"καί","translit":"kaí","definition":"[καί] apparently, a primary particle, having a copulative and sometimes also a cumulative force; and, also, even, so then, too, etc.; often used in connection (or composition) with other particles or small words","strongs_number":"g2532"},"g2533":{"pronunciation":"kah-ee-af'-as","unicode":"Καϊάφας","translit":"Kaïáphas","definition":"[Καϊάφας] of Chaldee origin; the dell; Caiaphas (i.e. Cajepha), an Israelite","strongs_number":"g2533"},"g2534":{"pronunciation":"kah'-ee-gheh","unicode":"καίγε","translit":"kaíge","definition":"[καίγε] from {{g2532}} and {{g1065}}; and at least (or even, indeed)","strongs_number":"g2534"},"g2535":{"pronunciation":"kah'-in","unicode":"Κάϊν","translit":"Káïn","definition":"[Κάϊν] of Hebrew origin ({{h7014}}); Cain, (i.e. Cajin), the son of Adam","strongs_number":"g2535"},"g2536":{"pronunciation":"kah-ee-nan'","unicode":"Καϊνάν","translit":"Kaïnán","definition":"[Καϊνάν] of Hebrew origin ({{h7018}}); Cainan (i.e. Kenan), the name of two patriarchs","strongs_number":"g2536"},"g2537":{"pronunciation":"kahee-nos'","unicode":"καινός","translit":"kainós","definition":"[καινός] of uncertain affinity; new (especially in freshness; while {{g3501}} is properly so with respect to age","strongs_number":"g2537"},"g2538":{"pronunciation":"kahee-not'-ace","unicode":"καινότης","translit":"kainótēs","definition":"[καινότης] from {{g2537}}; renewal (figuratively)","strongs_number":"g2538"},"g2539":{"pronunciation":"kah'-ee-per","unicode":"καίπερ","translit":"kaíper","definition":"[καίπερ] from {{g2532}} and {{g4007}}; and indeed, i.e. nevertheless or notwithstanding","strongs_number":"g2539"},"g2540":{"pronunciation":"kahee-ros'","unicode":"καιρός","translit":"kairós","definition":"[καιρός] of uncertain affinity; an occasion, i.e. set or proper time Compare {{g5550}}.","strongs_number":"g2540"},"g2541":{"pronunciation":"kah'-ee-sar","unicode":"Καῖσαρ","translit":"Kaîsar","definition":"[Καῖσαρ] of Latin origin; Cæsar, a title of the Roman emperor","strongs_number":"g2541"},"g2542":{"pronunciation":"kahee-sar'-i-a","unicode":"Καισάρεια","translit":"Kaisáreia","definition":"[Καισάρεια] from {{g2541}}; Cæsaria, the name of two places in Palestine","strongs_number":"g2542"},"g2543":{"pronunciation":"kah'-ee-toy","unicode":"καίτοι","translit":"kaítoi","definition":"[καίτοι] from {{g2532}} and {{g5104}}; and yet, i.e. nevertheless","strongs_number":"g2543"},"g2544":{"pronunciation":"kah'-ee-toyg-eh","unicode":"καίτοιγε","translit":"kaítoige","definition":"[καίτοιγε] from {{g2543}} and {{g1065}}; and yet indeed, i.e. although really","strongs_number":"g2544"},"g2545":{"pronunciation":"kah'-yo","unicode":"καίω","translit":"kaíō","definition":"[καίω] apparently a primary verb; to set on fire, i.e. kindle or (by implication) consume","strongs_number":"g2545"},"g2546":{"pronunciation":"kak-i'","unicode":"κἀκεῖ","translit":"kakeî","definition":"[κἀκεῖ] from {{g2532}} and {{g1563}}; likewise in that place","strongs_number":"g2546"},"g2547":{"pronunciation":"kak-i'-then","unicode":"κἀκεῖθεν","translit":"kakeîthen","definition":"[κἀκεῖθεν] from {{g2532}} and {{g1564}}; likewise from that place (or time)","strongs_number":"g2547"},"g2548":{"pronunciation":"kak-i'-nos","unicode":"κἀκεῖνος","translit":"kakeînos","definition":"[κἀκεῖνος] from {{g2532}} and {{g1565}}; likewise that (or those)","strongs_number":"g2548"},"g2549":{"pronunciation":"kak-ee'-ah","unicode":"κακία","translit":"kakía","definition":"[κακία] from {{g2556}}; badness, i.e. (subjectively) depravity, or (actively) malignity, or (passively) trouble","strongs_number":"g2549"},"g2550":{"pronunciation":"kak-o-ay'-thi-ah","unicode":"κακοήθεια","translit":"kakoḗtheia","definition":"[κακοήθεια] from a compound of {{g2556}} and {{g2239}}; bad character, i.e. (specially) mischievousness","strongs_number":"g2550"},"g2551":{"pronunciation":"kak-ol-og-eh'-o","unicode":"κακολογέω","translit":"kakologéō","definition":"[κακολογέω] from a compound of {{g2556}} and {{g3056}}; to revile","strongs_number":"g2551"},"g2552":{"pronunciation":"kak-op-ath'-i-ah","unicode":"κακοπάθεια","translit":"kakopátheia","definition":"[κακοπάθεια] from a compound of {{g2256}} and {{g3806}}; hardship","strongs_number":"g2552"},"g2553":{"pronunciation":"kak-op-ath-eh'-o","unicode":"κακοπαθέω","translit":"kakopathéō","definition":"[κακοπαθέω] from the same as {{g2552}}; to undergo hardship","strongs_number":"g2553"},"g2554":{"pronunciation":"kak-op-oy-eh'-o","unicode":"κακοποιέω","translit":"kakopoiéō","definition":"[κακοποιέω] from {{g2555}}; to be a bad-doer, i.e. (objectively) to injure, or (genitive) to sin","strongs_number":"g2554"},"g2555":{"pronunciation":"kak-op-oy-os'","unicode":"κακοποιός","translit":"kakopoiós","definition":"[κακοποιός] from {{g2556}} and {{g4160}}; a bad-doer; (specially), a criminal","strongs_number":"g2555"},"g2556":{"pronunciation":"kak-os'","unicode":"κακός","translit":"kakós","definition":"[κακός] apparently a primary word; worthless (intrinsically, such; whereas {{g4190}} properly refers to effects), i.e. (subjectively) depraved, or (objectively) injurious","strongs_number":"g2556"},"g2557":{"pronunciation":"kak-oor'-gos","unicode":"κακοῦργος","translit":"kakoûrgos","definition":"[κακοῦργος] from {{g2556}} and the base of {{g2041}}; a wrong-doer, i.e. criminal","strongs_number":"g2557"},"g2558":{"pronunciation":"kak-oo-kheh'-o","unicode":"κακουχέω","translit":"kakouchéō","definition":"[κακουχέω] from a presumed compound of {{g2556}} and {{g2192}}; to maltreat","strongs_number":"g2558"},"g2559":{"pronunciation":"kak-o'-o","unicode":"κακόω","translit":"kakóō","definition":"[κακόω] from {{g2556}}; to injure; figuratively, to exasperate","strongs_number":"g2559"},"g2560":{"pronunciation":"kak-oce'","unicode":"κακῶς","translit":"kakōs","definition":"[κακῶς] from {{g2556}}; badly (physically or morally)","strongs_number":"g2560"},"g2561":{"pronunciation":"kak'-o-sis","unicode":"κάκωσις","translit":"kákōsis","definition":"[κάκωσις] from {{g2559}}; maltreatment","strongs_number":"g2561"},"g2562":{"pronunciation":"kal-am'-ay","unicode":"καλάμη","translit":"kalámē","definition":"[καλάμη] feminine of {{g2563}}; a stalk of grain, i.e. (collectively) stubble","strongs_number":"g2562"},"g2563":{"pronunciation":"kal'-am-os","unicode":"κάλαμος","translit":"kálamos","definition":"[κάλαμος] of uncertain affinity; a reed (the plant or its stem, or that of a similar plant); by implication, a pen","strongs_number":"g2563"},"g2564":{"pronunciation":"kal-eh'-o","unicode":"καλέω","translit":"kaléō","definition":"[καλέω] akin to the base of {{g2753}}; to \"call\" (properly, aloud, but used in a variety of applications, directly or otherwise)","strongs_number":"g2564"},"g2565":{"pronunciation":"kal-le-el'-ah-yos","unicode":"καλλιέλαιος","translit":"kalliélaios","definition":"[καλλιέλαιος] from the base of {{g2566}} and {{g1636}}; a cultivated olive tree, i.e. a domesticated or improved one","strongs_number":"g2565"},"g2566":{"pronunciation":"kal-lee'-on","unicode":"καλλίον","translit":"kallíon","definition":"[καλλίον] neuter of the (irregular) comparative of {{g2570}}; (adverbially) better than many","strongs_number":"g2566"},"g2567":{"pronunciation":"kal-od-id-as'-kal-os","unicode":"καλοδιδάσκαλος","translit":"kalodidáskalos","definition":"[καλοδιδάσκαλος] from {{g2570}} and {{g1320}}; a teacher of the right","strongs_number":"g2567"},"g2568":{"pronunciation":"kal-oy' lee-men'-es","unicode":"Καλοὶ Λιμένες","translit":"Kaloì Liménes","definition":"[Καλοὶ Λιμένες] plural of {{g2570}} and {{g3040}}; Good Harbors, i.e. Fairhaven, a bay of Crete","strongs_number":"g2568"},"g2569":{"pronunciation":"kal-op-oy-eh'-o","unicode":"καλοποιέω","translit":"kalopoiéō","definition":"[καλοποιέω] from {{g2570}} and {{g4160}}; to do well, i.e. live virtuously","strongs_number":"g2569"},"g2570":{"pronunciation":"kal-os'","unicode":"καλός","translit":"kalós","definition":"[καλός] of uncertain affinity; properly, beautiful, but chiefly (figuratively) good (literally or morally), i.e. valuable or virtuous (for appearance or use, and thus distinguished from {{g18}}, which is properly intrinsic)","strongs_number":"g2570"},"g2571":{"pronunciation":"kal'-oo-mah","unicode":"κάλυμα","translit":"kályma","definition":"[κάλυμα] from {{g2572}}; a cover, i.e. veil","strongs_number":"g2571"},"g2572":{"pronunciation":"kal-oop'-to","unicode":"καλύπτω","translit":"kalýptō","definition":"[καλύπτω] akin to {{g2813}} and {{g2928}}; to cover up (literally or figuratively)","strongs_number":"g2572"},"g2573":{"pronunciation":"kal-oce'","unicode":"καλῶς","translit":"kalōs","definition":"[καλῶς] adverb from {{g2570}}; well (usually morally)","strongs_number":"g2573"},"g2574":{"pronunciation":"kam'-ay-los","unicode":"κάμηλος","translit":"kámēlos","definition":"[κάμηλος] of Hebrew origin ({{h1581}}); a \"camel\"","strongs_number":"g2574"},"g2575":{"pronunciation":"kam'-ee-nos","unicode":"κάμινος","translit":"káminos","definition":"[κάμινος] probably from {{g2545}}; a furnace","strongs_number":"g2575"},"g2576":{"pronunciation":"kam-moo'-o","unicode":"καμμύω","translit":"kammýō","definition":"[καμμύω] from a compound of {{g2596}} and the base of {{g3466}}; to shut down, i.e. close the eyes","strongs_number":"g2576"},"g2577":{"pronunciation":"kam'-no","unicode":"κάμνω","translit":"kámnō","definition":"[κάμνω] apparently a primary verb; properly, to toil, i.e. (by implication) to tire (figuratively, faint, sicken)","strongs_number":"g2577"},"g2578":{"pronunciation":"kamp'-to","unicode":"κάμπτω","translit":"kámptō","definition":"[κάμπτω] apparently a primary verb; to bend","strongs_number":"g2578"},"g2579":{"pronunciation":"kan","unicode":"κἄν","translit":"kán","definition":"[κἄν] from {{g2532}} and {{g1437}}; and (or even) if","strongs_number":"g2579"},"g2580":{"pronunciation":"kan-ah'","unicode":"Κανᾶ","translit":"Kanâ","definition":"[Κανᾶ] of Hebrew origin (compare {{h7071}}); Cana, a place in Palestine","strongs_number":"g2580"},"g2581":{"pronunciation":"kan-an-ee'-tace","unicode":"Κανανίτης","translit":"Kananítēs","definition":"[Κανανίτης] of Chaldee origin (compare {{h7067}}); zealous; Cananites, an epithet","strongs_number":"g2581"},"g2582":{"pronunciation":"kan-dak'-ay","unicode":"Κανδάκη","translit":"Kandákē","definition":"[Κανδάκη] of foreign origin; Candacè, an Egyptian queen","strongs_number":"g2582"},"g2583":{"pronunciation":"kan-ohn'","unicode":"κανών","translit":"kanṓn","definition":"[κανών] from κάνη (a straight reed, i.e. rod); a rule (\"canon\"), i.e. (figuratively) a standard (of faith and practice); by implication, a boundary, i.e. (figuratively) a sphere (of activity)","strongs_number":"g2583"},"g2584":{"pronunciation":"cap-er-nah-oom'","unicode":"Καπερναούμ","translit":"Kapernaoúm","definition":"[Καπερναούμ] of Hebrew origin (probably {{h3723}} and {{h5151}}); Capernaum (i.e. Caphanachum), a place in Palestine","strongs_number":"g2584"},"g2585":{"pronunciation":"kap-ale-yoo'-o","unicode":"καπηλεύω","translit":"kapēleúō","definition":"[καπηλεύω] from κάπηλος (a huckster); to retail, i.e. (by implication) to adulterate (figuratively)","strongs_number":"g2585"},"g2586":{"pronunciation":"kap-nos'","unicode":"καπνός","translit":"kapnós","definition":"[καπνός] of uncertain affinity; smoke","strongs_number":"g2586"},"g2587":{"pronunciation":"kap-pad-ok-ee'-ah","unicode":"Καππαδοκία","translit":"Kappadokía","definition":"[Καππαδοκία] of foreign origin; Cappadocia, a region of Asia Minor","strongs_number":"g2587"},"g2588":{"pronunciation":"kar-dee'-ah","unicode":"καρδία","translit":"kardía","definition":"[καρδία] prolonged from a primary κάρ (Latin , \"heart\"); the heart, i.e. (figuratively) the thoughts or feelings (mind); also (by analogy) the middle","strongs_number":"g2588"},"g2589":{"pronunciation":"kar-dee-og-noce'-tace","unicode":"καρδιογνώστης","translit":"kardiognṓstēs","definition":"[καρδιογνώστης] from {{g2588}} and {{g1097}}; a heart-knower","strongs_number":"g2589"},"g2590":{"pronunciation":"kar-pos'","unicode":"καρπός","translit":"karpós","definition":"[καρπός] probably from the base of {{g726}}; fruit (as plucked), literally or figuratively","strongs_number":"g2590"},"g2591":{"pronunciation":"kar'-pos","unicode":"Κάρπος","translit":"Kárpos","definition":"[Κάρπος] perhaps for {{g2590}}; Carpus, probably a Christian","strongs_number":"g2591"},"g2592":{"pronunciation":"kar-pof-or-eh'-o","unicode":"καρποφορέω","translit":"karpophoréō","definition":"[καρποφορέω] from {{g2593}}; to be fertile (literally or figuratively)","strongs_number":"g2592"},"g2593":{"pronunciation":"kar-pof-or'-os","unicode":"καρποφόρος","translit":"karpophóros","definition":"[καρποφόρος] from {{g2590}} and {{g5342}}; fruitbearing (figuratively)","strongs_number":"g2593"},"g2594":{"pronunciation":"kar-ter-eh'-o","unicode":"καρτερέω","translit":"karteréō","definition":"[καρτερέω] from a derivative of {{g2904}} (transposed); to be strong, i.e. (figuratively) steadfast (patient)","strongs_number":"g2594"},"g2595":{"pronunciation":"kar'-fos","unicode":"κάρφος","translit":"kárphos","definition":"[κάρφος] from κάρφω (to wither); a dry twig or straw","strongs_number":"g2595"},"g2596":{"pronunciation":"kat-ah'","unicode":"κατά","translit":"katá","definition":"[κατά] a primary particle; (prepositionally) down (in place or time), in varied relations (according to the case (genitive, dative or accusative) with which it is joined) In composition it retains many of these applications, and frequently denotes opposition, distribution, or intensity.","strongs_number":"g2596"},"g2597":{"pronunciation":"kat-ab-ah'-ee-no","unicode":"καταβαίνω","translit":"katabaínō","definition":"[καταβαίνω] from {{g2596}} and the base of {{g939}}; to descend (literally or figuratively)","strongs_number":"g2597"},"g2598":{"pronunciation":"kat-ab-al'-lo","unicode":"καταβάλλω","translit":"katabállō","definition":"[καταβάλλω] from {{g2596}} and {{g906}}; to throw down","strongs_number":"g2598"},"g2599":{"pronunciation":"kat-ab-ar-eh'-o","unicode":"καταβαρέω","translit":"katabaréō","definition":"[καταβαρέω] from {{g2596}} and {{g916}}; to impose upon","strongs_number":"g2599"},"g2600":{"pronunciation":"kat-ab'-as-is","unicode":"κατάβασις","translit":"katábasis","definition":"[κατάβασις] from {{g2597}}; a declivity","strongs_number":"g2600"}}