{"g2601":{"pronunciation":"kat-ab-ib-ad'-zo","unicode":"καταβιβάζω","translit":"katabibázō","definition":"[καταβιβάζω] from {{g2596}} and a derivative of the base of {{g939}}; to cause to go down, i.e. precipitate","strongs_number":"g2601"},"g2602":{"pronunciation":"kat-ab-ol-ay'","unicode":"καταβολή","translit":"katabolḗ","definition":"[καταβολή] from {{g2598}}; a deposition, i.e. founding; figuratively, conception","strongs_number":"g2602"},"g2603":{"pronunciation":"kat-ab-rab-yoo'-o","unicode":"καταβραβεύω","translit":"katabrabeúō","definition":"[καταβραβεύω] from {{g2596}} and {{g1018}} (in its original sense); to award the price against, i.e. (figuratively) to defraud (of salvation)","strongs_number":"g2603"},"g2604":{"pronunciation":"kat-ang-gel-yooce'","unicode":"καταγγελεύς","translit":"katangeleús","definition":"[καταγγελεύς] from {{g2605}}; a proclaimer","strongs_number":"g2604"},"g2605":{"pronunciation":"kat-ang-gel'-lo","unicode":"καταγγέλλω","translit":"katangéllō","definition":"[καταγγέλλω] from {{g2596}} and the base of {{g32}}; to proclaim, promulgate","strongs_number":"g2605"},"g2606":{"pronunciation":"kat-ag-el-ah'-o","unicode":"καταγελάω","translit":"katageláō","definition":"[καταγελάω] to laugh down, i.e. deride","strongs_number":"g2606"},"g2607":{"pronunciation":"kat-ag-in-o'-sko","unicode":"καταγινώσκω","translit":"kataginṓskō","definition":"[καταγινώσκω] from {{g2596}} and {{g1097}}; to note against, i.e. find fault with","strongs_number":"g2607"},"g2608":{"pronunciation":"kat-ag'-noo-mee","unicode":"κατάγνυμι","translit":"katágnymi","definition":"[κατάγνυμι] from {{g2596}} and the base of {{g4486}}; to rend in pieces, i.e. crack apart","strongs_number":"g2608"},"g2609":{"pronunciation":"kat-ag'-o","unicode":"κατάγω","translit":"katágō","definition":"[κατάγω] from {{g2596}} and {{g71}}; to lead down; specially, to moor a vessel","strongs_number":"g2609"},"g2610":{"pronunciation":"kat-ag-o-nid'-zom-ahee","unicode":"καταγωνίζομαι","translit":"katagōnízomai","definition":"[καταγωνίζομαι] from {{g2596}} and {{g75}}; to struggle against, i.e. (by implication) to overcome","strongs_number":"g2610"},"g2611":{"pronunciation":"kat-ad-eh'-o","unicode":"καταδέω","translit":"katadéō","definition":"[καταδέω] from {{g2596}} and {{g1210}}; to tie down, i.e. bandage (a wound)","strongs_number":"g2611"},"g2612":{"pronunciation":"kat-ad'-ay-los","unicode":"κατάδηλος","translit":"katádēlos","definition":"[κατάδηλος] from {{g2596}} intensive and {{g1212}}; manifest","strongs_number":"g2612"},"g2613":{"pronunciation":"kat-ad-ik-ad'-zo","unicode":"καταδικάζω","translit":"katadikázō","definition":"[καταδικάζω] from {{g2596}} and a derivative of {{g1349}}; to adjudge against, i.e. pronounce guilty","strongs_number":"g2613"},"g2614":{"pronunciation":"kat-ad-ee-o'-ko","unicode":"καταδιώκω","translit":"katadiṓkō","definition":"[καταδιώκω] from {{g2596}} and {{g1377}}; to hunt down, i.e. search for","strongs_number":"g2614"},"g2615":{"pronunciation":"kat-ad-oo-lo'-o","unicode":"καταδουλόω","translit":"katadoulóō","definition":"[καταδουλόω] from {{g2596}} and {{g1402}}; to enslave utterly","strongs_number":"g2615"},"g2616":{"pronunciation":"kat-ad-oo-nas-tyoo'-o","unicode":"καταδυναστεύω","translit":"katadynasteúō","definition":"[καταδυναστεύω] from {{g2596}} and a derivative of {{g1413}}; to exercise dominion against, i.e. oppress","strongs_number":"g2616"},"g2617":{"pronunciation":"kat-ahee-skhoo'-no","unicode":"καταισχύνω","translit":"kataischýnō","definition":"[καταισχύνω] from {{g2596}} and {{g153}}; to shame down, i.e. disgrace or (by implication) put to the blush","strongs_number":"g2617"},"g2618":{"pronunciation":"kat-ak-ah'-ee-o","unicode":"κατακαίω","translit":"katakaíō","definition":"[κατακαίω] from {{g2596}} and {{g2545}}; to burn down (to the ground), i.e. consume wholly","strongs_number":"g2618"},"g2619":{"pronunciation":"kat-ak-al-oop'-to","unicode":"κατακαλύπτω","translit":"katakalýptō","definition":"[κατακαλύπτω] from {{g2596}} and {{g2572}}; to cover wholly, i.e. veil","strongs_number":"g2619"},"g2620":{"pronunciation":"kat-ak-ow-khah'-om-ahee","unicode":"κατακαυχάομαι","translit":"katakaucháomai","definition":"[κατακαυχάομαι] from {{g2596}} and {{g2744}}; to exult against (i.e. over)","strongs_number":"g2620"},"g2621":{"pronunciation":"kat-ak'-i-mahee","unicode":"κατάκειμαι","translit":"katákeimai","definition":"[κατάκειμαι] from {{g2596}} and {{g2749}}; to lie down, i.e. (by implication) be sick; specially, to recline at a meal","strongs_number":"g2621"},"g2622":{"pronunciation":"kat-ak-lah'-o","unicode":"κατακλάω","translit":"katakláō","definition":"[κατακλάω] from {{g2596}} and {{g2806}}; to break down, i.e. divide","strongs_number":"g2622"},"g2623":{"pronunciation":"kat-ak-li'-o","unicode":"κατακλείω","translit":"katakleíō","definition":"[κατακλείω] from {{g2596}} and {{g2808}}; to shut down (in a dungeon), i.e. incarcerate","strongs_number":"g2623"},"g2624":{"pronunciation":"kat-ak-lay-rod-ot-eh'-o","unicode":"κατακληροδοτέω","translit":"kataklērodotéō","definition":"[κατακληροδοτέω] from {{g2596}} and a derivative of a compound of {{g2819}} and {{g1325}}; to be a giver of lots to each, i.e. (by implication) to apportion an estate","strongs_number":"g2624"},"g2625":{"pronunciation":"kat-ak-lee'-no","unicode":"κατακλίνω","translit":"kataklínō","definition":"[κατακλίνω] from {{g2596}} and {{g2827}}; to recline down, i.e. (specially) to take a place at table","strongs_number":"g2625"},"g2626":{"pronunciation":"kat-ak-lood'-zo","unicode":"κατακλύζω","translit":"kataklýzō","definition":"[κατακλύζω] from {{g2596}} and the base of {{g2830}}; to dash (wash) down, i.e. (by implication) to deluge","strongs_number":"g2626"},"g2627":{"pronunciation":"kat-ak-looce-mos'","unicode":"κατακλυσμός","translit":"kataklysmós","definition":"[κατακλυσμός] from {{g2626}}; an inundation","strongs_number":"g2627"},"g2628":{"pronunciation":"kat-ak-ol-oo-theh'-o","unicode":"κατακολουθέω","translit":"katakolouthéō","definition":"[κατακολουθέω] from {{g2596}} and {{g190}}; to accompany closely","strongs_number":"g2628"},"g2629":{"pronunciation":"kat-ak-op'-to","unicode":"κατακόπτω","translit":"katakóptō","definition":"[κατακόπτω] from {{g2596}} and {{g2875}}; to chop down, i.e. mangle","strongs_number":"g2629"},"g2630":{"pronunciation":"kat-ak-rame-nid'-zo","unicode":"κατακρημνίζω","translit":"katakrēmnízō","definition":"[κατακρημνίζω] from {{g2596}} and a derivative of {{g2911}}; to precipitate down","strongs_number":"g2630"},"g2631":{"pronunciation":"kat-ak'-ree-mah","unicode":"κατάκριμα","translit":"katákrima","definition":"[κατάκριμα] from {{g2632}}; an adverse sentence (the verdict)","strongs_number":"g2631"},"g2632":{"pronunciation":"kat-ak-ree'-no","unicode":"κατακρίνω","translit":"katakrínō","definition":"[κατακρίνω] from {{g2596}} and {{g2919}}; to judge against, i.e. sentence","strongs_number":"g2632"},"g2633":{"pronunciation":"kat-ak'-ree-sis","unicode":"κατάκρισις","translit":"katákrisis","definition":"[κατάκρισις] from {{g2632}}; sentencing adversely (the act)","strongs_number":"g2633"},"g2634":{"pronunciation":"kat-ak-oo-ree-yoo'-o","unicode":"κατακυριεύω","translit":"katakyrieúō","definition":"[κατακυριεύω] from {{g2596}} and {{g2961}}; to lord against, i.e. control, subjugate","strongs_number":"g2634"},"g2635":{"pronunciation":"kat-al-al-eh'-o","unicode":"καταλαλέω","translit":"katalaléō","definition":"[καταλαλέω] from {{g2637}}; to be a traducer, i.e. to slander","strongs_number":"g2635"},"g2636":{"pronunciation":"kat-al-al-ee'-ah","unicode":"καταλαλία","translit":"katalalía","definition":"[καταλαλία] from {{g2637}}; defamation","strongs_number":"g2636"},"g2637":{"pronunciation":"kat-al'-al-os","unicode":"κατάλαλος","translit":"katálalos","definition":"[κατάλαλος] from {{g2596}} and the base of {{g2980}}; talkative against, i.e. a slanderer","strongs_number":"g2637"},"g2638":{"pronunciation":"kat-al-am-ban'-o","unicode":"καταλαμβάνω","translit":"katalambánō","definition":"[καταλαμβάνω] from {{g2596}} and {{g2983}}; to take eagerly, i.e. seize, possess, etc. (literally or figuratively)","strongs_number":"g2638"},"g2639":{"pronunciation":"kat-al-eg'-o","unicode":"καταλέγω","translit":"katalégō","definition":"[καταλέγω] from {{g2596}} and {{g3004}} (in its original meaning); to lay down, i.e. (figuratively) to enrol","strongs_number":"g2639"},"g2640":{"pronunciation":"kat-al'-ime-mah","unicode":"κατάλειμμα","translit":"katáleimma","definition":"[κατάλειμμα] from {{g2641}}; a remainder, i.e. (by implication) a few","strongs_number":"g2640"},"g2641":{"pronunciation":"kat-al-i'-po","unicode":"καταλείπω","translit":"kataleípō","definition":"[καταλείπω] from {{g2596}} and {{g3007}}; to leave down, i.e. behind; by implication, to abandon, have remaining","strongs_number":"g2641"},"g2642":{"pronunciation":"kat-al-ith-ad'-zo","unicode":"καταλιθάζω","translit":"katalitházō","definition":"[καταλιθάζω] from {{g2596}} and {{g3034}}; to stone down, i.e. to death","strongs_number":"g2642"},"g2643":{"pronunciation":"kat-al-lag-ay'","unicode":"καταλλαγή","translit":"katallagḗ","definition":"[καταλλαγή] from {{g2644}}; exchange (figuratively, adjustment), i.e. restoration to (the divine) favor","strongs_number":"g2643"},"g2644":{"pronunciation":"kat-al-las'-so","unicode":"καταλλάσσω","translit":"katallássō","definition":"[καταλλάσσω] from {{g2596}} and {{g236}}; to change mutually, i.e. (figuratively) to compound a difference","strongs_number":"g2644"},"g2645":{"pronunciation":"kat-al'-oy-pos","unicode":"κατάλοιπος","translit":"katáloipos","definition":"[κατάλοιπος] from {{g2596}} and {{g3062}}; left down (behind), i.e remaining (plural the rest)","strongs_number":"g2645"},"g2646":{"pronunciation":"kat-al'-oo-mah","unicode":"κατάλυμα","translit":"katályma","definition":"[κατάλυμα] from {{g2647}}; properly, a dissolution (breaking up of a journey), i.e. (by implication) a lodging-place","strongs_number":"g2646"},"g2647":{"pronunciation":"kat-al-oo'-o","unicode":"καταλύω","translit":"katalýō","definition":"[καταλύω] from {{g2596}} and {{g3089}}; to loosen down (disintegrate), i.e. (by implication) to demolish (literally or figuratively); specially (compare {{g2646}}) to halt for the night","strongs_number":"g2647"},"g2648":{"pronunciation":"kat-am-an-than'-o","unicode":"καταμανθάνω","translit":"katamanthánō","definition":"[καταμανθάνω] from {{g2596}} and {{g3129}}; to learn thoroughly, i.e. (by implication) to note carefully","strongs_number":"g2648"},"g2649":{"pronunciation":"kat-am-ar-too-reh'-o","unicode":"καταμαρτυρέω","translit":"katamartyréō","definition":"[καταμαρτυρέω] from {{g2596}} and {{g3140}}; to testify against","strongs_number":"g2649"},"g2650":{"pronunciation":"kat-am-en'-o","unicode":"καταμένω","translit":"kataménō","definition":"[καταμένω] from {{g2596}} and {{g3306}}; to stay fully, i.e. reside","strongs_number":"g2650"},"g2651":{"pronunciation":"kat-am-on'-as","unicode":"καταμόνας","translit":"katamónas","definition":"[καταμόνας] from {{g2596}} and accusative case plural feminine of {{g3441}} (with {{g5561}} implied); according to sole places, i.e. (adverbially) separately","strongs_number":"g2651"},"g2652":{"pronunciation":"kat-an-ath'-em-ah","unicode":"κατανάθεμα","translit":"katanáthema","definition":"[κατανάθεμα] from {{g2596}} (intensive) and {{g331}}; an imprecation","strongs_number":"g2652"},"g2653":{"pronunciation":"kat-an-ath-em-at-id'-zo","unicode":"καταναθεματίζω","translit":"katanathematízō","definition":"[καταναθεματίζω] from {{g2596}} (intensive) and {{g332}}; to imprecate","strongs_number":"g2653"},"g2654":{"pronunciation":"kat-an-al-is'-ko","unicode":"καταναλίσκω","translit":"katanalískō","definition":"[καταναλίσκω] from {{g2596}} and {{g355}}; to consume utterly","strongs_number":"g2654"},"g2655":{"pronunciation":"kat-an-ar-kah'-o","unicode":"καταναρκάω","translit":"katanarkáō","definition":"[καταναρκάω] from {{g2596}} and ναρκάω (to be numb); to grow utterly torpid, i.e. (by implication) slothful (figuratively, expensive)","strongs_number":"g2655"},"g2656":{"pronunciation":"kat-an-yoo'-o","unicode":"κατανεύω","translit":"kataneúō","definition":"[κατανεύω] from {{g2596}} and {{g3506}}; to nod down (towards), i.e. (by analogy) to make signs to","strongs_number":"g2656"},"g2657":{"pronunciation":"kat-an-o-eh'-o","unicode":"κατανοέω","translit":"katanoéō","definition":"[κατανοέω] from {{g2596}} and {{g3539}}; to observe fully","strongs_number":"g2657"},"g2658":{"pronunciation":"kat-an-tah'-o","unicode":"καταντάω","translit":"katantáō","definition":"[καταντάω] from {{g2596}} and a derivative of {{g473}}; to meet against, i.e. arrive at (literally or figuratively)","strongs_number":"g2658"},"g2659":{"pronunciation":"kat-an'-oox-is","unicode":"κατάνυξις","translit":"katányxis","definition":"[κατάνυξις] from {{g2660}}; a prickling (sensation, as of the limbs asleep), i.e. (by implication, (perhaps by some confusion with {{g3506}} or even with {{g3571}})) stupor (lethargy)","strongs_number":"g2659"},"g2660":{"pronunciation":"kat-an-oos'-so","unicode":"κατανύσσω","translit":"katanýssō","definition":"[κατανύσσω] from {{g2596}} and {{g3572}}; to pierce thoroughly, i.e. (figuratively) to agitate violently (\"sting to the quick\")","strongs_number":"g2660"},"g2661":{"pronunciation":"kat-ax-ee-o'-o","unicode":"καταξιόω","translit":"kataxióō","definition":"[καταξιόω] from {{g2596}} and {{g515}}; to deem entirely deserving","strongs_number":"g2661"},"g2662":{"pronunciation":"kat-ap-at-eh'-o","unicode":"καταπατέω","translit":"katapatéō","definition":"[καταπατέω] from {{g2596}} and {{g3961}}; to trample down; figuratively, to reject with disdain","strongs_number":"g2662"},"g2663":{"pronunciation":"kat-ap'-ow-sis","unicode":"κατάπαυσις","translit":"katápausis","definition":"[κατάπαυσις] from {{g2664}}; reposing down, i.e. (by Hebraism) abode","strongs_number":"g2663"},"g2664":{"pronunciation":"kat-ap-ow'-o","unicode":"καταπαύω","translit":"katapaúō","definition":"[καταπαύω] from {{g2596}} and {{g3973}}; to settle down, i.e. (literally) to colonize, or (figuratively) to (cause to) desist","strongs_number":"g2664"},"g2665":{"pronunciation":"kat-ap-et'-as-mah","unicode":"καταπέτασμα","translit":"katapétasma","definition":"[καταπέτασμα] from a compound of {{g2596}} and a congener of {{g4072}}; something spread thoroughly, i.e. (specially) the door screen (to the Most Holy Place) in the Jewish Temple","strongs_number":"g2665"},"g2666":{"pronunciation":"kat-ap-ee'-no","unicode":"καταπίνω","translit":"katapínō","definition":"[καταπίνω] from {{g2596}} and {{g4095}}; to drink down, i.e. gulp entire (literally or figuratively)","strongs_number":"g2666"},"g2667":{"pronunciation":"kat-ap-ip'-to","unicode":"καταπίπτω","translit":"katapíptō","definition":"[καταπίπτω] from {{g2596}} and {{g4098}}; to fall down","strongs_number":"g2667"},"g2668":{"pronunciation":"kat-ap-leh'-o","unicode":"καταπλέω","translit":"katapléō","definition":"[καταπλέω] from {{g2596}} and {{g4126}}; to sail down upon a place, i.e. to land at","strongs_number":"g2668"},"g2669":{"pronunciation":"kat-ap-on-eh'-o","unicode":"καταπονέω","translit":"kataponéō","definition":"[καταπονέω] from {{g2596}} and a derivative of {{g4192}}; to labor down, i.e. wear with toil (figuratively, harass)","strongs_number":"g2669"},"g2670":{"pronunciation":"kat-ap-on-tid'-zo","unicode":"καταποντίζω","translit":"katapontízō","definition":"[καταποντίζω] from {{g2596}} and a derivative of the same as {{g4195}}; to plunge down, i.e. submerge","strongs_number":"g2670"},"g2671":{"pronunciation":"kat-ar'-ah","unicode":"κατάρα","translit":"katára","definition":"[κατάρα] from {{g2596}} (intensive) and {{g685}}; imprecation, execration","strongs_number":"g2671"},"g2672":{"pronunciation":"kat-ar-ah'-om-ahee","unicode":"καταράομαι","translit":"kataráomai","definition":"[καταράομαι] middle voice from {{g2671}}; to execrate; by analogy, to doom","strongs_number":"g2672"},"g2673":{"pronunciation":"kat-arg-eh'-o","unicode":"καταργέω","translit":"katargéō","definition":"[καταργέω] from {{g2596}} and {{g691}}; to be (render) entirely idle (useless), literally or figuratively","strongs_number":"g2673"},"g2674":{"pronunciation":"kat-ar-ith-meh'-o","unicode":"καταριθμέω","translit":"katarithméō","definition":"[καταριθμέω] from {{g2596}} and {{g705}}; to reckon among","strongs_number":"g2674"},"g2675":{"pronunciation":"kat-ar-tid'-zo","unicode":"καταρτίζω","translit":"katartízō","definition":"[καταρτίζω] from {{g2596}} and a derivative of {{g739}}; to complete thoroughly, i.e. repair (literally or figuratively) or adjust","strongs_number":"g2675"},"g2676":{"pronunciation":"kat-ar'-tis-is","unicode":"κατάρτισις","translit":"katártisis","definition":"[κατάρτισις] from {{g2675}}; thorough equipment (subjectively)","strongs_number":"g2676"},"g2677":{"pronunciation":"kat-ar-tis-mos'","unicode":"καταρτισμός","translit":"katartismós","definition":"[καταρτισμός] from {{g2675}}; complete furnishing (objectively)","strongs_number":"g2677"},"g2678":{"pronunciation":"kat-as-i'-o","unicode":"κατασείω","translit":"kataseíō","definition":"[κατασείω] from {{g2596}} and {{g4579}}; to sway downward, i.e. make a signal","strongs_number":"g2678"},"g2679":{"pronunciation":"kat-as-kap'-to","unicode":"κατασκάπτω","translit":"kataskáptō","definition":"[κατασκάπτω] from {{g2596}} and {{g4626}}; to undermine, i.e. (by implication) destroy","strongs_number":"g2679"},"g2680":{"pronunciation":"kat-ask-yoo-ad'-zo","unicode":"κατασκευάζω","translit":"kataskeuázō","definition":"[κατασκευάζω] from {{g2596}} and a derivative of {{g4632}}; to prepare thoroughly (properly, by external equipment; whereas {{g2090}} refers rather to internal fitness); by implication, to construct, create","strongs_number":"g2680"},"g2681":{"pronunciation":"kat-as-kay-no'-o","unicode":"κατασκηνόω","translit":"kataskēnóō","definition":"[κατασκηνόω] from {{g2596}} and {{g4637}}; to camp down, i.e. haunt; figuratively, to remain","strongs_number":"g2681"},"g2682":{"pronunciation":"kat-as-kay'-no-sis","unicode":"κατασκήνωσις","translit":"kataskḗnōsis","definition":"[κατασκήνωσις] from {{g2681}}; an encamping, i.e. (figuratively) a perch","strongs_number":"g2682"},"g2683":{"pronunciation":"kat-as-kee-ad'-zo","unicode":"κατασκιάζω","translit":"kataskiázō","definition":"[κατασκιάζω] from {{g2596}} and a derivative of {{g4639}}; to overshade, i.e. cover","strongs_number":"g2683"},"g2684":{"pronunciation":"kat-as-kop-eh'-o","unicode":"κατασκοπέω","translit":"kataskopéō","definition":"[κατασκοπέω] from {{g2685}}; to be a sentinel, i.e. to inspect insidiously","strongs_number":"g2684"},"g2685":{"pronunciation":"kat-as'-kop-os","unicode":"κατάσκοπος","translit":"katáskopos","definition":"[κατάσκοπος] from {{g2596}} (intensive) and {{g4649}} (in the sense of a watcher); a reconnoiterer","strongs_number":"g2685"},"g2686":{"pronunciation":"kat-as-of-id'-zom-ahee","unicode":"κατασοφίζομαι","translit":"katasophízomai","definition":"[κατασοφίζομαι] middle voice from {{g2596}} and {{g4679}}; to be crafty against, i.e. circumvent","strongs_number":"g2686"},"g2687":{"pronunciation":"kat-as-tel'-lo","unicode":"καταστέλλω","translit":"katastéllō","definition":"[καταστέλλω] from {{g2596}} and {{g4724}}; to put down, i.e. quell","strongs_number":"g2687"},"g2688":{"pronunciation":"kat-as'-tay-mah","unicode":"κατάστημα","translit":"katástēma","definition":"[κατάστημα] from {{g2525}}; properly, a position or condition, i.e. (subjectively) demeanor","strongs_number":"g2688"},"g2689":{"pronunciation":"kat-as-tol-ay'","unicode":"καταστολή","translit":"katastolḗ","definition":"[καταστολή] from {{g2687}}; a deposit, i.e. (specially) costume","strongs_number":"g2689"},"g2690":{"pronunciation":"kat-as-tref'-o","unicode":"καταστρέφω","translit":"katastréphō","definition":"[καταστρέφω] from {{g2596}} and {{g4762}}; to turn upside down, i.e. upset","strongs_number":"g2690"},"g2691":{"pronunciation":"kat-as-tray-nee-ah'-o","unicode":"καταστρηνιάω","translit":"katastrēniáō","definition":"[καταστρηνιάω] from {{g2596}} and {{g4763}}; to become voluptuous against","strongs_number":"g2691"},"g2692":{"pronunciation":"kat-as-trof-ay'","unicode":"καταστροφή","translit":"katastrophḗ","definition":"[καταστροφή] from {{g2690}}; an overturn (\"catastrophe\"), i.e. demolition; figuratively, apostasy","strongs_number":"g2692"},"g2693":{"pronunciation":"kat-as-trone'-noo-mee","unicode":"καταστρώννυμι","translit":"katastrṓnnymi","definition":"[καταστρώννυμι] from {{g2596}} and {{g4766}}; to strew down, i.e. (by implication) to prostrate (slay)","strongs_number":"g2693"},"g2694":{"pronunciation":"kat-as-oo'-ro","unicode":"κατασύρω","translit":"katasýrō","definition":"[κατασύρω] from {{g2596}} and {{g4951}}; to drag down, i.e. arrest judicially","strongs_number":"g2694"},"g2695":{"pronunciation":"kat-as-fat'-to","unicode":"κατασφάττω","translit":"kataspháttō","definition":"[κατασφάττω] from {{g2596}} and {{g4969}}; to kill down, i.e. slaughter","strongs_number":"g2695"},"g2696":{"pronunciation":"kat-as-frag-id'-zo","unicode":"κατασφραγίζω","translit":"katasphragízō","definition":"[κατασφραγίζω] from {{g2596}} and {{g4972}}; to seal closely","strongs_number":"g2696"},"g2697":{"pronunciation":"kat-as'-khes-is","unicode":"κατάσχεσις","translit":"katáschesis","definition":"[κατάσχεσις] from {{g2722}}; a holding down, i.e. occupancy","strongs_number":"g2697"},"g2698":{"pronunciation":"kat-at-ith'-ay-mee","unicode":"κατατίθημι","translit":"katatíthēmi","definition":"[κατατίθημι] from {{g2596}} and {{g5087}}; to place down, i.e. deposit (literally or figuratively)","strongs_number":"g2698"},"g2699":{"pronunciation":"kat-at-om-ay'","unicode":"κατατομή","translit":"katatomḗ","definition":"[κατατομή] from a compound of {{g2596}} and τέμνω (to cut); a cutting down (off), i.e. mutilation (ironically) Compare {{g609}}.","strongs_number":"g2699"},"g2700":{"pronunciation":"kat-at-ox-yoo'-o","unicode":"κατατοξεύω","translit":"katatoxeúō","definition":"[κατατοξεύω] from {{g2596}} and a derivative of {{g5115}}; to shoot down with an arrow or other missile","strongs_number":"g2700"}}