{"g2701":{"pronunciation":"kat-at-rekh'-o","unicode":"κατατρέχω","translit":"katatréchō","definition":"[κατατρέχω] from {{g2596}} and {{g5143}}; to run down, i.e. hasten from a tower","strongs_number":"g2701"},"g2702":{"pronunciation":"kat-af-er'-o","unicode":"καταφέρω","translit":"kataphérō","definition":"[καταφέρω] from {{g2596}} and {{g5342}} (including its alternate); to bear down, i.e. (figuratively) overcome (with drowsiness); specially, to cast a vote","strongs_number":"g2702"},"g2703":{"pronunciation":"kat-af-yoo'-go","unicode":"καταφεύγω","translit":"katapheúgō","definition":"[καταφεύγω] from {{g2596}} and {{g5343}}; to flee down (away)","strongs_number":"g2703"},"g2704":{"pronunciation":"kat-af-thi'-ro","unicode":"καταφθείρω","translit":"kataphtheírō","definition":"[καταφθείρω] from {{g2596}} and {{g5351}}; to spoil entirely, i.e. (literally) to destroy; or (figuratively) to deprave; ","strongs_number":"g2704"},"g2705":{"pronunciation":"kat-af-ee-leh'-o","unicode":"καταφιλέω","translit":"kataphiléō","definition":"[καταφιλέω] from 2596 and 5368; to kiss earnestly","strongs_number":"g2705"},"g2706":{"pronunciation":"kat-af-ron-eh'-o","unicode":"καταφρονέω","translit":"kataphronéō","definition":"[καταφρονέω] from {{g2596}} and {{g5426}}; to think against, i.e. disesteem","strongs_number":"g2706"},"g2707":{"pronunciation":"kat-af-ron-tace'","unicode":"καταφροντής","translit":"kataphrontḗs","definition":"[καταφροντής] from {{g2706}}; a contemner","strongs_number":"g2707"},"g2708":{"pronunciation":"kat-akh-eh'-o","unicode":"καταχέω","translit":"katachéō","definition":"[καταχέω] from {{g2596}} and cheo (to pour); to pour down (out)","strongs_number":"g2708"},"g2709":{"pronunciation":"kat-akh-thon'-ee-os","unicode":"καταχθόνιος","translit":"katachthónios","definition":"[καταχθόνιος] from {{g2596}} and χθών (the ground); subterranean, i.e. infernal (belonging to the world of departed spirits)","strongs_number":"g2709"},"g2710":{"pronunciation":"kat-akh-rah'-om-ahee","unicode":"καταχράομαι","translit":"katachráomai","definition":"[καταχράομαι] from {{g2596}} and {{g5530}}; to overuse, i.e. misuse","strongs_number":"g2710"},"g2711":{"pronunciation":"kat-ap-soo'-kho","unicode":"καταψύχω","translit":"katapsýchō","definition":"[καταψύχω] from {{g2596}} and {{g5594}}; to cool down (off), i.e. refresh","strongs_number":"g2711"},"g2712":{"pronunciation":"kat-i'-do-los","unicode":"κατείδωλος","translit":"kateídōlos","definition":"[κατείδωλος] from {{g2596}} (intensively) and {{g1497}}; utterly idolatrous","strongs_number":"g2712"},"g2713":{"pronunciation":"kat-en'-an-tee","unicode":"κατέναντι","translit":"katénanti","definition":"[κατέναντι] from {{g2596}} and {{g1725}}; directly opposite","strongs_number":"g2713"},"g2714":{"pronunciation":"kat-en-o'-pee-on","unicode":"κατενώπιον","translit":"katenṓpion","definition":"[κατενώπιον] from {{g2596}} and {{g1799}}; directly in front of","strongs_number":"g2714"},"g2715":{"pronunciation":"kat-ex-oo-see-ad'-zo","unicode":"κατεξουσιάζω","translit":"katexousiázō","definition":"[κατεξουσιάζω] from {{g2596}} and {{g1850}}; to have (wield) full privilege over","strongs_number":"g2715"},"g2716":{"pronunciation":"kat-er-gad'-zom-ahee","unicode":"κατεργάζομαι","translit":"katergázomai","definition":"[κατεργάζομαι] from {{g2596}} and {{g2038}}; to work fully, i.e. accomplish; by implication, to finish, fashion","strongs_number":"g2716"},"g2717":{"pronunciation":null,"unicode":null,"translit":null,"definition":"[  Not Used\n] ","strongs_number":"g2717"},"g2718":{"pronunciation":"kat-er'-khom-ahee","unicode":"κατέρχομαι","translit":"katérchomai","definition":"[κατέρχομαι] from {{g2596}} and {{g2064}} (including its alternate); to come (or go) down (literally or figuratively)","strongs_number":"g2718"},"g2719":{"pronunciation":"kat-es-thee'-o","unicode":"κατεσθίω","translit":"katesthíō","definition":"[κατεσθίω] from {{g2596}} and {{g2068}} (including its alternate); to eat down, i.e. devour (literally or figuratively)","strongs_number":"g2719"},"g2720":{"pronunciation":"kat-yoo-thoo'-no","unicode":"κατευθύνω","translit":"kateuthýnō","definition":"[κατευθύνω] from {{g2596}} and {{g2116}}; to straighten fully, i.e. (figuratively) direct","strongs_number":"g2720"},"g2721":{"pronunciation":"kat-ef-is'-tay-mee","unicode":"κατεφίστημι","translit":"katephístēmi","definition":"[κατεφίστημι] from {{g2596}} and {{g2186}}; to stand over against, i.e. rush upon (assault)","strongs_number":"g2721"},"g2722":{"pronunciation":"kat-ekh'-o","unicode":"κατέχω","translit":"katéchō","definition":"[κατέχω] from {{g2596}} and {{g2192}}; to hold down (fast), in various applications (literally or figuratively)","strongs_number":"g2722"},"g2723":{"pronunciation":"kat-ay-gor-eh'-o","unicode":"κατηγορέω","translit":"katēgoréō","definition":"[κατηγορέω] from {{g2725}}; to be a plaintiff, i.e. to charge with some offence","strongs_number":"g2723"},"g2724":{"pronunciation":"kat-ay-gor-ee'-ah","unicode":"κατηγορία","translit":"katēgoría","definition":"[κατηγορία] from {{g2725}}; a complaint (\"category\"), i.e. criminal charge","strongs_number":"g2724"},"g2725":{"pronunciation":"kat-ay'-gor-os","unicode":"κατήγορος","translit":"katḗgoros","definition":"[κατήγορος] from {{g2596}} and {{g58}}; against one in the assembly, i.e. a complainant at law; specially, Satan","strongs_number":"g2725"},"g2726":{"pronunciation":"kat-ay'-fi-ah","unicode":"κατήφεια","translit":"katḗpheia","definition":"[κατήφεια] from a compound of {{g2596}} and perhaps a derivative of the base of {{g5316}} (meaning downcast in look); demureness, i.e. (by implication) sadness","strongs_number":"g2726"},"g2727":{"pronunciation":"kat-ay-kheh'-o","unicode":"κατηχέω","translit":"katēchéō","definition":"[κατηχέω] from {{g2596}} and {{g2279}}; to sound down into the ears, i.e. (by implication) to indoctrinate (\"catechize\") or (genitive case) to apprise of","strongs_number":"g2727"},"g2728":{"pronunciation":"kat-ee-o'-o","unicode":"κατιόω","translit":"katióō","definition":"[κατιόω] from {{g2596}} and a derivative of {{g2447}}; to rust down, i.e. corrode","strongs_number":"g2728"},"g2729":{"pronunciation":"kat-is-khoo'-o","unicode":"κατισχύω","translit":"katischýō","definition":"[κατισχύω] from {{g2596}} and {{g2480}}; to overpower","strongs_number":"g2729"},"g2730":{"pronunciation":"kat-oy-keh'-o","unicode":"κατοικέω","translit":"katoikéō","definition":"[κατοικέω] from {{g2596}} and {{g3611}}; to house permanently, i.e. reside (literally or figuratively)","strongs_number":"g2730"},"g2731":{"pronunciation":"kat-oy'-kay-sis","unicode":"κατοίκησις","translit":"katoíkēsis","definition":"[κατοίκησις] from {{g2730}}; residence (properly, the act; but by implication, concretely, the mansion)","strongs_number":"g2731"},"g2732":{"pronunciation":"kat-oy-kay-tay'-ree-on","unicode":"κατοικητήριον","translit":"katoikētḗrion","definition":"[κατοικητήριον] from a derivative of {{g2730}}; a dwelling-place","strongs_number":"g2732"},"g2733":{"pronunciation":"kat-oy-kee'-ah","unicode":"κατοικία","translit":"katoikía","definition":"[κατοικία] residence (properly, the condition; but by implication, the abode itself)","strongs_number":"g2733"},"g2734":{"pronunciation":"kat-op-trid'-zom-ahee","unicode":"κατοπτρίζομαι","translit":"katoptrízomai","definition":"[κατοπτρίζομαι] middle voice from a compound of {{g2596}} and a derivative of {{g3700}} (compare {{g2072}}); to mirror oneself, i.e. to see reflected (figuratively)","strongs_number":"g2734"},"g2735":{"pronunciation":"kat-or'-tho-mah","unicode":"κατόρθωμα","translit":"katórthōma","definition":"[κατόρθωμα] from a compound of {{g2596}} and a derivative of {{g3717}} (compare {{g1357}}); something made fully upright, i.e. (figuratively) rectification (specially, good public administration)","strongs_number":"g2735"},"g2736":{"pronunciation":"kat'-o","unicode":"κάτω","translit":"kátō","definition":"[κάτω] ;       also (compare)      κατωτέρω(compare {{g2737}}); adverb from {{g2596}}; downwards","strongs_number":"g2736"},"g2737":{"pronunciation":"kat-o'-ter-os","unicode":"κατώτερος","translit":"katṓteros","definition":"[κατώτερος] comparative from {{g2736}}; inferior (locally, of Hades)","strongs_number":"g2737"},"g2738":{"pronunciation":"kow'-mah","unicode":"καῦμα","translit":"kaûma","definition":"[καῦμα] from {{g2545}}; properly, a burn (concretely), but used (abstractly) of a glow","strongs_number":"g2738"},"g2739":{"pronunciation":"kow-mat-id'-zo","unicode":"καυματίζω","translit":"kaumatízō","definition":"[καυματίζω] from {{g2738}}; to burn","strongs_number":"g2739"},"g2740":{"pronunciation":"kow'-sis","unicode":"καῦσις","translit":"kaûsis","definition":"[καῦσις] from {{g2545}}; burning (the act)","strongs_number":"g2740"},"g2741":{"pronunciation":"kow-so'-o","unicode":"καυσόω","translit":"kausóō","definition":"[καυσόω] from {{g2740}}; to set on fire","strongs_number":"g2741"},"g2742":{"pronunciation":"kow'-sone","unicode":"καύσων","translit":"kaúsōn","definition":"[καύσων] from {{g2741}}; a glare","strongs_number":"g2742"},"g2743":{"pronunciation":"kow-tay-ree-ad'-zo","unicode":"καυτηριάζω","translit":"kautēriázō","definition":"[καυτηριάζω] from a derivative of {{g2545}}; to brand (\"cauterize\"), i.e. (by implication) to render unsensitive (figuratively)","strongs_number":"g2743"},"g2744":{"pronunciation":"kow-khah'-om-ahee","unicode":"καυχάομαι","translit":"kaucháomai","definition":"[καυχάομαι] from some (obsolete) base akin to that of αὐχέω (to boast) and {{g2172}}; to vaunt (in a good or a bad sense)","strongs_number":"g2744"},"g2745":{"pronunciation":"kow'-khay-mah","unicode":"καύχημα","translit":"kaúchēma","definition":"[καύχημα] from {{g2744}}; a boast (properly, the object; by implication, the act) in a good or a bad sense","strongs_number":"g2745"},"g2746":{"pronunciation":"kow'-khay-sis","unicode":"καύχησις","translit":"kaúchēsis","definition":"[καύχησις] from {{g2744}}; boasting (properly, the act; by implication, the object), in a good or a bad sense","strongs_number":"g2746"},"g2747":{"pronunciation":"keng-khreh-a'-hee","unicode":"Κεγχρεαί","translit":"Kenchreaí","definition":"[Κεγχρεαί] probably from kegchros (millet); Cenchreæ, a port of Corinth","strongs_number":"g2747"},"g2748":{"pronunciation":"ked-rone'","unicode":"Κεδρών","translit":"Kedrṓn","definition":"[Κεδρών] of Hebrew origin ({{h6939}}); Cedron (i.e. Kidron), a brook near Jerusalem","strongs_number":"g2748"},"g2749":{"pronunciation":"ki'-mahee","unicode":"κεῖμαι","translit":"keîmai","definition":"[κεῖμαι] middle voice of a primary verb; to lie outstretched (literally or figuratively) Compare {{g5087}}.","strongs_number":"g2749"},"g2750":{"pronunciation":"ki-ree'-ah","unicode":"κειρία","translit":"keiría","definition":"[κειρία] of uncertain affinity; a swathe, i.e. winding-sheet","strongs_number":"g2750"},"g2751":{"pronunciation":"ki'-ro","unicode":"κείρω","translit":"keírō","definition":"[κείρω] a primary verb; to shear","strongs_number":"g2751"},"g2752":{"pronunciation":"kel'-yoo-mah","unicode":"κέλευμα","translit":"kéleuma","definition":"[κέλευμα] from {{g2753}}; a cry of incitement","strongs_number":"g2752"},"g2753":{"pronunciation":"kel-yoo'-o","unicode":"κελεύω","translit":"keleúō","definition":"[κελεύω] from a primary κέλλω (to urge on); \"hail\"; to incite by word, i.e. order","strongs_number":"g2753"},"g2754":{"pronunciation":"ken-od-ox-ee'-ah","unicode":"κενοδοξία","translit":"kenodoxía","definition":"[κενοδοξία] from {{g2755}}; empty glorying, i.e. self-conceit","strongs_number":"g2754"},"g2755":{"pronunciation":"ken-od'-ox-os","unicode":"κενόδοξος","translit":"kenódoxos","definition":"[κενόδοξος] from {{g2756}} and {{g1391}}; vainly glorifying, i.e. self-conceited","strongs_number":"g2755"},"g2756":{"pronunciation":"ken-os'","unicode":"κενός","translit":"kenós","definition":"[κενός] apparently a primary word; empty (literally or figuratively)","strongs_number":"g2756"},"g2757":{"pronunciation":"ken-of-o-nee'-ah","unicode":"κενοφωνία","translit":"kenophōnía","definition":"[κενοφωνία] from a presumed compound of {{g2756}} and {{g5456}}; empty sounding, i.e. fruitless discussion","strongs_number":"g2757"},"g2758":{"pronunciation":"ken-o'-o","unicode":"κενόω","translit":"kenóō","definition":"[κενόω] from {{g2756}}; to make empty, i.e. (figuratively) to abase, neutralize, falsify","strongs_number":"g2758"},"g2759":{"pronunciation":"ken'-tron","unicode":"κέντρον","translit":"kéntron","definition":"[κέντρον] from κεντέω (to prick); a point (\"centre\"), i.e. a sting (figuratively, poison) or goad (figuratively, divine impulse)","strongs_number":"g2759"},"g2760":{"pronunciation":"ken-too-ree'-ohn","unicode":"κεντυρίων","translit":"kentyríōn","definition":"[κεντυρίων] of Latin origin; a centurion, i.e. captain of one hundred soldiers","strongs_number":"g2760"},"g2761":{"pronunciation":"ken-oce'","unicode":"κενῶς","translit":"kenōs","definition":"[κενῶς] adverb from {{g2756}}; vainly, i.e. to no purpose","strongs_number":"g2761"},"g2762":{"pronunciation":"ker-ah'-yah","unicode":"κεραία","translit":"keraía","definition":"[κεραία] feminine of a presumed derivative of the base of {{g2768}}; something horn-like, i.e. (specially) the apex of a Hebrew letter (figuratively, the least particle)","strongs_number":"g2762"},"g2763":{"pronunciation":"ker-am-yooce'","unicode":"κεραμεύς","translit":"kerameús","definition":"[κεραμεύς] from {{g2766}}; a potter","strongs_number":"g2763"},"g2764":{"pronunciation":"ker-am-ik-os'","unicode":"κεραμικός","translit":"keramikós","definition":"[κεραμικός] from {{g2766}}; made of clay, i.e. earthen","strongs_number":"g2764"},"g2765":{"pronunciation":"ker-am'-ee-on","unicode":"κεράμιον","translit":"kerámion","definition":"[κεράμιον] neuter of a presumed derivative of {{g2766}}; an earthenware vessel, i.e. jar","strongs_number":"g2765"},"g2766":{"pronunciation":"ker'-am-os","unicode":"κέραμος","translit":"kéramos","definition":"[κέραμος] probably from the base of {{g2767}} (through the idea of mixing clay and water); earthenware, i.e. a tile (by analogy, a thin roof or awning)","strongs_number":"g2766"},"g2767":{"pronunciation":"ker-an'-noo-mee","unicode":"κεράννυμι","translit":"keránnymi","definition":"[κεράννυμι] prolonged form of a more primary κεράω (which is used in certain tenses); to mingle, i.e. (by implication) to pour out (for drinking) Compare {{g3396}}.","strongs_number":"g2767"},"g2768":{"pronunciation":"ker'-as","unicode":"κέρας","translit":"kéras","definition":"[κέρας] from a primary κάρ (the hair of the head); a horn (literally or figuratively)","strongs_number":"g2768"},"g2769":{"pronunciation":"ker-at'-ee-on","unicode":"κεράτιον","translit":"kerátion","definition":"[κεράτιον] neuter of a presumed derivative of {{g2768}}; something horned, i.e. (specially) the pod of the carob-tree","strongs_number":"g2769"},"g2770":{"pronunciation":"ker-dah'-ee-no","unicode":"κερδαίνω","translit":"kerdaínō","definition":"[κερδαίνω] from {{g2771}}; to gain (literally or figuratively)","strongs_number":"g2770"},"g2771":{"pronunciation":"ker'-dos","unicode":"κέρδος","translit":"kérdos","definition":"[κέρδος] of uncertain affinity; gain (pecuniary or genitive case)","strongs_number":"g2771"},"g2772":{"pronunciation":"ker'-mah","unicode":"κέρμα","translit":"kérma","definition":"[κέρμα] from {{g2751}}; a clipping (bit), i.e. (specially) a coin","strongs_number":"g2772"},"g2773":{"pronunciation":"ker-mat-is-tace'","unicode":"κερματιστής","translit":"kermatistḗs","definition":"[κερματιστής] from a derivative of {{g2772}}; a handler of coins, i.e. money-broker","strongs_number":"g2773"},"g2774":{"pronunciation":"kef-al'-ah-yon","unicode":"κεφάλαιον","translit":"kephálaion","definition":"[κεφάλαιον] neuter of a derivative of {{g2776}}; a principal thing, i.e. main point; specially, an amount (of money)","strongs_number":"g2774"},"g2775":{"pronunciation":"kef-al-ahee-o'-o","unicode":"κεφαλαιόω","translit":"kephalaióō","definition":"[κεφαλαιόω] from the same as {{g2774}}; (specially) to strike on the head","strongs_number":"g2775"},"g2776":{"pronunciation":"kef-al-ay'","unicode":"κεφαλή","translit":"kephalḗ","definition":"[κεφαλή] from the primary κάπτω (in the sense of seizing); the head (as the part most readily taken hold of), literally or figuratively","strongs_number":"g2776"},"g2777":{"pronunciation":"kef-al-is'","unicode":"κεφαλίς","translit":"kephalís","definition":"[κεφαλίς] from {{g2776}}; properly, a knob, i.e. (by implication) a roll (by extension from the end of a stick on which the manuscript was rolled)","strongs_number":"g2777"},"g2778":{"pronunciation":"kane'-sos","unicode":"κῆνσος","translit":"kēnsos","definition":"[κῆνσος] of Latin origin; properly, an enrollment (\"census\"), i.e. (by implication) a tax","strongs_number":"g2778"},"g2779":{"pronunciation":"kay'-pos","unicode":"κῆπος","translit":"kēpos","definition":"[κῆπος] of uncertain affinity; a garden","strongs_number":"g2779"},"g2780":{"pronunciation":"kay-poo-ros'","unicode":"κηπουρός","translit":"kēpourós","definition":"[κηπουρός] from {{g2779}} and οὖρος (a warden); a garden-keeper, i.e. gardener","strongs_number":"g2780"},"g2781":{"pronunciation":"kay-ree'-on","unicode":"κηρίον","translit":"kēríon","definition":"[κηρίον] diminutive from κηός (wax); a cell for honey, i.e. (collectively) the comb","strongs_number":"g2781"},"g2782":{"pronunciation":"kay'-roog-mah","unicode":"κήρυγμα","translit":"kḗrygma","definition":"[κήρυγμα] from {{g2784}}; a proclamation (especially of the gospel; by implication, the gospel itself)","strongs_number":"g2782"},"g2783":{"pronunciation":"kay'-roox","unicode":"κῆρυξ","translit":"kēryx","definition":"[κῆρυξ] from {{g2784}}; a herald, i.e. of divine truth (especially of the gospel)","strongs_number":"g2783"},"g2784":{"pronunciation":"kay-roos'-so","unicode":"κηρύσσω","translit":"kērýssō","definition":"[κηρύσσω] of uncertain affinity; to herald (as a public crier), especially divine truth (the gospel)","strongs_number":"g2784"},"g2785":{"pronunciation":"kay'-tos","unicode":"κῆτος","translit":"kētos","definition":"[κῆτος] probably from the base of {{g5490}}; a huge fish (as gaping for prey)","strongs_number":"g2785"},"g2786":{"pronunciation":"kay-fas'","unicode":"Κηφᾶς","translit":"Kēphâs","definition":"[Κηφᾶς] of Chaldee origin (compare {{h3710}}); the Rock; Cephas (i.e. Kepha), a surname of Peter","strongs_number":"g2786"},"g2787":{"pronunciation":"kib-o-tos'","unicode":"κιβωτός","translit":"kibōtós","definition":"[κιβωτός] of uncertain derivation; a box, i.e. the sacred ark and that of Noah","strongs_number":"g2787"},"g2788":{"pronunciation":"kith-ar'-ah","unicode":"κιθάρα","translit":"kithára","definition":"[κιθάρα] of uncertain affinity; a lyre","strongs_number":"g2788"},"g2789":{"pronunciation":"kith-ar-id'-zo","unicode":"κιθαρίζω","translit":"kitharízō","definition":"[κιθαρίζω] from {{g2788}}; to play on a lyre","strongs_number":"g2789"},"g2790":{"pronunciation":"kith-ar-o'-dos","unicode":"κιθαρῳδός","translit":"kitharōidós","definition":"[κιθαρῳδός] from {{g2788}} and a derivative of the same as {{g5603}}; a lyre-singer(-player), i.e. harpist","strongs_number":"g2790"},"g2791":{"pronunciation":"kil-ik-ee'-ah","unicode":"Κιλικία","translit":"Kilikía","definition":"[Κιλικία] probably of foreign origin; Cilicia, a region of Asia Minor","strongs_number":"g2791"},"g2792":{"pronunciation":"kin-am'-o-mon","unicode":"κινάμωμον","translit":"kinámōmon","definition":"[κινάμωμον] of foreign origin (compare {{h7076}}); cinnamon","strongs_number":"g2792"},"g2793":{"pronunciation":"kin-doon-yoo'-o","unicode":"κινδυνεύω","translit":"kindyneúō","definition":"[κινδυνεύω] from {{g2794}}; to undergo peril","strongs_number":"g2793"},"g2794":{"pronunciation":"kin'-doo-nos","unicode":"κίνδυνος","translit":"kíndynos","definition":"[κίνδυνος] of uncertain derivation; danger","strongs_number":"g2794"},"g2795":{"pronunciation":"kin-eh'-o","unicode":"κινέω","translit":"kinéō","definition":"[κινέω] from κίω (poetic for εἶμι, to go); to stir (transitively), literally or figuratively","strongs_number":"g2795"},"g2796":{"pronunciation":"kin'-ay-sis","unicode":"κίνησις","translit":"kínēsis","definition":"[κίνησις] from {{g2795}}; a stirring","strongs_number":"g2796"},"g2797":{"pronunciation":"kis","unicode":"Κίς","translit":"Kís","definition":"[Κίς] of Hebrew origin ({{h7027}}); Cis (i.e. Kish), an Israelite","strongs_number":"g2797"},"g2798":{"pronunciation":"klad'-os","unicode":"κλάδος","translit":"kládos","definition":"[κλάδος] from {{g2806}}; a twig or bough (as if broken off)","strongs_number":"g2798"},"g2799":{"pronunciation":"klah'-yo","unicode":"κλαίω","translit":"klaíō","definition":"[κλαίω] of uncertain affinity; to sob, i.e. wail aloud (whereas 1145 is rather to cry silently)","strongs_number":"g2799"},"g2800":{"pronunciation":"klas'-is","unicode":"κλάσις","translit":"klásis","definition":"[κλάσις] from {{g2806}}; fracture (the act)","strongs_number":"g2800"}}