{"g301":{"pronunciation":"am-oce'","unicode":"Ἀμώς","translit":"Amṓs","definition":"[Ἀμώς] of Hebrew origin ({{h531}}); Amos, an Israelite","strongs_number":"g301"},"g302":{"pronunciation":"an","unicode":"ἄν","translit":"án","definition":"[ἄν] a primary particle, denoting a supposition, wish, possibility or uncertainty Usually unexpressed except by the subjunctive or potential mood. Also contracted for {{g1437}}.","strongs_number":"g302"},"g303":{"pronunciation":"an-ah'","unicode":"ἀνά","translit":"aná","definition":"[ἀνά] a primary preposition and adverb; properly, up; but (by extension) used (distributively) severally, or (locally) at (etc.) In compounds (as a prefix) it often means (by implication) repetition, intensity, reversal, etc.","strongs_number":"g303"},"g304":{"pronunciation":"an-ab-ath-mos'","unicode":"ἀναβαθμός","translit":"anabathmós","definition":"[ἀναβαθμός] from {{g305}} (compare {{g898}}); a stairway","strongs_number":"g304"},"g305":{"pronunciation":"an-ab-ah'-ee-no","unicode":"ἀναβαίνω","translit":"anabaínō","definition":"[ἀναβαίνω] from {{g303}} and the base of {{g939}}; to go up (literally or figuratively)","strongs_number":"g305"},"g306":{"pronunciation":"an-ab-al'-lom-ahee","unicode":"ἀναβάλλομαι","translit":"anabállomai","definition":"[ἀναβάλλομαι] middle voice from {{g303}} and {{g906}}; to put off (for oneself)","strongs_number":"g306"},"g307":{"pronunciation":"an-ab-ee-bad'-zo","unicode":"ἀναβιβάζω","translit":"anabibázō","definition":"[ἀναβιβάζω] from {{g303}} and a derivative of the base of {{g939}}; to cause to go up, i.e. haul (a net)","strongs_number":"g307"},"g308":{"pronunciation":"an-ab-lep'-o","unicode":"ἀναβλέπω","translit":"anablépō","definition":"[ἀναβλέπω] from {{g303}} and {{g991}}; to look up; by implication, to recover sight","strongs_number":"g308"},"g309":{"pronunciation":"an-ab'-lep-sis","unicode":"ἀνάβλεψις","translit":"anáblepsis","definition":"[ἀνάβλεψις] from {{g308}}; restoration of sight","strongs_number":"g309"},"g310":{"pronunciation":"an-ab-o-ah'-o","unicode":"ἀναβοάω","translit":"anaboáō","definition":"[ἀναβοάω] from {{g303}} and {{g994}}; to halloo","strongs_number":"g310"},"g311":{"pronunciation":"an-ab-ol-ay'","unicode":"ἀναβολή","translit":"anabolḗ","definition":"[ἀναβολή] from {{g306}}; a putting off","strongs_number":"g311"},"g312":{"pronunciation":"an-ang-el'-lo","unicode":"ἀναγγέλλω","translit":"anangéllō","definition":"[ἀναγγέλλω] from {{g303}} and the base of {{g32}}; to announce (in detail)","strongs_number":"g312"},"g313":{"pronunciation":"an-ag-en-nah'-o","unicode":"ἀναγεννάω","translit":"anagennáō","definition":"[ἀναγεννάω] from {{g303}} and {{g1080}}; to beget or (by extension) bear (again)","strongs_number":"g313"},"g314":{"pronunciation":"an-ag-in-oce'-ko","unicode":"ἀναγινώσκω","translit":"anaginṓskō","definition":"[ἀναγινώσκω] from {{g303}} and {{g1097}}; to know again, i.e. (by extension) to read","strongs_number":"g314"},"g315":{"pronunciation":"an-ang-kad'-zo","unicode":"ἀναγκάζω","translit":"anankázō","definition":"[ἀναγκάζω] from {{g318}}; to necessitate","strongs_number":"g315"},"g316":{"pronunciation":"an-ang-kah'-yos","unicode":"ἀναγκαῖος","translit":"anankaîos","definition":"[ἀναγκαῖος] from {{g318}}; necessary; by implication, close (of kin)","strongs_number":"g316"},"g317":{"pronunciation":"an-ang-kas-toce'","unicode":"ἀναγκαστῶς","translit":"anankastōs","definition":"[ἀναγκαστῶς] adverb from a derivative of {{g315}}; compulsorily","strongs_number":"g317"},"g318":{"pronunciation":"an-ang-kay'","unicode":"ἀνάγκη","translit":"anánkē","definition":"[ἀνάγκη] from {{g303}} and the base of {{g43}}; constraint (literally or figuratively); by implication, distress","strongs_number":"g318"},"g319":{"pronunciation":"an-ag-no-rid'-zom-ahee","unicode":"ἀναγνωρίζομαι","translit":"anagnōrízomai","definition":"[ἀναγνωρίζομαι] middle voice from {{g303}} and {{g1107}}; to make (oneself) known","strongs_number":"g319"},"g320":{"pronunciation":"an-ag'-no-sis","unicode":"ἀνάγνωσις","translit":"anágnōsis","definition":"[ἀνάγνωσις] from {{g314}}; (the act of) reading","strongs_number":"g320"},"g321":{"pronunciation":"an-ag'-o","unicode":"ἀνάγω","translit":"anágō","definition":"[ἀνάγω] from {{g303}} and {{g71}}; to lead up; by extension to bring out; specially, to sail away","strongs_number":"g321"},"g322":{"pronunciation":"an-ad-ike'-noo-mee","unicode":"ἀναδείκνυμι","translit":"anadeíknymi","definition":"[ἀναδείκνυμι] from {{g303}} and {{g1166}}; to exhibit, i.e. (by implication) to indicate, appoint","strongs_number":"g322"},"g323":{"pronunciation":"an-ad'-ike-sis","unicode":"ἀνάδειξις","translit":"anádeixis","definition":"[ἀνάδειξις] from {{g322}}; (the act of) exhibition","strongs_number":"g323"},"g324":{"pronunciation":"an-ad-ekh'-om-ahee","unicode":"ἀναδέχομαι","translit":"anadéchomai","definition":"[ἀναδέχομαι] from {{g303}} and {{g1209}}; to entertain (as a guest)","strongs_number":"g324"},"g325":{"pronunciation":"an-ad-eed'-om-ee","unicode":"ἀναδίδωμι","translit":"anadídōmi","definition":"[ἀναδίδωμι] from {{g303}} and {{g1325}}; to hand over","strongs_number":"g325"},"g326":{"pronunciation":"an-ad-zah'-o","unicode":"ἀναζάω","translit":"anazáō","definition":"[ἀναζάω] from {{g303}} and {{g2198}}; to recover life (literally or figuratively)","strongs_number":"g326"},"g327":{"pronunciation":"an-ad-zay-teh'-o","unicode":"ἀναζητέω","translit":"anazētéō","definition":"[ἀναζητέω] from {{g303}} and {{g2212}}; to search out","strongs_number":"g327"},"g328":{"pronunciation":"an-ad-zone'-noo-mee","unicode":"ἀναζώννυμι","translit":"anazṓnnymi","definition":"[ἀναζώννυμι] from {{g303}} and {{g2224}}; to gird afresh","strongs_number":"g328"},"g329":{"pronunciation":"an-ad-zo-poor-eh'-o","unicode":"ἀναζωπυρέω","translit":"anazōpyréō","definition":"[ἀναζωπυρέω] from {{g303}} and a compound of the base of {{g2226}} and {{g4442}}; to re-enkindle","strongs_number":"g329"},"g330":{"pronunciation":"an-ath-al'-lo","unicode":"ἀναθάλλω","translit":"anathállō","definition":"[ἀναθάλλω] from {{g303}} and θάλλω (to flourish); to revive","strongs_number":"g330"},"g331":{"pronunciation":"an-ath'-em-ah","unicode":"ἀνάθεμα","translit":"anáthema","definition":"[ἀνάθεμα] from {{g394}}; a (religious) ban or (concretely) excommunicated (thing or person)","strongs_number":"g331"},"g332":{"pronunciation":"an-ath-em-at-id'-zo","unicode":"ἀναθεματίζω","translit":"anathematízō","definition":"[ἀναθεματίζω] from {{g331}}; to declare or vow under penalty of execration","strongs_number":"g332"},"g333":{"pronunciation":"an-ath-eh-o-reh'-o","unicode":"ἀναθεωρέω","translit":"anatheōréō","definition":"[ἀναθεωρέω] from {{g303}} and {{g2334}}; to look again (i.e. attentively) at (literally or figuratively)","strongs_number":"g333"},"g334":{"pronunciation":"an-ath'-ay-mah","unicode":"ἀνάθημα","translit":"anáthēma","definition":"[ἀνάθημα] from {{g394}} (like {{g331}}, but in a good sense); a votive offering","strongs_number":"g334"},"g335":{"pronunciation":"an-ah'-ee-die-ah'","unicode":"ἀναίδεια","translit":"anaídeia","definition":"[ἀναίδεια] from a compound of {{g1}} (as a negative particle (compare {{g427}})) and {{g127}}; impudence, i.e. (by implication) importunity","strongs_number":"g335"},"g336":{"pronunciation":"an-ah'-ee-res-is","unicode":"ἀναίρεσις","translit":"anaíresis","definition":"[ἀναίρεσις] from {{g337}}; (the act of) killing","strongs_number":"g336"},"g337":{"pronunciation":"an-ahee-reh'-o","unicode":"ἀναιρέω","translit":"anairéō","definition":"[ἀναιρέω] from {{g303}} and (the active of) {{g138}}; to take up, i.e. adopt; by implication, to take away (violently), i.e. abolish, murder","strongs_number":"g337"},"g338":{"pronunciation":"an-ah'-ee-tee-os","unicode":"ἀναίτιος","translit":"anaítios","definition":"[ἀναίτιος] from {{g1}} (as a negative particle) and {{g159}} (in the sense of {{g156}}); innocent","strongs_number":"g338"},"g339":{"pronunciation":"an-ak-ath-id'-zo","unicode":"ἀνακαθίζω","translit":"anakathízō","definition":"[ἀνακαθίζω] from {{g303}} and {{g2523}}; properly, to set up, i.e. (reflexively) to sit up","strongs_number":"g339"},"g340":{"pronunciation":"an-ak-ahee-nid'-zo","unicode":"ἀνακαινίζω","translit":"anakainízō","definition":"[ἀνακαινίζω] from {{g303}} and a derivative of {{g2537}}; to restore","strongs_number":"g340"},"g341":{"pronunciation":"an-ak-ahee-no'-o","unicode":"ἀνακαινόω","translit":"anakainóō","definition":"[ἀνακαινόω] from {{g303}} and a derivative of {{g2537}}; to renovate","strongs_number":"g341"},"g342":{"pronunciation":"an-ak-ah'-ee-no-sis","unicode":"ἀνακαίνωσις","translit":"anakaínōsis","definition":"[ἀνακαίνωσις] from {{g341}}; renovation","strongs_number":"g342"},"g343":{"pronunciation":"an-ak-al-oop'-to","unicode":"ἀνακαλύπτω","translit":"anakalýptō","definition":"[ἀνακαλύπτω] from {{g303}} (in the sense of reversal) and {{g2572}}; to unveil","strongs_number":"g343"},"g344":{"pronunciation":"an-ak-amp'-to","unicode":"ἀνακάμπτω","translit":"anakámptō","definition":"[ἀνακάμπτω] from {{g303}} and {{g2578}}; to turn back","strongs_number":"g344"},"g345":{"pronunciation":"an-ak-i'-mahee","unicode":"ἀνακεῖμαι","translit":"anakeîmai","definition":"[ἀνακεῖμαι] from {{g303}} and {{g2749}}; to recline (as a corpse or at a meal)","strongs_number":"g345"},"g346":{"pronunciation":"an-ak-ef-al-ah'-ee-om-ahee","unicode":"ἀνακεφαλαίομαι","translit":"anakephalaíomai","definition":"[ἀνακεφαλαίομαι] from {{g303}} and {{g2775}} (in its original sense); to sum up","strongs_number":"g346"},"g347":{"pronunciation":"an-ak-lee'-no","unicode":"ἀνακλίνω","translit":"anaklínō","definition":"[ἀνακλίνω] from {{g303}} and {{g2827}}; to lean back","strongs_number":"g347"},"g348":{"pronunciation":"an-ak-op'-to","unicode":"ἀνακόπτω","translit":"anakóptō","definition":"[ἀνακόπτω] from {{g303}} and {{g2875}}; to beat back, i.e. check","strongs_number":"g348"},"g349":{"pronunciation":"an-ak-rad'-zo","unicode":"ἀνακράζω","translit":"anakrázō","definition":"[ἀνακράζω] from {{g303}} and {{g2896}}; to scream up (aloud)","strongs_number":"g349"},"g350":{"pronunciation":"an-ak-ree'-no","unicode":"ἀνακρίνω","translit":"anakrínō","definition":"[ἀνακρίνω] from {{g303}} and {{g2919}}; properly, to scrutinize, i.e. (by implication) investigate, interrogate, determine","strongs_number":"g350"},"g351":{"pronunciation":"an-ak'-ree-sis","unicode":"ἀνάκρισις","translit":"anákrisis","definition":"[ἀνάκρισις] from {{g350}}; a (judicial) investigation","strongs_number":"g351"},"g352":{"pronunciation":"an-ak-oop'-to","unicode":"ἀνακύπτω","translit":"anakýptō","definition":"[ἀνακύπτω] from {{g303}} (in the sense of reversal) and {{g2955}}; to unbend, i.e. rise; figuratively, be elated","strongs_number":"g352"},"g353":{"pronunciation":"an-al-am-ban'-o","unicode":"ἀναλαμβάνω","translit":"analambánō","definition":"[ἀναλαμβάνω] from {{g303}} and {{g2983}}; to take up","strongs_number":"g353"},"g354":{"pronunciation":"an-al'-ape-sis","unicode":"ἀνάληψις","translit":"análēpsis","definition":"[ἀνάληψις] from {{g353}}; ascension","strongs_number":"g354"},"g355":{"pronunciation":"an-al-is'-ko","unicode":"ἀναλίσκω","translit":"analískō","definition":"[ἀναλίσκω] from {{g303}} and a form of the alternate of {{g138}}; properly, to use up, i.e. destroy","strongs_number":"g355"},"g356":{"pronunciation":"an-al-og-ee'-ah","unicode":"ἀναλογία","translit":"analogía","definition":"[ἀναλογία] from a compound of {{g303}} and {{g3056}}; proportion","strongs_number":"g356"},"g357":{"pronunciation":"an-al-og-id'-zom-ahee","unicode":"ἀναλογίζομαι","translit":"analogízomai","definition":"[ἀναλογίζομαι] middle voice from {{g356}}; to estimate, i.e. (figuratively) contemplate","strongs_number":"g357"},"g358":{"pronunciation":"an'-al-os","unicode":"ἄναλος","translit":"ánalos","definition":"[ἄναλος] from {{g1}} (as a negative particle) and {{g251}}; saltless, i.e. insipid","strongs_number":"g358"},"g359":{"pronunciation":"an-al'-oo-sis","unicode":"ἀνάλυσις","translit":"análysis","definition":"[ἀνάλυσις] from {{g360}}; departure","strongs_number":"g359"},"g360":{"pronunciation":"an-al-oo'-o","unicode":"ἀναλύω","translit":"analýō","definition":"[ἀναλύω] from {{g303}} and {{g3089}}; to break up, i.e. depart (literally or figuratively)","strongs_number":"g360"},"g361":{"pronunciation":"an-am-ar'-tay-tos","unicode":"ἀναμάρτητος","translit":"anamártētos","definition":"[ἀναμάρτητος] from {{g1}} (as a negative particle) and a presumed derivative of {{g264}}; sinless","strongs_number":"g361"},"g362":{"pronunciation":"an-am-en'-o","unicode":"ἀναμένω","translit":"anaménō","definition":"[ἀναμένω] from {{g303}} and {{g3306}}; to await","strongs_number":"g362"},"g363":{"pronunciation":"an-am-im-nace'-ko","unicode":"ἀναμιμνήσκω","translit":"anamimnḗskō","definition":"[ἀναμιμνήσκω] from {{g303}} and {{g3403}}; to remind; (reflexively) to recollect","strongs_number":"g363"},"g364":{"pronunciation":"an-am'-nay-sis","unicode":"ἀνάμνησις","translit":"anámnēsis","definition":"[ἀνάμνησις] from {{g363}}; recollection","strongs_number":"g364"},"g365":{"pronunciation":"an-an-neh-o'-o","unicode":"ἀνανεόω","translit":"ananeóō","definition":"[ἀνανεόω] from {{g303}} and a derivative of {{g3501}}; to renovate, i.e. reform","strongs_number":"g365"},"g366":{"pronunciation":"an-an-ay'-fo","unicode":"ἀνανήφω","translit":"ananḗphō","definition":"[ἀνανήφω] from {{g303}} and {{g3525}}; to become sober again, i.e. (figuratively) regain (one's) senses","strongs_number":"g366"},"g367":{"pronunciation":"an-an-ee'-as","unicode":"Ἀνανίας","translit":"Ananías","definition":"[Ἀνανίας] of Hebrew origin ({{h2608}}); Ananias, the name of three Israelites","strongs_number":"g367"},"g368":{"pronunciation":"an-an-tir'-hray-tos","unicode":"ἀναντίῤῥητος","translit":"anantírrhētos","definition":"[ἀναντίῤῥητος] from {{g1}} (as a negative particle) and a presumed derivative of a compound of {{g473}} and {{g4483}}; indisputable","strongs_number":"g368"},"g369":{"pronunciation":"an-an-tir-hray'-toce","unicode":"ἀναντιῤῥήτως","translit":"anantirrhḗtōs","definition":"[ἀναντιῤῥήτως] adverb from {{g368}}; promptly","strongs_number":"g369"},"g370":{"pronunciation":"an-ax'-ee-os","unicode":"ἀνάξιος","translit":"anáxios","definition":"[ἀνάξιος] from {{g1}} (as a negative particle) and {{g514}}; unfit","strongs_number":"g370"},"g371":{"pronunciation":"an-ax-ee'-oce","unicode":"ἀναξίως","translit":"anaxíōs","definition":"[ἀναξίως] adverb from {{g370}}; irreverently","strongs_number":"g371"},"g372":{"pronunciation":"an-ap'-ow-sis","unicode":"ἀνάπαυσις","translit":"anápausis","definition":"[ἀνάπαυσις] from {{g373}}; intermission; by implication, recreation","strongs_number":"g372"},"g373":{"pronunciation":"an-ap-ow'-o","unicode":"ἀναπαύω","translit":"anapaúō","definition":"[ἀναπαύω] from {{g303}} and {{g3973}}; (reflexively) to repose (literally or figuratively (be exempt), remain); by implication, to refresh","strongs_number":"g373"},"g374":{"pronunciation":"an-ap-i'-tho","unicode":"ἀναπείθω","translit":"anapeíthō","definition":"[ἀναπείθω] from {{g303}} and {{g3982}}; to incite","strongs_number":"g374"},"g375":{"pronunciation":"an-ap-em'-po","unicode":"ἀναπέμπω","translit":"anapémpō","definition":"[ἀναπέμπω] from {{g303}} and {{g3992}}; to send up or back","strongs_number":"g375"},"g376":{"pronunciation":"an-ap'-ay-ros","unicode":"ἀνάπηρος","translit":"anápēros","definition":"[ἀνάπηρος] from {{g303}} (in the sense of intensity) and πῆρος (maimed); crippled","strongs_number":"g376"},"g377":{"pronunciation":"an-ap-ip'-to","unicode":"ἀναπίπτω","translit":"anapíptō","definition":"[ἀναπίπτω] from {{g303}} and {{g4098}}; to fall back, i.e. lie down, lean back","strongs_number":"g377"},"g378":{"pronunciation":"an-ap-lay-ro'-o","unicode":"ἀναπληρόω","translit":"anaplēróō","definition":"[ἀναπληρόω] from {{g303}} and {{g4137}}; to complete; by implication, to occupy, supply; figuratively, to accomplish (by coincidence ot obedience)","strongs_number":"g378"},"g379":{"pronunciation":"an-ap-ol-og'-ay-tos","unicode":"ἀναπολόγητος","translit":"anapológētos","definition":"[ἀναπολόγητος] from {{g1}} (as a negative particle) and a presumed derivative of {{g626}}; indefensible","strongs_number":"g379"},"g380":{"pronunciation":"an-ap-toos'-o","unicode":"ἀναπτύσσω","translit":"anaptýssō","definition":"[ἀναπτύσσω] from {{g303}} (in the sense of reversal) and {{g4428}}; to unroll (a scroll or volume)","strongs_number":"g380"},"g381":{"pronunciation":"an-ap'-to","unicode":"ἀνάπτω","translit":"anáptō","definition":"[ἀνάπτω] from {{g303}} and {{g681}}; to enkindle","strongs_number":"g381"},"g382":{"pronunciation":"an-ar-ith'-may-tos","unicode":"ἀναρίθμητος","translit":"anaríthmētos","definition":"[ἀναρίθμητος] from {{g1}} (as a negative particle) and a derivative of {{g705}}; unnumbered, i.e. without number","strongs_number":"g382"},"g383":{"pronunciation":"an-as-i'-o","unicode":"ἀνασείω","translit":"anaseíō","definition":"[ἀνασείω] from {{g303}} and {{g4579}}; figuratively, to excite","strongs_number":"g383"},"g384":{"pronunciation":"an-ask-yoo-ad'-zo","unicode":"ἀνασκευάζω","translit":"anaskeuázō","definition":"[ἀνασκευάζω] from {{g303}} (in the sense of reversal) and a derivative of {{g4632}}; properly, to pack up (baggage), i.e. (by implication, and figuratively) to upset","strongs_number":"g384"},"g385":{"pronunciation":"an-as-pah'-o","unicode":"ἀνασπάω","translit":"anaspáō","definition":"[ἀνασπάω] from {{g303}} and {{g4685}}; to take up or extricate","strongs_number":"g385"},"g386":{"pronunciation":"an-as'-tas-is","unicode":"ἀνάστασις","translit":"anástasis","definition":"[ἀνάστασις] from {{g450}}; a standing up again, i.e. (literally) a resurrection from death (individual, genitive case or by implication, (its author)), or (figuratively) a (moral) recovery (of spiritual truth)","strongs_number":"g386"},"g387":{"pronunciation":"an-as-tat-o'-o","unicode":"ἀναστατόω","translit":"anastatóō","definition":"[ἀναστατόω] from a derivative of {{g450}} (in the sense of removal); properly, to drive out of home, i.e. (by implication) to disturb (literally or figuratively)","strongs_number":"g387"},"g388":{"pronunciation":"an-as-tow-ro'-o","unicode":"ἀνασταυρόω","translit":"anastauróō","definition":"[ἀνασταυρόω] from {{g303}} and {{g4717}}; to recrucify (figuratively)","strongs_number":"g388"},"g389":{"pronunciation":"an-as-ten-ad'-zo","unicode":"ἀναστενάζω","translit":"anastenázō","definition":"[ἀναστενάζω] from {{g303}} and {{g4727}}; to sigh deeply","strongs_number":"g389"},"g390":{"pronunciation":"an-as-tref'-o","unicode":"ἀναστρέφω","translit":"anastréphō","definition":"[ἀναστρέφω] from {{g303}} and {{g4762}}; to overturn; also to return; by implication, to busy oneself, i.e. remain, live","strongs_number":"g390"},"g391":{"pronunciation":"an-as-trof-ay'","unicode":"ἀναστροφή","translit":"anastrophḗ","definition":"[ἀναστροφή] from {{g390}}; behavior","strongs_number":"g391"},"g392":{"pronunciation":"an-at-as'-som-ahee","unicode":"ἀνατάσσομαι","translit":"anatássomai","definition":"[ἀνατάσσομαι] from {{g303}} and the middle voice of {{g5021}}; to arrange","strongs_number":"g392"},"g393":{"pronunciation":"an-at-el'-lo","unicode":"ἀνατέλλω","translit":"anatéllō","definition":"[ἀνατέλλω] from {{g303}} and the base of {{g5056}}; to (cause to) arise","strongs_number":"g393"},"g394":{"pronunciation":"an-at-ith'-em-ahee","unicode":"ἀνατίθεμαι","translit":"anatíthemai","definition":"[ἀνατίθεμαι] from {{g303}} and the middle voice of {{g5087}}; to set forth (for oneself), i.e propound","strongs_number":"g394"},"g395":{"pronunciation":"an-at-ol-ay'","unicode":"ἀνατολή","translit":"anatolḗ","definition":"[ἀνατολή] from {{g393}}; a rising of light, i.e. dawn (figuratively); by implication, the east (also in plural)","strongs_number":"g395"},"g396":{"pronunciation":"an-at-rep'-o","unicode":"ἀνατρέπω","translit":"anatrépō","definition":"[ἀνατρέπω] from {{g303}} and the base of {{g5157}}; to overturn (figuratively)","strongs_number":"g396"},"g397":{"pronunciation":"an-at-ref'-o","unicode":"ἀνατρέφω","translit":"anatréphō","definition":"[ἀνατρέφω] from {{g303}} and {{g5142}}; to rear (physically or mentally)","strongs_number":"g397"},"g398":{"pronunciation":"an-af-ah'-ee-no","unicode":"ἀναφαίνω","translit":"anaphaínō","definition":"[ἀναφαίνω] from {{g303}} and {{g5316}}; to show, i.e. (reflexively) appear, or (passively) to have pointed out","strongs_number":"g398"},"g399":{"pronunciation":"an-af-er'-o","unicode":"ἀναφέρω","translit":"anaphérō","definition":"[ἀναφέρω] from {{g303}} and {{g5342}}; to take up (literally or figuratively)","strongs_number":"g399"},"g400":{"pronunciation":"an-af-o-neh'-o","unicode":"ἀναφωνέω","translit":"anaphōnéō","definition":"[ἀναφωνέω] from {{g303}} and {{g5455}}; to exclaim","strongs_number":"g400"}}