{"g3001":{"pronunciation":"lakh'-an-on","unicode":"λάχανον","translit":"láchanon","definition":"[λάχανον] from λαχαίνω (to dig); a vegetable","strongs_number":"g3001"},"g3002":{"pronunciation":"leb-bah'-yos","unicode":"Λεββαῖος","translit":"Lebbaîos","definition":"[Λεββαῖος] of uncertain origin; Lebbæus, a Christian","strongs_number":"g3002"},"g3003":{"pronunciation":"leg-eh-ohn'","unicode":"λεγεών","translit":"legeṓn","definition":"[λεγεών] of Latin origin; a \"legion\", i.e. Roman regiment (figuratively)","strongs_number":"g3003"},"g3004":{"pronunciation":"leg'-o","unicode":"λέγω","translit":"légō","definition":"[λέγω] a primary verb; properly, to \"lay\" forth, i.e. (figuratively) relate (in words (usually of systematic or set discourse; whereas {{g2036}} and {{g5346}} generally refer to an individual expression or speech respectively; while {{g4483}} is properly to break silence merely, and {{g2980}} means an extended or random harangue)); by implication, to mean","strongs_number":"g3004"},"g3005":{"pronunciation":"lime'-mah","unicode":"λεῖμμα","translit":"leîmma","definition":"[λεῖμμα] from {{g3007}}; a remainder","strongs_number":"g3005"},"g3006":{"pronunciation":"li'-os","unicode":"λεῖος","translit":"leîos","definition":"[λεῖος] apparently a primary word; smooth, i.e. \"level\"","strongs_number":"g3006"},"g3007":{"pronunciation":"li'-po","unicode":"λείπω","translit":"leípō","definition":"[λείπω] a primary verb; to leave, i.e. (intransitively or passively) to fail or be absent","strongs_number":"g3007"},"g3008":{"pronunciation":"li-toorg-eh'-o","unicode":"λειτουργέω","translit":"leitourgéō","definition":"[λειτουργέω] from {{g3011}}; to be a public servant, i.e. (by analogy) to perform religious or charitable functions (worship, obey, relieve)","strongs_number":"g3008"},"g3009":{"pronunciation":"li-toorg-ee'-ah","unicode":"λειτουργία","translit":"leitourgía","definition":"[λειτουργία] from {{g3008}}; public function (as priest (\"liturgy\") or almsgiver)","strongs_number":"g3009"},"g3010":{"pronunciation":"li-toorg-ik-os'","unicode":"λειτουργικός","translit":"leitourgikós","definition":"[λειτουργικός] from the same as {{g3008}}; functional publicly (\"liturgic\"); i.e. beneficient","strongs_number":"g3010"},"g3011":{"pronunciation":"li-toorg-os'","unicode":"λειτουργός","translit":"leitourgós","definition":"[λειτουργός] from a derivative of {{g2992}} and {{g2041}}; a public servant, i.e. a functionary in the Temple or Gospel, or (genitive case) a worshipper (of God) or benefactor (of man)","strongs_number":"g3011"},"g3012":{"pronunciation":"len'-tee-on","unicode":"λέντιον","translit":"léntion","definition":"[λέντιον] of Latin origin; a \"linen\" cloth, i.e. apron","strongs_number":"g3012"},"g3013":{"pronunciation":"lep-is'","unicode":"λεπίς","translit":"lepís","definition":"[λεπίς] from λέπω (to peel); a flake","strongs_number":"g3013"},"g3014":{"pronunciation":"lep'-rah","unicode":"λέπρα","translit":"lépra","definition":"[λέπρα] from the same as {{g3013}}; scaliness, i.e. \"leprosy\"","strongs_number":"g3014"},"g3015":{"pronunciation":"lep-ros'","unicode":"λεπρός","translit":"leprós","definition":"[λεπρός] from the same as {{g3014}}; scaly, i.e. leprous (a leper)","strongs_number":"g3015"},"g3016":{"pronunciation":"lep-ton'","unicode":"λεπτόν","translit":"leptón","definition":"[λεπτόν] neuter of a derivative of the same as {{g3013}}; something scaled (light), i.e. a small coin","strongs_number":"g3016"},"g3017":{"pronunciation":"lyoo'-ee","unicode":"Λευΐ","translit":"Leuḯ","definition":"[Λευΐ] of Hebrew origin ({{h3878}}); Levi, the name of three Israelites Compare {{g3018}}.","strongs_number":"g3017"},"g3018":{"pronunciation":"lyoo-is'","unicode":"Λευΐς","translit":"Leuḯs","definition":"[Λευΐς] a form of {{g3017}}; Lewis (i.e. Levi), a Christian","strongs_number":"g3018"},"g3019":{"pronunciation":"lyoo-ee'-tace","unicode":"Λευΐτης","translit":"Leuḯtēs","definition":"[Λευΐτης] from {{g3017}}; a Levite, i.e. descendant of Levi","strongs_number":"g3019"},"g3020":{"pronunciation":"lyoo-it'-ee-kos","unicode":"Λευϊτικός","translit":"Leuïtikós","definition":"[Λευϊτικός] from {{g3019}}; Levitic, i.e. relating to the Levites","strongs_number":"g3020"},"g3021":{"pronunciation":"lyoo-kah'-ee-no","unicode":"λευκαίνω","translit":"leukaínō","definition":"[λευκαίνω] from {{g3022}}; to whiten","strongs_number":"g3021"},"g3022":{"pronunciation":"lyoo-kos'","unicode":"λευκός","translit":"leukós","definition":"[λευκός] from λύκη (\"light\"); white","strongs_number":"g3022"},"g3023":{"pronunciation":"leh-ohn'","unicode":"λέων","translit":"léōn","definition":"[λέων] a primary word; a \"lion\"","strongs_number":"g3023"},"g3024":{"pronunciation":"lay'-thay","unicode":"λήθη","translit":"lḗthē","definition":"[λήθη] from {{g2990}}; forgetfulness","strongs_number":"g3024"},"g3025":{"pronunciation":"lay-nos'","unicode":"ληνός","translit":"lēnós","definition":"[ληνός] apparently a primary word; a trough, i.e. wine-vat","strongs_number":"g3025"},"g3026":{"pronunciation":"lay'-ros","unicode":"λῆρος","translit":"lēros","definition":"[λῆρος] apparently a primary word; twaddle, i.e. an incredible story","strongs_number":"g3026"},"g3027":{"pronunciation":"lace-tace'","unicode":"λῃστής","translit":"lēistḗs","definition":"[λῃστής] from ληΐζομαι (to plunder); a brigand","strongs_number":"g3027"},"g3028":{"pronunciation":"lape'-sis","unicode":"λῆμψις","translit":"lēmpsis","definition":"[λῆμψις] from {{g2983}}; receipt (the act)","strongs_number":"g3028"},"g3029":{"pronunciation":"lee'-an","unicode":"λίαν","translit":"lían","definition":"[λίαν] of uncertain affinity; much (adverbially)","strongs_number":"g3029"},"g3030":{"pronunciation":"lib'-an-os","unicode":"λίβανος","translit":"líbanos","definition":"[λίβανος] of foreign origin ({{h3828}}); the incense-tree, i.e. (by implication) incense itself","strongs_number":"g3030"},"g3031":{"pronunciation":"lib-an-o-tos'","unicode":"λιβανωτός","translit":"libanōtós","definition":"[λιβανωτός] from {{g3030}}; frankincense, i.e. (by extension) a censer for burning it","strongs_number":"g3031"},"g3032":{"pronunciation":"lib-er-tee'-nos","unicode":"Λιβερτῖνος","translit":"Libertînos","definition":"[Λιβερτῖνος] of Latin origin; a Roman freedman","strongs_number":"g3032"},"g3033":{"pronunciation":"lib-oo'-ay","unicode":"Λιβύη","translit":"Libýē","definition":"[Λιβύη] probably from {{g3047}}; Libye, a region of Africa","strongs_number":"g3033"},"g3034":{"pronunciation":"lith-ad'-zo","unicode":"λιθάζω","translit":"litházō","definition":"[λιθάζω] from {{g3037}}; to lapidate","strongs_number":"g3034"},"g3035":{"pronunciation":"lith-ee'-nos","unicode":"λίθινος","translit":"líthinos","definition":"[λίθινος] from {{g3037}}; stony, i.e. made of stone","strongs_number":"g3035"},"g3036":{"pronunciation":"lith-ob-ol-eh'-o","unicode":"λιθοβολέω","translit":"lithoboléō","definition":"[λιθοβολέω] from a compound of {{g3037}} and {{g906}}; to throw stones, i.e. lapidate","strongs_number":"g3036"},"g3037":{"pronunciation":"lee'-thos","unicode":"λίθος","translit":"líthos","definition":"[λίθος] apparently a primary word; a stone (literally or figuratively)","strongs_number":"g3037"},"g3038":{"pronunciation":"lith-os'-tro-tos","unicode":"λιθόστρωτος","translit":"lithóstrōtos","definition":"[λιθόστρωτος] from {{g3037}} and a derivative of {{g4766}}; stone-strewed, i.e. a tessellated mosaic on which the Roman tribunal was placed","strongs_number":"g3038"},"g3039":{"pronunciation":"lik-mah'-o","unicode":"λικμάω","translit":"likmáō","definition":"[λικμάω] from λικμός, the equivalent of λίκνον (a winnowing fan or basket); to winnow, i.e. (by analogy), to triturate","strongs_number":"g3039"},"g3040":{"pronunciation":"lee-mane'","unicode":"λιμήν","translit":"limḗn","definition":"[λιμήν] apparently a primary word; a harbor Compare {{g2568}}.","strongs_number":"g3040"},"g3041":{"pronunciation":"lim'-nay","unicode":"λίμνη","translit":"límnē","definition":"[λίμνη] probably from {{g3040}} (through the idea of nearness of shore); a pond (large or small)","strongs_number":"g3041"},"g3042":{"pronunciation":"lee-mos'","unicode":"λιμός","translit":"limós","definition":"[λιμός] probably from {{g3007}} (through the idea of destitution); a scarcity of food","strongs_number":"g3042"},"g3043":{"pronunciation":"lee'-non","unicode":"λίνον","translit":"línon","definition":"[λίνον] probably a primary word; flax, i.e. (by implication) \"linen\"","strongs_number":"g3043"},"g3044":{"pronunciation":"lee'-nos","unicode":"Λίνος","translit":"Línos","definition":"[Λίνος] perhaps from {{g3043}}; Linus, a Christian","strongs_number":"g3044"},"g3045":{"pronunciation":"lip-ar-os'","unicode":"λιπαρός","translit":"liparós","definition":"[λιπαρός] from λίπος (grease); fat, i.e. (figuratively) sumptuous","strongs_number":"g3045"},"g3046":{"pronunciation":"lee'-trah","unicode":"λίτρα","translit":"lítra","definition":"[λίτρα] of Latin origin (libra); a pound in weight","strongs_number":"g3046"},"g3047":{"pronunciation":"leeps","unicode":"λίψ","translit":"líps","definition":"[λίψ] probably from λείβω (to pour a \"libation\"); the south(- west) wind (as bringing rain, i.e. (by extension) the south quarter)","strongs_number":"g3047"},"g3048":{"pronunciation":"log-ee'-ah","unicode":"λογία","translit":"logía","definition":"[λογία] from {{g3056}} (in the commercial sense); a contribution","strongs_number":"g3048"},"g3049":{"pronunciation":"log-id'-zom-ahee","unicode":"λογίζομαι","translit":"logízomai","definition":"[λογίζομαι] middle voice from {{g3056}}; to take an inventory, i.e. estimate (literally or figuratively)","strongs_number":"g3049"},"g3050":{"pronunciation":"log-ik-os'","unicode":"λογικός","translit":"logikós","definition":"[λογικός] from {{g3056}}; rational (\"logical\")","strongs_number":"g3050"},"g3051":{"pronunciation":"log'-ee-on","unicode":"λόγιον","translit":"lógion","definition":"[λόγιον] neuter of {{g3052}}; an utterance (of God)","strongs_number":"g3051"},"g3052":{"pronunciation":"log'-ee-os","unicode":"λόγιος","translit":"lógios","definition":"[λόγιος] from {{g3056}}; fluent, i.e. an orator","strongs_number":"g3052"},"g3053":{"pronunciation":"log-is-mos'","unicode":"λογισμός","translit":"logismós","definition":"[λογισμός] from {{g3049}}; computation, i.e. (figuratively) reasoning (conscience, conceit)","strongs_number":"g3053"},"g3054":{"pronunciation":"log-om-akh-eh'-o","unicode":"λογομαχέω","translit":"logomachéō","definition":"[λογομαχέω] from a compound of {{g3056}} and {{g3164}}; to be disputatious (on trifles)","strongs_number":"g3054"},"g3055":{"pronunciation":"log-om-akh-ee'-ah","unicode":"λογομαχία","translit":"logomachía","definition":"[λογομαχία] from the same as {{g3054}}; disputation about trifles (\"logomachy\")","strongs_number":"g3055"},"g3056":{"pronunciation":"log'-os","unicode":"λόγος","translit":"lógos","definition":"[λόγος] from {{g3004}}; something said (including the thought); by implication, a topic (subject of discourse), also reasoning (the mental faculty) or motive; by extension, a computation; specially, (with the article in John) the Divine Expression (i.e. Christ)","strongs_number":"g3056"},"g3057":{"pronunciation":"long'-khay","unicode":"λόγχη","translit":"lónchē","definition":"[λόγχη] perhaps a primary word; a \"lance\"","strongs_number":"g3057"},"g3058":{"pronunciation":"loy-dor-eh'-o","unicode":"λοιδορέω","translit":"loidoréō","definition":"[λοιδορέω] from {{g3060}}; to reproach, i.e. vilify","strongs_number":"g3058"},"g3059":{"pronunciation":"loy-dor-ee'-ah","unicode":"λοιδορία","translit":"loidoría","definition":"[λοιδορία] from {{g3060}}; slander or vituperation","strongs_number":"g3059"},"g3060":{"pronunciation":"loy'-dor-os","unicode":"λοίδορος","translit":"loídoros","definition":"[λοίδορος] from λοιδός (mischief); abusive, i.e. a blackguard","strongs_number":"g3060"},"g3061":{"pronunciation":"loy'-mos","unicode":"λοιμός","translit":"loimós","definition":"[λοιμός] of uncertain affinity; a plague (literally, the disease, or figuratively, a pest)","strongs_number":"g3061"},"g3062":{"pronunciation":"loy-poy'","unicode":"λοιποί","translit":"loipoí","definition":"[λοιποί] masculine plural of a derivative of {{g3007}}; remaining ones","strongs_number":"g3062"},"g3063":{"pronunciation":"loy-pon'","unicode":"λοιπόν","translit":"loipón","definition":"[λοιπόν] neuter singular of the same as {{g3062}}; something remaining (adverbially)","strongs_number":"g3063"},"g3064":{"pronunciation":"loy-poo'","unicode":"λοιποῦ","translit":"loipoû","definition":"[λοιποῦ] genitive case singular of the same as {{g3062}}; remaining time","strongs_number":"g3064"},"g3065":{"pronunciation":"loo-kas'","unicode":"Λουκᾶς","translit":"Loukâs","definition":"[Λουκᾶς] contracted from Latin ; Lucas, a Christian","strongs_number":"g3065"},"g3066":{"pronunciation":"loo'-kee-os","unicode":"Λούκιος","translit":"Loúkios","definition":"[Λούκιος] of Latin origin; illuminative; Lucius, a Christian","strongs_number":"g3066"},"g3067":{"pronunciation":"loo-tron'","unicode":"λουτρόν","translit":"loutrón","definition":"[λουτρόν] from {{g3068}}; a bath, i.e. (figuratively), baptism","strongs_number":"g3067"},"g3068":{"pronunciation":"loo'-o","unicode":"λούω","translit":"loúō","definition":"[λούω] a primary verb; to bathe (the whole person; whereas {{g3538}} means to wet a part only, and {{g4150}} to wash, cleanse garments exclusively)","strongs_number":"g3068"},"g3069":{"pronunciation":"lud'-dah","unicode":"Λύδδα","translit":"Lýdda","definition":"[Λύδδα] of Hebrew origin ({{h3850}}); Lydda (i.e. Lod), a place in Palestine","strongs_number":"g3069"},"g3070":{"pronunciation":"loo-dee'-ah","unicode":"Λυδία","translit":"Lydía","definition":"[Λυδία] properly, feminine of Ludios (of foreign origin) (a Lydian, in Asia Minor); Lydia, a Christian woman","strongs_number":"g3070"},"g3071":{"pronunciation":"loo-kah-on-ee'-ah","unicode":"Λυκαονία","translit":"Lykaonía","definition":"[Λυκαονία] perhaps remotely from {{g3074}}; Lycaonia, a region of Asia Minor","strongs_number":"g3071"},"g3072":{"pronunciation":"loo-kah-on-is-tee'","unicode":"Λυκαονιστί","translit":"Lykaonistí","definition":"[Λυκαονιστί] adverb from a derivative of {{g3071}}; Lycaonistically, i.e. in the language of the Lycaonians","strongs_number":"g3072"},"g3073":{"pronunciation":"loo-kee'-ah","unicode":"Λυκία","translit":"Lykía","definition":"[Λυκία] probably remotely from {{g3074}}; Lycia, a province of Asia Minor","strongs_number":"g3073"},"g3074":{"pronunciation":"loo'-kos","unicode":"λύκος","translit":"lýkos","definition":"[λύκος] perhaps akin to the base of {{g3022}} (from the whitish hair); a wolf","strongs_number":"g3074"},"g3075":{"pronunciation":"loo-mah'-ee-nom-ahee","unicode":"λυμαίνομαι","translit":"lymaínomai","definition":"[λυμαίνομαι] middle voice from a probably derivative of {{g3089}} (meaning filth); properly, to soil, i.e. (figuratively) insult (maltreat)","strongs_number":"g3075"},"g3076":{"pronunciation":"loo-peh'-o","unicode":"λυπέω","translit":"lypéō","definition":"[λυπέω] from {{g3077}}; to distress; reflexively or passively, to be sad","strongs_number":"g3076"},"g3077":{"pronunciation":"loo'-pay","unicode":"λύπη","translit":"lýpē","definition":"[λύπη] apparently a primary word; sadness","strongs_number":"g3077"},"g3078":{"pronunciation":"loo-san-ee'-as","unicode":"Λυσανίας","translit":"Lysanías","definition":"[Λυσανίας] from {{g3080}} and ἀνία (trouble); grief-dispelling; Lysanias, a governor of Abilene","strongs_number":"g3078"},"g3079":{"pronunciation":"loo-see'-as","unicode":"Λυσίας","translit":"Lysías","definition":"[Λυσίας] of uncertain affinity; Lysias, a Roman","strongs_number":"g3079"},"g3080":{"pronunciation":"loo'-sis","unicode":"λύσις","translit":"lýsis","definition":"[λύσις] from {{g3089}}; a loosening, i.e. (specially), divorce","strongs_number":"g3080"},"g3081":{"pronunciation":"loo-sit-el-i'","unicode":"λυσιτελεῖ","translit":"lysiteleî","definition":"[λυσιτελεῖ] third person singular present indicative active of a derivative of a compound of {{g3080}} and {{g5056}}; impersonally, it answers the purpose, i.e. is advantageous","strongs_number":"g3081"},"g3082":{"pronunciation":"loos'-trah","unicode":"Λύστρα","translit":"Lýstra","definition":"[Λύστρα] of uncertain origin; Lystra, a place in Asia Minor","strongs_number":"g3082"},"g3083":{"pronunciation":"loo'-tron","unicode":"λύτρον","translit":"lýtron","definition":"[λύτρον] from {{g3089}}; something to loosen with, i.e. a redemption price (figuratively, atonement)","strongs_number":"g3083"},"g3084":{"pronunciation":"loo-tro'-o","unicode":"λυτρόω","translit":"lytróō","definition":"[λυτρόω] from {{g3083}}; to ransom (literally or figuratively)","strongs_number":"g3084"},"g3085":{"pronunciation":"loo'-tro-sis","unicode":"λύτρωσις","translit":"lýtrōsis","definition":"[λύτρωσις] from {{g3084}}; a ransoming (figuratively)","strongs_number":"g3085"},"g3086":{"pronunciation":"loo-tro-tace'","unicode":"λυτρωτής","translit":"lytrōtḗs","definition":"[λυτρωτής] from {{g3084}}; a redeemer (figuratively)","strongs_number":"g3086"},"g3087":{"pronunciation":"lookh-nee'-ah","unicode":"λυχνία","translit":"lychnía","definition":"[λυχνία] from {{g3088}}; a lamp-stand (literally or figuratively)","strongs_number":"g3087"},"g3088":{"pronunciation":"lookh'-nos","unicode":"λύχνος","translit":"lýchnos","definition":"[λύχνος] from the base of {{g3022}}; a portable lamp or other illuminator (literally or figuratively)","strongs_number":"g3088"},"g3089":{"pronunciation":"loo'-o","unicode":"λύω","translit":"lýō","definition":"[λύω] a primary verb; to \"loosen\" (literally or figuratively) Compare {{g4486}}.","strongs_number":"g3089"},"g3090":{"pronunciation":"lo-ece'","unicode":"Λωΐς","translit":"Lōḯs","definition":"[Λωΐς] of uncertain origin; Lois, a Christian woman","strongs_number":"g3090"},"g3091":{"pronunciation":"lote","unicode":"Λώτ","translit":"Lṓt","definition":"[Λώτ] of Hebrew origin ({{h3876}}); Lot, a patriarch","strongs_number":"g3091"},"g3092":{"pronunciation":"mah-ath'","unicode":"Μαάθ","translit":"Maáth","definition":"[Μαάθ] probably of Hebrew origin; Maath, an Israelite","strongs_number":"g3092"},"g3093":{"pronunciation":"mag-dal-ah'","unicode":"Μαγδαλά","translit":"Magdalá","definition":"[Μαγδαλά] of Chaldee origin (compare {{h4026}}); the tower; Magdala (i.e. Migdala), a place in Palestine","strongs_number":"g3093"},"g3094":{"pronunciation":"mag-dal-ay-nay'","unicode":"Μαγδαληνή","translit":"Magdalēnḗ","definition":"[Μαγδαληνή] feminine of a derivative of {{g3093}}; a female Magdalene, i.e. inhabitant of Magdala","strongs_number":"g3094"},"g3095":{"pronunciation":"mag-i'-ah","unicode":"μαγεία","translit":"mageía","definition":"[μαγεία] from {{g3096}}; \"magic\"","strongs_number":"g3095"},"g3096":{"pronunciation":"mag-yoo'-o","unicode":"μαγεύω","translit":"mageúō","definition":"[μαγεύω] from {{g3097}}; to practice magic","strongs_number":"g3096"},"g3097":{"pronunciation":"mag'-os","unicode":"μάγος","translit":"mágos","definition":"[μάγος] of foreign origin ({{h7248}}); a Magian, i.e. Oriental scientist; by implication, a magician","strongs_number":"g3097"},"g3098":{"pronunciation":"mag-ogue'","unicode":"Μαγώγ","translit":"Magṓg","definition":"[Μαγώγ] of Hebrew origin ({{h4031}}); Magog, a foreign nation, i.e. (figuratively) an Antichristian party","strongs_number":"g3098"},"g3099":{"pronunciation":"mad-ee-on'","unicode":"Μαδιάν","translit":"Madián","definition":"[Μαδιάν] of Hebrew origin ({{h4080}}); Madian (i.e. Midian), a region of Arabia","strongs_number":"g3099"},"g3100":{"pronunciation":"math-ayt-yoo'-o","unicode":"μαθητεύω","translit":"mathēteúō","definition":"[μαθητεύω] from {{g3101}}; intransitively, to become a pupil; transitively, to disciple, i.e. enrol as scholar","strongs_number":"g3100"}}