{"g3101":{"pronunciation":"math-ay-tes'","unicode":"μαθητής","translit":"mathētḗs","definition":"[μαθητής] from {{g3129}}; a learner, i.e. pupil","strongs_number":"g3101"},"g3102":{"pronunciation":"math-ay'-tree-ah","unicode":"μαθήτρια","translit":"mathḗtria","definition":"[μαθήτρια] feminine from {{g3101}}; a female pupil","strongs_number":"g3102"},"g3103":{"pronunciation":"math-oo-sal'-ah","unicode":"Μαθουσάλα","translit":"Mathousála","definition":"[Μαθουσάλα] of Hebrew origin ({{h4968}}); Mathusala (i.e. Methushelach), an antediluvian","strongs_number":"g3103"},"g3104":{"pronunciation":"mahee-nan'","unicode":"Μαϊνάν","translit":"Maïnán","definition":"[Μαϊνάν] probably of Hebrew origin; Mainan, an Israelite","strongs_number":"g3104"},"g3105":{"pronunciation":"mah'-ee-nom-ahee","unicode":"μαίνομαι","translit":"maínomai","definition":"[μαίνομαι] middle voice from a primary μάω (to long for; through the idea of insensate craving); to rave as a \"maniac\"","strongs_number":"g3105"},"g3106":{"pronunciation":"mak-ar-id'-zo","unicode":"μακαρίζω","translit":"makarízō","definition":"[μακαρίζω] from {{g3107}}; to beatify, i.e. pronounce (or esteem) fortunate","strongs_number":"g3106"},"g3107":{"pronunciation":"mak-ar'-ee-os","unicode":"μακάριος","translit":"makários","definition":"[μακάριος] a prolonged form of the poetical μάκαρ (meaning the same); supremely blest; by extension, fortunate, well off","strongs_number":"g3107"},"g3108":{"pronunciation":"mak-ar-is-mos'","unicode":"μακαρισμός","translit":"makarismós","definition":"[μακαρισμός] from {{g3106}}; beatification, i.e. attribution of good fortune","strongs_number":"g3108"},"g3109":{"pronunciation":"mak-ed-on-ee'-ah","unicode":"Μακεδονία","translit":"Makedonía","definition":"[Μακεδονία] from {{g3110}}; Macedonia, a region of Greece","strongs_number":"g3109"},"g3110":{"pronunciation":"mak-ed'-ohn","unicode":"Μακεδών","translit":"Makedṓn","definition":"[Μακεδών] of uncertain derivation; a Macedon (Macedonian), i.e. inhabitant of Macedonia","strongs_number":"g3110"},"g3111":{"pronunciation":"mak'-el-lon","unicode":"μάκελλον","translit":"mákellon","definition":"[μάκελλον] of Latin origin (macellum); a butcher's stall, meat market or provision-shop","strongs_number":"g3111"},"g3112":{"pronunciation":"mak-ran'","unicode":"μακράν","translit":"makrán","definition":"[μακράν] feminine accusative case singular of {{g3117}} ({{g3598}} being implied); at a distance (literally or figuratively)","strongs_number":"g3112"},"g3113":{"pronunciation":"mak-roth'-en","unicode":"μακρόθεν","translit":"makróthen","definition":"[μακρόθεν] adverb from {{g3117}}; from a distance or afar","strongs_number":"g3113"},"g3114":{"pronunciation":"mak-roth-oo-meh'-o","unicode":"μακροθυμέω","translit":"makrothyméō","definition":"[μακροθυμέω] from the same as {{g3116}}; to be long-spirited, i.e. (objectively) forbearing or (subjectively) patient","strongs_number":"g3114"},"g3115":{"pronunciation":"mak-roth-oo-mee'-ah","unicode":"μακροθυμία","translit":"makrothymía","definition":"[μακροθυμία] from the same as {{g3116}}; longanimity, i.e. (objectively) forbearance or (subjectively) fortitude","strongs_number":"g3115"},"g3116":{"pronunciation":"mak-roth-oo-moce'","unicode":"μακροθυμώς","translit":"makrothymṓs","definition":"[μακροθυμώς] adverb of a compound of {{g3117}} and {{g2372}}; with long (enduring) temper, i.e. leniently","strongs_number":"g3116"},"g3117":{"pronunciation":"mak-ros'","unicode":"μακρός","translit":"makrós","definition":"[μακρός] from {{g3372}}; long (in place (distant) or time (neuter plural))","strongs_number":"g3117"},"g3118":{"pronunciation":"mak-rokh-ron'-ee-os","unicode":"μακροχρόνιος","translit":"makrochrónios","definition":"[μακροχρόνιος] from {{g3117}} and {{g5550}}; long-timed, i.e. long-lived","strongs_number":"g3118"},"g3119":{"pronunciation":"mal-ak-ee'-ah","unicode":"μαλακία","translit":"malakía","definition":"[μαλακία] from {{g3120}}; softness, i.e. enervation (debility)","strongs_number":"g3119"},"g3120":{"pronunciation":"mal-ak-os'","unicode":"μαλακός","translit":"malakós","definition":"[μαλακός] of uncertain affinity; soft, i.e. fine (clothing); figuratively, a catamite","strongs_number":"g3120"},"g3121":{"pronunciation":"mal-el-eh-ale'","unicode":"Μαλελεήλ","translit":"Maleleḗl","definition":"[Μαλελεήλ] of Hebrew origin ({{h4111}}); Maleleel (i.e. Mahalalel), an antediluvian","strongs_number":"g3121"},"g3122":{"pronunciation":"mal'-is-tah","unicode":"μάλιστα","translit":"málista","definition":"[μάλιστα] neuter plural of the superlative of an apparently primary adverb μάλα (very); (adverbially) most (in the greatest degree) or particularly","strongs_number":"g3122"},"g3123":{"pronunciation":"mal'-lon","unicode":"μᾶλλον","translit":"mâllon","definition":"[μᾶλλον] neuter of the comparative of the same as {{g3122}}; (adverbially) more (in a greater degree)) or rather","strongs_number":"g3123"},"g3124":{"pronunciation":"mal'-khos","unicode":"Μάλχος","translit":"Málchos","definition":"[Μάλχος] of Hebrew origin ({{h4429}}); Malchus, an Israelite","strongs_number":"g3124"},"g3125":{"pronunciation":"mam'-may","unicode":"μάμμη","translit":"mámmē","definition":"[μάμμη] of natural origin (\"mammy\"); a grandmother","strongs_number":"g3125"},"g3126":{"pronunciation":"mam-mo-nas'","unicode":"μαμμωνᾶς","translit":"mammōnâs","definition":"[μαμμωνᾶς] of Chaldee origin (confidence, i.e. wealth, personified); mammonas, i.e. avarice (deified)","strongs_number":"g3126"},"g3127":{"pronunciation":"man-ah-ane'","unicode":"Μαναήν","translit":"Manaḗn","definition":"[Μαναήν] of uncertain origin; Manaën, a Christian","strongs_number":"g3127"},"g3128":{"pronunciation":"man-as-sace'","unicode":"Μανασσῆς","translit":"Manassēs","definition":"[Μανασσῆς] of Hebrew origin ({{h4519}}); Mannasses (i.e. Menashsheh), an Israelite","strongs_number":"g3128"},"g3129":{"pronunciation":"man-than'-o","unicode":"μανθάνω","translit":"manthánō","definition":"[μανθάνω] prolongation from a primary verb, another form of which, μαθέω, is used as an alternate in certain tenses; to learn (in any way)","strongs_number":"g3129"},"g3130":{"pronunciation":"man-ee'-ah","unicode":"μανία","translit":"manía","definition":"[μανία] from {{g3105}}; craziness","strongs_number":"g3130"},"g3131":{"pronunciation":"man'-nah","unicode":"μάννα","translit":"mánna","definition":"[μάννα] of Hebrew origin ({{h4478}}); manna (i.e. man), an edible gum","strongs_number":"g3131"},"g3132":{"pronunciation":"mant-yoo'-om-ahee","unicode":"μαντεύομαι","translit":"manteúomai","definition":"[μαντεύομαι] from a derivative of {{g3105}} (meaning a prophet, as supposed to rave through inspiration); to divine, i.e. utter spells (under pretense of foretelling","strongs_number":"g3132"},"g3133":{"pronunciation":"mar-ah'-ee-no","unicode":"μαραίνω","translit":"maraínō","definition":"[μαραίνω] of uncertain affinity; to extinguish (as fire), i.e. (figuratively and passively) to pass away","strongs_number":"g3133"},"g3134":{"pronunciation":"mar'-an ath'-ah","unicode":"μαρὰν ἀθά","translit":"maràn athá","definition":"[μαρὰν ἀθά] of Chaldee origin (meaning our Lord has come); maranatha, i.e. an exclamation of the approaching divine judgment","strongs_number":"g3134"},"g3135":{"pronunciation":"mar-gar-ee'-tace","unicode":"μαργαρίτης","translit":"margarítēs","definition":"[μαργαρίτης] from μάργαρος (a pearl-oyster); a pearl","strongs_number":"g3135"},"g3136":{"pronunciation":"mar'-thah","unicode":"Μάρθα","translit":"Mártha","definition":"[Μάρθα] probably of Chaldee origin (meaning mistress); Martha, a Christian woman","strongs_number":"g3136"},"g3137":{"pronunciation":"mar-ee'-ah","unicode":"Μαρία","translit":"María","definition":"[Μαρία]   or Μαριάμof Hebrew origin ({{h4813}}); Maria or Mariam (i.e. Mirjam), the name of six Christian females","strongs_number":"g3137"},"g3138":{"pronunciation":"mar'-kos","unicode":"Μάρκος","translit":"Márkos","definition":"[Μάρκος] of Latin origin; Marcus, a Christian","strongs_number":"g3138"},"g3139":{"pronunciation":"mar'-mar-os","unicode":"μάρμαρος","translit":"mármaros","definition":"[μάρμαρος] from μαρμαίρω (to glisten); marble (as sparkling white)","strongs_number":"g3139"},"g3140":{"pronunciation":"mar-too-reh'-o","unicode":"μαρτυρέω","translit":"martyréō","definition":"[μαρτυρέω] from {{g3144}}; to be a witness, i.e. testify (literally or figuratively)","strongs_number":"g3140"},"g3141":{"pronunciation":"mar-too-ree'-ah","unicode":"μαρτυρία","translit":"martyría","definition":"[μαρτυρία] from {{g3144}}; evidence given (judicially or genitive case)","strongs_number":"g3141"},"g3142":{"pronunciation":"mar-too'-ree-on","unicode":"μαρτύριον","translit":"martýrion","definition":"[μαρτύριον] neuter of a presumed derivative of {{g3144}}; something evidential, i.e. (genitive case) evidence given or (specially), the Decalogue (in the sacred Tabernacle)","strongs_number":"g3142"},"g3143":{"pronunciation":"mar-too'-rom-ahee","unicode":"μαρτύρομαι","translit":"martýromai","definition":"[μαρτύρομαι] middle voice from {{g3144}}; to be adduced as a witness, i.e. (figuratively) to obtest (in affirmation or exhortation)","strongs_number":"g3143"},"g3144":{"pronunciation":"mar'-toos","unicode":"μάρτυς","translit":"mártys","definition":"[μάρτυς] of uncertain affinity; a witness (literally (judicially) or figuratively (genitive case)); by analogy, a \"martyr\"","strongs_number":"g3144"},"g3145":{"pronunciation":"mas-sah'-om-ahee","unicode":"μασσάομαι","translit":"massáomai","definition":"[μασσάομαι] from a primary μάσσω (to handle or squeeze); to chew","strongs_number":"g3145"},"g3146":{"pronunciation":"mas-tig-o'-o","unicode":"μαστιγόω","translit":"mastigóō","definition":"[μαστιγόω] from {{g3148}}; to flog (literally or figuratively)","strongs_number":"g3146"},"g3147":{"pronunciation":"mas-tid'-zo","unicode":"μαστίζω","translit":"mastízō","definition":"[μαστίζω] from {{g3149}}; to whip (literally)","strongs_number":"g3147"},"g3148":{"pronunciation":"mas'-tix","unicode":"μάστιξ","translit":"mástix","definition":"[μάστιξ] probably from the base of {{g3145}} (through the idea of contact); a whip (literally, the Roman flagellum for criminals; figuratively, a disease)","strongs_number":"g3148"},"g3149":{"pronunciation":"mas-tos'","unicode":"μαστός","translit":"mastós","definition":"[μαστός] from the base of {{g3145}}; a (properly, female) breast (as if kneaded up)","strongs_number":"g3149"},"g3150":{"pronunciation":"mat-ah-yol-og-ee'-ah","unicode":"ματαιολογία","translit":"mataiología","definition":"[ματαιολογία] from {{g3151}}; random talk, i.e. babble","strongs_number":"g3150"},"g3151":{"pronunciation":"mat-ah-yol-og'-os","unicode":"ματαιολόγος","translit":"mataiológos","definition":"[ματαιολόγος] from {{g3152}} and {{g3004}}; an idle (i.e. senseless or mischievous) talker, i.e. a wrangler","strongs_number":"g3151"},"g3152":{"pronunciation":"mat'-ah-yos","unicode":"μάταιος","translit":"mátaios","definition":"[μάταιος] from the base of {{g3155}}; empty, i.e. (literally) profitless, or (specially), an idol","strongs_number":"g3152"},"g3153":{"pronunciation":"mat-ah-yot'-ace","unicode":"ματαιότης","translit":"mataiótēs","definition":"[ματαιότης] from {{g3152}}; inutility; figuratively, transientness; morally, depravity","strongs_number":"g3153"},"g3154":{"pronunciation":"mat-ah-yo'-o","unicode":"ματαιόω","translit":"mataióō","definition":"[ματαιόω] from {{g3152}}; to render (passively, become) foolish, i.e. (morally) wicked or (specially), idolatrous","strongs_number":"g3154"},"g3155":{"pronunciation":"mat'-ane","unicode":"μάτην","translit":"mátēn","definition":"[μάτην] accusative case of a derivative of the base of {{g3145}} (through the idea of tentative manipulation, i.e. unsuccessful search, or else of punishment); folly, i.e. (adverbially) to no purpose","strongs_number":"g3155"},"g3156":{"pronunciation":"mat-thah'-yos","unicode":"Ματθαῖος","translit":"Matthaîos","definition":"[Ματθαῖος] a shorter form of {{g3161}}; Matthæus (i.e. Matthitjah), an Israelite and a Christian","strongs_number":"g3156"},"g3157":{"pronunciation":"mat-than'","unicode":"Ματθάν","translit":"Matthán","definition":"[Ματθάν] of Hebrew origin ({{h4977}}); Matthan (i.e. Mattan), an Israelite","strongs_number":"g3157"},"g3158":{"pronunciation":"mat-that'","unicode":"Ματθάτ","translit":"Matthát","definition":"[Ματθάτ] probably a shortened form of {{g3161}}; Matthat (i.e. Mattithjah), the name of two Israelites","strongs_number":"g3158"},"g3159":{"pronunciation":"mat-thee'-as","unicode":"Ματθίας","translit":"Matthías","definition":"[Ματθίας] apparently a shortened form of {{g3161}}; Matthias (i.e. Mattithjah), an Israelite","strongs_number":"g3159"},"g3160":{"pronunciation":"mat-tath-ah'","unicode":"Ματταθά","translit":"Mattathá","definition":"[Ματταθά] probably a shortened form of {{g3161}} (compare {{h4992}}); Mattatha (i.e. Mattithjah), an Israelite","strongs_number":"g3160"},"g3161":{"pronunciation":"mat-tath-ee'-as","unicode":"Ματταθίας","translit":"Mattathías","definition":"[Ματταθίας] of Hebrew origin ({{h4993}}); Mattathias (i.e. Mattithjah), an Israelite and a Christian","strongs_number":"g3161"},"g3162":{"pronunciation":"makh'-ahee-rah","unicode":"μάχαιρα","translit":"máchaira","definition":"[μάχαιρα] probably feminine of a presumed derivative of {{g3163}}; a knife, i.e. dirk; figuratively, war, judicial punishment","strongs_number":"g3162"},"g3163":{"pronunciation":"makh'-ay","unicode":"μάχη","translit":"máchē","definition":"[μάχη] from {{g3164}}; a battle, i.e. (figuratively) controversy","strongs_number":"g3163"},"g3164":{"pronunciation":"makh'-om-ahee","unicode":"μάχομαι","translit":"máchomai","definition":"[μάχομαι] middle voice of an apparently primary verb; to war, i.e. (figuratively) to quarrel, dispute","strongs_number":"g3164"},"g3165":{"pronunciation":"meh","unicode":"μέ","translit":"mé","definition":"[μέ] a shorter (and probably original) form of {{g1691}}; me","strongs_number":"g3165"},"g3166":{"pronunciation":"meg-al-ow-kheh'-o","unicode":"μεγαλαυχέω","translit":"megalauchéō","definition":"[μεγαλαυχέω] from a compound of {{g3173}} and αὐχέω (to boast; akin to {{g837}} and {{g2744}}); to talk big, i.e. be grandiloquent (arrogant, egotistic)","strongs_number":"g3166"},"g3167":{"pronunciation":"meg-al-i'-os","unicode":"μεγαλεῖος","translit":"megaleîos","definition":"[μεγαλεῖος] from {{g3173}}; magnificent, i.e. (neuter, plural as noun) a conspicuous favor, or (subjectively) perfection","strongs_number":"g3167"},"g3168":{"pronunciation":"meg-al-i-ot'-ace","unicode":"μεγαλειότης","translit":"megaleiótēs","definition":"[μεγαλειότης] from {{g3167}}; superbness, i.e. glory or splendor","strongs_number":"g3168"},"g3169":{"pronunciation":"meg-al-op-rep-ace'","unicode":"μεγαλοπρεπής","translit":"megaloprepḗs","definition":"[μεγαλοπρεπής] from {{g3173}} and {{g4241}}; befitting greatness or magnificence (majestic)","strongs_number":"g3169"},"g3170":{"pronunciation":"meg-al-oo'-no","unicode":"μεγαλύνω","translit":"megalýnō","definition":"[μεγαλύνω] from {{g3173}}; to make (or declare) great, i.e. increase or (figuratively) extol","strongs_number":"g3170"},"g3171":{"pronunciation":"meg-al'-oce","unicode":"μεγάλως","translit":"megálōs","definition":"[μεγάλως] adverb from {{g3173}}; much","strongs_number":"g3171"},"g3172":{"pronunciation":"meg-al-o-soo'-nay","unicode":"μεγαλωσύνη","translit":"megalōsýnē","definition":"[μεγαλωσύνη] from {{g3173}}; greatness, i.e. (figuratively) divinity (often God himself)","strongs_number":"g3172"},"g3173":{"pronunciation":"meg'-as","unicode":"μέγας","translit":"mégas","definition":"[μέγας] (including the prolonged forms, feminine μεγάλη, plural μεγάλοι, etc.; compare also {{g3176}}, {{g3187}}); big (literally or figuratively, in a very wide application)","strongs_number":"g3173"},"g3174":{"pronunciation":"meg'-eth-os","unicode":"μέγεθος","translit":"mégethos","definition":"[μέγεθος] from {{g3173}}; magnitude (figuratively)","strongs_number":"g3174"},"g3175":{"pronunciation":"meg-is-tan'-es","unicode":"μεγιστᾶνες","translit":"megistânes","definition":"[μεγιστᾶνες] plural from {{g3176}}; grandees","strongs_number":"g3175"},"g3176":{"pronunciation":"meg'-is-tos","unicode":"μέγιστος","translit":"mégistos","definition":"[μέγιστος] superlative of {{g3173}}; greatest or very great","strongs_number":"g3176"},"g3177":{"pronunciation":"meth-er-mane-yoo'-o","unicode":"μεθερμηνεύω","translit":"methermēneúō","definition":"[μεθερμηνεύω] from {{g3326}} and {{g2059}}; to explain over, i.e. translate","strongs_number":"g3177"},"g3178":{"pronunciation":"meth'-ay","unicode":"μέθη","translit":"méthē","definition":"[μέθη] apparently a primary word; an intoxicant, i.e. (by implication) intoxication","strongs_number":"g3178"},"g3179":{"pronunciation":"meth-is'-tay-mee","unicode":"μεθίστημι","translit":"methístēmi","definition":"[μεθίστημι] , or (1 Cor. 13:2)      μεθιστάνωfrom {{g3326}} and {{g2476}}; to transfer, i.e. carry away, depose or (figuratively) exchange, seduce","strongs_number":"g3179"},"g3180":{"pronunciation":"meth-od-i'-ah","unicode":"μεθοδεία","translit":"methodeía","definition":"[μεθοδεία] from a compound of {{g3326}} and {{g3593}} (compare \"method\"); travelling over, i.e. travesty (trickery)","strongs_number":"g3180"},"g3181":{"pronunciation":"meth-or'-ee-os","unicode":"μεθόριος","translit":"methórios","definition":"[μεθόριος] from {{g3326}} and {{g3725}}; bounded alongside, i.e. contiguous (neuter plural as noun, frontier)","strongs_number":"g3181"},"g3182":{"pronunciation":"meth-oos'-ko","unicode":"μεθύσκω","translit":"methýskō","definition":"[μεθύσκω] a prolonged (transitive) form of {{g3184}}; to intoxicate","strongs_number":"g3182"},"g3183":{"pronunciation":"meth'-oo-sos","unicode":"μέθυσος","translit":"méthysos","definition":"[μέθυσος] from {{g3184}}; tipsy, i.e. (as noun) a sot","strongs_number":"g3183"},"g3184":{"pronunciation":"meth-oo'-o","unicode":"μεθύω","translit":"methýō","definition":"[μεθύω] from another form of {{g3178}}; to drink to intoxication, i.e. get drunk","strongs_number":"g3184"},"g3185":{"pronunciation":"mide'-zon","unicode":"μεῖζον","translit":"meîzon","definition":"[μεῖζον] neuter of {{g3187}}; (adverbially) in greater degree","strongs_number":"g3185"},"g3186":{"pronunciation":"mide-zot'-er-os","unicode":"μειζότερος","translit":"meizóteros","definition":"[μειζότερος] continued comparative of {{g3187}}; still larger (figuratively)","strongs_number":"g3186"},"g3187":{"pronunciation":"mide'-zone","unicode":"μείζων","translit":"meízōn","definition":"[μείζων] irregular comparative of {{g3173}}; larger (literally or figuratively, specially, in age)","strongs_number":"g3187"},"g3188":{"pronunciation":"mel'-an","unicode":"μέλαν","translit":"mélan","definition":"[μέλαν] neuter of {{g3189}} as noun; ink","strongs_number":"g3188"},"g3189":{"pronunciation":"mel'-as","unicode":"μέλας","translit":"mélas","definition":"[μέλας] apparently a primary word; black","strongs_number":"g3189"},"g3190":{"pronunciation":"mel-eh-as'","unicode":"Μελεᾶς","translit":"Meleâs","definition":"[Μελεᾶς] of uncertain origin; Meleas, an Israelite","strongs_number":"g3190"},"g3191":{"pronunciation":"mel-et-ah'-o","unicode":"μελετάω","translit":"meletáō","definition":"[μελετάω] from a presumed derivative of {{g3199}}; to take care of, i.e. (by implication) revolve in the mind","strongs_number":"g3191"},"g3192":{"pronunciation":"mel'-ee","unicode":"μέλι","translit":"méli","definition":"[μέλι] apparently a primary word; honey","strongs_number":"g3192"},"g3193":{"pronunciation":"mel-is'-see-os","unicode":"μελίσσιος","translit":"melíssios","definition":"[μελίσσιος] from {{g3192}}; relating to honey, i.e. bee (comb)","strongs_number":"g3193"},"g3194":{"pronunciation":"mel-ee'-tay","unicode":"Μελίτη","translit":"Melítē","definition":"[Μελίτη] of uncertain origin; Melita, an island in the Mediterranean","strongs_number":"g3194"},"g3195":{"pronunciation":"mel'-lo","unicode":"μέλλω","translit":"méllō","definition":"[μέλλω] a strengthened form of {{g3199}} (through the idea of expectation); to intend, i.e. be about to be, do, or suffer something (of persons or things, especially events; in the sense of purpose, duty, necessity, probability, possibility, or hesitation)","strongs_number":"g3195"},"g3196":{"pronunciation":"mel'-os","unicode":"μέλος","translit":"mélos","definition":"[μέλος] of uncertain affinity; a limb or part of the body","strongs_number":"g3196"},"g3197":{"pronunciation":"mel-khee'","unicode":"Μελχί","translit":"Melchí","definition":"[Μελχί] of Hebrew origin ({{h4428}} with pronominal suffix, my king); Melchi (i.e. Malki), the name of two Israelites","strongs_number":"g3197"},"g3198":{"pronunciation":"mel-khis-ed-ek'","unicode":"Μελχισεδέκ","translit":"Melchisedék","definition":"[Μελχισεδέκ] of Hebrew origin ({{h4442}}); Melchisedek (i.e. Malkitsedek), a patriarch","strongs_number":"g3198"},"g3199":{"pronunciation":"mel'-o","unicode":"μέλω","translit":"mélō","definition":"[μέλω] a primary verb; to be of interest to, i.e. to concern (only third person singular present indicative used impersonally, it matters)","strongs_number":"g3199"},"g3200":{"pronunciation":"mem-bran'-ah","unicode":"μεμβράνα","translit":"membrána","definition":"[μεμβράνα] of Latin origin (\"membrane\"); a (written) sheep-skin","strongs_number":"g3200"}}