{"g3201":{"pronunciation":"mem'-fom-ahee","unicode":"μέμφομαι","translit":"mémphomai","definition":"[μέμφομαι] middle voice of an apparently primary verb; to blame","strongs_number":"g3201"},"g3202":{"pronunciation":"mem-psim'-oy-ros","unicode":"μεμψίμοιρος","translit":"mempsímoiros","definition":"[μεμψίμοιρος] from a presumed derivative of {{g3201}} and μοῖρα (fate; akin to the base of {{g3313}}); blaming fate, i.e. querulous (discontented)","strongs_number":"g3202"},"g3203":{"pronunciation":null,"unicode":null,"translit":null,"definition":"[  Not Used\n] ","strongs_number":"g3203"},"g3204":{"pronunciation":null,"unicode":null,"translit":null,"definition":"[  Not Used\n] ","strongs_number":"g3204"},"g3205":{"pronunciation":null,"unicode":null,"translit":null,"definition":"[  Not Used\n] ","strongs_number":"g3205"},"g3206":{"pronunciation":null,"unicode":null,"translit":null,"definition":"[  Not Used\n] ","strongs_number":"g3206"},"g3207":{"pronunciation":null,"unicode":null,"translit":null,"definition":"[  Not Used\n] ","strongs_number":"g3207"},"g3208":{"pronunciation":null,"unicode":null,"translit":null,"definition":"[  Not Used\n] ","strongs_number":"g3208"},"g3209":{"pronunciation":null,"unicode":null,"translit":null,"definition":"[  Not Used\n] ","strongs_number":"g3209"},"g3210":{"pronunciation":null,"unicode":null,"translit":null,"definition":"[  Not Used\n] ","strongs_number":"g3210"},"g3211":{"pronunciation":null,"unicode":null,"translit":null,"definition":"[  Not Used\n] ","strongs_number":"g3211"},"g3212":{"pronunciation":null,"unicode":null,"translit":null,"definition":"[  Not Used\n] ","strongs_number":"g3212"},"g3213":{"pronunciation":null,"unicode":null,"translit":null,"definition":"[  Not Used\n] ","strongs_number":"g3213"},"g3214":{"pronunciation":null,"unicode":null,"translit":null,"definition":"[  Not Used\n] ","strongs_number":"g3214"},"g3215":{"pronunciation":null,"unicode":null,"translit":null,"definition":"[  Not Used\n] ","strongs_number":"g3215"},"g3216":{"pronunciation":null,"unicode":null,"translit":null,"definition":"[  Not Used\n] ","strongs_number":"g3216"},"g3217":{"pronunciation":null,"unicode":null,"translit":null,"definition":"[  Not Used\n] ","strongs_number":"g3217"},"g3218":{"pronunciation":null,"unicode":null,"translit":null,"definition":"[  Not Used\n] ","strongs_number":"g3218"},"g3219":{"pronunciation":null,"unicode":null,"translit":null,"definition":"[  Not Used\n] ","strongs_number":"g3219"},"g3220":{"pronunciation":null,"unicode":null,"translit":null,"definition":"[  Not Used\n] ","strongs_number":"g3220"},"g3221":{"pronunciation":null,"unicode":null,"translit":null,"definition":"[  Not Used\n] ","strongs_number":"g3221"},"g3222":{"pronunciation":null,"unicode":null,"translit":null,"definition":"[  Not Used\n] ","strongs_number":"g3222"},"g3223":{"pronunciation":null,"unicode":null,"translit":null,"definition":"[  Not Used\n] ","strongs_number":"g3223"},"g3224":{"pronunciation":null,"unicode":null,"translit":null,"definition":"[  Not Used\n] ","strongs_number":"g3224"},"g3225":{"pronunciation":null,"unicode":null,"translit":null,"definition":"[  Not Used\n] ","strongs_number":"g3225"},"g3226":{"pronunciation":null,"unicode":null,"translit":null,"definition":"[  Not Used\n] ","strongs_number":"g3226"},"g3227":{"pronunciation":null,"unicode":null,"translit":null,"definition":"[  Not Used\n] ","strongs_number":"g3227"},"g3228":{"pronunciation":null,"unicode":null,"translit":null,"definition":"[  Not Used\n] ","strongs_number":"g3228"},"g3229":{"pronunciation":null,"unicode":null,"translit":null,"definition":"[  Not Used\n] ","strongs_number":"g3229"},"g3230":{"pronunciation":null,"unicode":null,"translit":null,"definition":"[  Not Used\n] ","strongs_number":"g3230"},"g3231":{"pronunciation":null,"unicode":null,"translit":null,"definition":"[  Not Used\n] ","strongs_number":"g3231"},"g3232":{"pronunciation":null,"unicode":null,"translit":null,"definition":"[  Not Used\n] ","strongs_number":"g3232"},"g3233":{"pronunciation":null,"unicode":null,"translit":null,"definition":"[  Not Used\n] ","strongs_number":"g3233"},"g3234":{"pronunciation":null,"unicode":null,"translit":null,"definition":"[  Not Used\n] ","strongs_number":"g3234"},"g3235":{"pronunciation":null,"unicode":null,"translit":null,"definition":"[  Not Used\n] ","strongs_number":"g3235"},"g3236":{"pronunciation":null,"unicode":null,"translit":null,"definition":"[  Not Used\n] ","strongs_number":"g3236"},"g3237":{"pronunciation":null,"unicode":null,"translit":null,"definition":"[  Not Used\n] ","strongs_number":"g3237"},"g3238":{"pronunciation":null,"unicode":null,"translit":null,"definition":"[  Not Used\n] ","strongs_number":"g3238"},"g3239":{"pronunciation":null,"unicode":null,"translit":null,"definition":"[  Not Used\n] ","strongs_number":"g3239"},"g3240":{"pronunciation":null,"unicode":null,"translit":null,"definition":"[  Not Used\n] ","strongs_number":"g3240"},"g3241":{"pronunciation":null,"unicode":null,"translit":null,"definition":"[  Not Used\n] ","strongs_number":"g3241"},"g3242":{"pronunciation":null,"unicode":null,"translit":null,"definition":"[  Not Used\n] ","strongs_number":"g3242"},"g3243":{"pronunciation":null,"unicode":null,"translit":null,"definition":"[  Not Used\n] ","strongs_number":"g3243"},"g3244":{"pronunciation":null,"unicode":null,"translit":null,"definition":"[  Not Used\n] ","strongs_number":"g3244"},"g3245":{"pronunciation":null,"unicode":null,"translit":null,"definition":"[  Not Used\n] ","strongs_number":"g3245"},"g3246":{"pronunciation":null,"unicode":null,"translit":null,"definition":"[  Not Used\n] ","strongs_number":"g3246"},"g3247":{"pronunciation":null,"unicode":null,"translit":null,"definition":"[  Not Used\n] ","strongs_number":"g3247"},"g3248":{"pronunciation":null,"unicode":null,"translit":null,"definition":"[  Not Used\n] ","strongs_number":"g3248"},"g3249":{"pronunciation":null,"unicode":null,"translit":null,"definition":"[  Not Used\n] ","strongs_number":"g3249"},"g3250":{"pronunciation":null,"unicode":null,"translit":null,"definition":"[  Not Used\n] ","strongs_number":"g3250"},"g3251":{"pronunciation":null,"unicode":null,"translit":null,"definition":"[  Not Used\n] ","strongs_number":"g3251"},"g3252":{"pronunciation":null,"unicode":null,"translit":null,"definition":"[  Not Used\n] ","strongs_number":"g3252"},"g3253":{"pronunciation":null,"unicode":null,"translit":null,"definition":"[  Not Used\n] ","strongs_number":"g3253"},"g3254":{"pronunciation":null,"unicode":null,"translit":null,"definition":"[  Not Used\n] ","strongs_number":"g3254"},"g3255":{"pronunciation":null,"unicode":null,"translit":null,"definition":"[  Not Used\n] ","strongs_number":"g3255"},"g3256":{"pronunciation":null,"unicode":null,"translit":null,"definition":"[  Not Used\n] ","strongs_number":"g3256"},"g3257":{"pronunciation":null,"unicode":null,"translit":null,"definition":"[  Not Used\n] ","strongs_number":"g3257"},"g3258":{"pronunciation":null,"unicode":null,"translit":null,"definition":"[  Not Used\n] ","strongs_number":"g3258"},"g3259":{"pronunciation":null,"unicode":null,"translit":null,"definition":"[  Not Used\n] ","strongs_number":"g3259"},"g3260":{"pronunciation":null,"unicode":null,"translit":null,"definition":"[  Not Used\n] ","strongs_number":"g3260"},"g3261":{"pronunciation":null,"unicode":null,"translit":null,"definition":"[  Not Used\n] ","strongs_number":"g3261"},"g3262":{"pronunciation":null,"unicode":null,"translit":null,"definition":"[  Not Used\n] ","strongs_number":"g3262"},"g3263":{"pronunciation":null,"unicode":null,"translit":null,"definition":"[  Not Used\n] ","strongs_number":"g3263"},"g3264":{"pronunciation":null,"unicode":null,"translit":null,"definition":"[  Not Used\n] ","strongs_number":"g3264"},"g3265":{"pronunciation":null,"unicode":null,"translit":null,"definition":"[  Not Used\n] ","strongs_number":"g3265"},"g3266":{"pronunciation":null,"unicode":null,"translit":null,"definition":"[  Not Used\n] ","strongs_number":"g3266"},"g3267":{"pronunciation":null,"unicode":null,"translit":null,"definition":"[  Not Used\n] ","strongs_number":"g3267"},"g3268":{"pronunciation":null,"unicode":null,"translit":null,"definition":"[  Not Used\n] ","strongs_number":"g3268"},"g3269":{"pronunciation":null,"unicode":null,"translit":null,"definition":"[  Not Used\n] ","strongs_number":"g3269"},"g3270":{"pronunciation":null,"unicode":null,"translit":null,"definition":"[  Not Used\n] ","strongs_number":"g3270"},"g3271":{"pronunciation":null,"unicode":null,"translit":null,"definition":"[  Not Used\n] ","strongs_number":"g3271"},"g3272":{"pronunciation":null,"unicode":null,"translit":null,"definition":"[  Not Used\n] ","strongs_number":"g3272"},"g3273":{"pronunciation":null,"unicode":null,"translit":null,"definition":"[  Not Used\n] ","strongs_number":"g3273"},"g3274":{"pronunciation":null,"unicode":null,"translit":null,"definition":"[  Not Used\n] ","strongs_number":"g3274"},"g3275":{"pronunciation":null,"unicode":null,"translit":null,"definition":"[  Not Used\n] ","strongs_number":"g3275"},"g3276":{"pronunciation":null,"unicode":null,"translit":null,"definition":"[  Not Used\n] ","strongs_number":"g3276"},"g3277":{"pronunciation":null,"unicode":null,"translit":null,"definition":"[  Not Used\n] ","strongs_number":"g3277"},"g3278":{"pronunciation":null,"unicode":null,"translit":null,"definition":"[  Not Used\n] ","strongs_number":"g3278"},"g3279":{"pronunciation":null,"unicode":null,"translit":null,"definition":"[  Not Used\n] ","strongs_number":"g3279"},"g3280":{"pronunciation":null,"unicode":null,"translit":null,"definition":"[  Not Used\n] ","strongs_number":"g3280"},"g3281":{"pronunciation":null,"unicode":null,"translit":null,"definition":"[  Not Used\n] ","strongs_number":"g3281"},"g3282":{"pronunciation":null,"unicode":null,"translit":null,"definition":"[  Not Used\n] ","strongs_number":"g3282"},"g3283":{"pronunciation":null,"unicode":null,"translit":null,"definition":"[  Not Used\n] ","strongs_number":"g3283"},"g3284":{"pronunciation":null,"unicode":null,"translit":null,"definition":"[  Not Used\n] ","strongs_number":"g3284"},"g3285":{"pronunciation":null,"unicode":null,"translit":null,"definition":"[  Not Used\n] ","strongs_number":"g3285"},"g3286":{"pronunciation":null,"unicode":null,"translit":null,"definition":"[  Not Used\n] ","strongs_number":"g3286"},"g3287":{"pronunciation":null,"unicode":null,"translit":null,"definition":"[  Not Used\n] ","strongs_number":"g3287"},"g3288":{"pronunciation":null,"unicode":null,"translit":null,"definition":"[  Not Used\n] ","strongs_number":"g3288"},"g3289":{"pronunciation":null,"unicode":null,"translit":null,"definition":"[  Not Used\n] ","strongs_number":"g3289"},"g3290":{"pronunciation":null,"unicode":null,"translit":null,"definition":"[  Not Used\n] ","strongs_number":"g3290"},"g3291":{"pronunciation":null,"unicode":null,"translit":null,"definition":"[  Not Used\n] ","strongs_number":"g3291"},"g3292":{"pronunciation":null,"unicode":null,"translit":null,"definition":"[  Not Used\n] ","strongs_number":"g3292"},"g3293":{"pronunciation":null,"unicode":null,"translit":null,"definition":"[  Not Used\n] ","strongs_number":"g3293"},"g3294":{"pronunciation":null,"unicode":null,"translit":null,"definition":"[  Not Used\n] ","strongs_number":"g3294"},"g3295":{"pronunciation":null,"unicode":null,"translit":null,"definition":"[  Not Used\n] ","strongs_number":"g3295"},"g3296":{"pronunciation":null,"unicode":null,"translit":null,"definition":"[  Not Used\n] ","strongs_number":"g3296"},"g3297":{"pronunciation":null,"unicode":null,"translit":null,"definition":"[  Not Used\n] ","strongs_number":"g3297"},"g3298":{"pronunciation":null,"unicode":null,"translit":null,"definition":"[  Not Used\n] ","strongs_number":"g3298"},"g3299":{"pronunciation":null,"unicode":null,"translit":null,"definition":"[  Not Used\n] ","strongs_number":"g3299"},"g3300":{"pronunciation":null,"unicode":null,"translit":null,"definition":"[  Not Used\n] ","strongs_number":"g3300"}}