{"g3401":{"pronunciation":"mim-eh'-om-ahee","unicode":"μιμέομαι","translit":"miméomai","definition":"[μιμέομαι] middle voice from μῖμος (a \"mimic\"); to imitate","strongs_number":"g3401"},"g3402":{"pronunciation":"mim-ay-tace'","unicode":"μιμητής","translit":"mimētḗs","definition":"[μιμητής] from {{g3401}}; an imitator","strongs_number":"g3402"},"g3403":{"pronunciation":"mim-nace'-ko","unicode":"μιμνήσκω","translit":"mimnḗskō","definition":"[μιμνήσκω] a prolonged form of {{g3415}} (from which some of the tenses are borrowed); to remind, i.e. (middle voice) to recall to mind","strongs_number":"g3403"},"g3404":{"pronunciation":"mis-eh'-o","unicode":"μισέω","translit":"miséō","definition":"[μισέω] from a primary μῖσος (hatred); to detest (especially to persecute); by extension, to love less","strongs_number":"g3404"},"g3405":{"pronunciation":"mis-thap-od-os-ee'-ah","unicode":"μισθαποδοσία","translit":"misthapodosía","definition":"[μισθαποδοσία] from {{g3406}}; requital (good or bad)","strongs_number":"g3405"},"g3406":{"pronunciation":"mis-thap-od-ot'-ace","unicode":"μισθαποδότης","translit":"misthapodótēs","definition":"[μισθαποδότης] from {{g3409}} and {{g591}}; a renumerator","strongs_number":"g3406"},"g3407":{"pronunciation":"mis'-thee-os","unicode":"μίσθιος","translit":"místhios","definition":"[μίσθιος] from {{g3408}}; a wage-earner","strongs_number":"g3407"},"g3408":{"pronunciation":"mis-thos'","unicode":"μισθός","translit":"misthós","definition":"[μισθός] apparently a primary word; pay for service (literally or figuratively), good or bad","strongs_number":"g3408"},"g3409":{"pronunciation":"mis-tho'-o","unicode":"μισθόω","translit":"misthóō","definition":"[μισθόω] from {{g3408}}; to let out for wages, i.e. (middle voice) to hire","strongs_number":"g3409"},"g3410":{"pronunciation":"mis'-tho-mah","unicode":"μίσθωμα","translit":"místhōma","definition":"[μίσθωμα] from {{g3409}}; a rented building","strongs_number":"g3410"},"g3411":{"pronunciation":"mis-tho-tos'","unicode":"μισθωτός","translit":"misthōtós","definition":"[μισθωτός] from {{g3409}}; a wage-worker (good or bad)","strongs_number":"g3411"},"g3412":{"pronunciation":"mit-oo-lay'-nay","unicode":"Μιτυλήνη","translit":"Mitylḗnē","definition":"[Μιτυλήνη] for μυτιλήνη (abounding in shellfish); Mitylene (or Mytilene), a town on the island of Lesbos","strongs_number":"g3412"},"g3413":{"pronunciation":"mikh-ah-ale'","unicode":"Μιχαήλ","translit":"Michaḗl","definition":"[Μιχαήλ] of Hebrew origin ({{h4317}}); Michael, an archangel","strongs_number":"g3413"},"g3414":{"pronunciation":"mnah","unicode":"μνᾶ","translit":"mnâ","definition":"[μνᾶ] of Latin origin; a mna (i.e. mina), a certain weight","strongs_number":"g3414"},"g3415":{"pronunciation":"mnah'-om-ahee","unicode":"μνάομαι","translit":"mnáomai","definition":"[μνάομαι] middle voice of a derivative of {{g3306}} or perhaps of the base of {{g3145}} (through the idea of fixture in the mind or of mental grasp); to bear in mind, i.e. recollect; by implication, to reward or punish Compare {{g3403}}.","strongs_number":"g3415"},"g3416":{"pronunciation":"mnah'-sohn","unicode":"Μνάσων","translit":"Mnásōn","definition":"[Μνάσων] of uncertain origin; Mnason, a Christian","strongs_number":"g3416"},"g3417":{"pronunciation":"mni'-ah","unicode":"μνεία","translit":"mneía","definition":"[μνεία] from {{g3415}} or {{g3403}}; recollection; by implication, recital","strongs_number":"g3417"},"g3418":{"pronunciation":"mnay'-mah","unicode":"μνῆμα","translit":"mnēma","definition":"[μνῆμα] from {{g3415}}; a memorial, i.e. sepulchral monument (burial-place)","strongs_number":"g3418"},"g3419":{"pronunciation":"mnay-mi'-on","unicode":"μνημεῖον","translit":"mnēmeîon","definition":"[μνημεῖον] from {{g3420}}; a remembrance, i.e. cenotaph (place of interment)","strongs_number":"g3419"},"g3420":{"pronunciation":"mnay'-may","unicode":"μνήμη","translit":"mnḗmē","definition":"[μνήμη] from {{g3403}}; memory","strongs_number":"g3420"},"g3421":{"pronunciation":"mnay-mon-yoo'-o","unicode":"μνημονεύω","translit":"mnēmoneúō","definition":"[μνημονεύω] from a derivative of {{g3420}}; to exercise memory, i.e. recollect; by implication, to punish; also to rehearse","strongs_number":"g3421"},"g3422":{"pronunciation":"mnay-mos'-oo-non","unicode":"μνημόσυνον","translit":"mnēmósynon","definition":"[μνημόσυνον] from {{g3421}}; a reminder (memorandum), i.e. record","strongs_number":"g3422"},"g3423":{"pronunciation":"mnace-tyoo'-o","unicode":"μνηστεύω","translit":"mnēsteúō","definition":"[μνηστεύω] from a derivative of {{g3415}}; to give a souvenir (engagement present), i.e. betroth","strongs_number":"g3423"},"g3424":{"pronunciation":"mog-il-al'-os","unicode":"μογιλάλος","translit":"mogilálos","definition":"[μογιλάλος] from {{g3425}} and {{g2980}}; hardly talking, i.e. dumb (tongue-tied)","strongs_number":"g3424"},"g3425":{"pronunciation":"mog'-is","unicode":"μόγις","translit":"mógis","definition":"[μόγις] adverb from a primary μόγος (toil); with difficulty","strongs_number":"g3425"},"g3426":{"pronunciation":"mod'-ee-os","unicode":"μόδιος","translit":"módios","definition":"[μόδιος] of Latin origin; a modius, i.e. certain measure for things dry (the quantity or the utensil)","strongs_number":"g3426"},"g3427":{"pronunciation":"moy","unicode":"μοί","translit":"moí","definition":"[μοί] the simpler form of {{g1698}}; to me","strongs_number":"g3427"},"g3428":{"pronunciation":"moy-khal-is'","unicode":"μοιχαλίς","translit":"moichalís","definition":"[μοιχαλίς] a prolonged form of the feminine of {{g3432}}; an adulteress (literally or figuratively)","strongs_number":"g3428"},"g3429":{"pronunciation":"moy-khah'-o","unicode":"μοιχάω","translit":"moicháō","definition":"[μοιχάω] from {{g3432}}; (middle voice) to commit adultery","strongs_number":"g3429"},"g3430":{"pronunciation":"moy-khi'-ah","unicode":"μοιχεία","translit":"moicheía","definition":"[μοιχεία] from {{g3431}}; adultery","strongs_number":"g3430"},"g3431":{"pronunciation":"moy-khyoo'-o","unicode":"μοιχεύω","translit":"moicheúō","definition":"[μοιχεύω] from {{g3432}}; to commit adultery","strongs_number":"g3431"},"g3432":{"pronunciation":"moy-khos'","unicode":"μοιχός","translit":"moichós","definition":"[μοιχός] perhaps a primary word; a (male) paramour; figuratively, apostate","strongs_number":"g3432"},"g3433":{"pronunciation":"mol'-is","unicode":"μόλις","translit":"mólis","definition":"[μόλις] probably by variation for {{g3425}}; with difficulty","strongs_number":"g3433"},"g3434":{"pronunciation":"mol-okh'","unicode":"Μολόχ","translit":"Molóch","definition":"[Μολόχ] of Hebrew origin ({{h4432}}); Moloch (i.e. Molek), an idol","strongs_number":"g3434"},"g3435":{"pronunciation":"mol-oo'-no","unicode":"μολύνω","translit":"molýnō","definition":"[μολύνω] probably from {{g3189}}; to soil (figuratively)","strongs_number":"g3435"},"g3436":{"pronunciation":"mol-oos-mos'","unicode":"μολυσμός","translit":"molysmós","definition":"[μολυσμός] from {{g3435}}; a stain; i.e. (figuratively) immorality","strongs_number":"g3436"},"g3437":{"pronunciation":"mom-fay'","unicode":"μομφή","translit":"momphḗ","definition":"[μομφή] from {{g3201}}; blame, i.e. (by implication), a fault","strongs_number":"g3437"},"g3438":{"pronunciation":"mon-ay'","unicode":"μονή","translit":"monḗ","definition":"[μονή] from {{g3306}}; a staying, i.e. residence (the act or the place)","strongs_number":"g3438"},"g3439":{"pronunciation":"mon-og-en-ace'","unicode":"μονογενής","translit":"monogenḗs","definition":"[μονογενής] from {{g3441}} and {{g1096}}; only-born, i.e. sole","strongs_number":"g3439"},"g3440":{"pronunciation":"mon'-on","unicode":"μόνον","translit":"mónon","definition":"[μόνον] neuter of {{g3441}} as adverb; merely","strongs_number":"g3440"},"g3441":{"pronunciation":"mon'-os","unicode":"μόνος","translit":"mónos","definition":"[μόνος] probably from {{g3306}}; remaining, i.e. sole or single; by implication, mere","strongs_number":"g3441"},"g3442":{"pronunciation":"mon-of'-thal-mos","unicode":"μονόφθαλμος","translit":"monóphthalmos","definition":"[μονόφθαλμος] from {{g3441}} and {{g3788}}; one-eyed","strongs_number":"g3442"},"g3443":{"pronunciation":"mon-o'-o","unicode":"μονόω","translit":"monóō","definition":"[μονόω] from {{g3441}}; to isolate, i.e. bereave","strongs_number":"g3443"},"g3444":{"pronunciation":"mor-fay'","unicode":"μορφή","translit":"morphḗ","definition":"[μορφή] perhaps from the base of {{g3313}} (through the idea of adjustment of parts); shape; figuratively, nature","strongs_number":"g3444"},"g3445":{"pronunciation":"mor-fo'-o","unicode":"μορφόω","translit":"morphóō","definition":"[μορφόω] from the same as {{g3444}}; to fashion (figuratively)","strongs_number":"g3445"},"g3446":{"pronunciation":"mor'-fo-sis","unicode":"μόρφωσις","translit":"mórphōsis","definition":"[μόρφωσις] from {{g3445}}; formation, i.e. (by implication), appearance (semblance or (concretely) formula)","strongs_number":"g3446"},"g3447":{"pronunciation":"mos-khop-oy-eh'-o","unicode":"μοσχοποιέω","translit":"moschopoiéō","definition":"[μοσχοποιέω] from {{g3448}} and {{g4160}}; to fabricate the image of a bullock","strongs_number":"g3447"},"g3448":{"pronunciation":"mos'-khos","unicode":"μόσχος","translit":"móschos","definition":"[μόσχος] probably strengthened for όσχος (a shoot); a young bullock","strongs_number":"g3448"},"g3449":{"pronunciation":"mokh'-thos","unicode":"μόχθος","translit":"móchthos","definition":"[μόχθος] from the base of {{g3425}}; toil, i.e. (by implication) sadness","strongs_number":"g3449"},"g3450":{"pronunciation":"moo","unicode":"μοῦ","translit":"moû","definition":"[μοῦ] the simpler form of {{g1700}}; of me","strongs_number":"g3450"},"g3451":{"pronunciation":"moo-sik-os'","unicode":"μουσικός","translit":"mousikós","definition":"[μουσικός] from Μοῦσα (a Muse); \"musical\", i.e. (as noun) a minstrel","strongs_number":"g3451"},"g3452":{"pronunciation":"moo-el-os'","unicode":"μυελός","translit":"myelós","definition":"[μυελός] perhaps a primary word; the marrow","strongs_number":"g3452"},"g3453":{"pronunciation":"moo-eh'-o","unicode":"μυέω","translit":"myéō","definition":"[μυέω] from the base of {{g3466}}; to initiate, i.e. (by implication) to teach","strongs_number":"g3453"},"g3454":{"pronunciation":"moo'-thos","unicode":"μῦθος","translit":"mŷthos","definition":"[μῦθος] perhaps from the same as {{g3453}} (through the idea of tuition); a tale, i.e. fiction (\"myth\")","strongs_number":"g3454"},"g3455":{"pronunciation":"moo-kah'-om-ahee","unicode":"μυκάομαι","translit":"mykáomai","definition":"[μυκάομαι] from a presumed derivative of μύζω ( to \"moo\"); to bellow (roar)","strongs_number":"g3455"},"g3456":{"pronunciation":"mook-tay-rid'-zo","unicode":"μυκτηρίζω","translit":"myktērízō","definition":"[μυκτηρίζω] from a derivative of the base of {{g3455}} (meaning snout, as that whence lowing proceeds); to make mouths at, i.e. ridicule","strongs_number":"g3456"},"g3457":{"pronunciation":"moo-lee-kos'","unicode":"μυλικός","translit":"mylikós","definition":"[μυλικός] from {{g3458}}; belonging to a mill","strongs_number":"g3457"},"g3458":{"pronunciation":"moo'-los","unicode":"μύλος","translit":"mýlos","definition":"[μύλος] probably ultimately from the base of {{g3433}} (through the idea of hardship); a \"mill\", i.e. (by implication), a grinder (millstone)","strongs_number":"g3458"},"g3459":{"pronunciation":"moo'-lone","unicode":"μύλων","translit":"mýlōn","definition":"[μύλων] from {{g3458}}; a mill-house","strongs_number":"g3459"},"g3460":{"pronunciation":"moo'-rah","unicode":"Μύρα","translit":"Mýra","definition":"[Μύρα] of uncertain derivation; Myra, a place in Asia Minor","strongs_number":"g3460"},"g3461":{"pronunciation":"moo-ree'-as","unicode":"μυριάς","translit":"myriás","definition":"[μυριάς] from {{g3463}}; a ten-thousand; by extension, a \"myriad\" or indefinite number","strongs_number":"g3461"},"g3462":{"pronunciation":"moo-rid'-zo","unicode":"μυρίζω","translit":"myrízō","definition":"[μυρίζω] from {{g3464}}; to apply (perfumed) unguent to","strongs_number":"g3462"},"g3463":{"pronunciation":"moo'-ree-oi","unicode":"μύριοι","translit":"mýrioi","definition":"[μύριοι] plural of an apparently primary word (properly, meaning very many); ten thousand; by extension, innumerably many","strongs_number":"g3463"},"g3464":{"pronunciation":"moo'-ron","unicode":"μύρον","translit":"mýron","definition":"[μύρον] probably of foreign origin (compare {{h4753}}, {{g4666}}); \"myrrh\", i.e. (by implication) perfumed oil","strongs_number":"g3464"},"g3465":{"pronunciation":"moo-see'-ah","unicode":"Μυσία","translit":"Mysía","definition":"[Μυσία] of uncertain origin; Mysia, a region of Asia Minor","strongs_number":"g3465"},"g3466":{"pronunciation":"moos-tay'-ree-on","unicode":"μυστήριον","translit":"mystḗrion","definition":"[μυστήριον] from a derivative of μύω (to shut the mouth); a secret or \"mystery\" (through the idea of silence imposed by initiation into religious rites)","strongs_number":"g3466"},"g3467":{"pronunciation":"moo-ope-ad'-zo","unicode":"μυωπάζω","translit":"myōpázō","definition":"[μυωπάζω] from a compound of the base of {{g3466}} and ὤψ (the face; from {{g3700}}); to shut the eyes, i.e. blink (see indistinctly)","strongs_number":"g3467"},"g3468":{"pronunciation":"mo'-lopes","unicode":"μώλωψ","translit":"mṓlōps","definition":"[μώλωψ] from μῶλος (\"moil\"; probably akin to the base of {{g3433}}) and probably ὤψ (the face; from {{g3700}}); a mole (\"black eye\") or blow-mark","strongs_number":"g3468"},"g3469":{"pronunciation":"mo-mah'-om-ahee","unicode":"μωμάομαι","translit":"mōmáomai","definition":"[μωμάομαι] from {{g3470}}; to carp at, i.e. censure (discredit)","strongs_number":"g3469"},"g3470":{"pronunciation":"mo'-mos","unicode":"μῶμος","translit":"mōmos","definition":"[μῶμος] perhaps from {{g3201}}; a flaw or blot, i.e. (figuratively) disgraceful person","strongs_number":"g3470"},"g3471":{"pronunciation":"mo-rah'-ee-no","unicode":"μωραίνω","translit":"mōraínō","definition":"[μωραίνω] from {{g3474}}; to become insipid; figuratively, to make (passively, act) as a simpleton","strongs_number":"g3471"},"g3472":{"pronunciation":"mo-ree'-ah","unicode":"μωρία","translit":"mōría","definition":"[μωρία] from {{g3474}}; silliness, i.e. absurdity","strongs_number":"g3472"},"g3473":{"pronunciation":"mo-rol-og-ee'-ah","unicode":"μωρολογία","translit":"mōrología","definition":"[μωρολογία] from a compound of {{g3474}} and {{g3004}}; silly talk, i.e. buffoonery","strongs_number":"g3473"},"g3474":{"pronunciation":"mo-ros'","unicode":"μωρός","translit":"mōrós","definition":"[μωρός] probably from the base of {{g3466}}; dull or stupid (as if shut up), i.e. heedless, (morally) blockhead, (apparently) absurd","strongs_number":"g3474"},"g3475":{"pronunciation":"moce-yoos'","unicode":"Μωσεύς","translit":"Mōseús","definition":"[Μωσεύς]   or Μωσῆς,  or Μωϋσῆςof Hebrew  origin; ({{h4872}}); Moseus, Moses, or Mouses (i.e. Mosheh), the Hebrew lawgiver","strongs_number":"g3475"},"g3476":{"pronunciation":"nah-as-sone'","unicode":"Ναασσών","translit":"Naassṓn","definition":"[Ναασσών] of Hebrew origin ({{h5177}}); Naasson (i.e. Nachshon), an Israelite","strongs_number":"g3476"},"g3477":{"pronunciation":"nang-gah'-ee","unicode":"Ναγγαί","translit":"Nangaí","definition":"[Ναγγαί] probably of Hebrew origin (compare {{h5052}}); Nangæ (i.e. perhaps Nogach), an Israelite","strongs_number":"g3477"},"g3478":{"pronunciation":"nad-zar-eth'","unicode":"Ναζαρέθ","translit":"Nazaréth","definition":"[Ναζαρέθ]   or Ναζαρέτ;  of uncertain derivation; Nazareth or Nazaret, a place in Palestine","strongs_number":"g3478"},"g3479":{"pronunciation":"nad-zar-ay-nos'","unicode":"Ναζαρηνός","translit":"Nazarēnós","definition":"[Ναζαρηνός] from {{g3478}}; a Nazarene, i.e. inhabitant of Nazareth","strongs_number":"g3479"},"g3480":{"pronunciation":"nad-zo-rah'-yos","unicode":"Ναζωραῖος","translit":"Nazōraîos","definition":"[Ναζωραῖος] from {{g3478}}; a Nazoræan, i.e. inhabitant of Nazareth; by extension, a Christian","strongs_number":"g3480"},"g3481":{"pronunciation":"nath-an'","unicode":"Ναθάν","translit":"Nathán","definition":"[Ναθάν] of Hebrew origin ({{h5416}}); Nathan, an Israelite","strongs_number":"g3481"},"g3482":{"pronunciation":"nath-an-ah-ale'","unicode":"Ναθαναήλ","translit":"Nathanaḗl","definition":"[Ναθαναήλ] of Hebrew origin ({{h5417}}); Nathanaël (i.e. Nathanel), an Israelite and Christian","strongs_number":"g3482"},"g3483":{"pronunciation":"nahee","unicode":"ναί","translit":"naí","definition":"[ναί] a primary particle of strong affirmation; yes","strongs_number":"g3483"},"g3484":{"pronunciation":"nah-in'","unicode":"Ναΐν","translit":"Naḯn","definition":"[Ναΐν] probably of Hebrew origin (compare {{h4999}}); Nain, a place in Palestine","strongs_number":"g3484"},"g3485":{"pronunciation":"nah-os'","unicode":"ναός","translit":"naós","definition":"[ναός] from a primary ναίω (to dwell); a fane, shrine, temple  Compare {{g2411}}.","strongs_number":"g3485"},"g3486":{"pronunciation":"nah-oom'","unicode":"Ναούμ","translit":"Naoúm","definition":"[Ναούμ] of Hebrew origin ({{h5151}}); Naum (i.e. Nachum), an Israelite","strongs_number":"g3486"},"g3487":{"pronunciation":"nar'dos","unicode":"νάρδος","translit":"nárdos","definition":"[νάρδος] of foreign origin (compare {{h5373}}); \"nard\"","strongs_number":"g3487"},"g3488":{"pronunciation":"nar'-kis-sos","unicode":"Νάρκισσος","translit":"Nárkissos","definition":"[Νάρκισσος] a flower of the same name, from νάρκη (stupefaction, as a \"narcotic\"); Narcissus, a Roman","strongs_number":"g3488"},"g3489":{"pronunciation":"now-ag-eh'-o","unicode":"ναυαγέω","translit":"nauagéō","definition":"[ναυαγέω] from a compound of {{g3491}} and {{g71}}; to be shipwrecked (stranded, \"navigate\"), literally or figuratively","strongs_number":"g3489"},"g3490":{"pronunciation":"now'-klay-ros","unicode":"ναύκληρος","translit":"naúklēros","definition":"[ναύκληρος] from {{g3491}} and {{g2819}} (\"clerk\"); a captain","strongs_number":"g3490"},"g3491":{"pronunciation":"nowce","unicode":"ναῦς","translit":"naûs","definition":"[ναῦς] from νάω or νέω (to float); a boat (of any size)","strongs_number":"g3491"},"g3492":{"pronunciation":"now'-tace","unicode":"ναύτης","translit":"naútēs","definition":"[ναύτης] from {{g3491}}; a boatman, i.e. seaman","strongs_number":"g3492"},"g3493":{"pronunciation":"nakh-ore'","unicode":"Ναχώρ","translit":"Nachṓr","definition":"[Ναχώρ] of Hebrew origin ({{h5152}}); Nachor, the grandfather of Abraham","strongs_number":"g3493"},"g3494":{"pronunciation":"neh-an-ee'-as","unicode":"νεανίας","translit":"neanías","definition":"[νεανίας] from a derivative of {{g3501}}; a youth (up to about forty years)","strongs_number":"g3494"},"g3495":{"pronunciation":"neh-an-is'-kos","unicode":"νεανίσκος","translit":"neanískos","definition":"[νεανίσκος] from the same as {{g3494}}; a youth (under forty)","strongs_number":"g3495"},"g3496":{"pronunciation":"neh-ap'-ol-is","unicode":"Νεάπολις","translit":"Neápolis","definition":"[Νεάπολις] from {{g3501}} and {{g4172}}; new town; Neapolis, a place in Macedonia","strongs_number":"g3496"},"g3497":{"pronunciation":"neh-eh-man'","unicode":"Νεεμάν","translit":"Neemán","definition":"[Νεεμάν] of Hebrew origin ({{h5283}}); Neeman (i.e. Naaman), a Syrian","strongs_number":"g3497"},"g3498":{"pronunciation":"nek-ros'","unicode":"νεκρός","translit":"nekrós","definition":"[νεκρός] from an apparently primary νέκυς (a corpse); dead (literally or figuratively; also as noun)","strongs_number":"g3498"},"g3499":{"pronunciation":"nek-ro'-o","unicode":"νεκρόω","translit":"nekróō","definition":"[νεκρόω] from {{g3498}}; to deaden, i.e. (figuratively) to subdue","strongs_number":"g3499"},"g3500":{"pronunciation":"nek'-ro-sis","unicode":"νέκρωσις","translit":"nékrōsis","definition":"[νέκρωσις] from {{g3499}}; decease; figuratively, impotency","strongs_number":"g3500"}}