{"g3601":{"pronunciation":"od-oo'-nay","unicode":"ὀδύνη","translit":"odýnē","definition":"[ὀδύνη] from {{g1416}}; grief (as dejecting)","strongs_number":"g3601"},"g3602":{"pronunciation":"od-oor-mos'","unicode":"ὀδυρμός","translit":"odyrmós","definition":"[ὀδυρμός] from a derivative of the base of {{g1416}}; moaning, i.e. lamentation","strongs_number":"g3602"},"g3603":{"pronunciation":"ho es-tee'","unicode":"ὅ ἐστι","translit":"hó esti","definition":"[ὅ ἐστι] from the neuter of {{g3739}} and the third person singular present indicative of {{g1510}}; which is","strongs_number":"g3603"},"g3604":{"pronunciation":"od-zee'-as","unicode":"Ὀζίας","translit":"Ozías","definition":"[Ὀζίας] of Hebrew origin ({{h5818}}); Ozias (i.e. Uzzijah), an Israelite","strongs_number":"g3604"},"g3605":{"pronunciation":"od'-zo","unicode":"ὄζω","translit":"ózō","definition":"[ὄζω] a primary verb (in a strengthened form); to scent (usually an ill \"odor\")","strongs_number":"g3605"},"g3606":{"pronunciation":"hoth'-en","unicode":"ὅθεν","translit":"hóthen","definition":"[ὅθεν] from {{g3739}} with the directive enclitic of source; from which place or source or cause (adverb or conjunction)","strongs_number":"g3606"},"g3607":{"pronunciation":"oth-on'-ay","unicode":"ὀθόνη","translit":"othónē","definition":"[ὀθόνη] of uncertain affinity; a linen cloth, i.e. (especially) a sail","strongs_number":"g3607"},"g3608":{"pronunciation":"oth-on'-ee-on","unicode":"ὀθόνιον","translit":"othónion","definition":"[ὀθόνιον] neuter of a presumed derivative of {{g3607}}; a linen bandage","strongs_number":"g3608"},"g3609":{"pronunciation":"oy-ki'-os","unicode":"οἰκεῖος","translit":"oikeîos","definition":"[οἰκεῖος] from {{g3624}}; domestic, i.e. (as noun), a relative, adherent","strongs_number":"g3609"},"g3610":{"pronunciation":"oy-ket'-ace","unicode":"οἰκέτης","translit":"oikétēs","definition":"[οἰκέτης] from {{g3611}}; a fellow resident, i.e. menial domestic","strongs_number":"g3610"},"g3611":{"pronunciation":"oy-keh'-o","unicode":"οἰκέω","translit":"oikéō","definition":"[οἰκέω] from {{g3624}}; to occupy a house, i.e. reside (figuratively, inhabit, remain, inhere); by implication, to cohabit See also {{g3625}}.","strongs_number":"g3611"},"g3612":{"pronunciation":"oy'-kay-mah","unicode":"οἴκημα","translit":"oíkēma","definition":"[οἴκημα] from {{g3611}}; a tenement, i.e. (specially), a jail","strongs_number":"g3612"},"g3613":{"pronunciation":"oy-kay-tay'-ree-on","unicode":"οἰκητήριον","translit":"oikētḗrion","definition":"[οἰκητήριον] neuter of a presumed derivative of {{g3611}} (equivalent to {{g3612}}); a residence (literally or figuratively)","strongs_number":"g3613"},"g3614":{"pronunciation":"oy-kee'-ah","unicode":"οἰκία","translit":"oikía","definition":"[οἰκία] from {{g3624}}; properly, residence (abstractly), but usually (concretely) an abode (literally or figuratively); by implication, a family (especially domestics)","strongs_number":"g3614"},"g3615":{"pronunciation":"oy-kee-ak-os'","unicode":"οἰκιακός","translit":"oikiakós","definition":"[οἰκιακός] from {{g3614}}; familiar, i.e. (as noun) relatives","strongs_number":"g3615"},"g3616":{"pronunciation":"oy-kod-es-pot-eh'-o","unicode":"οἰκοδεσποτέω","translit":"oikodespotéō","definition":"[οἰκοδεσποτέω] from {{g3617}}; to be the head of (i.e. rule) a family","strongs_number":"g3616"},"g3617":{"pronunciation":"oy-kod-es-pot'-ace","unicode":"οἰκοδεσπότης","translit":"oikodespótēs","definition":"[οἰκοδεσπότης] from {{g3624}} and {{g1203}}; the head of a family","strongs_number":"g3617"},"g3618":{"pronunciation":"oy-kod-om-eh'-o","unicode":"οἰκοδομέω","translit":"oikodoméō","definition":"[οἰκοδομέω] from the same as {{g3619}}; to be a house-builder, i.e. construct or (figuratively) confirm","strongs_number":"g3618"},"g3619":{"pronunciation":"oy-kod-om-ay'","unicode":"οἰκοδομή","translit":"oikodomḗ","definition":"[οἰκοδομή] feminine (abstract) of a compound of {{g3624}} and the base of {{g1430}}; architecture, i.e. (concretely) a structure; figuratively, confirmation","strongs_number":"g3619"},"g3620":{"pronunciation":"oy-kod-om-ee'-ah","unicode":"οἰκοδομία","translit":"oikodomía","definition":"[οἰκοδομία] from the same as {{g3619}}; confirmation","strongs_number":"g3620"},"g3621":{"pronunciation":"oy-kon-om-eh'-o","unicode":"οἰκονομέω","translit":"oikonoméō","definition":"[οἰκονομέω] from {{g3623}}; to manage (a house, i.e. an estate)","strongs_number":"g3621"},"g3622":{"pronunciation":"oy-kon-om-ee'-ah","unicode":"οἰκονομία","translit":"oikonomía","definition":"[οἰκονομία] from {{g3623}}; administration (of a household or estate); specially, a (religious) \"economy\"","strongs_number":"g3622"},"g3623":{"pronunciation":"oy-kon-om'-os","unicode":"οἰκονόμος","translit":"oikonómos","definition":"[οἰκονόμος] from {{g3624}} and the base of {{g3551}}; a house-distributor (i.e. manager), or overseer, i.e. an employee in that capacity; by extension, a fiscal agent (treasurer); figuratively, a preacher (of the Gospel)","strongs_number":"g3623"},"g3624":{"pronunciation":"oy'-kos","unicode":"οἶκος","translit":"oîkos","definition":"[οἶκος] of uncertain affinity; a dwelling (more or less extensive, literal or figurative); by implication, a family (more or less related, literally or figuratively)","strongs_number":"g3624"},"g3625":{"pronunciation":"oy-kou-men'-ay","unicode":"οἰκουμένη","translit":"oikouménē","definition":"[οἰκουμένη] feminine participle present passive of {{g3611}} (as noun, by implication, of {{g1093}}); land, i.e. the (terrene part of the) globe; specially, the Roman empire","strongs_number":"g3625"},"g3626":{"pronunciation":"oy-koo-ros'","unicode":"οἰκουρός","translit":"oikourós","definition":"[οἰκουρός] from {{g3624}} and οὖρος (a guard; be \"ware\"); a stayer at home, i.e. domestically inclined (a \"good housekeeper\")","strongs_number":"g3626"},"g3627":{"pronunciation":"oyk-ti'-ro","unicode":"οἰκτείρω","translit":"oikteírō","definition":"[οἰκτείρω]  also (in certain tenses) prolonged      οἰκτερέωfrom οἶκτος (pity); to exercise pity","strongs_number":"g3627"},"g3628":{"pronunciation":"oyk-tir-mos'","unicode":"οἰκτιρμός","translit":"oiktirmós","definition":"[οἰκτιρμός] from {{g3627}}; pity","strongs_number":"g3628"},"g3629":{"pronunciation":"oyk-tir'-mone","unicode":"οἰκτίρμων","translit":"oiktírmōn","definition":"[οἰκτίρμων] from {{g3627}}; compassionate","strongs_number":"g3629"},"g3630":{"pronunciation":"oy-nop-ot'-ace","unicode":"οἰνοπότης","translit":"oinopótēs","definition":"[οἰνοπότης] from {{g3631}} and a derivative of the alternate of {{g4095}}; a tippler","strongs_number":"g3630"},"g3631":{"pronunciation":"oy'-nos","unicode":"οἶνος","translit":"oînos","definition":"[οἶνος] a primary word (or perhaps of Hebrew origin ({{h3196}})); \"wine\" (literally or figuratively)","strongs_number":"g3631"},"g3632":{"pronunciation":"oy-nof-loog-ee'-ah","unicode":"οἰνοφλυγία","translit":"oinophlygía","definition":"[οἰνοφλυγία] from {{g3631}} and a form of the base of {{g5397}}; an overflow (or surplus) of wine, i.e. vinolency (drunkenness)","strongs_number":"g3632"},"g3633":{"pronunciation":"oy'-om-ahee","unicode":"οἴομαι","translit":"oíomai","definition":"[οἴομαι] , or (shorter)      οἶμαιmiddle voice apparently from {{g3634}}; to make like (oneself), i.e. imagine (be of the opinion)","strongs_number":"g3633"},"g3634":{"pronunciation":"hoy'-os","unicode":"οἷος","translit":"hoîos","definition":"[οἷος] probably akin to {{g3588}}, {{g3739}}, and {{g3745}}; such or what sort of (as a correlation or exclamation); especially the neuter (adverbially) with negative, not so","strongs_number":"g3634"},"g3635":{"pronunciation":"ok-neh'-o","unicode":"ὀκνέω","translit":"oknéō","definition":"[ὀκνέω] from ὄκνος (hesitation); to be slow (figuratively, loath)","strongs_number":"g3635"},"g3636":{"pronunciation":"ok-nay-ros'","unicode":"ὀκνηρός","translit":"oknērós","definition":"[ὀκνηρός] from {{g3635}}; tardy, i.e. indolent; (figuratively) irksome","strongs_number":"g3636"},"g3637":{"pronunciation":"ok-tah-ay'-mer-os","unicode":"ὀκταήμερος","translit":"oktaḗmeros","definition":"[ὀκταήμερος] from {{g3638}} and {{g2250}}; an eight-day old person or act","strongs_number":"g3637"},"g3638":{"pronunciation":"ok-to'","unicode":"ὀκτώ","translit":"oktṓ","definition":"[ὀκτώ] a primary numeral; \"eight\"","strongs_number":"g3638"},"g3639":{"pronunciation":"ol'-eth-ros","unicode":"ὄλεθρος","translit":"ólethros","definition":"[ὄλεθρος] from a primary ὄλλυμι (to destroy; a prolonged form); ruin, i.e. death, punishment","strongs_number":"g3639"},"g3640":{"pronunciation":"ol-ig-op'-is-tos","unicode":"ὀλιγόπιστος","translit":"oligópistos","definition":"[ὀλιγόπιστος] from {{g3641}} and {{g4102}}; incredulous, i.e. lacking confidence (in Christ)","strongs_number":"g3640"},"g3641":{"pronunciation":"ol-ee'-gos","unicode":"ὀλίγος","translit":"olígos","definition":"[ὀλίγος] of uncertain affinity; puny (in extent, degree, number, duration or value); especially neuter (adverbially) somewhat","strongs_number":"g3641"},"g3642":{"pronunciation":"ol-ig-op'-soo-khos","unicode":"ὀλιγόψυχος","translit":"oligópsychos","definition":"[ὀλιγόψυχος] from {{g3641}} and {{g5590}}; little-spirited, i.e. faint-hearted","strongs_number":"g3642"},"g3643":{"pronunciation":"ol-ig-o-reh'-o","unicode":"ὀλιγωρέω","translit":"oligōréō","definition":"[ὀλιγωρέω] from a compound of {{g3641}} and ὤρα (\"care\"); to have little regard for, i.e. to disesteem","strongs_number":"g3643"},"g3644":{"pronunciation":"ol-oth-ryoo-tace'","unicode":"ὀλοθρευτής","translit":"olothreutḗs","definition":"[ὀλοθρευτής] from {{g3645}}; a ruiner, i.e. (specially), a venomous serpent","strongs_number":"g3644"},"g3645":{"pronunciation":"ol-oth-ryoo'-o","unicode":"ὀλοθρεύω","translit":"olothreúō","definition":"[ὀλοθρεύω] from {{g3639}}; to spoil, i.e. slay","strongs_number":"g3645"},"g3646":{"pronunciation":"hol-ok-ow'-to-mah","unicode":"ὁλοκαύτωμα","translit":"holokaútōma","definition":"[ὁλοκαύτωμα] from a derivative of a compound of {{g3650}} and a derivative of {{g2545}}; a wholly-consumed sacrifice (\"holocaust\")","strongs_number":"g3646"},"g3647":{"pronunciation":"hol-ok-lay-ree'-ah","unicode":"ὁλοκληρία","translit":"holoklēría","definition":"[ὁλοκληρία] from {{g3648}}; integrity, i.e. physical wholeness","strongs_number":"g3647"},"g3648":{"pronunciation":"hol'-ok'-lay-ros","unicode":"ὁλόκληρος","translit":"holóklēros","definition":"[ὁλόκληρος] from {{g3650}} and {{g2819}}; complete in every part, i.e. perfectly sound (in body)","strongs_number":"g3648"},"g3649":{"pronunciation":"ol-ol-odd'-zo","unicode":"ὀλολύζω","translit":"ololýzō","definition":"[ὀλολύζω] a reduplicated primary verb; to \"howl\" or \"halloo\", i.e. shriek","strongs_number":"g3649"},"g3650":{"pronunciation":"hol'-os","unicode":"ὅλος","translit":"hólos","definition":"[ὅλος] a primary word; \"whole\" or \"all\", i.e. complete (in extent, amount, time or degree), especially (neuter) as noun or adverb","strongs_number":"g3650"},"g3651":{"pronunciation":"hol-ot-el-ace'","unicode":"ὁλοτελής","translit":"holotelḗs","definition":"[ὁλοτελής] from {{g3650}} and {{g5056}}; complete to the end, i.e. absolutely perfect","strongs_number":"g3651"},"g3652":{"pronunciation":"ol-oom-pas'","unicode":"Ὀλυμπᾶς","translit":"Olympâs","definition":"[Ὀλυμπᾶς] probably a contraction from Ὀλυμπιόδωρος (Olympian-bestowed, i.e. heaven-descended); Olympas, a Christian","strongs_number":"g3652"},"g3653":{"pronunciation":"ol'-oon-thos","unicode":"ὄλυνθος","translit":"ólynthos","definition":"[ὄλυνθος] of uncertain derivation; an unripe (because out of season) fig","strongs_number":"g3653"},"g3654":{"pronunciation":"hol'-oce","unicode":"ὅλως","translit":"hólōs","definition":"[ὅλως] adverb from {{g3650}}; completely, i.e. altogether; (by analogy), everywhere; (negatively) not by any means","strongs_number":"g3654"},"g3655":{"pronunciation":"om'-bros","unicode":"ὄμβρος","translit":"ómbros","definition":"[ὄμβρος] of uncertain affinity; a thunder storm","strongs_number":"g3655"},"g3656":{"pronunciation":"hom-il-eh'-o","unicode":"ὁμιλέω","translit":"homiléō","definition":"[ὁμιλέω] from {{g3658}}; to be in company with, i.e. (by implication) to converse","strongs_number":"g3656"},"g3657":{"pronunciation":"hom-il-ee'-ah","unicode":"ὁμιλία","translit":"homilía","definition":"[ὁμιλία] from {{g3658}}; companionship (\"homily\"), i.e. (by implication) intercourse","strongs_number":"g3657"},"g3658":{"pronunciation":"hom'-il-os","unicode":"ὅμιλος","translit":"hómilos","definition":"[ὅμιλος] from the base of {{g3674}} and a derivative of the alternate of {{g138}} (meaning a crowd); association together, i.e. a multitude","strongs_number":"g3658"},"g3659":{"pronunciation":"om'-mah","unicode":"ὄμμα","translit":"ómma","definition":"[ὄμμα] from {{g3700}}; a sight, i.e. (by implication) the eye","strongs_number":"g3659"},"g3660":{"pronunciation":"om-noo'-o","unicode":"ὀμνύω","translit":"omnýō","definition":"[ὀμνύω] ; a prolonged form of a primary,                         but obsolete ὄμω, for which                         another prolonged form      ὀμόω    is used in certain tenses; to swear, i.e. take (or declare on) oath","strongs_number":"g3660"},"g3661":{"pronunciation":"hom-oth-oo-mad-on'","unicode":"ὁμοθυμαδόν","translit":"homothymadón","definition":"[ὁμοθυμαδόν] adverb from a compound of the base of {{g3674}} and {{g2372}}; unanimously","strongs_number":"g3661"},"g3662":{"pronunciation":"hom-oy-ad'-zo","unicode":"ὁμοιάζω","translit":"homoiázō","definition":"[ὁμοιάζω] from {{g3664}}; to resemble","strongs_number":"g3662"},"g3663":{"pronunciation":"hom-oy-op-ath-ace'","unicode":"ὁμοιοπαθής","translit":"homoiopathḗs","definition":"[ὁμοιοπαθής] from {{g3664}} and the alternate of {{g3958}}; similarly affected","strongs_number":"g3663"},"g3664":{"pronunciation":"hom'-oy-os","unicode":"ὅμοιος","translit":"hómoios","definition":"[ὅμοιος] from the base of {{g3674}}; similar (in appearance or character)","strongs_number":"g3664"},"g3665":{"pronunciation":"hom-oy-ot'-ace","unicode":"ὁμοιότης","translit":"homoiótēs","definition":"[ὁμοιότης] from {{g3664}}; resemblance","strongs_number":"g3665"},"g3666":{"pronunciation":"hom-oy-o'-o","unicode":"ὁμοιόω","translit":"homoióō","definition":"[ὁμοιόω] from {{g3664}}; to assimilate, i.e. compare; passively, to become similar","strongs_number":"g3666"},"g3667":{"pronunciation":"hom-oy'-o-mah","unicode":"ὁμοίωμα","translit":"homoíōma","definition":"[ὁμοίωμα] from {{g3666}}; a form; abstractly, resemblance","strongs_number":"g3667"},"g3668":{"pronunciation":"hom-oy'-oce","unicode":"ὁμοίως","translit":"homoíōs","definition":"[ὁμοίως] adverb from {{g3664}}; similarly","strongs_number":"g3668"},"g3669":{"pronunciation":"hom-oy'-o-sis","unicode":"ὁμοίωσις","translit":"homoíōsis","definition":"[ὁμοίωσις] from {{g3666}}; assimilation, i.e. resemblance","strongs_number":"g3669"},"g3670":{"pronunciation":"hom-ol-og-eh'-o","unicode":"ὁμολογέω","translit":"homologéō","definition":"[ὁμολογέω] from a compound of the base of {{g3674}} and {{g3056}}; to assent, i.e. covenant, acknowledge","strongs_number":"g3670"},"g3671":{"pronunciation":"hom-ol-og-ee'-ah","unicode":"ὁμολογία","translit":"homología","definition":"[ὁμολογία] from the same as {{g3670}}; acknowledgment","strongs_number":"g3671"},"g3672":{"pronunciation":"hom-ol-og-ow-men'-oce","unicode":"ὁμολογουμένως","translit":"homologouménōs","definition":"[ὁμολογουμένως] adverb of present passive participle of {{g3670}}; confessedly","strongs_number":"g3672"},"g3673":{"pronunciation":"hom-ot'-ekh-nos","unicode":"ὁμότεχνος","translit":"homótechnos","definition":"[ὁμότεχνος] from the base of {{g3674}} and {{g5078}}; a fellow-artificer","strongs_number":"g3673"},"g3674":{"pronunciation":"hom-oo'","unicode":"ὁμοῦ","translit":"homoû","definition":"[ὁμοῦ] genitive case of ὁμός (the same; akin to {{g260}}) as adverb; at the same place or time","strongs_number":"g3674"},"g3675":{"pronunciation":"hom-of'-rone","unicode":"ὁμόφρων","translit":"homóphrōn","definition":"[ὁμόφρων] from the base of {{g3674}} and {{g5424}}; like-minded, i.e. harmonious","strongs_number":"g3675"},"g3676":{"pronunciation":"hom'-oce","unicode":"ὅμως","translit":"hómōs","definition":"[ὅμως] adverb from the base of {{g3674}}; at the same time, i.e. (conjunctionally) notwithstanding, yet still","strongs_number":"g3676"},"g3677":{"pronunciation":"on'-ar","unicode":"ὄναρ","translit":"ónar","definition":"[ὄναρ] of uncertain derivation; a dream","strongs_number":"g3677"},"g3678":{"pronunciation":"on-ar'-ee-on","unicode":"ὀνάριον","translit":"onárion","definition":"[ὀνάριον] neuter of a presumed derivative of {{g3688}}; a little ass","strongs_number":"g3678"},"g3679":{"pronunciation":"on-i-did'-zo","unicode":"ὀνειδίζω","translit":"oneidízō","definition":"[ὀνειδίζω] from {{g3681}}; to defame, i.e. rail at, chide, taunt","strongs_number":"g3679"},"g3680":{"pronunciation":"on-i-dis-mos'","unicode":"ὀνειδισμός","translit":"oneidismós","definition":"[ὀνειδισμός] from {{g3679}}; contumely","strongs_number":"g3680"},"g3681":{"pronunciation":"on'-i-dos","unicode":"ὄνειδος","translit":"óneidos","definition":"[ὄνειδος] probably akin to the base of {{g3686}}; notoriety, i.e. a taunt (disgrace)","strongs_number":"g3681"},"g3682":{"pronunciation":"on-ay'-sim-os","unicode":"Ὀνήσιμος","translit":"Onḗsimos","definition":"[Ὀνήσιμος] from {{g3685}}; profitable; Onesimus, a Christian","strongs_number":"g3682"},"g3683":{"pronunciation":"on-ay-sif'-or-os","unicode":"Ὀνησίφορος","translit":"Onēsíphoros","definition":"[Ὀνησίφορος] from a derivative of {{g3685}} and {{g5411}}; profit-bearer; Onesiphorus, a Christian","strongs_number":"g3683"},"g3684":{"pronunciation":"on-ik-os'","unicode":"ὀνικός","translit":"onikós","definition":"[ὀνικός] from {{g3688}}; belonging to a ass, i.e. large (so as to be turned by a ass)","strongs_number":"g3684"},"g3685":{"pronunciation":"on-in'-ay-mee","unicode":"ὀνίνημι","translit":"onínēmi","definition":"[ὀνίνημι] a prolonged form of an apparently primary verb (ὄνομαι, to slur); for which another prolonged form (ὀνάω) is used as an alternate in some tenses (unless indeed it be identical with the base of {{g3686}} through the idea of notoriety); to gratify, i.e. (middle voice) to derive pleasure or advantage from","strongs_number":"g3685"},"g3686":{"pronunciation":"on'-om-ah","unicode":"ὄνομα","translit":"ónoma","definition":"[ὄνομα] from a presumed derivative of the base of {{g1097}} (compare {{g3685}}); a \"name\" (literally or figuratively) (authority, character)","strongs_number":"g3686"},"g3687":{"pronunciation":"on-om-ad'-zo","unicode":"ὀνομάζω","translit":"onomázō","definition":"[ὀνομάζω] from {{g3686}}; to name, i.e. assign an appellation; by extension, to utter, mention, profess","strongs_number":"g3687"},"g3688":{"pronunciation":"on'-os","unicode":"ὄνος","translit":"ónos","definition":"[ὄνος] apparently a primary word; a donkey","strongs_number":"g3688"},"g3689":{"pronunciation":"on'-toce","unicode":"ὄντως","translit":"óntōs","definition":"[ὄντως] adverb of the oblique cases of {{g5607}}; really","strongs_number":"g3689"},"g3690":{"pronunciation":"oz-os","unicode":"ὄξος","translit":"óxos","definition":"[ὄξος] from {{g3691}}; vinegar, i.e. sour wine","strongs_number":"g3690"},"g3691":{"pronunciation":"oz-oos'","unicode":"ὀξύς","translit":"oxýs","definition":"[ὀξύς] probably akin to the base of {{g188}} (\"acid\"); keen; by analogy, rapid","strongs_number":"g3691"},"g3692":{"pronunciation":"op-ay'","unicode":"ὀπή","translit":"opḗ","definition":"[ὀπή] probably from {{g3700}}; a hole (as if for light), i.e. cavern; by analogy, a spring (of water)","strongs_number":"g3692"},"g3693":{"pronunciation":"op'-is-then","unicode":"ὄπισθεν","translit":"ópisthen","definition":"[ὄπισθεν] from ὄπις (regard; from {{g3700}}) with enclitic of source; from the rear (as a secure aspect), i.e. at the back (adverb and preposition of place or time)","strongs_number":"g3693"},"g3694":{"pronunciation":"op-is'-o","unicode":"ὀπίσω","translit":"opísō","definition":"[ὀπίσω] from the same as {{g3693}} with enclitic of direction; to the back, i.e. aback (as adverb or preposition of time or place; or as noun)","strongs_number":"g3694"},"g3695":{"pronunciation":"hop-lid'-zo","unicode":"ὁπλίζω","translit":"hoplízō","definition":"[ὁπλίζω] from {{g3696}}; to equip (with weapons (middle voice and figuratively))","strongs_number":"g3695"},"g3696":{"pronunciation":"hop'-lon","unicode":"ὅπλον","translit":"hóplon","definition":"[ὅπλον] probably from a primary ἕπω (to be busy about); an implement or utensil or tool (literally or figuratively, especially, offensive for war)","strongs_number":"g3696"},"g3697":{"pronunciation":"hop-oy'-os","unicode":"ὁποῖος","translit":"hopoîos","definition":"[ὁποῖος] from {{g3739}} and {{g4169}}; of what kind that, i.e. how (as) great (excellent) (specially, as an indefinite correlative to the definite antecedent {{g5108}} of quality)","strongs_number":"g3697"},"g3698":{"pronunciation":"hop-ot'-eh","unicode":"ὁπότε","translit":"hopóte","definition":"[ὁπότε] from {{g3739}} and {{g4218}}; what(-ever) then, i.e. (of time) as soon as","strongs_number":"g3698"},"g3699":{"pronunciation":"hop'-oo","unicode":"ὅπου","translit":"hópou","definition":"[ὅπου] from {{g3739}} and {{g4225}}; what(-ever) where, i.e. at whichever spot","strongs_number":"g3699"},"g3700":{"pronunciation":"op-tan'-om-ahee","unicode":"ὀπτάνομαι","translit":"optánomai","definition":"[ὀπτάνομαι] ; a (middle voice) prolonged form of the primary (middle voice)      ὄπτομαι;    which is used for it in certain                                   tenses; and both as alternate of                                   {{g3708}}; to gaze (i.e. with wide-open eyes, as at something remarkable; and thus differing from {{g991}}, which denotes simply voluntary observation; and from {{g1492}}, which expresses merely mechanical, passive or casual vision; while {{g2300}}, and still more emphatically its intensive {{g2334}}, signifies an earnest but more continued inspection; and {{g4648}} a watching from a distance)","strongs_number":"g3700"}}