{"g3701":{"pronunciation":"op-tas-ee'-ah","unicode":"ὀπτασία","translit":"optasía","definition":"[ὀπτασία] from a presumed derivative of {{g3700}}; visuality, i.e. (concretely) an apparition","strongs_number":"g3701"},"g3702":{"pronunciation":"op-tos'","unicode":"ὀπτός","translit":"optós","definition":"[ὀπτός] from an obsolete verb akin to ἕπσω (to \"steep\"); cooked, i.e. roasted","strongs_number":"g3702"},"g3703":{"pronunciation":"op-o'-rah","unicode":"ὀπώρα","translit":"opṓra","definition":"[ὀπώρα] apparently from the base of {{g3796}} and {{g5610}}; properly, even-tide of the (summer) season (dog-days), i.e. (by implication) ripe fruit","strongs_number":"g3703"},"g3704":{"pronunciation":"hop'-oce","unicode":"ὅπως","translit":"hópōs","definition":"[ὅπως] from {{g3739}} and {{g4459}}; what(-ever) how, i.e. in the manner that (as adverb or conjunction of coincidence, intentional or actual)","strongs_number":"g3704"},"g3705":{"pronunciation":"hor'-am-ah","unicode":"ὅραμα","translit":"hórama","definition":"[ὅραμα] from {{g3708}}; something gazed at, i.e. a spectacle (especially supernatural)","strongs_number":"g3705"},"g3706":{"pronunciation":"hor'-as-is","unicode":"ὅρασις","translit":"hórasis","definition":"[ὅρασις] from {{g3708}}; the act of gazing, i.e. (externally) an aspect or (internally) an inspired appearance","strongs_number":"g3706"},"g3707":{"pronunciation":"hor-at-os'","unicode":"ὁρατός","translit":"horatós","definition":"[ὁρατός] from {{g3708}}; gazed at, i.e. (by implication) capable of being seen","strongs_number":"g3707"},"g3708":{"pronunciation":"hor-ah'-o","unicode":"ὁράω","translit":"horáō","definition":"[ὁράω] properly, to stare at (compare {{g3700}}), i.e. (by implication) to discern clearly (physically or mentally); by extension, to attend to; by Hebraism, to experience; passively, to appear","strongs_number":"g3708"},"g3709":{"pronunciation":"or-gay'","unicode":"ὀργή","translit":"orgḗ","definition":"[ὀργή] from {{g3713}}; properly, desire (as a reaching forth or excitement of the mind), i.e. (by analogy), violent passion (ire, or (justifiable) abhorrence); by implication punishment","strongs_number":"g3709"},"g3710":{"pronunciation":"or-gid'-zo","unicode":"ὀργίζω","translit":"orgízō","definition":"[ὀργίζω] from {{g3709}}; to provoke or enrage, i.e. (passively) become exasperated","strongs_number":"g3710"},"g3711":{"pronunciation":"org-ee'-los","unicode":"ὀργίλος","translit":"orgílos","definition":"[ὀργίλος] from {{g3709}}; irascible","strongs_number":"g3711"},"g3712":{"pronunciation":"org-wee-ah'","unicode":"ὀργυιά","translit":"orguiá","definition":"[ὀργυιά] from {{g3713}}; a stretch of the arms, i.e. a fathom","strongs_number":"g3712"},"g3713":{"pronunciation":"or-eg'-om-ahee","unicode":"ὀρέγομαι","translit":"orégomai","definition":"[ὀρέγομαι] middle voice of apparently a prolonged form of an obsolete primary (compare {{g3735}}); to stretch oneself, i.e. reach out after (long for)","strongs_number":"g3713"},"g3714":{"pronunciation":"or-i-nos","unicode":"ὀρεινός","translit":"oreinós","definition":"[ὀρεινός] from {{g3735}}; mountainous, i.e. (feminine by implication, of {{g5561}}) the Highlands (of Judæa)","strongs_number":"g3714"},"g3715":{"pronunciation":"or'-ex-is","unicode":"ὄρεξις","translit":"órexis","definition":"[ὄρεξις] from {{g3713}}; excitement of the mind, i.e. longing after","strongs_number":"g3715"},"g3716":{"pronunciation":"or-thop-od-eh'-o","unicode":"ὀρθοποδέω","translit":"orthopodéō","definition":"[ὀρθοποδέω] from a compound of {{g3717}} and {{g4228}}; to be straight-footed, i.e. (figuratively) to go directly forward","strongs_number":"g3716"},"g3717":{"pronunciation":"or-thos'","unicode":"ὀρθός","translit":"orthós","definition":"[ὀρθός] probably from the base of {{g3735}}; right (as rising), i.e. (perpendicularly) erect (figuratively, honest), or (horizontally) level or direct","strongs_number":"g3717"},"g3718":{"pronunciation":"or-thot-om-eh'-o","unicode":"ὀρθοτομέω","translit":"orthotoméō","definition":"[ὀρθοτομέω] from a compound of {{g3717}} and the base of {{g5114}}, to make a straight cut, i.e. (figuratively) to dissect (expound) correctly (the divine message)","strongs_number":"g3718"},"g3719":{"pronunciation":"or-thrid'-zo","unicode":"ὀρθρίζω","translit":"orthrízō","definition":"[ὀρθρίζω] from {{g3722}}; to use the dawn, i.e. (by implication) to repair betimes","strongs_number":"g3719"},"g3720":{"pronunciation":"or-thrin-os'","unicode":"ὀρθρινός","translit":"orthrinós","definition":"[ὀρθρινός] from {{g3722}}; relating to the dawn, i.e. matutinal (as an epithet of Venus, especially brilliant in the early day)","strongs_number":"g3720"},"g3721":{"pronunciation":"or'-three-os","unicode":"ὄρθριος","translit":"órthrios","definition":"[ὄρθριος] from {{g3722}}; in the dawn, i.e. up at day-break","strongs_number":"g3721"},"g3722":{"pronunciation":"or'-thros","unicode":"ὄρθρος","translit":"órthros","definition":"[ὄρθρος] from the same as {{g3735}}; dawn (as sun-rise, rising of light); by extension, morn","strongs_number":"g3722"},"g3723":{"pronunciation":"or-thoce'","unicode":"ὀρθῶς","translit":"orthōs","definition":"[ὀρθῶς] adverb from {{g3717}}; in a straight manner, i.e. (figuratively) correctly (also morally)","strongs_number":"g3723"},"g3724":{"pronunciation":"hor-id'-zo","unicode":"ὁρίζω","translit":"horízō","definition":"[ὁρίζω] from {{g3725}}; to mark out or bound (\"horizon\"), i.e. (figuratively) to appoint, decree, specify","strongs_number":"g3724"},"g3725":{"pronunciation":"hor'-ee-on","unicode":"ὅριον","translit":"hórion","definition":"[ὅριον] neuter of a derivative of an apparently primary ὅρος (a bound or limit); a boundary-line, i.e. (by implication) a frontier (region)","strongs_number":"g3725"},"g3726":{"pronunciation":"hor-kid'-zo","unicode":"ὁρκίζω","translit":"horkízō","definition":"[ὁρκίζω] from {{g3727}}; to put on oath, i.e. make swear; by analogy, to solemnly enjoin","strongs_number":"g3726"},"g3727":{"pronunciation":"hor'-kos","unicode":"ὅρκος","translit":"hórkos","definition":"[ὅρκος] from ἕρκος (a fence; perhaps akin to {{g3725}}); a limit, i.e. (sacred) restraint (specially, an oath)","strongs_number":"g3727"},"g3728":{"pronunciation":"hor-ko-mos-ee'ah","unicode":"ὁρκωμοσία","translit":"horkōmosía","definition":"[ὁρκωμοσία] from a compound of {{g3727}} and a derivative of {{g3660}}; asseveration on oath","strongs_number":"g3728"},"g3729":{"pronunciation":"hor-mah'-o","unicode":"ὁρμάω","translit":"hormáō","definition":"[ὁρμάω] from {{g3730}}; to start, spur or urge on, i.e. (reflexively) to dash or plunge","strongs_number":"g3729"},"g3730":{"pronunciation":"hor-may'","unicode":"ὁρμή","translit":"hormḗ","definition":"[ὁρμή] of uncertain affinity; a violent impulse, i.e. onset","strongs_number":"g3730"},"g3731":{"pronunciation":"hor'-may-mah","unicode":"ὅρμημα","translit":"hórmēma","definition":"[ὅρμημα] from {{g3730}}; an attack, i.e. (abstractly) precipitancy","strongs_number":"g3731"},"g3732":{"pronunciation":"or'-neh-on","unicode":"ὄρνεον","translit":"órneon","definition":"[ὄρνεον] neuter of a presumed derivative of {{g3733}}; a birdling","strongs_number":"g3732"},"g3733":{"pronunciation":"or'-nis","unicode":"ὄρνις","translit":"órnis","definition":"[ὄρνις] probably from a prolonged form of the base of {{g3735}}; a bird (as rising in the air), i.e. (specially), a hen (or female domestic fowl)","strongs_number":"g3733"},"g3734":{"pronunciation":"hor-oth-es-ee'-ah","unicode":"ὁροθεσία","translit":"horothesía","definition":"[ὁροθεσία] from a compound of the base of {{g3725}} and a derivative of {{g5087}}; a limit-placing, i.e. (concretely) boundary-line","strongs_number":"g3734"},"g3735":{"pronunciation":"or'-os","unicode":"ὄρος","translit":"óros","definition":"[ὄρος] probably from an obsolete ὄρω (to rise or \"rear\"; perhaps akin to {{g142}}; compare {{g3733}}); a mountain (as lifting itself above the plain)","strongs_number":"g3735"},"g3736":{"pronunciation":"or-oos'-so","unicode":"ὀρύσσω","translit":"orýssō","definition":"[ὀρύσσω] apparently a primary verb; to \"burrow\" in the ground, i.e. dig","strongs_number":"g3736"},"g3737":{"pronunciation":"or-fan-os'","unicode":"ὀρφανός","translit":"orphanós","definition":"[ὀρφανός] of uncertain affinity; bereaved (\"orphan\"), i.e. parentless","strongs_number":"g3737"},"g3738":{"pronunciation":"or-kheh'-om-ahee","unicode":"ὀρχέομαι","translit":"orchéomai","definition":"[ὀρχέομαι] middle voice from ὄρχος (a row or ring); to dance (from the ranklike or regular motion)","strongs_number":"g3738"},"g3739":{"pronunciation":"hos","unicode":"ὅς","translit":"hós","definition":"[ὅς] , including feminine      ἥ, and neuter      ὅprobably a primary word (or perhaps a form of the article {{g3588}}); the relatively (sometimes demonstrative) pronoun, who, which, what, that See also {{g3757}}.","strongs_number":"g3739"},"g3740":{"pronunciation":"hos-ak'-is","unicode":"ὁσάκις","translit":"hosákis","definition":"[ὁσάκις] multiple adverb from {{g3739}}; how (i.e. with {{g302}}, so) many times as","strongs_number":"g3740"},"g3741":{"pronunciation":"hos'-ee-os","unicode":"ὅσιος","translit":"hósios","definition":"[ὅσιος] of uncertain affinity; properly, right (by intrinsic or divine character; thus distinguished from 1342, which refers rather to human statutes and relations; from {{g2413}}, which denotes formal consecration; and from {{g40}}, which relates to purity from defilement), i.e. hallowed (pious, sacred, sure) 342","strongs_number":"g3741"},"g3742":{"pronunciation":"hos-ee-ot'-ace","unicode":"ὁσιότης","translit":"hosiótēs","definition":"[ὁσιότης] from {{g3741}}; piety","strongs_number":"g3742"},"g3743":{"pronunciation":"hos-ee-oce'","unicode":"ὁσίως","translit":"hosíōs","definition":"[ὁσίως] adverb from {{g3741}}; piously","strongs_number":"g3743"},"g3744":{"pronunciation":"os-may'","unicode":"ὀσμή","translit":"osmḗ","definition":"[ὀσμή] from {{g3605}}; fragrance (literally or figuratively)","strongs_number":"g3744"},"g3745":{"pronunciation":"hos'-os","unicode":"ὅσος","translit":"hósos","definition":"[ὅσος] by reduplication from {{g3739}}; as (much, great, long, etc.) as","strongs_number":"g3745"},"g3746":{"pronunciation":"hos'-per","unicode":"ὅσπερ","translit":"hósper","definition":"[ὅσπερ] from {{g3739}} and {{g4007}}; who especially","strongs_number":"g3746"},"g3747":{"pronunciation":"os-teh'-on","unicode":"ὀστέον","translit":"ostéon","definition":"[ὀστέον] , or contracted      ὀστοῦνof uncertain affinity; a bone","strongs_number":"g3747"},"g3748":{"pronunciation":"hos'-tis","unicode":"ὅστις","translit":"hóstis","definition":"[ὅστις] , including the feminine      ἥτις, and the neuter      ὅτιfrom {{g3739}} and {{g5100}}; which some, i.e. any that; also (definite) which same Compare {{g3754}}.","strongs_number":"g3748"},"g3749":{"pronunciation":"os-tra'-kin-os","unicode":"ὀστράκινος","translit":"ostrákinos","definition":"[ὀστράκινος] from ὄστρακον (\"oyster\") (a tile, i.e. terra cotta); earthen-ware, i.e. clayey; by implication, frail","strongs_number":"g3749"},"g3750":{"pronunciation":"os'-fray-sis","unicode":"ὄσφρησις","translit":"ósphrēsis","definition":"[ὄσφρησις] from a derivative of {{g3605}}; smell (the sense)","strongs_number":"g3750"},"g3751":{"pronunciation":"os-foos'","unicode":"ὀσφῦς","translit":"osphŷs","definition":"[ὀσφῦς] of uncertain affinity; the loin (externally), i.e. the hip; internally (by extension) procreative power","strongs_number":"g3751"},"g3752":{"pronunciation":"hot'-an","unicode":"ὅταν","translit":"hótan","definition":"[ὅταν] from {{g3753}} and {{g302}}; whenever (implying hypothesis or more or less uncertainty); also causatively (conjunctionally) inasmuch as","strongs_number":"g3752"},"g3753":{"pronunciation":"hot'-eh","unicode":"ὅτε","translit":"hóte","definition":"[ὅτε] from {{g3739}} and {{g5037}}; at which (thing) too, i.e. when","strongs_number":"g3753"},"g3754":{"pronunciation":"hot'-ee","unicode":"ὅτι","translit":"hóti","definition":"[ὅτι] neuter of {{g3748}} as conjunction; demonstrative, that (sometimes redundant); causative, because","strongs_number":"g3754"},"g3755":{"pronunciation":"hot'-oo","unicode":"ὅτου","translit":"hótou","definition":"[ὅτου] for the genitive case of {{g3748}} (as adverb); during which same time, i.e. whilst","strongs_number":"g3755"},"g3756":{"pronunciation":"oo","unicode":"οὐ","translit":"ou","definition":"[οὐ] , also (before a vowel)      οὐκ, and (before an aspirate)      οὐχa primary word; the absolute negative (compare {{g3361}}) adverb; no or not See also {{g3364}}, {{g3372}}.","strongs_number":"g3756"},"g3757":{"pronunciation":"hoo","unicode":"οὗ","translit":"hoû","definition":"[οὗ] genitive case of {{g3739}} as adverb; at which place, i.e. where","strongs_number":"g3757"},"g3758":{"pronunciation":"oo-ah'","unicode":"οὐά","translit":"ouá","definition":"[οὐά] a primary exclamation of surprise; \"ah\"","strongs_number":"g3758"},"g3759":{"pronunciation":"oo-ah'-ee","unicode":"οὐαί","translit":"ouaí","definition":"[οὐαί] a primary exclamation of grief; \"woe\"","strongs_number":"g3759"},"g3760":{"pronunciation":"oo-dam-oce'","unicode":"οὐδαμῶς","translit":"oudamōs","definition":"[οὐδαμῶς] adverb from (the feminine) of {{g3762}}; by no means","strongs_number":"g3760"},"g3761":{"pronunciation":"oo-deh'","unicode":"οὐδέ","translit":"oudé","definition":"[οὐδέ] from {{g3756}} and {{g1161}}; not however, i.e. neither, nor, not even","strongs_number":"g3761"},"g3762":{"pronunciation":"oo-dice'","unicode":"οὐδείς","translit":"oudeís","definition":"[οὐδείς] , including feminine      οὐδεμία, and neuter      οὐδένfrom {{g3761}} and {{g1520}}; not even one (man, woman or thing), i.e. none, nobody, nothing","strongs_number":"g3762"},"g3763":{"pronunciation":"oo-dep'-ot-eh","unicode":"οὐδέποτε","translit":"oudépote","definition":"[οὐδέποτε] from {{g3761}} and {{g4218}}; not even at any time, i.e. never at all","strongs_number":"g3763"},"g3764":{"pronunciation":"oo-dep'-o","unicode":"οὐδέπω","translit":"oudépō","definition":"[οὐδέπω] from {{g3761}} and {{g4452}}; not even yet","strongs_number":"g3764"},"g3765":{"pronunciation":"ook-et'-ee","unicode":"οὐκέτι","translit":"oukéti","definition":"[οὐκέτι] , also (separately)       οὐκ ἔτιfrom {{g3756}} and {{g2089}}; not yet, no longer","strongs_number":"g3765"},"g3766":{"pronunciation":"ook-oon'","unicode":"οὐκοῦν","translit":"oukoûn","definition":"[οὐκοῦν] from {{g3756}} and {{g3767}}; is it not therefore that, i.e. (affirmatively) hence or so","strongs_number":"g3766"},"g3767":{"pronunciation":"oon","unicode":"οὖν","translit":"oûn","definition":"[οὖν] apparently a primary word; (adverbially) certainly, or (conjunctionally) accordingly","strongs_number":"g3767"},"g3768":{"pronunciation":"oo'-po","unicode":"οὔπω","translit":"oúpō","definition":"[οὔπω] from {{g3756}} and {{g4452}}; not yet","strongs_number":"g3768"},"g3769":{"pronunciation":"oo-rah'","unicode":"οὐρά","translit":"ourá","definition":"[οὐρά] apparently a primary word; a tail","strongs_number":"g3769"},"g3770":{"pronunciation":"oo-ran'-ee-os","unicode":"οὐράνιος","translit":"ouránios","definition":"[οὐράνιος] from {{g3772}}; celestial, i.e. belonging to or coming from the sky","strongs_number":"g3770"},"g3771":{"pronunciation":"oo-ran-oth'-en","unicode":"οὐρανόθεν","translit":"ouranóthen","definition":"[οὐρανόθεν] from {{g3772}} and the enclitic of source; from the sky","strongs_number":"g3771"},"g3772":{"pronunciation":"oo-ran-os'","unicode":"οὐρανός","translit":"ouranós","definition":"[οὐρανός] perhaps from the same as {{g3735}} (through the idea of elevation); the sky; by extension, heaven (as the abode of God); by implication, happiness, power, eternity; specially, the Gospel (Christianity)","strongs_number":"g3772"},"g3773":{"pronunciation":"oor-ban-os'","unicode":"Οὐρβανός","translit":"Ourbanós","definition":"[Οὐρβανός] of Latin origin; Urbanus (of the city, \"urbane\"), a Christian","strongs_number":"g3773"},"g3774":{"pronunciation":"oo-ree'-as","unicode":"Οὐρίας","translit":"Ourías","definition":"[Οὐρίας] of Hebrew origin ({{h223}}); Urias (i.e. Urijah), a Hittite","strongs_number":"g3774"},"g3775":{"pronunciation":"ooce","unicode":"οὖς","translit":"oûs","definition":"[οὖς] apparently a primary word; the ear (physically or mentally)","strongs_number":"g3775"},"g3776":{"pronunciation":"oo-see'-ah","unicode":"οὐσία","translit":"ousía","definition":"[οὐσία] from the feminine of {{g5607}}; substance, i.e. property (possessions)","strongs_number":"g3776"},"g3777":{"pronunciation":"oo'-teh","unicode":"οὔτε","translit":"oúte","definition":"[οὔτε] from {{g3756}} and {{g5037}}; not too, i.e. neither or nor; by analogy, not even","strongs_number":"g3777"},"g3778":{"pronunciation":"hoo'-tos","unicode":"οὗτος","translit":"hoûtos","definition":"[οὗτος] , including nominative masculine plural      οὗτοι, nominative feminine singular      αὕτη, and nominative feminine plural      αὕταιfrom the article {{g3588}} and {{g846}}; the he (she or it), i.e. this or that (often with article repeated)","strongs_number":"g3778"},"g3779":{"pronunciation":"hoo'-to","unicode":"οὕτω","translit":"hoútō","definition":"[οὕτω] , or (before a vowel      οὕτωςadverb from {{g3778}}; in this way (referring to what precedes or follows)","strongs_number":"g3779"},"g3780":{"pronunciation":"oo-khee'","unicode":"οὐχί","translit":"ouchí","definition":"[οὐχί] intensive of {{g3756}}; not indeed","strongs_number":"g3780"},"g3781":{"pronunciation":"of-i-let'-ace","unicode":"ὀφειλέτης","translit":"opheilétēs","definition":"[ὀφειλέτης] from {{g3784}}; an ower, i.e. person indebted; figuratively, a delinquent; morally, a transgressor (against God)","strongs_number":"g3781"},"g3782":{"pronunciation":"of-i-lay'","unicode":"ὀφειλή","translit":"opheilḗ","definition":"[ὀφειλή] from {{g3784}}; indebtedness, i.e. (concretely) a sum owed; figuratively, obligation, i.e. (conjugal) duty","strongs_number":"g3782"},"g3783":{"pronunciation":"of-i'-lay-mah","unicode":"ὀφείλημα","translit":"opheílēma","definition":"[ὀφείλημα] from (the alternate of) {{g3784}}; something owed, i.e. (figuratively) a due; morally, a fault","strongs_number":"g3783"},"g3784":{"pronunciation":"of-i'-lo","unicode":"ὀφείλω","translit":"opheílō","definition":"[ὀφείλω] , or (in certain tenses), its prolonged form      ὀφειλέωprobably from the base of {{g3786}} (through the idea of accruing); to owe (pecuniarily); figuratively, to be under obligation (ought, must, should); morally, to fail in duty See also {{g3785}}.","strongs_number":"g3784"},"g3785":{"pronunciation":"of'-el-on","unicode":"ὄφελον","translit":"óphelon","definition":"[ὄφελον] first person singular of a past tense of {{g3784}}; I ought (wish), i.e. (interjection) oh that!","strongs_number":"g3785"},"g3786":{"pronunciation":"of'-el-os","unicode":"ὄφελος","translit":"óphelos","definition":"[ὄφελος] from ὀφέλλω (to heap up, i.e. accumulate or benefit); gain","strongs_number":"g3786"},"g3787":{"pronunciation":"of-thal-mod-oo-li'-ah","unicode":"ὀφθαλμοδουλεία","translit":"ophthalmodouleía","definition":"[ὀφθαλμοδουλεία] from {{g3788}} and {{g1397}}; sight-labor, i.e. that needs watching (remissness)","strongs_number":"g3787"},"g3788":{"pronunciation":"of-thal-mos'","unicode":"ὀφθαλμός","translit":"ophthalmós","definition":"[ὀφθαλμός] from {{g3700}}; the eye (literally or figuratively); by implication, vision; figuratively, envy (from the jealous side-glance)","strongs_number":"g3788"},"g3789":{"pronunciation":"of'-is","unicode":"ὄφις","translit":"óphis","definition":"[ὄφις] probably from {{g3700}} (through the idea of sharpness of vision); a snake, figuratively, (as a type of sly cunning) an artful malicious person, especially Satan","strongs_number":"g3789"},"g3790":{"pronunciation":"of-roos'","unicode":"ὀφρῦς","translit":"ophrŷs","definition":"[ὀφρῦς] perhaps from {{g3700}} (through the idea of the shading or proximity to the organ of vision); the eye-\"brow\" or forehead, i.e. (figuratively) the brink of a precipice","strongs_number":"g3790"},"g3791":{"pronunciation":"okh-leh'-o","unicode":"ὀχλέω","translit":"ochléō","definition":"[ὀχλέω] from {{g3793}}; to mob, i.e. (by implication) to harass","strongs_number":"g3791"},"g3792":{"pronunciation":"okh-lop-oy-eh'-o","unicode":"ὀχλοποιέω","translit":"ochlopoiéō","definition":"[ὀχλοποιέω] from {{g3793}} and {{g4160}}; to make a crowd, i.e. raise a public disturbance","strongs_number":"g3792"},"g3793":{"pronunciation":"okh'los","unicode":"ὄχλος","translit":"óchlos","definition":"[ὄχλος] from a derivative of {{g2192}} (meaning a vehicle); a throng (as borne along); by implication, the rabble; by extension, a class of people; figuratively, a riot","strongs_number":"g3793"},"g3794":{"pronunciation":"okh-oo'-ro-mah","unicode":"ὀχύρωμα","translit":"ochýrōma","definition":"[ὀχύρωμα] from a remote derivative of {{g2192}} (meaning to fortify, through the idea of holding safely); a castle (figuratively, argument)","strongs_number":"g3794"},"g3795":{"pronunciation":"op-sar'-ee-on","unicode":"ὀψάριον","translit":"opsárion","definition":"[ὀψάριον] neuter of a presumed derivative of the base of {{g3702}}; a relish to other food (as if cooked sauce), i.e. (specially), fish (presumably salted and dried as a condiment)","strongs_number":"g3795"},"g3796":{"pronunciation":"op-seh'","unicode":"ὀψέ","translit":"opsé","definition":"[ὀψέ] from the same as {{g3694}} (through the idea of backwardness); (adverbially) late in the day; by extension, after the close of the day","strongs_number":"g3796"},"g3797":{"pronunciation":"op'-sim-os","unicode":"ὄψιμος","translit":"ópsimos","definition":"[ὄψιμος] from {{g3796}}; later, i.e. vernal (showering)","strongs_number":"g3797"},"g3798":{"pronunciation":"op'-see-os","unicode":"ὄψιος","translit":"ópsios","definition":"[ὄψιος] from {{g3796}}; late; feminine (as noun) afternoon (early eve) or nightfall (later eve)","strongs_number":"g3798"},"g3799":{"pronunciation":"op'-sis","unicode":"ὄψις","translit":"ópsis","definition":"[ὄψις] from {{g3700}}; properly, sight (the act), i.e. (by implication) the visage, an external show","strongs_number":"g3799"},"g3800":{"pronunciation":"op-so'-nee-on","unicode":"ὀψώνιον","translit":"opsṓnion","definition":"[ὀψώνιον] neuter of a presumed derivative of the same as {{g3795}}; rations for a soldier, i.e. (by extension) his stipend or pay","strongs_number":"g3800"}}