{"g3901":{"pronunciation":"par-ar-hroo-eh'-o","unicode":"παραῤῥυέω","translit":"pararrhyéō","definition":"[παραῤῥυέω] from {{g3844}} and the alternate of {{g4482}}; to flow by, i.e. (figuratively) carelessly pass (miss)","strongs_number":"g3901"},"g3902":{"pronunciation":"par-as'-ay-mos","unicode":"παράσημος","translit":"parásēmos","definition":"[παράσημος] from {{g3844}} and the base of {{g4591}}; side-marked, i.e. labelled (with a badge (figure-head) of a ship)","strongs_number":"g3902"},"g3903":{"pronunciation":"par-ask-yoo-ad'-zo","unicode":"παρασκευάζω","translit":"paraskeuázō","definition":"[παρασκευάζω] from {{g3844}} and a derivative of {{g4632}}; to furnish aside, i.e. get ready","strongs_number":"g3903"},"g3904":{"pronunciation":"par-ask-yoo-ay'","unicode":"παρασκευή","translit":"paraskeuḗ","definition":"[παρασκευή] as if from {{g3903}}; readiness","strongs_number":"g3904"},"g3905":{"pronunciation":"par-at-i'-no","unicode":"παρατείνω","translit":"parateínō","definition":"[παρατείνω] from {{g3844}} and teino (to stretch); to extend along, i.e. prolong (in point of time)","strongs_number":"g3905"},"g3906":{"pronunciation":"par-at-ay-reh'-o","unicode":"παρατηρέω","translit":"paratēréō","definition":"[παρατηρέω] from {{g3844}} and {{g5083}}; to inspect alongside, i.e. note insidiously or scrupulously","strongs_number":"g3906"},"g3907":{"pronunciation":"par-at-ay'-ray-sis","unicode":"παρατήρησις","translit":"paratḗrēsis","definition":"[παρατήρησις] from {{g3906}}; inspection, i.e. ocular evidence","strongs_number":"g3907"},"g3908":{"pronunciation":"par-at-ith'-ay-mee","unicode":"παρατίθημι","translit":"paratíthēmi","definition":"[παρατίθημι] from {{g3844}} and {{g5087}}; to place alongside, i.e. present (food, truth); by implication, to deposit (as a trust or for protection)","strongs_number":"g3908"},"g3909":{"pronunciation":"par-at-oong-khan'-o","unicode":"παρατυγχάνω","translit":"paratynchánō","definition":"[παρατυγχάνω] from {{g3844}} and {{g5177}}; to chance near, i.e. fall in with","strongs_number":"g3909"},"g3910":{"pronunciation":"par-ow-tee'-kah","unicode":"παραυτίκα","translit":"parautíka","definition":"[παραυτίκα] from {{g3844}} and a derivative of {{g846}}; at the very instant, i.e. momentary","strongs_number":"g3910"},"g3911":{"pronunciation":"par-af-er'-o","unicode":"παραφέρω","translit":"paraphérō","definition":"[παραφέρω] from {{g3844}} and {{g5342}} (including its alternate forms); to bear along or aside, i.e. carry off (literally or figuratively); by implication, to avert","strongs_number":"g3911"},"g3912":{"pronunciation":"par-af-ron-eh'-o","unicode":"παραφρονέω","translit":"paraphronéō","definition":"[παραφρονέω] from {{g3844}} and {{g5426}}; to misthink, i.e. be insane (silly)","strongs_number":"g3912"},"g3913":{"pronunciation":"par-af-ron-ee'-ah","unicode":"παραφρονία","translit":"paraphronía","definition":"[παραφρονία] from {{g3912}}; insanity, i.e. foolhardiness","strongs_number":"g3913"},"g3914":{"pronunciation":"par-akh-i-mad'-zo","unicode":"παραχειμάζω","translit":"paracheimázō","definition":"[παραχειμάζω] from {{g3844}} and {{g5492}}; to winter near, i.e. stay with over the rainy season","strongs_number":"g3914"},"g3915":{"pronunciation":"par-akh-i-mas-ee'-ah","unicode":"παραχειμασία","translit":"paracheimasía","definition":"[παραχειμασία] from {{g3914}}; a wintering over","strongs_number":"g3915"},"g3916":{"pronunciation":"par-akh-ray'-mah","unicode":"παραχρῆμα","translit":"parachrēma","definition":"[παραχρῆμα] from {{g3844}} and {{g5536}} (in its original sense); at the thing itself, i.e. instantly","strongs_number":"g3916"},"g3917":{"pronunciation":"par'-dal-is","unicode":"πάρδαλις","translit":"párdalis","definition":"[πάρδαλις] feminine of πάρδος (a panther); a leopard","strongs_number":"g3917"},"g3918":{"pronunciation":"par'-i-mee","unicode":"πάρειμι","translit":"páreimi","definition":"[πάρειμι] from {{g3844}} and {{g1510}} (including its various forms); to be near, i.e. at hand; neuter present participle (singular) time being, or (plural) property","strongs_number":"g3918"},"g3919":{"pronunciation":"par-ice-ag'-o","unicode":"παρεισάγω","translit":"pareiságō","definition":"[παρεισάγω] from {{g3844}} and {{g1521}}; to lead in aside, i.e. introduce surreptitiously","strongs_number":"g3919"},"g3920":{"pronunciation":"par-ice'-ak-tos","unicode":"παρείσακτος","translit":"pareísaktos","definition":"[παρείσακτος] from {{g3919}}; smuggled in","strongs_number":"g3920"},"g3921":{"pronunciation":"par-ice-doo'-no","unicode":"παρεισδύνω","translit":"pareisdýnō","definition":"[παρεισδύνω] from {{g3844}} and a compound of {{g1519}} and {{g1416}}; to settle in alongside, i.e. lodge stealthily","strongs_number":"g3921"},"g3922":{"pronunciation":"par-ice-er'-khom-ahee","unicode":"παρεισέρχομαι","translit":"pareisérchomai","definition":"[παρεισέρχομαι] from {{g3844}} and {{g1525}}; to come in alongside, i.e. supervene additionally or steathily","strongs_number":"g3922"},"g3923":{"pronunciation":"par-ice-fer'-o","unicode":"παρεισφέρω","translit":"pareisphérō","definition":"[παρεισφέρω] from {{g3844}} and {{g1533}}; to bear in alongside, i.e. introduce simultaneously","strongs_number":"g3923"},"g3924":{"pronunciation":"par-ek-tos'","unicode":"παρεκτός","translit":"parektós","definition":"[παρεκτός] from {{g3844}} and {{g1622}}; near outside, i.e. besides","strongs_number":"g3924"},"g3925":{"pronunciation":"par-em-bol-ay'","unicode":"παρεμβολή","translit":"parembolḗ","definition":"[παρεμβολή] from a compound of {{g3844}} and {{g1685}}; a throwing in beside (juxtaposition), i.e. (specially), battle-array, encampment or barracks (tower Antonia)","strongs_number":"g3925"},"g3926":{"pronunciation":"par-en-okh-leh'-o","unicode":"παρενοχλέω","translit":"parenochléō","definition":"[παρενοχλέω] from {{g3844}} and {{g1776}}; to harass further, i.e. annoy","strongs_number":"g3926"},"g3927":{"pronunciation":"par-ep-id'-ay-mos","unicode":"παρεπίδημος","translit":"parepídēmos","definition":"[παρεπίδημος] from {{g3844}} and the base of {{g1927}}; an alien alongside, i.e. a resident foreigner","strongs_number":"g3927"},"g3928":{"pronunciation":"par-er'-khom-ahee","unicode":"παρέρχομαι","translit":"parérchomai","definition":"[παρέρχομαι] from {{g3844}} and {{g2064}}; to come near or aside, i.e. to approach (arrive), go by (or away), (figuratively) perish or neglect, (causative) avert","strongs_number":"g3928"},"g3929":{"pronunciation":"par'-es-is","unicode":"πάρεσις","translit":"páresis","definition":"[πάρεσις] from {{g2935}}; praetermission, i.e. toleration","strongs_number":"g3929"},"g3930":{"pronunciation":"par-ekh'-o","unicode":"παρέχω","translit":"paréchō","definition":"[παρέχω] from {{g3844}} and {{g2192}}; to hold near, i.e. present, afford, exhibit, furnish occasion","strongs_number":"g3930"},"g3931":{"pronunciation":"par-ay-gor-ee'-ah","unicode":"παρηγορία","translit":"parēgoría","definition":"[παρηγορία] from a compound of {{g3844}} and a derivative of {{g58}} (meaning to harangue an assembly); an address alongside, i.e. (specially), consolation","strongs_number":"g3931"},"g3932":{"pronunciation":"par-then-ee'-ah","unicode":"παρθενία","translit":"parthenía","definition":"[παρθενία] from {{g3933}}; maidenhood","strongs_number":"g3932"},"g3933":{"pronunciation":"par-then'-os","unicode":"παρθένος","translit":"parthénos","definition":"[παρθένος] of unknown origin; a maiden; by implication, an unmarried daughter","strongs_number":"g3933"},"g3934":{"pronunciation":"par'-thos","unicode":"Πάρθος","translit":"Párthos","definition":"[Πάρθος] probably of foreign origin; a Parthian, i.e. inhabitant of Parthia","strongs_number":"g3934"},"g3935":{"pronunciation":"par-ee'-ay-mi","unicode":"παρίημι","translit":"paríēmi","definition":"[παρίημι] from {{g3844}} and hiemi (to send); to let by, i.e. relax","strongs_number":"g3935"},"g3936":{"pronunciation":"par-is'-tay-mee","unicode":"παρίστημι","translit":"parístēmi","definition":"[παρίστημι] , or prolonged      παριστάνωfrom {{g3844}} and {{g2476}}; to stand beside, i.e. (transitively) to exhibit, proffer, (specially), recommend, (figuratively) substantiate; or (intransitively) to be at hand (or ready), aid","strongs_number":"g3936"},"g3937":{"pronunciation":"par-men-as'","unicode":"Παρμενᾶς","translit":"Parmenâs","definition":"[Παρμενᾶς] probably by contraction for Παρμενίδης (a derivative of a compound of {{g3844}} and {{g3306}}); constant; Parmenas, a Christian","strongs_number":"g3937"},"g3938":{"pronunciation":"par'-od-os","unicode":"πάροδος","translit":"párodos","definition":"[πάροδος] from {{g3844}} and {{g3598}}; a by-road, i.e. (actively) a route","strongs_number":"g3938"},"g3939":{"pronunciation":"par-oy-keh'-o","unicode":"παροικέω","translit":"paroikéō","definition":"[παροικέω] from {{g3844}} and {{g3611}}; to dwell near, i.e. reside as a foreigner","strongs_number":"g3939"},"g3940":{"pronunciation":"par-oy-kee'-ah","unicode":"παροικία","translit":"paroikía","definition":"[παροικία] from {{g3941}}; foreign residence","strongs_number":"g3940"},"g3941":{"pronunciation":"par'-oy-kos","unicode":"πάροικος","translit":"pároikos","definition":"[πάροικος] from {{g3844}} and {{g3624}}; having a home near, i.e. (as noun) a by-dweller (alien resident)","strongs_number":"g3941"},"g3942":{"pronunciation":"par-oy-mee'-ah","unicode":"παροιμία","translit":"paroimía","definition":"[παροιμία] from a compound of {{g3844}} and perhaps a derivative of {{g3633}}; apparently a state alongside of supposition, i.e. (concretely) an adage; specially, an enigmatical or fictitious illustration","strongs_number":"g3942"},"g3943":{"pronunciation":"par'-oy-nos","unicode":"πάροινος","translit":"pároinos","definition":"[πάροινος] from {{g3844}} and {{g3631}}; staying near wine, i.e. tippling (a toper)","strongs_number":"g3943"},"g3944":{"pronunciation":"par-oy'-khom-ahee","unicode":"παροίχομαι","translit":"paroíchomai","definition":"[παροίχομαι] from {{g3844}} and οἴχομαι (to depart); to escape along, i.e. be gone","strongs_number":"g3944"},"g3945":{"pronunciation":"par-om-oy-ad'-zo","unicode":"παρομοιάζω","translit":"paromoiázō","definition":"[παρομοιάζω] from {{g3946}}; to resemble","strongs_number":"g3945"},"g3946":{"pronunciation":"par-om'-oy-os","unicode":"παρόμοιος","translit":"parómoios","definition":"[παρόμοιος] from {{g3844}} and {{g3664}}; alike nearly, i.e. similar","strongs_number":"g3946"},"g3947":{"pronunciation":"par-ox-oo'-no","unicode":"παροξύνω","translit":"paroxýnō","definition":"[παροξύνω] from {{g3844}} and a derivative of {{g3691}}; to sharpen alongside, i.e. (figuratively) to exasperate","strongs_number":"g3947"},"g3948":{"pronunciation":"par-ox-oos-mos'","unicode":"παροξυσμός","translit":"paroxysmós","definition":"[παροξυσμός] from {{g3947}} (\"paroxysm\"); incitement (to good), or dispute (in anger)","strongs_number":"g3948"},"g3949":{"pronunciation":"par-org-id'-zo","unicode":"παροργίζω","translit":"parorgízō","definition":"[παροργίζω] from {{g3844}} and {{g3710}}; to anger alongside, i.e. enrage","strongs_number":"g3949"},"g3950":{"pronunciation":"par-org-is-mos'","unicode":"παροργισμός","translit":"parorgismós","definition":"[παροργισμός] from {{g3949}}; rage","strongs_number":"g3950"},"g3951":{"pronunciation":"par-ot-roo'-no","unicode":"παροτρύνω","translit":"parotrýnō","definition":"[παροτρύνω] from {{g3844}} and ὀτρύνω (to spur); to urge along, i.e. stimulate (to hostility)","strongs_number":"g3951"},"g3952":{"pronunciation":"par-oo-see'-ah","unicode":"παρουσία","translit":"parousía","definition":"[παρουσία] from the present participle of {{g3918}}; a being near, i.e. advent (often, return; specially, of Christ to punish Jerusalem, or finally the wicked); (by implication) physically, aspect","strongs_number":"g3952"},"g3953":{"pronunciation":"par-op-sis'","unicode":"παροψίς","translit":"paropsís","definition":"[παροψίς] from {{g3844}} and the base of {{g3795}}; a side-dish (the receptacle)","strongs_number":"g3953"},"g3954":{"pronunciation":"par-rhay-see'-ah","unicode":"παῤῥησία","translit":"parrhēsía","definition":"[παῤῥησία] from {{g3956}} and a derivative of {{g4483}}; all out-spokenness, i.e. frankness, bluntness, publicity; by implication, assurance","strongs_number":"g3954"},"g3955":{"pronunciation":"par-hray-see-ad'-zom-ahee","unicode":"παῤῥησιάζομαι","translit":"parrhēsiázomai","definition":"[παῤῥησιάζομαι] middle voice from {{g3954}}; to be frank in utterance, or confident in spirit and demeanor","strongs_number":"g3955"},"g3956":{"pronunciation":"pas","unicode":"πᾶς","translit":"pâs","definition":"[πᾶς] including all the forms of declension; apparently a primary word; all, any, every, the whole","strongs_number":"g3956"},"g3957":{"pronunciation":"pas'-khah","unicode":"πάσχα","translit":"páscha","definition":"[πάσχα] of Chaldee origin (compare {{h6453}}); the Passover (the meal, the day, the festival or the special sacrifices connected with it)","strongs_number":"g3957"},"g3958":{"pronunciation":"pas'-kho","unicode":"πάσχω","translit":"páschō","definition":"[πάσχω] , including the forms      πάθω,  and      πένθω, used only in certain tenses for it apparently a primary verb; to experience a sensation or impression (usually painful)","strongs_number":"g3958"},"g3959":{"pronunciation":"pat'-ar-ah","unicode":"Πάταρα","translit":"Pátara","definition":"[Πάταρα] probably of foreign origin; Patara, a place in Asia Minor","strongs_number":"g3959"},"g3960":{"pronunciation":"pat-as'-so","unicode":"πατάσσω","translit":"patássō","definition":"[πατάσσω] probably prolongation from {{g3817}}; to knock (gently or with a weapon or fatally) Compare {{g5180}}.","strongs_number":"g3960"},"g3961":{"pronunciation":"pat-eh'-o","unicode":"πατέω","translit":"patéō","definition":"[πατέω] from a derivative probably of {{g3817}} (meaning a \"path\"); to trample (literally or figuratively)","strongs_number":"g3961"},"g3962":{"pronunciation":"pat-ayr'","unicode":"πατήρ","translit":"patḗr","definition":"[πατήρ] apparently a primary word; a \"father\" (literally or figuratively, near or more remote)","strongs_number":"g3962"},"g3963":{"pronunciation":"pat'-mos","unicode":"Πάτμος","translit":"Pátmos","definition":"[Πάτμος] of uncertain derivation; Patmus, an islet in the Mediterranean","strongs_number":"g3963"},"g3964":{"pronunciation":"pat-ral-o'-as","unicode":"πατραλῴας","translit":"patralṓias","definition":"[πατραλῴας] from {{g3962}} and the same as the latter part of {{g3389}}; a parricide","strongs_number":"g3964"},"g3965":{"pronunciation":"pat-ree-ah'","unicode":"πατριά","translit":"patriá","definition":"[πατριά] as if feminine of a derivative of {{g3962}}; paternal descent, i.e. (concretely) a group of families or a whole race (nation)","strongs_number":"g3965"},"g3966":{"pronunciation":"pat-ree-arkh'-ace","unicode":"πατριάρχης","translit":"patriárchēs","definition":"[πατριάρχης] from {{g3965}} and {{g757}}; a progenitor (\"patriarch\")","strongs_number":"g3966"},"g3967":{"pronunciation":"pat-ree-kos'","unicode":"πατρικός","translit":"patrikós","definition":"[πατρικός] from {{g3962}}; paternal, i.e. ancestral","strongs_number":"g3967"},"g3968":{"pronunciation":"pat-rece'","unicode":"πατρίς","translit":"patrís","definition":"[πατρίς] from {{g3902}}; a father-land, i.e. native town; (figuratively) heavenly home","strongs_number":"g3968"},"g3969":{"pronunciation":"pat-rob'-as","unicode":"Πατροβᾶς","translit":"Patrobâs","definition":"[Πατροβᾶς] perhaps a contraction for Πατρόβιος (a compound of {{g3962}} and {{g979}}); father's life; Patrobas, a Christian","strongs_number":"g3969"},"g3970":{"pronunciation":"pat-rop-ar-ad'-ot-os","unicode":"πατροπαράδοτος","translit":"patroparádotos","definition":"[πατροπαράδοτος] from {{g3962}} and a derivative of {{g3860}} (in the sense of handing over or down); traditionary","strongs_number":"g3970"},"g3971":{"pronunciation":"pat-ro'-os","unicode":"πατρῷος","translit":"patrōios","definition":"[πατρῷος] from {{g3962}}; paternal, i.e. hereditary","strongs_number":"g3971"},"g3972":{"pronunciation":"pow'-los","unicode":"Παῦλος","translit":"Paûlos","definition":"[Παῦλος] of Latin origin; (little; but remotely from a derivative of {{g3973}}, meaning the same); Paulus, the name of a Roman and of an apostle","strongs_number":"g3972"},"g3973":{"pronunciation":"pow'-o","unicode":"παύω","translit":"paúō","definition":"[παύω] a primary verb (\"pause\"); to stop (transitively or intransitively), i.e. restrain, quit, desist, come to an end","strongs_number":"g3973"},"g3974":{"pronunciation":"paf'-os","unicode":"Πάφος","translit":"Páphos","definition":"[Πάφος] of uncertain derivation; Paphus, a place in Cyprus","strongs_number":"g3974"},"g3975":{"pronunciation":"pakh-oo'-no","unicode":"παχύνω","translit":"pachýnō","definition":"[παχύνω] from a derivative of {{g4078}} (meaning thick); to thicken, i.e. (by implication) to fatten (figuratively, stupefy or render callous)","strongs_number":"g3975"},"g3976":{"pronunciation":"ped'-ay","unicode":"πέδη","translit":"pédē","definition":"[πέδη] ultimately from {{g4228}}; a shackle for the feet","strongs_number":"g3976"},"g3977":{"pronunciation":"ped-ee-nos'","unicode":"πεδινός","translit":"pedinós","definition":"[πεδινός] from a derivative of {{g4228}} (meaning the ground); level (as easy for the feet)","strongs_number":"g3977"},"g3978":{"pronunciation":"ped-zyoo'-o","unicode":"πεζεύω","translit":"pezeúō","definition":"[πεζεύω] from the same as {{g3979}}; to foot a journey, i.e. travel by land","strongs_number":"g3978"},"g3979":{"pronunciation":"ped-zay'","unicode":"πεζῇ","translit":"pezēi","definition":"[πεζῇ] dative case feminine of a derivative of {{g4228}} (as adverb); foot-wise, i.e. by walking","strongs_number":"g3979"},"g3980":{"pronunciation":"pi-tharkh-eh'-o","unicode":"πειθαρχέω","translit":"peitharchéō","definition":"[πειθαρχέω] from a compound of {{g3982}} and {{g757}}; to be persuaded by a ruler, i.e. (genitive case) to submit to authority; by analogy, to conform to advice","strongs_number":"g3980"},"g3981":{"pronunciation":"pi-thos'","unicode":"πειθός","translit":"peithós","definition":"[πειθός] from {{g3982}}; persuasive","strongs_number":"g3981"},"g3982":{"pronunciation":"pi'-tho","unicode":"πείθω","translit":"peíthō","definition":"[πείθω] a primary verb; to convince (by argument, true or false); by analogy, to pacify or conciliate (by other fair means); reflexively or passively, to assent (to evidence or authority), to rely (by inward certainty)","strongs_number":"g3982"},"g3983":{"pronunciation":"pi-nah'-o","unicode":"πεινάω","translit":"peináō","definition":"[πεινάω] from the same as {{g3993}} (through the idea of pinching toil; \"pine\"); to famish (absolutely or comparatively); figuratively, to crave","strongs_number":"g3983"},"g3984":{"pronunciation":"pi'-rah","unicode":"πεῖρα","translit":"peîra","definition":"[πεῖρα] from the base of {{g4008}} (through the idea of piercing); a test, i.e. attempt, experience","strongs_number":"g3984"},"g3985":{"pronunciation":"pi-rad'-zo","unicode":"πειράζω","translit":"peirázō","definition":"[πειράζω] from {{g3984}}; to test (objectively), i.e. endeavor, scrutinize, entice, discipline","strongs_number":"g3985"},"g3986":{"pronunciation":"pi-ras-mos'","unicode":"πειρασμός","translit":"peirasmós","definition":"[πειρασμός] from {{g3985}}; a putting to proof (by experiment (of good), experience (of evil), solicitation, discipline or provocation); by implication, adversity","strongs_number":"g3986"},"g3987":{"pronunciation":"pi-rah'-o","unicode":"πειράω","translit":"peiráō","definition":"[πειράω] from {{g3984}}; to test (subjectively), i.e. (reflexively) to attempt","strongs_number":"g3987"},"g3988":{"pronunciation":"pice-mon-ay'","unicode":"πεισμονή","translit":"peismonḗ","definition":"[πεισμονή] from a presumed derivative of {{g3982}}; persuadableness, i.e. credulity","strongs_number":"g3988"},"g3989":{"pronunciation":"pel'-ag-os","unicode":"πέλαγος","translit":"pélagos","definition":"[πέλαγος] of uncertain affinity; deep or open sea, i.e. the main","strongs_number":"g3989"},"g3990":{"pronunciation":"pel-ek-id'-zo","unicode":"πελεκίζω","translit":"pelekízō","definition":"[πελεκίζω] from a derivative of {{g4141}} (meaning an axe); to chop off (the head), i.e. truncate","strongs_number":"g3990"},"g3991":{"pronunciation":"pemp'-tos","unicode":"πέμπτος","translit":"pémptos","definition":"[πέμπτος] from {{g4002}}; fifth","strongs_number":"g3991"},"g3992":{"pronunciation":"pem'-po","unicode":"πέμπω","translit":"pémpō","definition":"[πέμπω] apparently a primary verb; to dispatch (from the subjective view or point of departure, whereas ἵημι (as a stronger form of εἶμι) refers rather to the objective point or , and {{g4724}} denotes properly, the orderly motion involved), especially on a temporary errand; also to transmit, bestow, or wield","strongs_number":"g3992"},"g3993":{"pronunciation":"pen'-ace","unicode":"πένης","translit":"pénēs","definition":"[πένης] from a primary πένω (to toil for daily subsistence); starving, i.e. indigent Compare {{g4434}}.","strongs_number":"g3993"},"g3994":{"pronunciation":"pen-ther-ah'","unicode":"πενθερά","translit":"pentherá","definition":"[πενθερά] feminine of {{g3995}}; a wife's mother","strongs_number":"g3994"},"g3995":{"pronunciation":"pen-ther-os'","unicode":"πενθερός","translit":"pentherós","definition":"[πενθερός] of uncertain affinity; a wife's father","strongs_number":"g3995"},"g3996":{"pronunciation":"pen-theh'-o","unicode":"πενθέω","translit":"penthéō","definition":"[πενθέω] from {{g3997}}; to grieve (the feeling or the act)","strongs_number":"g3996"},"g3997":{"pronunciation":"pen'-thos","unicode":"πένθος","translit":"pénthos","definition":"[πένθος] strengthened from the alternate of {{g3958}}; grief","strongs_number":"g3997"},"g3998":{"pronunciation":"pen-tikh-ros'","unicode":"πενιχρός","translit":"penichrós","definition":"[πενιχρός] prolongation from the base of {{g3993}}; necessitous","strongs_number":"g3998"},"g3999":{"pronunciation":"pen-tak-ece'","unicode":"πεντάκις","translit":"pentákis","definition":"[πεντάκις] multiplicative adverb from {{g4002}}; five times","strongs_number":"g3999"},"g4000":{"pronunciation":"pen-tak-is-khil'-ee-oy","unicode":"πεντακισχίλιοι","translit":"pentakischílioi","definition":"[πεντακισχίλιοι] from {{g3999}} and {{g5507}}; five times a thousand","strongs_number":"g4000"}}