{"g401":{"pronunciation":"an-akh'-oo-sis","unicode":"ἀνάχυσις","translit":"anáchysis","definition":"[ἀνάχυσις] from a comparative of {{g303}} and χέω (to pour); properly, effusion, i.e. (figuratively) license","strongs_number":"g401"},"g402":{"pronunciation":"an-akh-o-reh'-o","unicode":"ἀναχωρέω","translit":"anachōréō","definition":"[ἀναχωρέω] from {{g303}} and {{g5562}}; to retire","strongs_number":"g402"},"g403":{"pronunciation":"an-aps'-ook-sis","unicode":"ἀνάψυξις","translit":"anápsyxis","definition":"[ἀνάψυξις] from {{g404}}; properly, a recovery of breath, i.e. (figuratively) revival","strongs_number":"g403"},"g404":{"pronunciation":"an-aps-oo'-kho","unicode":"ἀναψύχω","translit":"anapsýchō","definition":"[ἀναψύχω] from {{g303}} and {{g5594}}; properly, to cool off, i.e. (figuratively) relieve","strongs_number":"g404"},"g405":{"pronunciation":"an-drap-od-is-tace'","unicode":"ἀνδραποδιστής","translit":"andrapodistḗs","definition":"[ἀνδραποδιστής] from a derivative of a compound of {{g435}} and {{g4228}}; an enslaver (as bringing men to his feet)","strongs_number":"g405"},"g406":{"pronunciation":"an-dreh'-as","unicode":"Ἀνδρέας","translit":"Andréas","definition":"[Ἀνδρέας] from {{g435}}; manly; Andreas, an Israelite","strongs_number":"g406"},"g407":{"pronunciation":"an-drid'-zom-ahee","unicode":"ἀνδρίζομαι","translit":"andrízomai","definition":"[ἀνδρίζομαι] middle voice from {{g435}}; to act manly","strongs_number":"g407"},"g408":{"pronunciation":"an-dron'-ee-kos","unicode":"Ἀνδρόνικος","translit":"Andrónikos","definition":"[Ἀνδρόνικος] from {{g435}} and {{g3534}}; man of victory; Andronicos, an Israelite","strongs_number":"g408"},"g409":{"pronunciation":"an-drof-on'-os","unicode":"ἀνδροφόνος","translit":"androphónos","definition":"[ἀνδροφόνος] from {{g435}} and {{g5408}}; a murderer","strongs_number":"g409"},"g410":{"pronunciation":"an-eng'-klay-tos","unicode":"ἀνέγκλητος","translit":"anénklētos","definition":"[ἀνέγκλητος] from {{g1}} (as a negative particle) and a derivative of {{g1458}}; unaccused, i.e. (by implication) irreproachable","strongs_number":"g410"},"g411":{"pronunciation":"an-ek-dee-ay'-gay-tos","unicode":"ἀνεκδιήγητος","translit":"anekdiḗgētos","definition":"[ἀνεκδιήγητος] from {{g1}} (as a negative particle) and a presumed derivative of {{g1555}}; not expounded in full, i.e. indescribable","strongs_number":"g411"},"g412":{"pronunciation":"an-ek-lal'-ay-tos","unicode":"ἀνεκλάλητος","translit":"aneklálētos","definition":"[ἀνεκλάλητος] from {{g1}} (as a negative particle) and a presumed derivative of {{g1583}}; not spoken out, i.e. (by implication) unutterable","strongs_number":"g412"},"g413":{"pronunciation":"an-ek'-lipe-tos","unicode":"ἀνέκλειπτος","translit":"anékleiptos","definition":"[ἀνέκλειπτος] from {{g1}} (as a negative particle) and a presumed derivative of {{g1587}}; not left out, i.e. (by implication) inexhaustible","strongs_number":"g413"},"g414":{"pronunciation":"an-ek-tot'-er-os","unicode":"ἀνεκτότερος","translit":"anektóteros","definition":"[ἀνεκτότερος] comparative of a derivative of {{g430}}; more endurable","strongs_number":"g414"},"g415":{"pronunciation":"an-eleh-ay'-mone","unicode":"ἀνελεήμων","translit":"aneleḗmōn","definition":"[ἀνελεήμων] from {{g1}} (as a negative particle) and {{g1655}}; merciless","strongs_number":"g415"},"g416":{"pronunciation":"an-em-id'-zo","unicode":"ἀνεμίζω","translit":"anemízō","definition":"[ἀνεμίζω] from {{g417}}; to toss with the wind","strongs_number":"g416"},"g417":{"pronunciation":"an'-em-os","unicode":"ἄνεμος","translit":"ánemos","definition":"[ἄνεμος] from the base of {{g109}}; wind; (plural) by implication, (the four) quarters (of the earth)","strongs_number":"g417"},"g418":{"pronunciation":"an-en'-dek-tos","unicode":"ἀνένδεκτος","translit":"anéndektos","definition":"[ἀνένδεκτος] from {{g1}} (as a negative particle) and a derivative of the same as {{g1735}}; unadmitted, i.e. (by implication) not supposable","strongs_number":"g418"},"g419":{"pronunciation":"an-ex-er-yoo'-nay-tos","unicode":"ἀνεξερεύνητος","translit":"anexereúnētos","definition":"[ἀνεξερεύνητος] from {{g1}} (as a negative particle) and a presumed derivative of {{g1830}}; not searched out, i.e. (by implication) inscrutable","strongs_number":"g419"},"g420":{"pronunciation":"an-ex-ik'-ak-os","unicode":"ἀνεξίκακος","translit":"anexíkakos","definition":"[ἀνεξίκακος] from {{g430}} and {{g2556}}; enduring of ill, i.e. forbearing","strongs_number":"g420"},"g421":{"pronunciation":"an-ex-ikh-nee'-as-tos","unicode":"ἀνεξιχνίαστος","translit":"anexichníastos","definition":"[ἀνεξιχνίαστος] from {{g1}} (as a negative particle) and a presumed derivative of a compound of {{g1537}} and a derivative of {{g2487}}; not tracked out, i.e. (by implication) untraceable","strongs_number":"g421"},"g422":{"pronunciation":"an-ep-ah'-ee-skhoon-tos","unicode":"ἀνεπαίσχυντος","translit":"anepaíschyntos","definition":"[ἀνεπαίσχυντος] from {{g1}} (as a negative particle) and a presumed derivative of a compound of {{g1909}} and {{g153}}; not ashamed, i.e. irreprehensible: ","strongs_number":"g422"},"g423":{"pronunciation":"an-ep-eel'-ape-tos","unicode":"ἀνεπίληπτος","translit":"anepílēptos","definition":"[ἀνεπίληπτος] from {{g1}} (as a negative particle) and a derivative of {{g1949}}; not arrested, i.e. (by implication) inculpable","strongs_number":"g423"},"g424":{"pronunciation":"an-erkh'-om-ahee","unicode":"ἀνέρχομαι","translit":"anérchomai","definition":"[ἀνέρχομαι] from {{g303}} and {{g2064}}; to ascend","strongs_number":"g424"},"g425":{"pronunciation":"an'-es-is","unicode":"ἄνεσις","translit":"ánesis","definition":"[ἄνεσις] from {{g447}}; relaxation or (figuratively) relief","strongs_number":"g425"},"g426":{"pronunciation":"an-et-ad'-zo","unicode":"ἀνετάζω","translit":"anetázō","definition":"[ἀνετάζω] from {{g303}} and ἐτάζω (to test); to investigate (judicially)","strongs_number":"g426"},"g427":{"pronunciation":"an'-yoo","unicode":"ἄνευ","translit":"áneu","definition":"[ἄνευ] a primary particle; without Compare {{g1}}.","strongs_number":"g427"},"g428":{"pronunciation":"an-yoo'-the-tos","unicode":"ἀνεύθετος","translit":"aneúthetos","definition":"[ἀνεύθετος] from {{g1}} (as a negative particle) and {{g2111}}; not well set, i.e. inconvenient","strongs_number":"g428"},"g429":{"pronunciation":"an-yoo-ris'-ko","unicode":"ἀνευρίσκω","translit":"aneurískō","definition":"[ἀνευρίσκω] from {{g303}} and {{g2147}}; to find out","strongs_number":"g429"},"g430":{"pronunciation":"an-ekh'-om-ahee","unicode":"ἀνέχομαι","translit":"anéchomai","definition":"[ἀνέχομαι] middle voice from {{g303}} and {{g2192}}; to hold oneself up against, i.e. (figuratively) put up with","strongs_number":"g430"},"g431":{"pronunciation":"an-eps'-ee-os","unicode":"ἀνεψιός","translit":"anepsiós","definition":"[ἀνεψιός] from {{g1}} (as a particle of union) and an obsolete νέπος (a brood); properly, akin, i.e. (specially) a cousin","strongs_number":"g431"},"g432":{"pronunciation":"an'-ay-thon","unicode":"ἄνηθον","translit":"ánēthon","definition":"[ἄνηθον] probably of foreign origin; dill","strongs_number":"g432"},"g433":{"pronunciation":"an-ay'-ko","unicode":"ἀνήκω","translit":"anḗkō","definition":"[ἀνήκω] from {{g303}} and {{g2240}}; to attain to, i.e. (figuratively) be proper","strongs_number":"g433"},"g434":{"pronunciation":"an-ay'-mer-os","unicode":"ἀνήμερος","translit":"anḗmeros","definition":"[ἀνήμερος] from {{g1}} (as a negative particle) and ἥμερος (lame); savage","strongs_number":"g434"},"g435":{"pronunciation":"an'-ayr","unicode":"ἀνήρ","translit":"anḗr","definition":"[ἀνήρ] a primary word (compare {{g444}}); a man (properly as an individual male)","strongs_number":"g435"},"g436":{"pronunciation":"anth-is'-tay-mee","unicode":"ἀνθίστημι","translit":"anthístēmi","definition":"[ἀνθίστημι] from {{g473}} and {{g2476}}; to stand against, i.e. oppose","strongs_number":"g436"},"g437":{"pronunciation":"anth-om-ol-og-eh'-om-ahee","unicode":"ἀνθομολογέομαι","translit":"anthomologéomai","definition":"[ἀνθομολογέομαι] from {{g473}} and the middle voice of {{g3670}}; to confess in turn, i.e. respond in praise","strongs_number":"g437"},"g438":{"pronunciation":"anth'-os","unicode":"ἄνθος","translit":"ánthos","definition":"[ἄνθος] a primary word; a blossom","strongs_number":"g438"},"g439":{"pronunciation":"anth-rak-ee-ah'","unicode":"ἀνθρακιά","translit":"anthrakiá","definition":"[ἀνθρακιά] from {{g440}}; a bed of burning coals","strongs_number":"g439"},"g440":{"pronunciation":"anth'-rax","unicode":"ἄνθραξ","translit":"ánthrax","definition":"[ἄνθραξ] of uncertain derivation; a live coal","strongs_number":"g440"},"g441":{"pronunciation":"anth-ro-par'-es-kos","unicode":"ἀνθρωπάρεσκος","translit":"anthrōpáreskos","definition":"[ἀνθρωπάρεσκος] from {{g444}} and {{g700}}; man-courting, i.e. fawning","strongs_number":"g441"},"g442":{"pronunciation":"anth-ro'-pee-nos","unicode":"ἀνθρώπινος","translit":"anthrṓpinos","definition":"[ἀνθρώπινος] from {{g444}}; human","strongs_number":"g442"},"g443":{"pronunciation":"anth-ro-pok-ton'-os","unicode":"ἀνθρωποκτόνος","translit":"anthrōpoktónos","definition":"[ἀνθρωποκτόνος] from {{g444}} and κτείνω(to kill); a manslayer Compare {{g5406}}.","strongs_number":"g443"},"g444":{"pronunciation":"anth'-ro-pos","unicode":"ἄνθρωπος","translit":"ánthrōpos","definition":"[ἄνθρωπος] from {{g435}} and ὤψ (the countenance; from {{g3700}}); man-faced, i.e. a human being","strongs_number":"g444"},"g445":{"pronunciation":"anth-oo-pat-yoo'-o","unicode":"ἀνθυπατεύω","translit":"anthypateúō","definition":"[ἀνθυπατεύω] from {{g446}}; to act as proconsul","strongs_number":"g445"},"g446":{"pronunciation":"anth-oo'-pat-os","unicode":"ἀνθύπατος","translit":"anthýpatos","definition":"[ἀνθύπατος] from {{g473}} and a superlative of {{g5228}}; instead of the highest officer, i.e. (specially) a Roman proconsul","strongs_number":"g446"},"g447":{"pronunciation":"an-ee'-ay-mee","unicode":"ἀνίημι","translit":"aníēmi","definition":"[ἀνίημι] from {{g303}} and ἵημι (to send); to let up, i.e. (literally) slacken or (figuratively) desert, desist from","strongs_number":"g447"},"g448":{"pronunciation":"an-ee'-leh-oce","unicode":"ἀνίλεως","translit":"aníleōs","definition":"[ἀνίλεως] from {{g1}} (as a negative particle) and {{g2436}}; inexorable","strongs_number":"g448"},"g449":{"pronunciation":"an'-ip-tos","unicode":"ἄνιπτος","translit":"ániptos","definition":"[ἄνιπτος] from {{g1}} (as a negative particle) and a presumed derivative of {{g3538}}; without ablution","strongs_number":"g449"},"g450":{"pronunciation":"an-is'-tay-mee","unicode":"ἀνίστημι","translit":"anístēmi","definition":"[ἀνίστημι] from {{g303}} and {{g2476}}; to stand up (literal or figurative, transitive or intransitive)","strongs_number":"g450"},"g451":{"pronunciation":"an'-nah","unicode":"Ἄννα","translit":"Ánna","definition":"[Ἄννα] of Hebrew origin ({{h2584}}); Anna, an Israelitess","strongs_number":"g451"},"g452":{"pronunciation":"an'-nas","unicode":"Ἄννας","translit":"Ánnas","definition":"[Ἄννας] of Hebrew origin ({{h2608}}); Annas (i.e. {{g367}}), an Israelite","strongs_number":"g452"},"g453":{"pronunciation":"an-o'-ay-tos","unicode":"ἀνόητος","translit":"anóētos","definition":"[ἀνόητος] from {{g1}} (as a negative particle) and a derivative of {{g3539}}; unintelligent; by implication, sensual","strongs_number":"g453"},"g454":{"pronunciation":"an'-oy-ah","unicode":"ἄνοια","translit":"ánoia","definition":"[ἄνοια] from a compound of {{g1}} (as a negative particle) and {{g3563}}; stupidity; by implication, rage","strongs_number":"g454"},"g455":{"pronunciation":"an-oy'-go","unicode":"ἀνοίγω","translit":"anoígō","definition":"[ἀνοίγω] from {{g303}} and οἴγω (to open); to open up (literally or figuratively, in various applications)","strongs_number":"g455"},"g456":{"pronunciation":"an-oy-kod-om-eh'-o","unicode":"ἀνοικοδομέω","translit":"anoikodoméō","definition":"[ἀνοικοδομέω] from {{g303}} and {{g3618}}; to rebuild","strongs_number":"g456"},"g457":{"pronunciation":"an'-oix-is","unicode":"ἄνοιξις","translit":"ánoixis","definition":"[ἄνοιξις] from {{g455}}; opening (throat)","strongs_number":"g457"},"g458":{"pronunciation":"an-om-ee'-ah","unicode":"ἀνομία","translit":"anomía","definition":"[ἀνομία] from {{g459}}; illegality, i.e. violation of law or (genitive case) wickedness","strongs_number":"g458"},"g459":{"pronunciation":"an'-om-os","unicode":"ἄνομος","translit":"ánomos","definition":"[ἄνομος] from {{g1}} (as a negative particle) and {{g3551}}; lawless, i.e. (negatively) not subject to (the Jewish) law; (by implication, a Gentile), or (positively) wicked","strongs_number":"g459"},"g460":{"pronunciation":"an-om'-oce","unicode":"ἀνόμως","translit":"anómōs","definition":"[ἀνόμως] adverb from {{g459}}; lawlessly, i.e. (specially) not amenable to (the Jewish) law","strongs_number":"g460"},"g461":{"pronunciation":"an-orth-o'-o","unicode":"ἀνορθόω","translit":"anorthóō","definition":"[ἀνορθόω] from {{g303}} and a derivative of the base of {{g3717}}; to straighten up","strongs_number":"g461"},"g462":{"pronunciation":"an-os'-ee-os","unicode":"ἀνόσιος","translit":"anósios","definition":"[ἀνόσιος] from {{g1}} (as a negative particle) and {{g3741}}; wicked","strongs_number":"g462"},"g463":{"pronunciation":"an-okh-ay'","unicode":"ἀνοχή","translit":"anochḗ","definition":"[ἀνοχή] from {{g430}}; self-restraint, i.e. tolerance","strongs_number":"g463"},"g464":{"pronunciation":"an-tag-o-nid'-zom-ahee","unicode":"ἀνταγωνίζομαι","translit":"antagōnízomai","definition":"[ἀνταγωνίζομαι] from {{g473}} and {{g75}}; to struggle against (figuratively) (\"antagonize\")","strongs_number":"g464"},"g465":{"pronunciation":"an-tal'-ag-mah","unicode":"ἀντάλλαγμα","translit":"antállagma","definition":"[ἀντάλλαγμα] from a compound of {{g473}} and {{g236}}; an equivalent or ransom","strongs_number":"g465"},"g466":{"pronunciation":"an-tan-ap-lay-ro'-o","unicode":"ἀνταναπληρόω","translit":"antanaplēróō","definition":"[ἀνταναπληρόω] from {{g473}} and {{g378}}; to supplement","strongs_number":"g466"},"g467":{"pronunciation":"an-tap-od-ee'-do-mee","unicode":"ἀνταποδίδωμι","translit":"antapodídōmi","definition":"[ἀνταποδίδωμι] from {{g473}} and {{g591}}; to requite (good or evil)","strongs_number":"g467"},"g468":{"pronunciation":"an-tap-od'-om-ah","unicode":"ἀνταπόδομα","translit":"antapódoma","definition":"[ἀνταπόδομα] from {{g467}}; a requital (properly, the thing)","strongs_number":"g468"},"g469":{"pronunciation":"an-tap-od'-os-is","unicode":"ἀνταπόδοσις","translit":"antapódosis","definition":"[ἀνταπόδοσις] from {{g467}}; requital (properly, the act)","strongs_number":"g469"},"g470":{"pronunciation":"an-tap-ok-ree'-nom-ahee","unicode":"ἀνταποκρίνομαι","translit":"antapokrínomai","definition":"[ἀνταποκρίνομαι] from {{g473}} and {{g611}}; to contradict or dispute","strongs_number":"g470"},"g471":{"pronunciation":"an-tep'-o","unicode":"ἀντέπω","translit":"antépō","definition":"[ἀντέπω] from {{g473}} and {{g2036}}; to refute or deny","strongs_number":"g471"},"g472":{"pronunciation":"an-tekh'-om-ahee","unicode":"ἀντέχομαι","translit":"antéchomai","definition":"[ἀντέχομαι] from {{g473}} and the middle voice of {{g2192}}; to hold oneself opposite to, i.e. (by implication) adhere to; by extension to care for","strongs_number":"g472"},"g473":{"pronunciation":"an-tee'","unicode":"ἀντί","translit":"antí","definition":"[ἀντί] a primary particle; opposite, i.e. instead or because of (rarely in addition to) Often used in composition to denote contrast, requital, substitution, correspondence, etc.","strongs_number":"g473"},"g474":{"pronunciation":"an-tee-bal'-lo","unicode":"ἀντιβάλλω","translit":"antibállō","definition":"[ἀντιβάλλω] from {{g473}} and {{g906}}; to bandy","strongs_number":"g474"},"g475":{"pronunciation":"an-tee-dee-at-eeth'-em-ahee","unicode":"ἀντιδιατίθεμαι","translit":"antidiatíthemai","definition":"[ἀντιδιατίθεμαι] from {{g473}} and {{g1303}}; to set oneself opposite, i.e. be  disputatious","strongs_number":"g475"},"g476":{"pronunciation":"an-tid'-ee-kos","unicode":"ἀντίδικος","translit":"antídikos","definition":"[ἀντίδικος] from {{g473}} and {{g1349}}; an opponent (in a lawsuit); specially, Satan (as the arch-enemy)","strongs_number":"g476"},"g477":{"pronunciation":"an-tith'-es-is","unicode":"ἀντίθεσις","translit":"antíthesis","definition":"[ἀντίθεσις] from a compound of {{g473}} and {{g5087}}; opposition, i.e. a conflict (of theories)","strongs_number":"g477"},"g478":{"pronunciation":"an-tee-kath-is'-tay-mee","unicode":"ἀντικαθίστημι","translit":"antikathístēmi","definition":"[ἀντικαθίστημι] from {{g473}} and {{g2525}}; to set down (troops) against, i.e. withstand","strongs_number":"g478"},"g479":{"pronunciation":"an-tee-kal-eh'-o","unicode":"ἀντικαλέω","translit":"antikaléō","definition":"[ἀντικαλέω] from {{g473}} and {{g2564}}; to invite in return","strongs_number":"g479"},"g480":{"pronunciation":"an-tik'-i-mahee","unicode":"ἀντίκειμαι","translit":"antíkeimai","definition":"[ἀντίκειμαι] from {{g473}} and {{g2749}}; to lie opposite, i.e. be adverse (figuratively, repugnant) to","strongs_number":"g480"},"g481":{"pronunciation":"an-tee-kroo'","unicode":"ἀντικρύ","translit":"antikrý","definition":"[ἀντικρύ] prolonged from {{g473}}; opposite","strongs_number":"g481"},"g482":{"pronunciation":"an-tee-lam-ban'-om-ahee","unicode":"ἀντιλαμβάνομαι","translit":"antilambánomai","definition":"[ἀντιλαμβάνομαι] from {{g473}} and the middle voice of {{g2983}}; to take hold of in turn, i.e. succor; also to participate","strongs_number":"g482"},"g483":{"pronunciation":"an-til'-eg-o","unicode":"ἀντιλέγω","translit":"antilégō","definition":"[ἀντιλέγω] from {{g473}} and {{g3004}}; to dispute, refuse","strongs_number":"g483"},"g484":{"pronunciation":"an-til'-ape-sis","unicode":"ἀντίληψις","translit":"antílēpsis","definition":"[ἀντίληψις] from {{g482}}; relief","strongs_number":"g484"},"g485":{"pronunciation":"an-tee-log-ee'-ah","unicode":"ἀντιλογία","translit":"antilogía","definition":"[ἀντιλογία] from a derivative of {{g483}}; dispute, disobedience","strongs_number":"g485"},"g486":{"pronunciation":"an-tee-loy-dor-eh'-o","unicode":"ἀντιλοιδορέω","translit":"antiloidoréō","definition":"[ἀντιλοιδορέω] from {{g473}} and {{g3058}}; to rail in reply","strongs_number":"g486"},"g487":{"pronunciation":"an-til'-oo-tron","unicode":"ἀντίλυτρον","translit":"antílytron","definition":"[ἀντίλυτρον] from {{g473}} and {{g3083}}; a redemption-price","strongs_number":"g487"},"g488":{"pronunciation":"an-tee-met-reh'-o","unicode":"ἀντιμετρέω","translit":"antimetréō","definition":"[ἀντιμετρέω] from {{g473}} and {{g3354}}; to mete in return","strongs_number":"g488"},"g489":{"pronunciation":"an-tee-mis-thee'-ah","unicode":"ἀντιμισθία","translit":"antimisthía","definition":"[ἀντιμισθία] from a compound of {{g473}} and {{g3408}}; requital, correspondence","strongs_number":"g489"},"g490":{"pronunciation":"an-tee-okh'-i-ah","unicode":"Ἀντιόχεια","translit":"Antiócheia","definition":"[Ἀντιόχεια] from Ἀντίοχυς (a Syrian king); Antiochia, a place in Syria","strongs_number":"g490"},"g491":{"pronunciation":"an-tee-okh-yoos'","unicode":"Ἀντιοχεύς","translit":"Antiocheús","definition":"[Ἀντιοχεύς] from {{g490}}; an Antiochian or inhabitant of Antiochia","strongs_number":"g491"},"g492":{"pronunciation":"an-tee-par-er'-khom-ahee","unicode":"ἀντιπαρέρχομαι","translit":"antiparérchomai","definition":"[ἀντιπαρέρχομαι] from {{g473}} and {{g3928}}; to go along opposite","strongs_number":"g492"},"g493":{"pronunciation":"an-tee'-pas","unicode":"Ἀντίπας","translit":"Antípas","definition":"[Ἀντίπας] contracted for a compound of {{g473}} and a derivative of {{g3962}}; Antipas, a Christian","strongs_number":"g493"},"g494":{"pronunciation":"an-tip-at-rece'","unicode":"Ἀντιπατρίς","translit":"Antipatrís","definition":"[Ἀντιπατρίς] from the same as {{g493}}; Antipatris, a place in Palestine","strongs_number":"g494"},"g495":{"pronunciation":"an-tee-per'-an","unicode":"ἀντιπέραν","translit":"antipéran","definition":"[ἀντιπέραν] from {{g473}} and {{g4008}}; on the opposite side","strongs_number":"g495"},"g496":{"pronunciation":"an-tee-pip'-to","unicode":"ἀντιπίπτω","translit":"antipíptō","definition":"[ἀντιπίπτω] from {{g473}} and {{g4098}} (including its alternate); to oppose","strongs_number":"g496"},"g497":{"pronunciation":"an-tee-strat-yoo'-om-ahee","unicode":"ἀντιστρατεύομαι","translit":"antistrateúomai","definition":"[ἀντιστρατεύομαι] from {{g473}} and {{g4754}}; (figuratively) to attack, i.e. (by implication) destroy","strongs_number":"g497"},"g498":{"pronunciation":"an-tee-tas'-som-ahee","unicode":"ἀντιτάσσομαι","translit":"antitássomai","definition":"[ἀντιτάσσομαι] from {{g473}} and the middle voice of {{g5021}}; to range oneself against, i.e. oppose","strongs_number":"g498"},"g499":{"pronunciation":"an-teet'-oo-pon","unicode":"ἀντίτυπον","translit":"antítypon","definition":"[ἀντίτυπον] neuter of a compound of {{g473}} and {{g5179}}; corresponding (\"antitype\"), i.e. a representative, counterpart","strongs_number":"g499"},"g500":{"pronunciation":"an-tee'-khris-tos","unicode":"ἀντίχριστος","translit":"antíchristos","definition":"[ἀντίχριστος] from {{g473}} and {{g5547}}; an opponent of the Messiah","strongs_number":"g500"}}