{"g4001":{"pronunciation":"pen-tak-os'-ee-oy","unicode":"πεντακόσιοι","translit":"pentakósioi","definition":"[πεντακόσιοι] from {{g4002}} and {{g1540}}; five hundred","strongs_number":"g4001"},"g4002":{"pronunciation":"pen'-teh","unicode":"πέντε","translit":"pénte","definition":"[πέντε] a primary number; \"five\"","strongs_number":"g4002"},"g4003":{"pronunciation":"pen-tek-ahee-dek'-at-os","unicode":"πεντεκαιδέκατος","translit":"pentekaidékatos","definition":"[πεντεκαιδέκατος] from {{g4002}} and {{g2532}} and {{g1182}}; five and tenth","strongs_number":"g4003"},"g4004":{"pronunciation":"pen-tay'-kon-tah","unicode":"πεντήκοντα","translit":"pentḗkonta","definition":"[πεντήκοντα] multiplicative of {{g4002}}; fifty","strongs_number":"g4004"},"g4005":{"pronunciation":"pen-tay-kos-tay'","unicode":"πεντηκοστή","translit":"pentēkostḗ","definition":"[πεντηκοστή] feminine of the ordinal of {{g4004}}; fiftieth ({{g2250}} being implied) from Passover, i.e. the festival of \"Pentecost\"","strongs_number":"g4005"},"g4006":{"pronunciation":"pep-oy'-thay-sis","unicode":"πεποίθησις","translit":"pepoíthēsis","definition":"[πεποίθησις] from the perfect of the alternate of {{g3958}}; reliance","strongs_number":"g4006"},"g4007":{"pronunciation":"per","unicode":"περ","translit":"per","definition":"[περ] from the base of {{g4008}}; an enclitic particle significant of abundance (thoroughness), i.e. emphasis; much, very or ever","strongs_number":"g4007"},"g4008":{"pronunciation":"per'-an","unicode":"πέραν","translit":"péran","definition":"[πέραν] apparently accusative case of an obsolete derivative of πείρω (to \"pierce\"); through (as adverb or preposition), i.e. across","strongs_number":"g4008"},"g4009":{"pronunciation":"per'-as","unicode":"πέρας","translit":"péras","definition":"[πέρας] from the same as {{g4008}}; an extremity","strongs_number":"g4009"},"g4010":{"pronunciation":"per'-gam-os","unicode":"Πέργαμος","translit":"Pérgamos","definition":"[Πέργαμος] from {{g4444}}; fortified; Pergamus, a place in Asia Minor","strongs_number":"g4010"},"g4011":{"pronunciation":"perg'-ay","unicode":"Πέργη","translit":"Pérgē","definition":"[Πέργη] probably from the same as {{g4010}}; a tower; Perga, a place in Asia Minor","strongs_number":"g4011"},"g4012":{"pronunciation":"per-ee'","unicode":"περί","translit":"perí","definition":"[περί] from the base of {{g4008}}; properly, through (all over), i.e. around; figuratively with respect to; used in various applications, of place, cause or time (with the genitive case denoting the subject or occasion or superlative point; with the accusative case the locality, circuit, matter, circumstance or general period) In comparative, it retains substantially the same meaning of circuit (around), excess (beyond), or completeness (through).","strongs_number":"g4012"},"g4013":{"pronunciation":"per-ee-ag'-o","unicode":"περιάγω","translit":"periágō","definition":"[περιάγω] from {{g4012}} and {{g71}}; to take around (as a companion); reflexively, to walk around","strongs_number":"g4013"},"g4014":{"pronunciation":"per-ee-ahee-reh'-o","unicode":"περιαιρέω","translit":"periairéō","definition":"[περιαιρέω] from {{g4012}} and {{g138}} (including its alternate); to remove all around, i.e. unveil, cast off (anchor); figuratively, to expiate","strongs_number":"g4014"},"g4015":{"pronunciation":"per-ee-as-trap'-to","unicode":"περιαστράπτω","translit":"periastráptō","definition":"[περιαστράπτω] from {{g4012}} and {{g797}}; to flash all around, i.e. envelop in light","strongs_number":"g4015"},"g4016":{"pronunciation":"per-ee-bal'-lo","unicode":"περιβάλλω","translit":"peribállō","definition":"[περιβάλλω] from {{g4012}} and {{g906}}; to throw all around, i.e. invest (with a palisade or with clothing)","strongs_number":"g4016"},"g4017":{"pronunciation":"per-ee-blep'-o","unicode":"περιβλέπω","translit":"periblépō","definition":"[περιβλέπω] from {{g4012}} and {{g991}}; to look all around","strongs_number":"g4017"},"g4018":{"pronunciation":"per-ib-ol'-ah-yon","unicode":"περιβόλαιον","translit":"peribólaion","definition":"[περιβόλαιον] neuter of a presumed derivative of {{g4016}}; something thrown around one, i.e. a mantle, veil","strongs_number":"g4018"},"g4019":{"pronunciation":"per-ee-deh'-o","unicode":"περιδέω","translit":"peridéō","definition":"[περιδέω] from {{g4012}} and {{g1210}}; to bind around one, i.e. enwrap","strongs_number":"g4019"},"g4020":{"pronunciation":"per-ee-er-gad'-zom-ahee","unicode":"περιεργάζομαι","translit":"periergázomai","definition":"[περιεργάζομαι] from {{g4012}} and {{g2038}}; to work all around, i.e. bustle about (meddle)","strongs_number":"g4020"},"g4021":{"pronunciation":"per-ee'-er-gos","unicode":"περίεργος","translit":"períergos","definition":"[περίεργος] from {{g4012}} and {{g2041}}; working all around, i.e. officious (meddlesome, neuter plural magic)","strongs_number":"g4021"},"g4022":{"pronunciation":"per-ee-er'-khom-ahee","unicode":"περιέρχομαι","translit":"periérchomai","definition":"[περιέρχομαι] from {{g4012}} and {{g2064}} (including its alternate); to come all around, i.e. stroll, vacillate, veer","strongs_number":"g4022"},"g4023":{"pronunciation":"per-ee-ekh'-o","unicode":"περιέχω","translit":"periéchō","definition":"[περιέχω] from {{g4012}} and {{g2192}}; to hold all around, i.e. include, clasp (figuratively)","strongs_number":"g4023"},"g4024":{"pronunciation":"per-id-zone'-noo-mee","unicode":"περιζώννυμι","translit":"perizṓnnymi","definition":"[περιζώννυμι] from {{g4012}} and {{g2224}}; to gird all around, i.e. (middle voice or passive) to fasten on one's belt (literally or figuratively)","strongs_number":"g4024"},"g4025":{"pronunciation":"per-ith'-es-is","unicode":"περίθεσις","translit":"períthesis","definition":"[περίθεσις] from {{g4060}}; a putting all around, i.e. decorating oneself with","strongs_number":"g4025"},"g4026":{"pronunciation":"per-ee-is'-tay-mee","unicode":"περιΐστημι","translit":"periḯstēmi","definition":"[περιΐστημι] from {{g4012}} and {{g2476}}; to stand all around, i.e. (near) to be a bystander, or (aloof) to keep away from","strongs_number":"g4026"},"g4027":{"pronunciation":"per-ee-kath'-ar-mah","unicode":"περικάθαρμα","translit":"perikátharma","definition":"[περικάθαρμα] from a compound of {{g4012}} and {{g2508}}; something cleaned off all around, i.e. refuse (figuratively)","strongs_number":"g4027"},"g4028":{"pronunciation":"per-ee-kal-oop'-to","unicode":"περικαλύπτω","translit":"perikalýptō","definition":"[περικαλύπτω] from {{g4012}} and {{g2572}}; to cover all around, i.e. entirely (the face, a surface)","strongs_number":"g4028"},"g4029":{"pronunciation":"per-ik'-i-mahee","unicode":"περίκειμαι","translit":"períkeimai","definition":"[περίκειμαι] from {{g4012}} and {{g2749}}; to lie all around, i.e. inclose, encircle, hamper (literally or figuratively)","strongs_number":"g4029"},"g4030":{"pronunciation":"per-ee-kef-al-ah'-yah","unicode":"περικεφαλαία","translit":"perikephalaía","definition":"[περικεφαλαία] feminine of a compound of {{g4012}} and {{g2776}}; encirclement of the head, i.e. a helmet","strongs_number":"g4030"},"g4031":{"pronunciation":"per-ee-krat-ace'","unicode":"περικρατής","translit":"perikratḗs","definition":"[περικρατής] from {{g4012}} and {{g2904}}; strong all around, i.e. a master (manager)","strongs_number":"g4031"},"g4032":{"pronunciation":"per-ee-kroop'-to","unicode":"περικρύπτω","translit":"perikrýptō","definition":"[περικρύπτω] from {{g4012}} and {{g2928}}; to conceal all around, i.e. entirely","strongs_number":"g4032"},"g4033":{"pronunciation":"per-ee-koo-klo'-o","unicode":"περικυκλόω","translit":"perikyklóō","definition":"[περικυκλόω] from {{g4012}} and {{g2944}}; to encircle all around, i.e. blockade completely","strongs_number":"g4033"},"g4034":{"pronunciation":"per-ee-lam'-po","unicode":"περιλάμπω","translit":"perilámpō","definition":"[περιλάμπω] from {{g4012}} and {{g2989}}; to illuminate all around, i.e. invest with a halo","strongs_number":"g4034"},"g4035":{"pronunciation":"per-ee-li'-po","unicode":"περιλείπω","translit":"perileípō","definition":"[περιλείπω] from {{g4012}} and {{g3007}}; to leave all around, i.e. (passively) survive","strongs_number":"g4035"},"g4036":{"pronunciation":"per-il'-oo-pos","unicode":"περίλυπος","translit":"perílypos","definition":"[περίλυπος] from {{g4012}} and {{g3077}}; grieved all around, i.e. intensely sad","strongs_number":"g4036"},"g4037":{"pronunciation":"per-ee-men'-o","unicode":"περιμένω","translit":"periménō","definition":"[περιμένω] from {{g4012}} and {{g3306}}; to stay around, i.e. await","strongs_number":"g4037"},"g4038":{"pronunciation":"per'-ix","unicode":"πέριξ","translit":"périx","definition":"[πέριξ] adverb from {{g4012}}; all around, i.e. (as an adjective) circumjacent","strongs_number":"g4038"},"g4039":{"pronunciation":"per-ee-oy-keh'-o","unicode":"περιοικέω","translit":"perioikéō","definition":"[περιοικέω] from {{g4012}} and {{g3611}}; to reside around, i.e. be a neighbor","strongs_number":"g4039"},"g4040":{"pronunciation":"per-ee'-oy-kos","unicode":"περίοικος","translit":"períoikos","definition":"[περίοικος] from {{g4012}} and {{g3624}}; housed around, i.e. neighboring (used elliptically as a noun)","strongs_number":"g4040"},"g4041":{"pronunciation":"per-ee-oo'-see-os","unicode":"περιούσιος","translit":"perioúsios","definition":"[περιούσιος] from the present participle feminine of a compound of 4012 and {{g1510}}; being beyond usual, i.e. special (one's own)","strongs_number":"g4041"},"g4042":{"pronunciation":"per-ee-okh-ay'","unicode":"περιοχή","translit":"periochḗ","definition":"[περιοχή] from {{g4023}}; a being held around, i.e. (concretely) a passage (of Scripture, as circumscribed)","strongs_number":"g4042"},"g4043":{"pronunciation":"per-ee-pat-eh'-o","unicode":"περιπατέω","translit":"peripatéō","definition":"[περιπατέω] from {{g4012}} and {{g3961}}; to tread all around, i.e. walk at large (especially as proof of ability); figuratively, to live, deport oneself, follow (as a companion or votary)","strongs_number":"g4043"},"g4044":{"pronunciation":"per-ee-pi'-ro","unicode":"περιπείρω","translit":"peripeírō","definition":"[περιπείρω] from {{g4012}} and the base of {{g4008}}; to penetrate entirely, i.e. transfix (figuratively)","strongs_number":"g4044"},"g4045":{"pronunciation":"per-ee-pip'-to","unicode":"περιπίπτω","translit":"peripíptō","definition":"[περιπίπτω] from {{g4012}} and {{g4098}}; to fall into something that is all around, i.e. light among or upon, be surrounded with","strongs_number":"g4045"},"g4046":{"pronunciation":"per-ee-poy-eh'-om-ahee","unicode":"περιποιέομαι","translit":"peripoiéomai","definition":"[περιποιέομαι] middle voice from {{g4012}} and {{g4160}}; to make around oneself, i.e. acquire (buy)","strongs_number":"g4046"},"g4047":{"pronunciation":"per-ee-poy'-ay-sis","unicode":"περιποίησις","translit":"peripoíēsis","definition":"[περιποίησις] from {{g4046}}; acquisition (the act or the thing); by extension, preservation","strongs_number":"g4047"},"g4048":{"pronunciation":"per-ir-hrayg'-noo-mee","unicode":"περιῤῥήγνυμι","translit":"perirrhḗgnymi","definition":"[περιῤῥήγνυμι] from {{g4012}} and {{g4486}}; to tear all around, i.e. completely away","strongs_number":"g4048"},"g4049":{"pronunciation":"per-ee-spah'-o","unicode":"περισπάω","translit":"perispáō","definition":"[περισπάω] from {{g4012}} and {{g4685}}; to drag all around, i.e. (figuratively) to distract (with care)","strongs_number":"g4049"},"g4050":{"pronunciation":"per-is-si'-ah","unicode":"περισσεία","translit":"perisseía","definition":"[περισσεία] from {{g4052}}; surplusage, i.e. superabundance","strongs_number":"g4050"},"g4051":{"pronunciation":"per-is'-syoo-mah","unicode":"περίσσευμα","translit":"perísseuma","definition":"[περίσσευμα] from {{g4052}}; a surplus, or superabundance","strongs_number":"g4051"},"g4052":{"pronunciation":"per-is-syoo'-o","unicode":"περισσεύω","translit":"perisseúō","definition":"[περισσεύω] from {{g4053}}; to superabound (in quantity or quality), be in excess, be superfluous; also (transitively) to cause to superabound or excel","strongs_number":"g4052"},"g4053":{"pronunciation":"per-is-sos'","unicode":"περισσός","translit":"perissós","definition":"[περισσός] from {{g4012}} (in the sense of beyond); superabundant (in quantity) or superior (in quality); by implication, excessive; adverbially (with {{g1537}}) violently; neuter (as noun) preeminence","strongs_number":"g4053"},"g4054":{"pronunciation":"per-is-sot'-er-on","unicode":"περισσότερον","translit":"perissóteron","definition":"[περισσότερον] neuter of {{g4055}} (as adverb); in a more superabundant way","strongs_number":"g4054"},"g4055":{"pronunciation":"per-is-sot'-er-os","unicode":"περισσότερος","translit":"perissóteros","definition":"[περισσότερος] comparative of {{g4053}}; more superabundant (in number, degree or character)","strongs_number":"g4055"},"g4056":{"pronunciation":"per-is-sot-er'-oce","unicode":"περισσοτέρως","translit":"perissotérōs","definition":"[περισσοτέρως] adverb from {{g4055}}; more superabundantly","strongs_number":"g4056"},"g4057":{"pronunciation":"per-is-soce'","unicode":"περισσῶς","translit":"perissōs","definition":"[περισσῶς] adverb from {{g4053}}; superabundantly","strongs_number":"g4057"},"g4058":{"pronunciation":"per-is-ter-ah'","unicode":"περιστερά","translit":"peristerá","definition":"[περιστερά] of uncertain derivation; a pigeon","strongs_number":"g4058"},"g4059":{"pronunciation":"per-ee-tem'-no","unicode":"περιτέμνω","translit":"peritémnō","definition":"[περιτέμνω] from {{g4012}} and the base of {{g5114}}; to cut around, i.e. (specially) to circumcise","strongs_number":"g4059"},"g4060":{"pronunciation":"per-ee-tith'-ay-mee","unicode":"περιτίθημι","translit":"peritíthēmi","definition":"[περιτίθημι] from {{g4012}} and {{g5087}}; to place around; by implication, to present","strongs_number":"g4060"},"g4061":{"pronunciation":"per-it-om-ay'","unicode":"περιτομή","translit":"peritomḗ","definition":"[περιτομή] from {{g4059}}; circumcision (the rite, the condition or the people, literally or figuratively)","strongs_number":"g4061"},"g4062":{"pronunciation":"per-ee-trep'-o","unicode":"περιτρέπω","translit":"peritrépō","definition":"[περιτρέπω] from {{g4012}} and the base of {{g5157}}; to turn around, i.e. (mentally) to craze","strongs_number":"g4062"},"g4063":{"pronunciation":"per-ee-trekh'-o","unicode":"περιτρέχω","translit":"peritréchō","definition":"[περιτρέχω] from {{g4012}} and {{g5143}} (including its alternate); to run around, i.e. traverse","strongs_number":"g4063"},"g4064":{"pronunciation":"per-ee-fer'-o","unicode":"περιφέρω","translit":"periphérō","definition":"[περιφέρω] from {{g4012}} and {{g5342}}; to convey around, i.e. transport hither and thither","strongs_number":"g4064"},"g4065":{"pronunciation":"per-ee-fron-eh'-o","unicode":"περιφρονέω","translit":"periphronéō","definition":"[περιφρονέω] from {{g4012}} and {{g5426}}; to think beyond, i.e. depreciate (contemn)","strongs_number":"g4065"},"g4066":{"pronunciation":"per-ikh'-o-ros","unicode":"περίχωρος","translit":"períchōros","definition":"[περίχωρος] from {{g4012}} and {{g5561}}; around the region, i.e. circumjacent (as noun, with {{g1093}} implied vicinity)","strongs_number":"g4066"},"g4067":{"pronunciation":"per-ip'-so-mah","unicode":"περίψωμα","translit":"perípsōma","definition":"[περίψωμα] from a comparative of {{g4012}} and ψάω (to rub); something brushed all around, i.e. off-scrapings (figuratively, scum)","strongs_number":"g4067"},"g4068":{"pronunciation":"per-per-yoo'-om-ahee","unicode":"περπερεύομαι","translit":"perpereúomai","definition":"[περπερεύομαι] middle voice from πέρπερος (braggart; perhaps by reduplication of the base of {{g4008}}); to boast","strongs_number":"g4068"},"g4069":{"pronunciation":"per-sece'","unicode":"Περσίς","translit":"Persís","definition":"[Περσίς] a Persian woman; Persis, a Christian female","strongs_number":"g4069"},"g4070":{"pronunciation":"per'-oo-si","unicode":"πέρυσι","translit":"pérysi","definition":"[πέρυσι] adverb from {{g4009}}; the by-gone, i.e. (as noun) last year","strongs_number":"g4070"},"g4071":{"pronunciation":"pet-i-non'","unicode":"πετεινόν","translit":"peteinón","definition":"[πετεινόν] neuter of a derivative of {{g4072}}; a flying animal, i.e. bird","strongs_number":"g4071"},"g4072":{"pronunciation":"pet'-om-ahee","unicode":"πέτομαι","translit":"pétomai","definition":"[πέτομαι] ,    or prolongation      πετάομαι, or contracted      πτάομαιmiddle voice of a primary verb; to fly","strongs_number":"g4072"},"g4073":{"pronunciation":"pet'-ra","unicode":"πέτρα","translit":"pétra","definition":"[πέτρα] feminine of the same as {{g4074}}; a (mass of) rock (literally or figuratively)","strongs_number":"g4073"},"g4074":{"pronunciation":"pet'-ros","unicode":"Πέτρος","translit":"Pétros","definition":"[Πέτρος] apparently a primary word; a (piece of) rock (larger than {{g3037}}); as a name, Petrus, an apostle Compare {{g2786}}.","strongs_number":"g4074"},"g4075":{"pronunciation":"pet-ro'-dace","unicode":"πετρώδης","translit":"petrṓdēs","definition":"[πετρώδης] from {{g4073}} and {{g1491}}; rock-like, i.e. rocky","strongs_number":"g4075"},"g4076":{"pronunciation":"pay'-gan-on","unicode":"πήγανον","translit":"pḗganon","definition":"[πήγανον] from {{g4078}}; rue (from its thick or fleshy leaves)","strongs_number":"g4076"},"g4077":{"pronunciation":"pay-gay'","unicode":"πηγή","translit":"pēgḗ","definition":"[πηγή] probably from {{g4078}} (through the idea of gushing plumply); a fount (literally or figuratively), i.e. source or supply (of water, blood, enjoyment) (not necessarily the original spring)","strongs_number":"g4077"},"g4078":{"pronunciation":"payg'-noo-mee","unicode":"πήγνυμι","translit":"pḗgnymi","definition":"[πήγνυμι] a prolonged form of a primary verb (which in its simpler form occurs only as an alternate in certain tenses); to fix (\"peg\"), i.e. (specially) to set up (a tent)","strongs_number":"g4078"},"g4079":{"pronunciation":"pay-dal'-ee-on","unicode":"πηδάλιον","translit":"pēdálion","definition":"[πηδάλιον] neuter of a (presumed) derivative of πηδόν (the blade of an oar; from the same as {{g3976}}); a \"pedal\", i.e. helm","strongs_number":"g4079"},"g4080":{"pronunciation":"pay-lee'-kos","unicode":"πηλίκος","translit":"pēlíkos","definition":"[πηλίκος] a quantitative form (the feminine) of the base of {{g4225}}; how much (as an indefinite), i.e. in size or (figuratively) dignity","strongs_number":"g4080"},"g4081":{"pronunciation":"pay-los'","unicode":"πηλός","translit":"pēlós","definition":"[πηλός] perhaps a primary word; clay","strongs_number":"g4081"},"g4082":{"pronunciation":"pay'-rah","unicode":"πήρα","translit":"pḗra","definition":"[πήρα] of uncertain affinity; a wallet or leather pouch for food","strongs_number":"g4082"},"g4083":{"pronunciation":"pay'-khoos","unicode":"πῆχυς","translit":"pēchys","definition":"[πῆχυς] of uncertain affinity; the fore-arm, i.e. (as a measure) a cubit","strongs_number":"g4083"},"g4084":{"pronunciation":"pee-ad'-zo","unicode":"πιάζω","translit":"piázō","definition":"[πιάζω] probably another form of {{g971}}; to squeeze, i.e. seize (gently by the hand (press), or officially (arrest), or in hunting (capture)) Compare {{g4085}}.","strongs_number":"g4084"},"g4085":{"pronunciation":"pee-ed'-zo","unicode":"πιέζω","translit":"piézō","definition":"[πιέζω] another form for {{g4084}}; to pack","strongs_number":"g4085"},"g4086":{"pronunciation":"pith-an-ol-og-ee'-ah","unicode":"πιθανολογία","translit":"pithanología","definition":"[πιθανολογία] from a compound of a derivative of {{g3982}} and {{g3056}}; persuasive language","strongs_number":"g4086"},"g4087":{"pronunciation":"pik-rah'-ee-no","unicode":"πικραίνω","translit":"pikraínō","definition":"[πικραίνω] from {{g4089}}; to embitter (literally or figuratively)","strongs_number":"g4087"},"g4088":{"pronunciation":"pik-ree'-ah","unicode":"πικρία","translit":"pikría","definition":"[πικρία] from {{g4089}}; acridity (especially poison), literally or figuratively","strongs_number":"g4088"},"g4089":{"pronunciation":"pik-ros'","unicode":"πικρός","translit":"pikrós","definition":"[πικρός] perhaps from {{g4078}} (through the idea of piercing); sharp (pungent), i.e. acrid (literally or figuratively)","strongs_number":"g4089"},"g4090":{"pronunciation":"pik-roce'","unicode":"πικρῶς","translit":"pikrōs","definition":"[πικρῶς] adverb from {{g4089}}; bitterly, i.e. (figuratively) violently","strongs_number":"g4090"},"g4091":{"pronunciation":"pil-at'-os","unicode":"Πιλᾶτος","translit":"Pilâtos","definition":"[Πιλᾶτος] of Latin origin; close-pressed, i.e. firm; Pilatus, a Roman","strongs_number":"g4091"},"g4092":{"pronunciation":"pim'-pray-mee","unicode":"πίμπρημι","translit":"pímprēmi","definition":"[πίμπρημι] ; a reduplicated and prolonged form of a primary πρέω; which occurs only as an alternate in certain tenses); to fire, i.e. burn (figuratively and passively, become inflamed with fever)","strongs_number":"g4092"},"g4093":{"pronunciation":"pin-ak-id'-ee-on","unicode":"πινακίδιον","translit":"pinakídion","definition":"[πινακίδιον] diminutive of {{g4094}}; a tablet (for writing on)","strongs_number":"g4093"},"g4094":{"pronunciation":"pin'-ax","unicode":"πίναξ","translit":"pínax","definition":"[πίναξ] apparently a form of {{g4109}}; a plate","strongs_number":"g4094"},"g4095":{"pronunciation":"pee'-no","unicode":"πίνω","translit":"pínō","definition":"[πίνω] ;  a prolonged form of      πίω;  which (together with another form)      πόω; occurs only as an alternate in certain tenses;  to imbibe (literally or figuratively)","strongs_number":"g4095"},"g4096":{"pronunciation":"pee-ot'-ace","unicode":"πιότης","translit":"piótēs","definition":"[πιότης] from πίων (fat; perhaps akin to the alternate of {{g4095}} through the idea of repletion); plumpness, i.e. (by implication) richness (oiliness)","strongs_number":"g4096"},"g4097":{"pronunciation":"pip-ras'-ko","unicode":"πιπράσκω","translit":"pipráskō","definition":"[πιπράσκω] , a reduplicated and prolonged form of      πράω;     (which occurs only as an alternate in                               certain tenses) contracted from περάω (to traverse; from the base of {{g4008}}); to traffic (by travelling), i.e. dispose of as merchandise or into slavery (literally or figuratively)","strongs_number":"g4097"},"g4098":{"pronunciation":"pip'-to","unicode":"πίπτω","translit":"píptō","definition":"[πίπτω] ,  a reduplicated and contracted form of      πέτω;   (which occurs only as an alternate in certain                         tenses); probably akin to {{g4072}} through the idea of alighting; to fall (literally or figuratively)","strongs_number":"g4098"},"g4099":{"pronunciation":"pis-id-ee'-ah","unicode":"Πισιδία","translit":"Pisidía","definition":"[Πισιδία] probably of foreign origin; Pisidia, a region of Asia Minor","strongs_number":"g4099"},"g4100":{"pronunciation":"pist-yoo'-o","unicode":"πιστεύω","translit":"pisteúō","definition":"[πιστεύω] from {{g4102}}; to have faith (in, upon, or with respect to, a person or thing), i.e. credit; by implication, to entrust (especially one's spiritual well-being to Christ)","strongs_number":"g4100"}}