{"g4101":{"pronunciation":"pis-tik-os'","unicode":"πιστικός","translit":"pistikós","definition":"[πιστικός] from {{g4102}}; trustworthy, i.e. genuine (unadulterated)","strongs_number":"g4101"},"g4102":{"pronunciation":"pis'-tis","unicode":"πίστις","translit":"pístis","definition":"[πίστις] from {{g3982}}; persuasion, i.e. credence; moral conviction (of religious truth, or the truthfulness of God or a religious teacher), especially reliance upon Christ for salvation; abstractly, constancy in such profession; by extension, the system of religious (Gospel) truth itself","strongs_number":"g4102"},"g4103":{"pronunciation":"pis-tos'","unicode":"πιστός","translit":"pistós","definition":"[πιστός] from {{g3982}}; objectively, trustworthy; subjectively, trustful","strongs_number":"g4103"},"g4104":{"pronunciation":"pis-to'-o","unicode":"πιστόω","translit":"pistóō","definition":"[πιστόω] from {{g4103}}; to assure","strongs_number":"g4104"},"g4105":{"pronunciation":"plan-ah'-o","unicode":"πλανάω","translit":"planáō","definition":"[πλανάω] from {{g4106}}; to (properly, cause to) roam (from safety, truth, or virtue)","strongs_number":"g4105"},"g4106":{"pronunciation":"plan'-ay","unicode":"πλάνη","translit":"plánē","definition":"[πλάνη] feminine of {{g4108}} (as abstractly); objectively, fraudulence; subjectively, a straying from orthodoxy or piety","strongs_number":"g4106"},"g4107":{"pronunciation":"plan-ay'-tace","unicode":"πλανήτης","translit":"planḗtēs","definition":"[πλανήτης] from {{g4108}}; a rover (\"planet\"), i.e. (figuratively) an erratic teacher","strongs_number":"g4107"},"g4108":{"pronunciation":"plan'-os","unicode":"πλάνος","translit":"plános","definition":"[πλάνος] of uncertain affinity; roving (as a tramp), i.e. (by implication) an impostor or misleader; ","strongs_number":"g4108"},"g4109":{"pronunciation":"plax","unicode":"πλάξ","translit":"pláx","definition":"[πλάξ] from {{g4111}}; a moulding-board, i.e. flat surface (\"plate\", or tablet, literally or figuratively)","strongs_number":"g4109"},"g4110":{"pronunciation":"plas'-mah","unicode":"πλάσμα","translit":"plásma","definition":"[πλάσμα] from {{g4111}}; something moulded","strongs_number":"g4110"},"g4111":{"pronunciation":"plas'-so","unicode":"πλάσσω","translit":"plássō","definition":"[πλάσσω] a primary verb; to mould, i.e. shape or fabricate","strongs_number":"g4111"},"g4112":{"pronunciation":"plas-tos'","unicode":"πλαστός","translit":"plastós","definition":"[πλαστός] from {{g4111}}; moulded, i.e. (by implication) artificial or (figuratively) fictitious (false)","strongs_number":"g4112"},"g4113":{"pronunciation":"plat-i'-ah","unicode":"πλατεῖα","translit":"plateîa","definition":"[πλατεῖα] feminine of {{g4116}}; a wide \"plat\" or \"place\", i.e. open square","strongs_number":"g4113"},"g4114":{"pronunciation":"plat'-os","unicode":"πλάτος","translit":"plátos","definition":"[πλάτος] from {{g4116}}; width","strongs_number":"g4114"},"g4115":{"pronunciation":"plat-oo'-no","unicode":"πλατύνω","translit":"platýnō","definition":"[πλατύνω] from {{g4116}}; to widen (literally or figuratively)","strongs_number":"g4115"},"g4116":{"pronunciation":"plat-oos'","unicode":"πλατύς","translit":"platýs","definition":"[πλατύς] from {{g4111}}; spread out \"flat\" (\"plot\"), i.e. broad","strongs_number":"g4116"},"g4117":{"pronunciation":"pleg'-mah","unicode":"πλέγμα","translit":"plégma","definition":"[πλέγμα] from {{g4120}}; a plait (of hair)","strongs_number":"g4117"},"g4118":{"pronunciation":"plice'-tos","unicode":"πλεῖστος","translit":"pleîstos","definition":"[πλεῖστος] irregular superlative of {{g4183}}; the largest number or very large","strongs_number":"g4118"},"g4119":{"pronunciation":"pli-own","unicode":"πλείων","translit":"pleíōn","definition":"[πλείων] , or neuter      πλεῖον, or      πλέονcomparative of {{g4183}}; more in quantity, number, or quality; also (in plural) the major portion","strongs_number":"g4119"},"g4120":{"pronunciation":"plek'-o","unicode":"πλέκω","translit":"plékō","definition":"[πλέκω] a primary word; to twine or braid","strongs_number":"g4120"},"g4121":{"pronunciation":"pleh-on-ad'-zo","unicode":"πλεονάζω","translit":"pleonázō","definition":"[πλεονάζω] from {{g4119}}; to do, make or be more, i.e. increase (transitively or intransitively); by extension, to superabound","strongs_number":"g4121"},"g4122":{"pronunciation":"pleh-on-cek-teh'-o","unicode":"πλεονεκτέω","translit":"pleonektéō","definition":"[πλεονεκτέω] from {{g4123}}; to be covetous, i.e. (by implication) to over-reach","strongs_number":"g4122"},"g4123":{"pronunciation":"pleh-on-ek'-tace","unicode":"πλεονέκτης","translit":"pleonéktēs","definition":"[πλεονέκτης] from {{g4119}} and {{g2192}}; holding (desiring) more, i.e. eager for gain (avaricious, hence a defrauder)","strongs_number":"g4123"},"g4124":{"pronunciation":"pleh-on-ex-ee'-ah","unicode":"πλεονεξία","translit":"pleonexía","definition":"[πλεονεξία] from {{g4123}}; avarice, i.e. (by implication) fraudulency, extortion","strongs_number":"g4124"},"g4125":{"pronunciation":"plyoo-rah'","unicode":"πλευρά","translit":"pleurá","definition":"[πλευρά] of uncertain affinity; a rib, i.e. (by extension) side","strongs_number":"g4125"},"g4126":{"pronunciation":"pleh'-o","unicode":"πλέω","translit":"pléō","definition":"[πλέω] ,   another form for      πλεύω;  which is used as an alternate in certain                        tenses; probably a form of {{g4150}} (through the idea of plunging through the water); to pass in a vessel See also {{g4130}}.","strongs_number":"g4126"},"g4127":{"pronunciation":"play-gay'","unicode":"πληγή","translit":"plēgḗ","definition":"[πληγή] from {{g4141}}; a stroke; by implication, a wound; figuratively, a calamity","strongs_number":"g4127"},"g4128":{"pronunciation":"play'-thos","unicode":"πλῆθος","translit":"plēthos","definition":"[πλῆθος] from {{g4130}}; a fulness, i.e. a large number, throng, populace","strongs_number":"g4128"},"g4129":{"pronunciation":"play-thoo'-no","unicode":"πληθύνω","translit":"plēthýnō","definition":"[πληθύνω] from another form of {{g4128}}; to increase (transitively or intransitively)","strongs_number":"g4129"},"g4130":{"pronunciation":"play'-tho","unicode":"πλήθω","translit":"plḗthō","definition":"[πλήθω] ; a prolonged form of a primary      πλέω    (which appears only as an alternate in                          certain tenses and in the reduplicated form                          pimplemi); to \"fill\" (literally or figuratively (imbue, influence, supply)); specially, to fulfil (time)","strongs_number":"g4130"},"g4131":{"pronunciation":"plake'-tace","unicode":"πλήκτης","translit":"plḗktēs","definition":"[πλήκτης] from {{g4141}}; a smiter, i.e. pugnacious (quarrelsome)","strongs_number":"g4131"},"g4132":{"pronunciation":"plame-moo'-rah","unicode":"πλήμμυρα","translit":"plḗmmyra","definition":"[πλήμμυρα] prolonged from {{g4130}}; flood-tide, i.e. (by analogy) a freshet","strongs_number":"g4132"},"g4133":{"pronunciation":"plane","unicode":"πλήν","translit":"plḗn","definition":"[πλήν] from {{g4119}}; moreover (besides), i.e. albeit, save that, rather, yet","strongs_number":"g4133"},"g4134":{"pronunciation":"play'-race","unicode":"πλήρης","translit":"plḗrēs","definition":"[πλήρης] from {{g4130}}; replete, or covered over; by analogy, complete","strongs_number":"g4134"},"g4135":{"pronunciation":"play-rof-or-eh'-o","unicode":"πληροφορέω","translit":"plērophoréō","definition":"[πληροφορέω] from {{g4134}} and {{g5409}}; to carry out fully (in evidence), i.e. completely assure (or convince), entirely accomplish","strongs_number":"g4135"},"g4136":{"pronunciation":"play-rof-or-ee'-ah","unicode":"πληροφορία","translit":"plērophoría","definition":"[πληροφορία] from {{g4135}}; entire confidence","strongs_number":"g4136"},"g4137":{"pronunciation":"play-ro'-o","unicode":"πληρόω","translit":"plēróō","definition":"[πληρόω] from {{g4134}}; to make replete, i.e. (literally) to cram (a net), level up (a hollow), or (figuratively) to furnish (or imbue, diffuse, influence), satisfy, execute (an office), finish (a period or task), verify (or coincide with a prediction), etc.","strongs_number":"g4137"},"g4138":{"pronunciation":"play'-ro-mah","unicode":"πλήρωμα","translit":"plḗrōma","definition":"[πλήρωμα] from {{g4137}}; repletion or completion, i.e. (subjectively) what fills (as contents, supplement, copiousness, multitude), or (objectively) what is filled (as container, performance, period)","strongs_number":"g4138"},"g4139":{"pronunciation":"play-see'-on","unicode":"πλησίον","translit":"plēsíon","definition":"[πλησίον] neuter of a derivative of πέλας (near); (adverbially) close by; as noun, a neighbor, i.e. fellow (as man, countryman, Christian or friend)","strongs_number":"g4139"},"g4140":{"pronunciation":"place-mon-ay'","unicode":"πλησμονή","translit":"plēsmonḗ","definition":"[πλησμονή] from a presumed derivative of {{g4130}}; a filling up, i.e. (figuratively) gratification","strongs_number":"g4140"},"g4141":{"pronunciation":"place'-so","unicode":"πλήσσω","translit":"plḗssō","definition":"[πλήσσω] apparently another form of {{g4111}} (through the idea of flattening out); to pound, i.e. (figuratively) to inflict with (calamity) Compare {{g5180}}.","strongs_number":"g4141"},"g4142":{"pronunciation":"ploy-ar'-ee-on","unicode":"πλοιάριον","translit":"ploiárion","definition":"[πλοιάριον] neuter of a presumed derivative of {{g4143}}; a boat","strongs_number":"g4142"},"g4143":{"pronunciation":"ploy'-on","unicode":"πλοῖον","translit":"ploîon","definition":"[πλοῖον] from {{g4126}}; a sailer, i.e. vessel","strongs_number":"g4143"},"g4144":{"pronunciation":"plo'-os","unicode":"πλόος","translit":"plóos","definition":"[πλόος] from {{g4126}}; a sail, i.e. navigation","strongs_number":"g4144"},"g4145":{"pronunciation":"ploo'-see-os","unicode":"πλούσιος","translit":"ploúsios","definition":"[πλούσιος] from {{g4149}}; wealthy; figuratively, abounding with","strongs_number":"g4145"},"g4146":{"pronunciation":"ploo-see'-oce","unicode":"πλουσίως","translit":"plousíōs","definition":"[πλουσίως] adverb from {{g4145}}; copiously","strongs_number":"g4146"},"g4147":{"pronunciation":"ploo-teh'-o","unicode":"πλουτέω","translit":"ploutéō","definition":"[πλουτέω] from {{g4148}}; to be (or become) wealthy (literally or figuratively)","strongs_number":"g4147"},"g4148":{"pronunciation":"ploo-tid'-zo","unicode":"πλουτίζω","translit":"ploutízō","definition":"[πλουτίζω] from {{g4149}}; to make wealthy (figuratively)","strongs_number":"g4148"},"g4149":{"pronunciation":"ploo'-tos","unicode":"πλοῦτος","translit":"ploûtos","definition":"[πλοῦτος] from the base of {{g4130}}; wealth (as fulness), i.e. (literally) money, possessions, or (figuratively) abundance, richness, (specially), valuable bestowment","strongs_number":"g4149"},"g4150":{"pronunciation":"ploo'-no","unicode":"πλύνω","translit":"plýnō","definition":"[πλύνω] a prolonged form of an obsolete πλύω (to \"flow\"); to \"plunge\", i.e. launder clothing Compare {{g3068}}, {{g3538}}.","strongs_number":"g4150"},"g4151":{"pronunciation":"pnyoo'-mah","unicode":"πνεῦμα","translit":"pneûma","definition":"[πνεῦμα] from {{g4154}}; a current of air, i.e. breath (blast) or a breeze; by analogy or figuratively, a spirit, i.e. (human) the rational soul, (by implication) vital principle, mental disposition, etc., or (superhuman) an angel, demon, or (divine) God, Christ's spirit, the Holy Spirit Compare {{g5590}}.","strongs_number":"g4151"},"g4152":{"pronunciation":"pnyoo-mat-ik-os'","unicode":"πνευματικός","translit":"pneumatikós","definition":"[πνευματικός] from {{g4151}}; non-carnal, i.e. (humanly) ethereal (as opposed to gross), or (dæmoniacally) a spirit (concretely), or (divinely) supernatural, regenerate, religious Compare {{g5591}}.","strongs_number":"g4152"},"g4153":{"pronunciation":"pnyoo-mat-ik-oce'","unicode":"πνευματικῶς","translit":"pneumatikōs","definition":"[πνευματικῶς] adverb from {{g4152}}; non-physically, i.e. divinely, figuratively","strongs_number":"g4153"},"g4154":{"pronunciation":"pneh'-o","unicode":"πνέω","translit":"pnéō","definition":"[πνέω] a primary word; to breathe hard, i.e. breeze Compare {{g5594}}.","strongs_number":"g4154"},"g4155":{"pronunciation":"pnee'-go","unicode":"πνίγω","translit":"pnígō","definition":"[πνίγω] strengthened from {{g4154}}; to wheeze, i.e. (causative, by implication) to throttle or strangle (drown)","strongs_number":"g4155"},"g4156":{"pronunciation":"pnik-tos'","unicode":"πνικτός","translit":"pniktós","definition":"[πνικτός] from {{g4155}}; throttled, i.e. (neuter concretely) an animal choked to death (not bled)","strongs_number":"g4156"},"g4157":{"pronunciation":"pno-ay'","unicode":"πνοή","translit":"pnoḗ","definition":"[πνοή] from {{g4154}}; respiration, a breeze","strongs_number":"g4157"},"g4158":{"pronunciation":"pod-ay'-race","unicode":"ποδήρης","translit":"podḗrēs","definition":"[ποδήρης] from {{g4228}} and another element of uncertain affinity; a dress ({{g2066}} implied) reaching the ankles","strongs_number":"g4158"},"g4159":{"pronunciation":"poth'-en","unicode":"πόθεν","translit":"póthen","definition":"[πόθεν] from the base of {{g4213}} with enclitic adverb of origin; from which (as interrogative) or what (as relative) place, state, source or cause","strongs_number":"g4159"},"g4160":{"pronunciation":"poy-eh'-o","unicode":"ποιέω","translit":"poiéō","definition":"[ποιέω] apparently a prolonged form of an obsolete primary; to make or do (in a very wide application, more or less direct) Compare {{g4238}}.","strongs_number":"g4160"},"g4161":{"pronunciation":"poy'-ay-mah","unicode":"ποίημα","translit":"poíēma","definition":"[ποίημα] from {{g4160}}; a product, i.e. fabric (literally or figuratively)","strongs_number":"g4161"},"g4162":{"pronunciation":"poy'-ay-sis","unicode":"ποίησις","translit":"poíēsis","definition":"[ποίησις] from {{g4160}}; action, i.e. performance (of the law)","strongs_number":"g4162"},"g4163":{"pronunciation":"poy-ay-tace'","unicode":"ποιητής","translit":"poiētḗs","definition":"[ποιητής] from {{g4160}}; a performer; specially, a \"poet\"; ","strongs_number":"g4163"},"g4164":{"pronunciation":"poy-kee'-los","unicode":"ποικίλος","translit":"poikílos","definition":"[ποικίλος] of uncertain derivation; motley, i.e. various in character","strongs_number":"g4164"},"g4165":{"pronunciation":"poy-mah'-ee-no","unicode":"ποιμαίνω","translit":"poimaínō","definition":"[ποιμαίνω] from {{g4166}}; to tend as a shepherd of (figuratively, superviser)","strongs_number":"g4165"},"g4166":{"pronunciation":"poy-mane'","unicode":"ποιμήν","translit":"poimḗn","definition":"[ποιμήν] of uncertain affinity; a shepherd (literally or figuratively)","strongs_number":"g4166"},"g4167":{"pronunciation":"poym'-nay","unicode":"ποίμνη","translit":"poímnē","definition":"[ποίμνη] contraction from {{g4165}}; a flock (literally or figuratively)","strongs_number":"g4167"},"g4168":{"pronunciation":"poym'-nee-on","unicode":"ποίμνιον","translit":"poímnion","definition":"[ποίμνιον] neuter of a presumed derivative of {{g4167}}; a flock, i.e. (figuratively) group (of believers)","strongs_number":"g4168"},"g4169":{"pronunciation":"poy'-os","unicode":"ποῖος","translit":"poîos","definition":"[ποῖος] from the base of {{g4226}} and {{g3634}}; individualizing interrogative (of character) what sort of, or (of number) which one","strongs_number":"g4169"},"g4170":{"pronunciation":"pol-em-eh'-o","unicode":"πολεμέω","translit":"poleméō","definition":"[πολεμέω] from {{g4171}}; to be (engaged) in warfare, i.e. to battle (literally or figuratively)","strongs_number":"g4170"},"g4171":{"pronunciation":"pol'-em-os","unicode":"πόλεμος","translit":"pólemos","definition":"[πόλεμος] from πέλομαι (to bustle); warfare (literally or figuratively; a single encounter or a series)","strongs_number":"g4171"},"g4172":{"pronunciation":"pol'-is","unicode":"πόλις","translit":"pólis","definition":"[πόλις] probably from the same as {{g4171}}, or perhaps from {{g4183}}; a town (properly, with walls, of greater or less size)","strongs_number":"g4172"},"g4173":{"pronunciation":"pol-it-ar'-khace","unicode":"πολιτάρχης","translit":"politárchēs","definition":"[πολιτάρχης] from {{g4172}} and {{g757}}; a town-officer, i.e. magistrate","strongs_number":"g4173"},"g4174":{"pronunciation":"pol-ee-ti'-ah","unicode":"πολιτεία","translit":"politeía","definition":"[πολιτεία] from {{g4177}} (\"polity\"); citizenship; concretely, a community","strongs_number":"g4174"},"g4175":{"pronunciation":"pol-it'-yoo-mah","unicode":"πολίτευμα","translit":"políteuma","definition":"[πολίτευμα] from {{g4176}}; a community, i.e. (abstractly) citizenship (figuratively)","strongs_number":"g4175"},"g4176":{"pronunciation":"pol-it-yoo'-om-ahee","unicode":"πολιτεύομαι","translit":"politeúomai","definition":"[πολιτεύομαι] middle voice of a derivative of {{g4177}}; to behave as a citizen (figuratively)","strongs_number":"g4176"},"g4177":{"pronunciation":"pol-ee'-tace","unicode":"πολίτης","translit":"polítēs","definition":"[πολίτης] from {{g4172}}; a townsman","strongs_number":"g4177"},"g4178":{"pronunciation":"pol-lak'-is","unicode":"πολλάκις","translit":"pollákis","definition":"[πολλάκις] multiplicative adverb from {{g4183}}; many times, i.e. frequently","strongs_number":"g4178"},"g4179":{"pronunciation":"pol-lap-las-ee'-ohn","unicode":"πολλαπλασίων","translit":"pollaplasíōn","definition":"[πολλαπλασίων] from {{g4183}} and probably a derivative of {{g4120}}; manifold, i.e. (neuter as noun) very much more","strongs_number":"g4179"},"g4180":{"pronunciation":"pol-oo-log-ee'-ah","unicode":"πολυλογία","translit":"polylogía","definition":"[πολυλογία] from a compound of {{g4183}} and {{g3056}}; loquacity, i.e. prolixity","strongs_number":"g4180"},"g4181":{"pronunciation":"pol-oo-mer'-oce","unicode":"πολυμερῶς","translit":"polymerōs","definition":"[πολυμερῶς] adverb from a compound of {{g4183}} and {{g3313}}; in many portions, i.e. variously as to time and agency (piecemeal)","strongs_number":"g4181"},"g4182":{"pronunciation":"pol-oo-poy'-kil-os","unicode":"πολυποίκιλος","translit":"polypoíkilos","definition":"[πολυποίκιλος] from {{g4183}} and {{g4164}}; much variegated, i.e. multifarious","strongs_number":"g4182"},"g4183":{"pronunciation":"pol-oos'","unicode":"πολύς","translit":"polýs","definition":"[πολύς] including the forms from the alternate πολλός; (singular) much (in any respect) or (plural) many; neuter (singular) as adverbial, largely; neuter (plural) as adverb or noun often, mostly, largely Compare {{g4118}}, {{g4119}}.","strongs_number":"g4183"},"g4184":{"pronunciation":"pol-oo'-splankh-nos","unicode":"πολύσπλαγχνος","translit":"polýsplanchnos","definition":"[πολύσπλαγχνος] from {{g4183}} and {{g4698}} (figuratively); extremely compassionate","strongs_number":"g4184"},"g4185":{"pronunciation":"pol-oo-tel-ace'","unicode":"πολυτελής","translit":"polytelḗs","definition":"[πολυτελής] from {{g4183}} and {{g5056}}; extremely expensive","strongs_number":"g4185"},"g4186":{"pronunciation":"pol-oot'-ee-mos","unicode":"πολύτιμος","translit":"polýtimos","definition":"[πολύτιμος] from {{g4183}} and {{g5092}}; extremely valuable","strongs_number":"g4186"},"g4187":{"pronunciation":"pol-oot-rop'-oce","unicode":"πολυτρόπως","translit":"polytrópōs","definition":"[πολυτρόπως] adverb from a compound of {{g4183}} and {{g5158}}; in many ways, i.e. variously as to method or form","strongs_number":"g4187"},"g4188":{"pronunciation":"pom'-ah","unicode":"πόμα","translit":"póma","definition":"[πόμα] from the alternate of {{g4095}}; a beverage","strongs_number":"g4188"},"g4189":{"pronunciation":"pon-ay-ree'-ah","unicode":"πονηρία","translit":"ponēría","definition":"[πονηρία] from {{g4190}}; depravity, i.e. (specially), malice; plural (concretely) plots, sins","strongs_number":"g4189"},"g4190":{"pronunciation":"pon-ay-ros'","unicode":"πονηρός","translit":"ponērós","definition":"[πονηρός] from a derivative of {{g4192}}; hurtful, i.e. evil (properly, in effect or influence, and thus differing from {{g2556}}, which refers rather to essential character, as well as from {{g4550}}, which indicates degeneracy from original virtue); figuratively, calamitous; also (passively) ill, i.e. diseased; but especially (morally) culpable, i.e. derelict, vicious, facinorous; neuter (singular) mischief, malice, or (plural) guilt; masculine (singular) the devil, or (plural) sinners See also {{g4191}}.","strongs_number":"g4190"},"g4191":{"pronunciation":"pon-ay-rot'-er-os","unicode":"πονηρότερος","translit":"ponēróteros","definition":"[πονηρότερος] comparative of {{g4190}}; more evil","strongs_number":"g4191"},"g4192":{"pronunciation":"pon'-os","unicode":"πόνος","translit":"pónos","definition":"[πόνος] from the base of {{g3993}}; toil, i.e. (by implication) anguish","strongs_number":"g4192"},"g4193":{"pronunciation":"pon-tik-os'","unicode":"Ποντικός","translit":"Pontikós","definition":"[Ποντικός] from {{g4195}}; a Pontican, i.e. native of Pontus","strongs_number":"g4193"},"g4194":{"pronunciation":"pon'-tee-os","unicode":"Πόντιος","translit":"Póntios","definition":"[Πόντιος] of Latin origin; apparently bridged; Pontius, a Roman","strongs_number":"g4194"},"g4195":{"pronunciation":"pon'-tos","unicode":"Πόντος","translit":"Póntos","definition":"[Πόντος] of Latin origin; a sea; Pontus, a region of Asia Minor","strongs_number":"g4195"},"g4196":{"pronunciation":"pop'-lee-os","unicode":"Πόπλιος","translit":"Póplios","definition":"[Πόπλιος] of Latin origin; apparently \"popular\"; Poplius (i.e. Publius), a Roman","strongs_number":"g4196"},"g4197":{"pronunciation":"por-i'-ah","unicode":"πορεία","translit":"poreía","definition":"[πορεία] from {{g4198}}; travel (by land); figuratively (plural) proceedings, i.e. career","strongs_number":"g4197"},"g4198":{"pronunciation":"por-yoo'-om-ahee","unicode":"πορεύομαι","translit":"poreúomai","definition":"[πορεύομαι] middle voice from a derivative of the same as {{g3984}}; to traverse, i.e. travel (literally or figuratively; especially to remove (figuratively, die), live, etc.); ","strongs_number":"g4198"},"g4199":{"pronunciation":"por-theh'-o","unicode":"πορθέω","translit":"porthéō","definition":"[πορθέω] prolongation from πέρθω (to sack); to ravage (figuratively)","strongs_number":"g4199"},"g4200":{"pronunciation":"por-is-mos'","unicode":"πορισμός","translit":"porismós","definition":"[πορισμός] from a derivative of πόρος (a way, i.e. means); furnishing (procuring), i.e. (by implication) money-getting (acquisition)","strongs_number":"g4200"}}