{"g4201":{"pronunciation":"por'-kee-os","unicode":"Πόρκιος","translit":"Pórkios","definition":"[Πόρκιος] of Latin origin; apparently swinish; Porcius, a Roman","strongs_number":"g4201"},"g4202":{"pronunciation":"por-ni'-ah","unicode":"πορνεία","translit":"porneía","definition":"[πορνεία] from {{g4203}}; harlotry (including adultery and incest); figuratively, idolatry","strongs_number":"g4202"},"g4203":{"pronunciation":"porn-yoo'-o","unicode":"πορνεύω","translit":"porneúō","definition":"[πορνεύω] from {{g4204}}; to act the harlot, i.e. (literally) indulge unlawful lust (of either sex), or (figuratively) practise idolatry","strongs_number":"g4203"},"g4204":{"pronunciation":"por'-nay","unicode":"πόρνη","translit":"pórnē","definition":"[πόρνη] feminine of {{g4205}}; a strumpet; figuratively, an idolater","strongs_number":"g4204"},"g4205":{"pronunciation":"por'-nos","unicode":"πόρνος","translit":"pórnos","definition":"[πόρνος] from πέρνημι (to sell; akin to the base of {{g4097}}); a (male) prostitute (as venal), i.e. (by analogy) a debauchee (libertine)","strongs_number":"g4205"},"g4206":{"pronunciation":"por'-rho","unicode":"πόῤῥω","translit":"pórrhō","definition":"[πόῤῥω] adverb from {{g4253}}; forwards, i.e. at a distance See also {{g4207}}.","strongs_number":"g4206"},"g4207":{"pronunciation":"por'-rho-then","unicode":"πόῤῥωθεν","translit":"pórrhōthen","definition":"[πόῤῥωθεν] from {{g4206}} with adverbial enclitic of source; from far, or (by implication) at a distance, i.e. distantly","strongs_number":"g4207"},"g4208":{"pronunciation":"por-rho-ter'-o","unicode":"ποῤῥωτέρω","translit":"porrhōtérō","definition":"[ποῤῥωτέρω] adverb comparative of {{g4206}}; further, i.e. a greater distance","strongs_number":"g4208"},"g4209":{"pronunciation":"por-foo'-rah","unicode":"πορφύρα","translit":"porphýra","definition":"[πορφύρα] of Latin origin; the \"purple\" mussel, i.e. (by implication) the red-blue color itself, and finally a garment dyed with it","strongs_number":"g4209"},"g4210":{"pronunciation":"por-foo-rooce'","unicode":"πορφυροῦς","translit":"porphyroûs","definition":"[πορφυροῦς] from {{g4209}}; purpureal, i.e. bluish red","strongs_number":"g4210"},"g4211":{"pronunciation":"por-foo-rop'-o-lis","unicode":"πορφυρόπωλις","translit":"porphyrópōlis","definition":"[πορφυρόπωλις] feminine of a compound of {{g4209}} and {{g4453}}; a female trader in purple cloth","strongs_number":"g4211"},"g4212":{"pronunciation":"pos-ak'-is","unicode":"ποσάκις","translit":"posákis","definition":"[ποσάκις] multiplicative from {{g4214}}; how many times","strongs_number":"g4212"},"g4213":{"pronunciation":"pos'-is","unicode":"πόσις","translit":"pósis","definition":"[πόσις] from the alternate of {{g4095}}; a drinking (the act), i.e. (concretely) a draught","strongs_number":"g4213"},"g4214":{"pronunciation":"pos'-os","unicode":"πόσος","translit":"pósos","definition":"[πόσος] from an absolute πός (who, what) and {{g3739}}; interrogative pronoun (of amount) how much (large, long or (plural) many)","strongs_number":"g4214"},"g4215":{"pronunciation":"pot-am-os'","unicode":"ποταμός","translit":"potamós","definition":"[ποταμός] probably from a derivative of the alternate of {{g4095}} (compare {{g4224}}); a current, brook or freshet (as drinkable), i.e. running water","strongs_number":"g4215"},"g4216":{"pronunciation":"pot-am-of-or'-ay-tos","unicode":"ποταμοφόρητος","translit":"potamophórētos","definition":"[ποταμοφόρητος] from {{g4215}} and a derivative of {{g5409}}; river-borne, i.e. overwhelmed by a stream","strongs_number":"g4216"},"g4217":{"pronunciation":"pot-ap-os'","unicode":"ποταπός","translit":"potapós","definition":"[ποταπός] apparently from {{g4219}} and the base of {{g4226}}; interrogatively, whatever, i.e. of what possible sort","strongs_number":"g4217"},"g4218":{"pronunciation":"pot-eh'","unicode":"ποτέ","translit":"poté","definition":"[ποτέ] from the base of {{g4225}} and {{g5037}}; indefinite adverb, at some time, ever","strongs_number":"g4218"},"g4219":{"pronunciation":"pot'-eh","unicode":"πότε","translit":"póte","definition":"[πότε] from the base of {{g4226}} and {{g5037}}; interrogative adverb, at what time","strongs_number":"g4219"},"g4220":{"pronunciation":"pot'-er-on","unicode":"πότερον","translit":"póteron","definition":"[πότερον] neuter of a comparative of the base of {{g4226}}; interrogative as adverb, which (of two), i.e. is it this or that","strongs_number":"g4220"},"g4221":{"pronunciation":"pot-ay'-ree-on","unicode":"ποτήριον","translit":"potḗrion","definition":"[ποτήριον] neuter of a derivative of the alternate of {{g4095}}; a drinking-vessel; by extension, the contents thereof, i.e. a cupful (draught); figuratively, a lot or fate","strongs_number":"g4221"},"g4222":{"pronunciation":"pot-id'-zo","unicode":"ποτίζω","translit":"potízō","definition":"[ποτίζω] from a derivative of the alternate of {{g4095}}; to furnish drink, irrigate","strongs_number":"g4222"},"g4223":{"pronunciation":"pot-ee'-ol-oy","unicode":"Ποτίολοι","translit":"Potíoloi","definition":"[Ποτίολοι] of Latin origin; little wells, i.e. mineral springs; Potioli (i.e. Puteoli), a place in Italy","strongs_number":"g4223"},"g4224":{"pronunciation":"pot'-os","unicode":"πότος","translit":"pótos","definition":"[πότος] from the alternate of {{g4095}}; a drinking-bout or carousal","strongs_number":"g4224"},"g4225":{"pronunciation":"poo","unicode":"πού","translit":"poú","definition":"[πού] genitive case of an indefinite pronoun πός (some) otherwise obsolete (compare {{g4214}}); as adverb of place, somewhere, i.e. nearly","strongs_number":"g4225"},"g4226":{"pronunciation":"poo","unicode":"ποῦ","translit":"poû","definition":"[ποῦ] genitive case of an interrogative pronoun πός (what) otherwise obsolete (perhaps the same as {{g4225}} used with the rising slide of inquiry); as adverb of place; at (by implication, to) what locality","strongs_number":"g4226"},"g4227":{"pronunciation":"poo'-dace","unicode":"Πούδης","translit":"Poúdēs","definition":"[Πούδης] of Latin origin; modest; Pudes (i.e. Pudens), a Christian","strongs_number":"g4227"},"g4228":{"pronunciation":"pooce","unicode":"πούς","translit":"poús","definition":"[πούς] a primary word; a \"foot\" (figuratively or literally)","strongs_number":"g4228"},"g4229":{"pronunciation":"prag'-mah","unicode":"πρᾶγμα","translit":"prâgma","definition":"[πρᾶγμα] from {{g4238}}; a deed; by implication, an affair; by extension, an object (material)","strongs_number":"g4229"},"g4230":{"pronunciation":"prag-mat-i'-ah","unicode":"πραγματεία","translit":"pragmateía","definition":"[πραγματεία] from {{g4231}}; a transaction, i.e. negotiation","strongs_number":"g4230"},"g4231":{"pronunciation":"prag-mat-yoo'-om-ahee","unicode":"πραγματεύομαι","translit":"pragmateúomai","definition":"[πραγματεύομαι] from {{g4229}}; to busy oneself with, i.e. to trade","strongs_number":"g4231"},"g4232":{"pronunciation":"prahee-to'-ree-on","unicode":"πραιτώριον","translit":"praitṓrion","definition":"[πραιτώριον] of Latin origin; the prætorium or governor's courtroom (sometimes including the whole edifice and camp)","strongs_number":"g4232"},"g4233":{"pronunciation":"prak'-tor","unicode":"πράκτωρ","translit":"práktōr","definition":"[πράκτωρ] from a derivative of {{g4238}}; a practiser, i.e. (specially), an official collector","strongs_number":"g4233"},"g4234":{"pronunciation":"prax'-is","unicode":"πρᾶξις","translit":"prâxis","definition":"[πρᾶξις] from {{g4238}}; practice, i.e. (concretely) an act; by extension, a function","strongs_number":"g4234"},"g4235":{"pronunciation":"prah'-os","unicode":"πρᾷος","translit":"prâios","definition":"[πρᾷος] a form of {{g4239}}, used in certain parts; gentle, i.e. humble","strongs_number":"g4235"},"g4236":{"pronunciation":"prah-ot'-ace","unicode":"πρᾳότης","translit":"praiótēs","definition":"[πρᾳότης] from {{g4235}}; gentleness, by implication, humility","strongs_number":"g4236"},"g4237":{"pronunciation":"pras-ee-ah'","unicode":"πρασιά","translit":"prasiá","definition":"[πρασιά] perhaps from πράσον (a leek, and so an onion-patch); a garden plot, i.e. (by implication, of regular beds) a row (repeated in plural by Hebraism, to indicate an arrangement)","strongs_number":"g4237"},"g4238":{"pronunciation":"pras'-so","unicode":"πράσσω","translit":"prássō","definition":"[πράσσω] a primary verb; to \"practise\", i.e. perform repeatedly or habitually (thus differing from {{g4160}}, which properly refers to a single act); by implication, to execute, accomplish, etc.; specially, to collect (dues), fare (personally)","strongs_number":"g4238"},"g4239":{"pronunciation":"prah-ooce'","unicode":"πραΰς","translit":"praÿs","definition":"[πραΰς] apparently a primary word; mild, i.e. (by implication) humble See also {{g4235}}.","strongs_number":"g4239"},"g4240":{"pronunciation":"prah-oo'-tace","unicode":"πραΰτης","translit":"praÿtēs","definition":"[πραΰτης] from {{g4239}}; mildness, i.e. (by implication) humility","strongs_number":"g4240"},"g4241":{"pronunciation":"prep'-o","unicode":"πρέπω","translit":"prépō","definition":"[πρέπω] apparently a primary verb; to tower up (be conspicuous), i.e. (by implication) to be suitable or proper (third person singular present indicative, often used impersonally, it is fit or right)","strongs_number":"g4241"},"g4242":{"pronunciation":"pres-bi'-ah","unicode":"πρεσβεία","translit":"presbeía","definition":"[πρεσβεία] from {{g4243}}; seniority (eldership), i.e. (by implication) an embassy (concretely, ambassadors)","strongs_number":"g4242"},"g4243":{"pronunciation":"pres-byoo'-o","unicode":"πρεσβεύω","translit":"presbeúō","definition":"[πρεσβεύω] from the base of {{g4245}}; to be a senior, i.e. (by implication) act as a representative (figuratively, preacher)","strongs_number":"g4243"},"g4244":{"pronunciation":"pres-boo-ter'-ee-on","unicode":"πρεσβυτέριον","translit":"presbytérion","definition":"[πρεσβυτέριον] neuter of a presumed derivative of {{g4245}}; the order of elders, i.e. (specially), Israelite Sanhedrin or Christian \"presbytery\"","strongs_number":"g4244"},"g4245":{"pronunciation":"pres-boo'-ter-os","unicode":"πρεσβύτερος","translit":"presbýteros","definition":"[πρεσβύτερος] comparative of πρέσβυς (elderly); older; as noun, a senior; specially, an Israelite Sanhedrist (also figuratively, member of the celestial council) or Christian \"presbyter\"","strongs_number":"g4245"},"g4246":{"pronunciation":"pres-boo'-tace","unicode":"πρεσβύτης","translit":"presbýtēs","definition":"[πρεσβύτης] from the same as {{g4245}}; an old man","strongs_number":"g4246"},"g4247":{"pronunciation":"pres-boo'-tis","unicode":"πρεσβῦτις","translit":"presbŷtis","definition":"[πρεσβῦτις] feminine of {{g4246}}; an old woman","strongs_number":"g4247"},"g4248":{"pronunciation":"pray-nace'","unicode":"πρηνής","translit":"prēnḗs","definition":"[πρηνής] from {{g4253}}; leaning (falling) forward (\"prone\"), i.e. head foremost","strongs_number":"g4248"},"g4249":{"pronunciation":"prid'-zo","unicode":"πρίζω","translit":"prízō","definition":"[πρίζω] a strengthened form of a primary prio (to saw); to saw in two","strongs_number":"g4249"},"g4250":{"pronunciation":"prin","unicode":"πρίν","translit":"prín","definition":"[πρίν] adverb from {{g4253}}; prior, sooner","strongs_number":"g4250"},"g4251":{"pronunciation":"pris'-kah","unicode":"Πρίσκα","translit":"Príska","definition":"[Πρίσκα] of Latin origin; feminine of Priscus, ancient; Priska, a Christian woman See also {{g4252}}.","strongs_number":"g4251"},"g4252":{"pronunciation":"pris'-cil-lah","unicode":"Πρίσκιλλα","translit":"Prískilla","definition":"[Πρίσκιλλα] diminutive of {{g4251}}; Priscilla (i.e. little Prisca), a Christian woman","strongs_number":"g4252"},"g4253":{"pronunciation":"pro","unicode":"πρό","translit":"pró","definition":"[πρό] a primary preposition; \"fore\", i.e. in front of, prior (figuratively, superior) to In the comparative, it retains the same significations.","strongs_number":"g4253"},"g4254":{"pronunciation":"pro-ag'-o","unicode":"προάγω","translit":"proágō","definition":"[προάγω] from {{g4253}} and {{g71}}; to lead forward (magisterially); intransitively, to precede (in place or time (participle, previous))","strongs_number":"g4254"},"g4255":{"pronunciation":"pro-ahee-reh'-om-ahee","unicode":"προαιρέομαι","translit":"proairéomai","definition":"[προαιρέομαι] from {{g4253}} and {{g138}}; to choose for oneself before another thing (prefer), i.e. (by implication) to propose (intend)","strongs_number":"g4255"},"g4256":{"pronunciation":"pro-ahee-tee-ah'-om-ahee","unicode":"προαιτιάομαι","translit":"proaitiáomai","definition":"[προαιτιάομαι] from {{g4253}} and a derivative of {{g156}}; to accuse already, i.e. previously charge","strongs_number":"g4256"},"g4257":{"pronunciation":"pro-ak-oo'-o","unicode":"προακούω","translit":"proakoúō","definition":"[προακούω] from {{g4253}} and {{g191}}; to hear already,i.e. anticipate","strongs_number":"g4257"},"g4258":{"pronunciation":"pro-am-ar-tan'-o","unicode":"προαμαρτάνω","translit":"proamartánō","definition":"[προαμαρτάνω] from {{g4253}} and {{g264}}; to sin previously (to conversion)","strongs_number":"g4258"},"g4259":{"pronunciation":"pro-ow'-lee-on","unicode":"προαύλιον","translit":"proaúlion","definition":"[προαύλιον] neuter of a presumed compound of {{g4253}} and {{g833}}; a forecourt, i.e. vestibule (alley-way)","strongs_number":"g4259"},"g4260":{"pronunciation":"prob-ah'-ee-no","unicode":"προβαίνω","translit":"probaínō","definition":"[προβαίνω] from {{g4253}} and the base of {{g939}}; to walk forward, i.e. advance (literally, or in years)","strongs_number":"g4260"},"g4261":{"pronunciation":"prob-al'-lo","unicode":"προβάλλω","translit":"probállō","definition":"[προβάλλω] from {{g4253}} and {{g906}}; to throw forward, i.e. push to the front, germinate","strongs_number":"g4261"},"g4262":{"pronunciation":"prob-at-ik-os'","unicode":"προβατικός","translit":"probatikós","definition":"[προβατικός] from {{g4263}}; relating to sheep, i.e. (a gate) through which they were led into Jerusalem","strongs_number":"g4262"},"g4263":{"pronunciation":"prob'-at-on","unicode":"πρόβατον","translit":"próbaton","definition":"[πρόβατον] probably neuter of a presumed derivative of {{g4260}}; something that walks forward (a quadruped), i.e. (specially), a sheep (literally or figuratively)","strongs_number":"g4263"},"g4264":{"pronunciation":"prob-ib-ad'-zo","unicode":"προβιβάζω","translit":"probibázō","definition":"[προβιβάζω] from {{g4253}} and a reduplicated form of {{g971}}; to force forward, i.e. bring to the front, instigate","strongs_number":"g4264"},"g4265":{"pronunciation":"prob-lep'-o","unicode":"προβλέπω","translit":"problépō","definition":"[προβλέπω] from {{g4253}} and {{g991}}; to look out beforehand, i.e. furnish in advance","strongs_number":"g4265"},"g4266":{"pronunciation":"prog-in'-om-ahee","unicode":"προγίνομαι","translit":"progínomai","definition":"[προγίνομαι] from {{g4253}} and {{g1096}}; to be already, i.e. have previousy transpired","strongs_number":"g4266"},"g4267":{"pronunciation":"prog-in-oce'-ko","unicode":"προγινώσκω","translit":"proginṓskō","definition":"[προγινώσκω] from {{g4253}} and {{g1097}}; to know beforehand, i.e. foresee","strongs_number":"g4267"},"g4268":{"pronunciation":"prog'-no-sis","unicode":"πρόγνωσις","translit":"prógnōsis","definition":"[πρόγνωσις] from {{g4267}}; forethought","strongs_number":"g4268"},"g4269":{"pronunciation":"prog'-on-os","unicode":"πρόγονος","translit":"prógonos","definition":"[πρόγονος] from {{g4266}}; an ancestor, (grand-)parent","strongs_number":"g4269"},"g4270":{"pronunciation":"prog-raf'-o","unicode":"προγράφω","translit":"prográphō","definition":"[προγράφω] from {{g4253}} and {{g1125}}; to write previously; figuratively, to announce, prescribe","strongs_number":"g4270"},"g4271":{"pronunciation":"prod'-ay-los","unicode":"πρόδηλος","translit":"pródēlos","definition":"[πρόδηλος] from {{g4253}} and {{g1212}}; plain before all men, i.e. obvious","strongs_number":"g4271"},"g4272":{"pronunciation":"prod-id'-o-mee","unicode":"προδίδωμι","translit":"prodídōmi","definition":"[προδίδωμι] from {{g4253}} and {{g1325}}; to give before the other party has given","strongs_number":"g4272"},"g4273":{"pronunciation":"prod-ot'-ace","unicode":"προδότης","translit":"prodótēs","definition":"[προδότης] from {{g4272}} (in the sense of giving forward into another's (the enemy's) hands); a surrender","strongs_number":"g4273"},"g4274":{"pronunciation":"prod'-rom-os","unicode":"πρόδρομος","translit":"pródromos","definition":"[πρόδρομος] from the alternate of {{g4390}}; a runner ahead, i.e. scout (figuratively, precursor)","strongs_number":"g4274"},"g4275":{"pronunciation":"pro-i'-do","unicode":"προείδω","translit":"proeídō","definition":"[προείδω] from {{g4253}} and {{g1492}}; foresee","strongs_number":"g4275"},"g4276":{"pronunciation":"pro-el-pid'-zo","unicode":"προελπίζω","translit":"proelpízō","definition":"[προελπίζω] from {{g4253}} and {{g1679}}; to hope in advance of other confirmation","strongs_number":"g4276"},"g4277":{"pronunciation":"pro-ep'-o","unicode":"προέπω","translit":"proépō","definition":"[προέπω] from {{g4253}} and {{g2036}}; to say already, to predict Compare {{g4280}}.","strongs_number":"g4277"},"g4278":{"pronunciation":"pro-en-ar'-khom-ahee","unicode":"προενάρχομαι","translit":"proenárchomai","definition":"[προενάρχομαι] from {{g4253}} and {{g1728}}; to commence already","strongs_number":"g4278"},"g4279":{"pronunciation":"pro-ep-ang-ghel'-lom-ahee","unicode":"προεπαγγέλλομαι","translit":"proepangéllomai","definition":"[προεπαγγέλλομαι] middle voice from {{g4253}} and {{g1861}}; to promise of old","strongs_number":"g4279"},"g4280":{"pronunciation":"pro-er-eh'-o","unicode":"προερέω","translit":"proeréō","definition":"[προερέω] from {{g4253}} and {{g2046}}; used as alternate of {{g4277}}; to say already, predict","strongs_number":"g4280"},"g4281":{"pronunciation":"pro-er'-khom-ahee","unicode":"προέρχομαι","translit":"proérchomai","definition":"[προέρχομαι] from {{g4253}} and {{g2064}} (including its alternate); to go onward, precede (in place or time)","strongs_number":"g4281"},"g4282":{"pronunciation":"pro-et-oy-mad'-zo","unicode":"προετοιμάζω","translit":"proetoimázō","definition":"[προετοιμάζω] from {{g4253}} and {{g2090}}; to fit up in advance (literally or figuratively)","strongs_number":"g4282"},"g4283":{"pronunciation":"pro-yoo-ang-ghel-id'-zom-ahee","unicode":"προευαγγελίζομαι","translit":"proeuangelízomai","definition":"[προευαγγελίζομαι] middle voice from {{g4253}} and {{g2097}}; to announce glad news in advance","strongs_number":"g4283"},"g4284":{"pronunciation":"pro-ekh-om-ahee","unicode":"προέχομαι","translit":"proéchomai","definition":"[προέχομαι] middle voice from {{g4253}} and {{g2192}}; to hold oneself before others, i.e. (figuratively) to excel","strongs_number":"g4284"},"g4285":{"pronunciation":"pro-ay-geh'-om-ahee","unicode":"προηγέομαι","translit":"proēgéomai","definition":"[προηγέομαι] from {{g4253}} and {{g2233}}; to lead the way for others, i.e. show deference","strongs_number":"g4285"},"g4286":{"pronunciation":"proth'-es-is","unicode":"πρόθεσις","translit":"próthesis","definition":"[πρόθεσις] from {{g4388}}; a setting forth, i.e. (figuratively) proposal (intention); specially, the show-bread (in the Temple) as exposed before God","strongs_number":"g4286"},"g4287":{"pronunciation":"proth-es'-mee-os","unicode":"προθέσμιος","translit":"prothésmios","definition":"[προθέσμιος] from {{g4253}} and a derivative of {{g5087}}; fixed beforehand, i.e. (feminine with {{g2250}} implied) a designated day","strongs_number":"g4287"},"g4288":{"pronunciation":"proth-oo-mee'-ah","unicode":"προθυμία","translit":"prothymía","definition":"[προθυμία] from {{g4289}}; predisposition, i.e. alacrity","strongs_number":"g4288"},"g4289":{"pronunciation":"proth'-oo-mos","unicode":"πρόθυμος","translit":"próthymos","definition":"[πρόθυμος] from {{g4253}} and {{g2372}}; forward in spirit, i.e. predisposed; neuter (as noun) alacrity","strongs_number":"g4289"},"g4290":{"pronunciation":"proth-oo'-moce","unicode":"προθύμως","translit":"prothýmōs","definition":"[προθύμως] adverb from {{g4289}}; with alacrity","strongs_number":"g4290"},"g4291":{"pronunciation":"pro-is'-tay-mee","unicode":"προΐστημι","translit":"proḯstēmi","definition":"[προΐστημι] from {{g4253}} and {{g2476}}; to stand before, i.e. (in rank) to preside, or (by implication) to practise","strongs_number":"g4291"},"g4292":{"pronunciation":"prok-al-eh'-om-ahee","unicode":"προκαλέομαι","translit":"prokaléomai","definition":"[προκαλέομαι] middle voice from {{g4253}} and {{g2564}}; to call forth to oneself (challenge), i.e. (by implication) to irritate","strongs_number":"g4292"},"g4293":{"pronunciation":"prok-at-ang-ghel'-lo","unicode":"προκαταγγέλλω","translit":"prokatangéllō","definition":"[προκαταγγέλλω] from {{g4253}} and {{g2605}}; to anounce beforehand, i.e. predict, promise","strongs_number":"g4293"},"g4294":{"pronunciation":"prok-at-ar-tid'-zo","unicode":"προκαταρτίζω","translit":"prokatartízō","definition":"[προκαταρτίζω] from {{g4253}} and {{g2675}}; to prepare in advance","strongs_number":"g4294"},"g4295":{"pronunciation":"prok'-i-mahee","unicode":"πρόκειμαι","translit":"prókeimai","definition":"[πρόκειμαι] from {{g4253}} and {{g2749}}; to lie before the view, i.e. (figuratively) to be present (to the mind), to stand forth (as an example or reward)","strongs_number":"g4295"},"g4296":{"pronunciation":"prok-ay-rooce'-so","unicode":"προκηρύσσω","translit":"prokērýssō","definition":"[προκηρύσσω] from {{g4253}} and {{g2784}}; to herald (i.e. proclaim) in advance","strongs_number":"g4296"},"g4297":{"pronunciation":"prok-op-ay'","unicode":"προκοπή","translit":"prokopḗ","definition":"[προκοπή] from {{g4298}}; progress, i.e. advancement (subjectively or objectively)","strongs_number":"g4297"},"g4298":{"pronunciation":"prok-op'-to","unicode":"προκόπτω","translit":"prokóptō","definition":"[προκόπτω] from {{g4253}} and {{g2875}}; to drive forward (as if by beating), i.e. (figuratively and intransitively) to advance (in amount, to grow; in time, to be well along)","strongs_number":"g4298"},"g4299":{"pronunciation":"prok'-ree-mah","unicode":"πρόκριμα","translit":"prókrima","definition":"[πρόκριμα] from a compound of {{g4253}} and {{g2919}}; a prejudgment (prejudice), i.e. prepossession","strongs_number":"g4299"},"g4300":{"pronunciation":"prok-oo-ro'-o","unicode":"προκυρόω","translit":"prokyróō","definition":"[προκυρόω] from {{g4253}} and {{g2964}}; to ratify previously","strongs_number":"g4300"}}