{"g4401":{"pronunciation":"prokh-i-rot-on-eh'-o","unicode":"προχειροτονέω","translit":"procheirotonéō","definition":"[προχειροτονέω] from {{g4253}} and {{g5500}}; to elect in advance","strongs_number":"g4401"},"g4402":{"pronunciation":"prokh'-or-os","unicode":"Πρόχορος","translit":"Próchoros","definition":"[Πρόχορος] from {{g4253}} and {{g5525}}; before the dance; Prochorus, a Christian","strongs_number":"g4402"},"g4403":{"pronunciation":"proom'-nah","unicode":"πρύμνα","translit":"prýmna","definition":"[πρύμνα] feminine of πρυμνύς (hindmost); the stern of a ship","strongs_number":"g4403"},"g4404":{"pronunciation":"pro-ee'","unicode":"πρωΐ","translit":"prōḯ","definition":"[πρωΐ] adverb from {{g4253}}; at dawn; by implication, the day-break watch","strongs_number":"g4404"},"g4405":{"pronunciation":"pro-ee'-ah","unicode":"πρωΐα","translit":"prōḯa","definition":"[πρωΐα] feminine of a derivative of {{g4404}} as noun; day-dawn","strongs_number":"g4405"},"g4406":{"pronunciation":"pro'-ee-mos","unicode":"πρώϊμος","translit":"prṓïmos","definition":"[πρώϊμος] from {{g4404}}; dawning, i.e. (by analogy) autumnal (showering, the first of the rainy season)","strongs_number":"g4406"},"g4407":{"pronunciation":"pro-ee-nos'","unicode":"πρωϊνός","translit":"prōïnós","definition":"[πρωϊνός] from {{g4404}}; pertaining to the dawn, i.e. matutinal","strongs_number":"g4407"},"g4408":{"pronunciation":"pro'-ra","unicode":"πρῶρα","translit":"prōra","definition":"[πρῶρα] feminine of a presumed derivative of {{g4253}} as noun; the prow, i.e. forward part of a vessel","strongs_number":"g4408"},"g4409":{"pronunciation":"prote-yoo'-o","unicode":"πρωτεύω","translit":"prōteúō","definition":"[πρωτεύω] from {{g4413}}; to be first (in rank or influence)","strongs_number":"g4409"},"g4410":{"pronunciation":"pro-tok-ath-ed-ree'-ah","unicode":"πρωτοκαθεδρία","translit":"prōtokathedría","definition":"[πρωτοκαθεδρία] from {{g4413}} and {{g2515}}; a sitting first (in the front row), i.e. preeminence in council","strongs_number":"g4410"},"g4411":{"pronunciation":"pro-tok-lis-ee'-ah","unicode":"πρωτοκλισία","translit":"prōtoklisía","definition":"[πρωτοκλισία] from {{g4413}} and {{g2828}}; a reclining first (in the place of honor) at the dinner-bed, i.e. preeminence at meals","strongs_number":"g4411"},"g4412":{"pronunciation":"pro'-ton","unicode":"πρῶτον","translit":"prōton","definition":"[πρῶτον] neuter of {{g4413}} as adverb (with or without {{g3588}}); firstly (in time, place, order, or importance)","strongs_number":"g4412"},"g4413":{"pronunciation":"pro'-tos","unicode":"πρῶτος","translit":"prōtos","definition":"[πρῶτος] contracted superlative of {{g4253}}; foremost (in time, place, order or importance)","strongs_number":"g4413"},"g4414":{"pronunciation":"pro-tos-tat'-ace","unicode":"πρωτοστάτης","translit":"prōtostátēs","definition":"[πρωτοστάτης] from {{g4413}} and {{g2476}}; one standing first in the ranks, i.e. a captain (champion)","strongs_number":"g4414"},"g4415":{"pronunciation":"pro-tot-ok'-ee-ah","unicode":"πρωτοτόκια","translit":"prōtotókia","definition":"[πρωτοτόκια] from {{g4416}}; primogeniture (as a privilege)","strongs_number":"g4415"},"g4416":{"pronunciation":"pro-tot-ok'-os","unicode":"πρωτότοκος","translit":"prōtótokos","definition":"[πρωτότοκος] from {{g4413}} and the alternate of {{g5088}}; first-born (usually as noun, literally or figuratively)","strongs_number":"g4416"},"g4417":{"pronunciation":"ptah'-yo","unicode":"πταίω","translit":"ptaíō","definition":"[πταίω] a form of {{g4098}}; to trip, i.e. (figuratively) to err, sin, fail (of salvation)","strongs_number":"g4417"},"g4418":{"pronunciation":"pter'-nah","unicode":"πτέρνα","translit":"ptérna","definition":"[πτέρνα] of uncertain derivation; the heel (figuratively)","strongs_number":"g4418"},"g4419":{"pronunciation":"pter-oog'-ee-on","unicode":"πτερύγιον","translit":"pterýgion","definition":"[πτερύγιον] neuter of a presumed derivative of {{g4420}}; a winglet, i.e. (figuratively) extremity (top corner)","strongs_number":"g4419"},"g4420":{"pronunciation":"pter'-oox","unicode":"πτέρυξ","translit":"ptéryx","definition":"[πτέρυξ] from a derivative of {{g4072}} (meaning a feather); a wing","strongs_number":"g4420"},"g4421":{"pronunciation":"ptay-non'","unicode":"πτηνόν","translit":"ptēnón","definition":"[πτηνόν] contraction for {{g4071}}; a bird","strongs_number":"g4421"},"g4422":{"pronunciation":"pto-eh'-o","unicode":"πτοέω","translit":"ptoéō","definition":"[πτοέω] probably akin to the alternate of {{g4098}} (through the idea of causing to fall) or to {{g4072}} (through that of causing to fly away); to scare","strongs_number":"g4422"},"g4423":{"pronunciation":"pto'-ay-sis","unicode":"πτόησις","translit":"ptóēsis","definition":"[πτόησις] from {{g4422}}; alarm","strongs_number":"g4423"},"g4424":{"pronunciation":"ptol-em-ah-is'","unicode":"Πτολεμαΐς","translit":"Ptolemaḯs","definition":"[Πτολεμαΐς] from Πτολεμαῖος (Ptolemy, after whom it was named); Ptolemais, a place in Palestine","strongs_number":"g4424"},"g4425":{"pronunciation":"ptoo'-on","unicode":"πτύον","translit":"ptýon","definition":"[πτύον] from {{g4429}}; a winnowing-fork (as scattering like spittle)","strongs_number":"g4425"},"g4426":{"pronunciation":"ptoo'-ro","unicode":"πτύρω","translit":"ptýrō","definition":"[πτύρω] from a presumed derivative of {{g4429}} (and thus akin to {{g4422}}); to frighten","strongs_number":"g4426"},"g4427":{"pronunciation":"ptoos'-mah","unicode":"πτύσμα","translit":"ptýsma","definition":"[πτύσμα] from {{g4429}}; saliva","strongs_number":"g4427"},"g4428":{"pronunciation":"ptoos'-so","unicode":"πτύσσω","translit":"ptýssō","definition":"[πτύσσω] probably akin to πετάννυμι (to spread; and thus apparently allied to {{g4072}} through the idea of expansion, and to 4429 through that of flattening; compare {{g3961}}); to fold, i.e. furl a scroll","strongs_number":"g4428"},"g4429":{"pronunciation":"ptoo'-o","unicode":"πτύω","translit":"ptýō","definition":"[πτύω] a primary verb (compare {{g4428}}); to spit","strongs_number":"g4429"},"g4430":{"pronunciation":"pto'-mah","unicode":"πτῶμα","translit":"ptōma","definition":"[πτῶμα] from the alternate of {{g4098}}; a ruin, i.e. (specially), lifeless body (corpse, carrion)","strongs_number":"g4430"},"g4431":{"pronunciation":"pto'-sis","unicode":"πτῶσις","translit":"ptōsis","definition":"[πτῶσις] from the alternate of {{g4098}}; a crash, i.e. downfall (literally or figuratively)","strongs_number":"g4431"},"g4432":{"pronunciation":"pto-khi'-ah","unicode":"πτωχεία","translit":"ptōcheía","definition":"[πτωχεία] from {{g4433}}; beggary, i.e. indigence (literally or figuratively)","strongs_number":"g4432"},"g4433":{"pronunciation":"pto-khyoo'-o","unicode":"πτωχεύω","translit":"ptōcheúō","definition":"[πτωχεύω] from {{g4434}}; to be a beggar, i.e. (by implication) to become indigent (figuratively)","strongs_number":"g4433"},"g4434":{"pronunciation":"pto-khos'","unicode":"πτωχός","translit":"ptōchós","definition":"[πτωχός] from πτώσσω (to crouch); akin to {{g4422}} and the alternate of {{g4098}}); a beggar (as cringing), i.e. pauper (strictly denoting absolute or public mendicancy, although also used in a qualified or relative sense; whereas {{g3993}} properly means only straitened circumstances in private), literally (often as noun) or figuratively (distressed)","strongs_number":"g4434"},"g4435":{"pronunciation":"poog-may'","unicode":"πυγμή","translit":"pygmḗ","definition":"[πυγμή] from a primary πύξ (the fist as a weapon); the clenched hand, i.e. (only in dative case as adverb) with the fist (hard scrubbing)","strongs_number":"g4435"},"g4436":{"pronunciation":"poo'-thone","unicode":"Πύθων","translit":"Pýthōn","definition":"[Πύθων] from Πυθώ (the name of the region where Delphi, the seat of the famous oracle, was located); a Python, i.e. (by analogy, with the supposed diviner there) inspiration (soothsaying)","strongs_number":"g4436"},"g4437":{"pronunciation":"pook-nos'","unicode":"πυκνός","translit":"pyknós","definition":"[πυκνός] from the same as {{g4635}}; clasped (thick), i.e. (figuratively) frequent; neuter plural (as adverb) frequently","strongs_number":"g4437"},"g4438":{"pronunciation":"pook-teh'-o","unicode":"πυκτέω","translit":"pyktéō","definition":"[πυκτέω] from a derivative of the same as {{g4435}}; to box (with the fist), i.e. contend (as a boxer) at the games (figuratively)","strongs_number":"g4438"},"g4439":{"pronunciation":"poo'-lay","unicode":"πύλη","translit":"pýlē","definition":"[πύλη] apparently a primary word; a gate, i.e. the leaf or wing of a folding entrance (literally or figuratively)","strongs_number":"g4439"},"g4440":{"pronunciation":"poo-lone'","unicode":"πυλών","translit":"pylṓn","definition":"[πυλών] from {{g4439}}; a gate-way, door-way of a building or city; by implication, a portal or vestibule","strongs_number":"g4440"},"g4441":{"pronunciation":"poon-than'-om-ahee","unicode":"πυνθάνομαι","translit":"pynthánomai","definition":"[πυνθάνομαι] middle voice prolonged from a primary πύθω (which occurs only as an alternate in certain tenses); to question, i.e. ascertain by inquiry (as a matter of information merely; and thus differing from {{g2065}}, which properly means a request as a favor; and from {{g154}}, which is strictly a demand for something due; as well as from {{g2212}}, which implies a search for something hidden; and from {{g1189}}, which involves the idea of urgent need); by implication, to learn (by casual intelligence)","strongs_number":"g4441"},"g4442":{"pronunciation":"poor","unicode":"πῦρ","translit":"pŷr","definition":"[πῦρ] a primary word; \"fire\" (literally or figuratively, specially, lightning)","strongs_number":"g4442"},"g4443":{"pronunciation":"poo-rah'","unicode":"πυρά","translit":"pyrá","definition":"[πυρά] from {{g4442}}; a fire (concretely)","strongs_number":"g4443"},"g4444":{"pronunciation":"poor'-gos","unicode":"πύργος","translit":"pýrgos","definition":"[πύργος] apparently a primary word (\"burgh\"); a tower or castle","strongs_number":"g4444"},"g4445":{"pronunciation":"poo-res'-so","unicode":"πυρέσσω","translit":"pyréssō","definition":"[πυρέσσω] from {{g4443}}; to be on fire, i.e. (specially), to have a fever","strongs_number":"g4445"},"g4446":{"pronunciation":"poo-ret-os'","unicode":"πυρετός","translit":"pyretós","definition":"[πυρετός] from {{g4445}}; inflamed, i.e. (by implication) feverish (as noun, fever)","strongs_number":"g4446"},"g4447":{"pronunciation":"poo'-ree-nos","unicode":"πύρινος","translit":"pýrinos","definition":"[πύρινος] from {{g4443}}; fiery, i.e. (by implication) flaming","strongs_number":"g4447"},"g4448":{"pronunciation":"poo-ro'-o","unicode":"πυρόω","translit":"pyróō","definition":"[πυρόω] from {{g4442}}; to kindle, i.e. (passively) to be ignited, glow (literally), be refined (by implication), or (figuratively) to be inflamed (with anger, grief, lust)","strongs_number":"g4448"},"g4449":{"pronunciation":"poor-hrad'-zo","unicode":"πυῤῥάζω","translit":"pyrrházō","definition":"[πυῤῥάζω] from {{g4450}}; to redden (intransitively)","strongs_number":"g4449"},"g4450":{"pronunciation":"poor-hros'","unicode":"πυῤῥός","translit":"pyrrhós","definition":"[πυῤῥός] from {{g4442}}; fire-like, i.e. (specially), flame- colored","strongs_number":"g4450"},"g4451":{"pronunciation":"poo'-ro-sis","unicode":"πύρωσις","translit":"pýrōsis","definition":"[πύρωσις] from {{g4448}}; ignition, i.e. (specially), smelting (figuratively, conflagration, calamity as a test)","strongs_number":"g4451"},"g4452":{"pronunciation":"po","unicode":"-πω","translit":"-pō","definition":"[-πω] another form of the base of {{g4458}}; an enclitic particle of indefiniteness; yet, even; used only in the comparative. See {{g3369}}, {{g3380}}, {{g3764}}, {{g3768}}, {{g4455}}.","strongs_number":"g4452"},"g4453":{"pronunciation":"po-leh'-o","unicode":"πωλέω","translit":"pōléō","definition":"[πωλέω] probably ultimately from πέλομαι (to be busy, to trade); to barter (as a pedlar), i.e. to sell","strongs_number":"g4453"},"g4454":{"pronunciation":"po'-los","unicode":"πῶλος","translit":"pōlos","definition":"[πῶλος] apparently a primary word; a \"foal\" or \"filly\", i.e. (specially), a young ass","strongs_number":"g4454"},"g4455":{"pronunciation":"po'-pot-e","unicode":"πώποτε","translit":"pṓpote","definition":"[πώποτε] from {{g4452}} and {{g4218}}; at any time, i.e. (with negative particle) at no time","strongs_number":"g4455"},"g4456":{"pronunciation":"po-ro'-o","unicode":"πωρόω","translit":"pōróō","definition":"[πωρόω] apparently from πῶρος (a kind of stone); to petrify, i.e. (figuratively) to indurate (render stupid or callous)","strongs_number":"g4456"},"g4457":{"pronunciation":"po'-ro-sis","unicode":"πώρωσις","translit":"pṓrōsis","definition":"[πώρωσις] from {{g4456}}; stupidity or callousness","strongs_number":"g4457"},"g4458":{"pronunciation":"poce","unicode":"-πώς","translit":"-pṓs","definition":"[-πώς] adverb from the base of {{g4225}}; an enclitic particle of indefiniteness of manner; somehow or anyhow; used only in composition See {{g1513}}, {{g3381}}. Compare {{g4459}}.","strongs_number":"g4458"},"g4459":{"pronunciation":"poce","unicode":"πῶς","translit":"pōs","definition":"[πῶς] adverb from the base of {{g4226}}; an interrogative particle of manner; in what way? (sometimes the question is indirect, how?); also as exclamation, how much! (Occasionally unexpressed in English).","strongs_number":"g4459"},"g4460":{"pronunciation":"hrah-ab'","unicode":"Ῥαάβ","translit":"Rhaáb","definition":"[Ῥαάβ] of Hebrew origin ({{h7343}}); Raab (i.e. Rachab), a Canaanitess See also {{g4477}}.","strongs_number":"g4460"},"g4461":{"pronunciation":"hrab-bee'","unicode":"ῥαββί","translit":"rhabbí","definition":"[ῥαββί] of Hebrew origin ({{h7227}} with pronominal suffix); my master, i.e Rabbi, as an official title of honor","strongs_number":"g4461"},"g4462":{"pronunciation":"hrab-bon-ee'","unicode":"ῥαββονί","translit":"rhabboní","definition":"[ῥαββονί] , or      ῥαββουνίof Chaldee origin; corresponding to {{g4461}}","strongs_number":"g4462"},"g4463":{"pronunciation":"hrab-did'-zo","unicode":"ῥαβδίζω","translit":"rhabdízō","definition":"[ῥαβδίζω] from {{g4464}}; to strike with a stick, i.e. bastinado","strongs_number":"g4463"},"g4464":{"pronunciation":"hrab'-dos","unicode":"ῥάβδος","translit":"rhábdos","definition":"[ῥάβδος] from the base of {{g4474}}; a stick or wand (as a cudgel, a cane or a baton of royalty)","strongs_number":"g4464"},"g4465":{"pronunciation":"hrab-doo'-khos","unicode":"ῥαβδοῦχος","translit":"rhabdoûchos","definition":"[ῥαβδοῦχος] from {{g4464}} and {{g2192}}; a rod- (the Latin ) holder, i.e. a Roman lictor (constable or executioner)","strongs_number":"g4465"},"g4466":{"pronunciation":"hrag-ow'","unicode":"Ῥαγαῦ","translit":"Rhagaû","definition":"[Ῥαγαῦ] of Hebrew origin ({{h7466}}); Ragau (i.e. Reu), a patriarch","strongs_number":"g4466"},"g4467":{"pronunciation":"hrad-ee-oorg'-ay-mah","unicode":"ῥᾳδιούργημα","translit":"rhaidioúrgēma","definition":"[ῥᾳδιούργημα] from a comparative of ῥᾴδιος (easy, i.e. reckless) and {{g2041}}; easy-going behavior, i.e. (by extension) a crime","strongs_number":"g4467"},"g4468":{"pronunciation":"hrad-ee-oorg-ee'-a","unicode":"ῥᾳδιουργία","translit":"rhaidiourgía","definition":"[ῥᾳδιουργία] from the same as {{g4467}}; recklessness, i.e. (by extension) malignity","strongs_number":"g4468"},"g4469":{"pronunciation":"rhak-ah'","unicode":"ῥακά","translit":"rhaká","definition":"[ῥακά] of Chaldee origin (compare {{h7386}}); O empty one, i.e. thou worthless (as a term of utter vilification)","strongs_number":"g4469"},"g4470":{"pronunciation":"hrak'-os","unicode":"ῥάκος","translit":"rhákos","definition":"[ῥάκος] from {{g4486}}; a \"rag,\" i.e. piece of cloth","strongs_number":"g4470"},"g4471":{"pronunciation":"hram-ah'","unicode":"Ῥαμᾶ","translit":"Rhamâ","definition":"[Ῥαμᾶ] of Hebrew origin ({{h7414}}); Rama (i.e. Ramah), a place in Palestine","strongs_number":"g4471"},"g4472":{"pronunciation":"hran-tid'-zo","unicode":"ῥαντίζω","translit":"rhantízō","definition":"[ῥαντίζω] from a derivative of ῥαίνω (to sprinkle); to render besprinkled, i.e. asperse (ceremonially or figuratively)","strongs_number":"g4472"},"g4473":{"pronunciation":"hran-tis-mos'","unicode":"ῥαντισμός","translit":"rhantismós","definition":"[ῥαντισμός] from {{g4472}}; aspersion (ceremonially or figuratively)","strongs_number":"g4473"},"g4474":{"pronunciation":"hrap-id'-zo","unicode":"ῥαπίζω","translit":"rhapízō","definition":"[ῥαπίζω] from a derivative of a primary ῥέπω (to let fall, \"rap\"); to slap Compare {{g5180}}.","strongs_number":"g4474"},"g4475":{"pronunciation":"hrap'-is-mah","unicode":"ῥάπισμα","translit":"rhápisma","definition":"[ῥάπισμα] from {{g4474}}; a slap","strongs_number":"g4475"},"g4476":{"pronunciation":"hraf-ece'","unicode":"ῥαφίς","translit":"rhaphís","definition":"[ῥαφίς] from a primary ῥάπτω (to sew; perhaps rather akin to the base of {{g4474}} through the idea of puncturing); a needle","strongs_number":"g4476"},"g4477":{"pronunciation":"hrakh-ab'","unicode":"Ῥαχάβ","translit":"Rhacháb","definition":"[Ῥαχάβ] from the same as {{g4460}}; Rachab, a Canaanitess","strongs_number":"g4477"},"g4478":{"pronunciation":"hrakh-ale'","unicode":"Ῥαχήλ","translit":"Rhachḗl","definition":"[Ῥαχήλ] of Hebrew origin ({{h7354}}); Rachel, the wife of Jacob","strongs_number":"g4478"},"g4479":{"pronunciation":"hreb-bek'-kah","unicode":"Ῥεβέκκα","translit":"Rhebékka","definition":"[Ῥεβέκκα] of Hebrew origin ({{h7259}}); Rebecca (i.e. Ribkah), the wife of Isaac","strongs_number":"g4479"},"g4480":{"pronunciation":"hred'-ah","unicode":"ῥέδα","translit":"rhéda","definition":"[ῥέδα] of Latin origin; a rheda, i.e. four-wheeled carriage (wagon for riding)","strongs_number":"g4480"},"g4481":{"pronunciation":"hrem-fan'","unicode":"Ῥεμφάν","translit":"Rhemphán","definition":"[Ῥεμφάν] by incorrect transliteration for a word of Hebrew origin ({{h3594}}); Remphan (i.e. Kijun), an Egyptian idol","strongs_number":"g4481"},"g4482":{"pronunciation":"hreh'-o","unicode":"ῥέω","translit":"rhéō","definition":"[ῥέω] a primary verb; for some tenses of which a prolonged form      ῥεύω is used to flow (\"run\"; as water)","strongs_number":"g4482"},"g4483":{"pronunciation":"hreh'-o","unicode":"ῥέω","translit":"rhéō","definition":"[ῥέω] , for certain tenses of which a prolonged form      ἐρέω is used; and both as alternate for {{g2036}}perhaps akin (or identical) with {{g4482}} (through the idea of pouring forth); to utter, i.e. speak or say Compare {{g3004}}.","strongs_number":"g4483"},"g4484":{"pronunciation":"hrayg'-ee-on","unicode":"Ῥήγιον","translit":"Rhḗgion","definition":"[Ῥήγιον] of Latin origin; Rhegium, a place in Italy","strongs_number":"g4484"},"g4485":{"pronunciation":"hrayg'-mah","unicode":"ῥῆγμα","translit":"rhēgma","definition":"[ῥῆγμα] from {{g4486}}; something torn, i.e. a fragment (by implication and abstractly, a fall)","strongs_number":"g4485"},"g4486":{"pronunciation":"hrayg'-noo-mee","unicode":"ῥήγνυμι","translit":"rhḗgnymi","definition":"[ῥήγνυμι]  or      ῥήσσωboth prolonged forms of ῥήκω (which appears only in certain forms, and is itself probably a strengthened form of agnumi (see in {{g2608}})); to \"break,\" \"wreck\" or \"crack\", i.e. (especially) to sunder (by separation of the parts; {{g2608}} being its intensive (with the preposition in composition), and {{g2352}} a shattering to minute fragments; but not a reduction to the constituent particles, like {{g3089}}) or disrupt, lacerate; by implication, to convulse (with spasms); figuratively, to give vent to joyful emotions","strongs_number":"g4486"},"g4487":{"pronunciation":"hray'-mah","unicode":"ῥῆμα","translit":"rhēma","definition":"[ῥῆμα] from {{g4483}}; an utterance (individually, collectively or specially),; by implication, a matter or topic (especially of narration, command or dispute); with a negative naught whatever","strongs_number":"g4487"},"g4488":{"pronunciation":"hray-sah'","unicode":"Ῥησά","translit":"Rhēsá","definition":"[Ῥησά] probably of Hebrew origin (apparently for {{h7509}}); Resa (i.e. Rephajah), an Israelite","strongs_number":"g4488"},"g4489":{"pronunciation":"hray'-tore","unicode":"ῥήτωρ","translit":"rhḗtōr","definition":"[ῥήτωρ] from {{g4483}}; a speaker, i.e. (by implication) a forensic advocate","strongs_number":"g4489"},"g4490":{"pronunciation":"hray-toce'","unicode":"ῥητῶς","translit":"rhētōs","definition":"[ῥητῶς] adverb from a derivative of {{g4483}}; out-spokenly, i.e. distinctly","strongs_number":"g4490"},"g4491":{"pronunciation":"hrid'-zah","unicode":"ῥίζα","translit":"rhíza","definition":"[ῥίζα] apparently a primary word; a \"root\" (literally or figuratively)","strongs_number":"g4491"},"g4492":{"pronunciation":"hrid-zo'-o","unicode":"ῥιζόω","translit":"rhizóō","definition":"[ῥιζόω] from {{g4491}}; to root (figuratively, become stable)","strongs_number":"g4492"},"g4493":{"pronunciation":"hree-pay'","unicode":"ῥιπή","translit":"rhipḗ","definition":"[ῥιπή] from {{g4496}}; a jerk (of the eye, i.e. (by analogy) an instant)","strongs_number":"g4493"},"g4494":{"pronunciation":"hrip-id'-zo","unicode":"ῥιπίζω","translit":"rhipízō","definition":"[ῥιπίζω] from a derivative of {{g4496}} (meaning a fan or bellows); to breeze up, i.e. (by analogy) to agitate (into waves)","strongs_number":"g4494"},"g4495":{"pronunciation":"hrip-teh'-o","unicode":"ῥιπτέω","translit":"rhiptéō","definition":"[ῥιπτέω] from a derivative of {{g4496}}; to toss up","strongs_number":"g4495"},"g4496":{"pronunciation":"hrip'-to","unicode":"ῥίπτω","translit":"rhíptō","definition":"[ῥίπτω] a primary verb (perhaps rather akin to the base of {{g4474}}, through the idea of sudden motion); to fling (properly, with a quick toss, thus differing from {{g906}}, which denotes a deliberate hurl; and from τείνω (see in {{g1614}}), which indicates an extended projection); by qualification, to deposit (as if a load); by extension, to disperse","strongs_number":"g4496"},"g4497":{"pronunciation":"hrob-o-am'","unicode":"Ῥοβοάμ","translit":"Rhoboám","definition":"[Ῥοβοάμ] of Hebrew origin ({{h7346}}); Roboam (i.e. Rechobam), an Israelite","strongs_number":"g4497"},"g4498":{"pronunciation":"hrod'-ay","unicode":"Ῥόδη","translit":"Rhódē","definition":"[Ῥόδη] probably for rhode (a rose); Rode, a servant girl","strongs_number":"g4498"},"g4499":{"pronunciation":"hrod'-os","unicode":"Ῥόδος","translit":"Rhódos","definition":"[Ῥόδος] probably from ῥόδον (a rose); Rhodus, an island of the Mediterranean","strongs_number":"g4499"},"g4500":{"pronunciation":"hroyd-zay-don'","unicode":"ῥοιζηδόν","translit":"rhoizēdón","definition":"[ῥοιζηδόν] adverb from a derivative of ῥοῖζος (a whir); whizzingly, i.e. with a crash","strongs_number":"g4500"}}