{"g4801":{"pronunciation":"sood-zyoog'-noo-mee","unicode":"συζεύγνυμι","translit":"syzeúgnymi","definition":"[συζεύγνυμι] from {{g4862}} and the base of {{g2201}}; to yoke together, i.e. (figuratively) conjoin (in marriage)","strongs_number":"g4801"},"g4802":{"pronunciation":"sood-zay-teh'-o","unicode":"συζητέω","translit":"syzētéō","definition":"[συζητέω] from {{g4862}} and {{g2212}}; to investigate jointly, i.e. discuss, controvert, cavil","strongs_number":"g4802"},"g4803":{"pronunciation":"sood-zay'-tay-sis","unicode":"συζήτησις","translit":"syzḗtēsis","definition":"[συζήτησις] from {{g4802}}; mutual questioning, i.e. discussion","strongs_number":"g4803"},"g4804":{"pronunciation":"sood-zay-tay-tace'","unicode":"συζητητής","translit":"syzētētḗs","definition":"[συζητητής] from {{g4802}}; a disputant, i.e. sophist","strongs_number":"g4804"},"g4805":{"pronunciation":"sood'-zoo-gos","unicode":"σύζυγος","translit":"sýzygos","definition":"[σύζυγος] from {{g4801}}; co-yoked, i.e. (figuratively) as noun, a colleague; probably rather as a proper name; Syzygus, a Christian","strongs_number":"g4805"},"g4806":{"pronunciation":"sood-zo-op-oy-eh'-o","unicode":"συζωοποιέω","translit":"syzōopoiéō","definition":"[συζωοποιέω] from {{g4862}} and {{g2227}}; to reanimate conjointly with (figuratively)","strongs_number":"g4806"},"g4807":{"pronunciation":"soo-kam'-ee-nos","unicode":"συκάμινος","translit":"sykáminos","definition":"[συκάμινος] of Hebrew origin ({{h8256}}) in imitation of {{g4809}}; a sycamore-fig tree","strongs_number":"g4807"},"g4808":{"pronunciation":"soo-kay'","unicode":"συκῆ","translit":"sykē","definition":"[συκῆ] from {{g4810}}; a fig-tree","strongs_number":"g4808"},"g4809":{"pronunciation":"soo-kom-o-rah'-yah","unicode":"συκομωραία","translit":"sykomōraía","definition":"[συκομωραία] from {{g4810}} and μόρον (the mulberry); the \"sycamore\"-fig tree Compare {{g4807}}.","strongs_number":"g4809"},"g4810":{"pronunciation":"soo'-kon","unicode":"σῦκον","translit":"sŷkon","definition":"[σῦκον] apparently a primary word; a fig","strongs_number":"g4810"},"g4811":{"pronunciation":"soo-kof-an-teh'-o","unicode":"συκοφαντέω","translit":"sykophantéō","definition":"[συκοφαντέω] from a compound of {{g4810}} and a derivative of {{g5316}}; to be a fig-informer (reporter of the law forbidding the exportation of figs from Greece), \"sycophant\", i.e. (genitive and by extension) to defraud (exact unlawfully, extort)","strongs_number":"g4811"},"g4812":{"pronunciation":"soo-lag-ogue-eh'-o","unicode":"συλαγωγέω","translit":"sylagōgéō","definition":"[συλαγωγέω] from the base of {{g4813}} and (the reduplicated form of) {{g71}}; to lead away as booty, i.e. (figuratively) seduce","strongs_number":"g4812"},"g4813":{"pronunciation":"soo-lah'-o","unicode":"συλάω","translit":"syláō","definition":"[συλάω] from a derivative of σύλλω (to strip; probably akin to {{g138}}; compare {{g4661}}); to despoil","strongs_number":"g4813"},"g4814":{"pronunciation":"sool-lal-eh'-o","unicode":"συλλαλέω","translit":"syllaléō","definition":"[συλλαλέω] from {{g4862}} and {{g2980}}; to talk together, i.e. converse","strongs_number":"g4814"},"g4815":{"pronunciation":"sool-lam-ban'-o","unicode":"συλλαμβάνω","translit":"syllambánō","definition":"[συλλαμβάνω] from {{g4862}} and {{g2983}}; to clasp, i.e. seize (arrest, capture); specially, to conceive (literally or figuratively); by implication, to aid","strongs_number":"g4815"},"g4816":{"pronunciation":"sool-leg'-o","unicode":"συλλέγω","translit":"syllégō","definition":"[συλλέγω] from {{g4862}} and {{g3004}} in its original sense; to collect","strongs_number":"g4816"},"g4817":{"pronunciation":"sool-log-id'-zom-ahee","unicode":"συλλογίζομαι","translit":"syllogízomai","definition":"[συλλογίζομαι] from {{g4862}} and {{g3049}}; to reckon together (with oneself), i.e. deliberate","strongs_number":"g4817"},"g4818":{"pronunciation":"sool-loop-eh'-o","unicode":"συλλυπέω","translit":"syllypéō","definition":"[συλλυπέω] from {{g4862}} and {{g3076}}; to afflict jointly, i.e. (passive) sorrow at (on account of) someone","strongs_number":"g4818"},"g4819":{"pronunciation":"soom-bah'-ee-no","unicode":"συμβαίνω","translit":"symbaínō","definition":"[συμβαίνω] from {{g4862}} and the base of {{g939}}; to walk (figuratively, transpire) together, i.e. concur (take place)","strongs_number":"g4819"},"g4820":{"pronunciation":"soom-bal'-lo","unicode":"συμβάλλω","translit":"symbállō","definition":"[συμβάλλω] from {{g4862}} and {{g906}}; to combine, i.e. (in speaking) to converse, consult, dispute, (mentally) to consider, (by implication) to aid, (personally) to join, attack","strongs_number":"g4820"},"g4821":{"pronunciation":"soom-bas-il-yoo'-o","unicode":"συμβασιλεύω","translit":"symbasileúō","definition":"[συμβασιλεύω] from {{g4862}} and {{g936}}; to be co-regent (figuratively)","strongs_number":"g4821"},"g4822":{"pronunciation":"soom-bib-ad'-zo","unicode":"συμβιβάζω","translit":"symbibázō","definition":"[συμβιβάζω] from {{g4862}} and βιβάζω (to force; causative (by reduplication) of the base of {{g939}}); to drive together, i.e. unite (in association or affection), (mentally) to infer, show, teach","strongs_number":"g4822"},"g4823":{"pronunciation":"soom-bool-yoo'-o","unicode":"συμβουλεύω","translit":"symbouleúō","definition":"[συμβουλεύω] from {{g4862}} and {{g1011}}; to give (or take) advice jointly, i.e. recommend, deliberate or determine","strongs_number":"g4823"},"g4824":{"pronunciation":"soom-boo'-lee-on","unicode":"συμβούλιον","translit":"symboúlion","definition":"[συμβούλιον] neuter of a presumed derivative of {{g4825}}; advisement; specially, a deliberative body, i.e. the provincial assessors or lay-court","strongs_number":"g4824"},"g4825":{"pronunciation":"soom'-boo-los","unicode":"σύμβουλος","translit":"sýmboulos","definition":"[σύμβουλος] from {{g4862}} and {{g1012}}; a consultor, i.e. adviser","strongs_number":"g4825"},"g4826":{"pronunciation":"soom-eh-one'","unicode":"Συμεών","translit":"Symeṓn","definition":"[Συμεών] from the same as {{g4613}}; Symeon (i.e. Shimon), the name of five Israelites","strongs_number":"g4826"},"g4827":{"pronunciation":"soom-math-ay-tace'","unicode":"συμμαθητής","translit":"symmathētḗs","definition":"[συμμαθητής] from a compound of {{g4862}} and {{g3129}}; a co-learner (of Christianity)","strongs_number":"g4827"},"g4828":{"pronunciation":"soom-mar-too-reh'-o","unicode":"συμμαρτυρέω","translit":"symmartyréō","definition":"[συμμαρτυρέω] from {{g4862}} and {{g3140}}; to testify jointly, i.e. corroborate by (concurrent) evidence","strongs_number":"g4828"},"g4829":{"pronunciation":"soom-mer-id'-zom-ahee","unicode":"συμμερίζομαι","translit":"symmerízomai","definition":"[συμμερίζομαι] middle voice from {{g4862}} and {{g3307}}; to share jointly, i.e. participate in","strongs_number":"g4829"},"g4830":{"pronunciation":"soom-met'-okh-os","unicode":"συμμέτοχος","translit":"symmétochos","definition":"[συμμέτοχος] from {{g4862}} and {{g3353}}; a co-participant","strongs_number":"g4830"},"g4831":{"pronunciation":"soom-mim-ay-tace'","unicode":"συμμιμητής","translit":"symmimētḗs","definition":"[συμμιμητής] from a presumed compound of {{g4862}} and {{g3401}}; a co-imitator, i.e. fellow votary","strongs_number":"g4831"},"g4832":{"pronunciation":"soom-mor-fos'","unicode":"σύμμορφος","translit":"sýmmorphos","definition":"[σύμμορφος] from {{g4862}} and {{g3444}}; jointly formed, i.e. (figuratively) similar","strongs_number":"g4832"},"g4833":{"pronunciation":"soom-mor-fo'-o","unicode":"συμμορφόω","translit":"symmorphóō","definition":"[συμμορφόω] from {{g4832}}; to render like, i.e. (figuratively) to assimilate","strongs_number":"g4833"},"g4834":{"pronunciation":"soom-path-eh'-o","unicode":"συμπαθέω","translit":"sympathéō","definition":"[συμπαθέω] from {{g4835}}; to feel \"sympathy\" with, i.e. (by implication) to commiserate","strongs_number":"g4834"},"g4835":{"pronunciation":"soom-path-ace'","unicode":"συμπαθής","translit":"sympathḗs","definition":"[συμπαθής] from {{g4841}}; having a fellow-feeling (\"sympathetic\"), i.e. (by implication) mutually commiserative","strongs_number":"g4835"},"g4836":{"pronunciation":"soom-par-ag-in'-om-ahee","unicode":"συμπαραγίνομαι","translit":"symparagínomai","definition":"[συμπαραγίνομαι] from {{g4862}} and {{g3854}}; to be present together, i.e. to convene; by implication, to appear in aid","strongs_number":"g4836"},"g4837":{"pronunciation":"soom-par-ak-al-eh'-o","unicode":"συμπαρακαλέω","translit":"symparakaléō","definition":"[συμπαρακαλέω] from {{g4862}} and {{g3870}}; to console jointly","strongs_number":"g4837"},"g4838":{"pronunciation":"soom-par-al-am-ban'-o","unicode":"συμπαραλαμβάνω","translit":"symparalambánō","definition":"[συμπαραλαμβάνω] from {{g4862}} and {{g3880}}; to take along in company","strongs_number":"g4838"},"g4839":{"pronunciation":"soom-par-am-en'-o","unicode":"συμπαραμένω","translit":"symparaménō","definition":"[συμπαραμένω] from {{g4862}} and {{g3887}}; to remain in company, i.e. still live","strongs_number":"g4839"},"g4840":{"pronunciation":"soom-par'-i-mee","unicode":"συμπάρειμι","translit":"sympáreimi","definition":"[συμπάρειμι] from {{g4862}} and {{g3918}}; to be at hand together, i.e. now present","strongs_number":"g4840"},"g4841":{"pronunciation":"soom-pas'-kho","unicode":"συμπάσχω","translit":"sympáschō","definition":"[συμπάσχω] from {{g4862}} and {{g3958}} (including its alternate); to experience pain jointly or of the same kind (specially, persecution; to \"sympathize\")","strongs_number":"g4841"},"g4842":{"pronunciation":"soom-pem'-po","unicode":"συμπέμπω","translit":"sympémpō","definition":"[συμπέμπω] from {{g4862}} and {{g3992}}; to despatch in company","strongs_number":"g4842"},"g4843":{"pronunciation":"soom-per-ee-lam-ban'-o","unicode":"συμπεριλαμβάνω","translit":"symperilambánō","definition":"[συμπεριλαμβάνω] from {{g4862}} and a compound of {{g4012}} and {{g2983}}; to take by enclosing altogether, i.e. earnestly throw the arms about one","strongs_number":"g4843"},"g4844":{"pronunciation":"soom-pee'-no","unicode":"συμπίνω","translit":"sympínō","definition":"[συμπίνω] from {{g4862}} and {{g4095}}; to partake a beverage in company","strongs_number":"g4844"},"g4845":{"pronunciation":"soom-play-ro'-o","unicode":"συμπληρόω","translit":"symplēróō","definition":"[συμπληρόω] from {{g4862}} and {{g4137}}; to implenish completely, i.e. (of space) to swamp (a boat), or (of time) to accomplish (passive, be complete)","strongs_number":"g4845"},"g4846":{"pronunciation":"soom-pnee'-go","unicode":"συμπνίγω","translit":"sympnígō","definition":"[συμπνίγω] from {{g4862}} and {{g4155}}; to strangle completely, i.e. (literally) to drown, or (figuratively) to crowd","strongs_number":"g4846"},"g4847":{"pronunciation":"soom-pol-ee'-tace","unicode":"συμπολίτης","translit":"sympolítēs","definition":"[συμπολίτης] from {{g4862}} and {{g4177}}; a native of the same town, i.e. (figuratively) co-religionist (fellow-Christian)","strongs_number":"g4847"},"g4848":{"pronunciation":"soom-por-yoo'-om-ahee","unicode":"συμπορεύομαι","translit":"symporeúomai","definition":"[συμπορεύομαι] from {{g4862}} and {{g4198}}; to journey together; by implication, to assemble","strongs_number":"g4848"},"g4849":{"pronunciation":"soom-pos'-ee-on","unicode":"συμπόσιον","translit":"sympósion","definition":"[συμπόσιον] neuter of a derivative of the alternate of {{g4844}}; a drinking-party (\"symposium\"), i.e. (by extension) a room of guests","strongs_number":"g4849"},"g4850":{"pronunciation":"soom-pres-boo'-ter-os","unicode":"συμπρεσβύτερος","translit":"sympresbýteros","definition":"[συμπρεσβύτερος] from {{g4862}} and {{g4245}}; a co-presbyter","strongs_number":"g4850"},"g4851":{"pronunciation":"soom-fer'-o","unicode":"συμφέρω","translit":"symphérō","definition":"[συμφέρω] from {{g4862}} and {{g5342}} (including its alternate); to bear together (contribute), i.e. (literally) to collect, or (figuratively) to conduce; especially (neuter participle as a noun) advantage","strongs_number":"g4851"},"g4852":{"pronunciation":"soom'-fay-mee","unicode":"σύμφημι","translit":"sýmphēmi","definition":"[σύμφημι] from {{g4862}} and {{g5346}}; to say jointly, i.e. assent to","strongs_number":"g4852"},"g4853":{"pronunciation":"soom-foo-let'-ace","unicode":"συμφυλέτης","translit":"symphylétēs","definition":"[συμφυλέτης] from {{g4862}} and a derivative of {{g5443}}; a co-tribesman, i.e. native of the same country","strongs_number":"g4853"},"g4854":{"pronunciation":"soom'-foo-tos","unicode":"σύμφυτος","translit":"sýmphytos","definition":"[σύμφυτος] from {{g4862}} and a derivative of {{g5453}}; grown along with (connate), i.e. (figuratively) closely united to","strongs_number":"g4854"},"g4855":{"pronunciation":"soom-foo'-o","unicode":"συμφύω","translit":"symphýō","definition":"[συμφύω] from {{g4862}} and {{g5453}}; passive, to grow jointly","strongs_number":"g4855"},"g4856":{"pronunciation":"soom-fo-neh'-o","unicode":"συμφωνέω","translit":"symphōnéō","definition":"[συμφωνέω] from {{g4859}}; to be harmonious, i.e. (figuratively) to accord (be suitable, concur) or stipulate (by compact)","strongs_number":"g4856"},"g4857":{"pronunciation":"soom-fo'-nay-sis","unicode":"συμφώνησις","translit":"symphṓnēsis","definition":"[συμφώνησις] from {{g4856}}; accordance","strongs_number":"g4857"},"g4858":{"pronunciation":"soom-fo-nee'-ah","unicode":"συμφωνία","translit":"symphōnía","definition":"[συμφωνία] from {{g4859}}; unison of sound (\"symphony\"), i.e. a concert of instruments (harmonious note)","strongs_number":"g4858"},"g4859":{"pronunciation":"soom'-fo-nos","unicode":"σύμφωνος","translit":"sýmphōnos","definition":"[σύμφωνος] from {{g4862}} and {{g5456}}; sounding together (alike), i.e. (figuratively) accordant (neuter as noun, agreement)","strongs_number":"g4859"},"g4860":{"pronunciation":"soom-psay-fid'-zo","unicode":"συμψηφίζω","translit":"sympsēphízō","definition":"[συμψηφίζω] from {{g4862}} and {{g5585}}; to compute jointly","strongs_number":"g4860"},"g4861":{"pronunciation":"soom'-psoo-khos","unicode":"σύμψυχος","translit":"sýmpsychos","definition":"[σύμψυχος] from {{g4862}} and {{g5590}}; co-spirited, i.e. similar in sentiment","strongs_number":"g4861"},"g4862":{"pronunciation":"soon","unicode":"σύν","translit":"sýn","definition":"[σύν] a primary preposition denoting union; with or together (but much closer than {{g3326}} or {{g3844}}), i.e. by association, companionship, process, resemblance, possession, instrumentality, addition, etc. In composition it has similar applications, including completeness.","strongs_number":"g4862"},"g4863":{"pronunciation":"soon-ag'-o","unicode":"συνάγω","translit":"synágō","definition":"[συνάγω] from {{g4862}} and {{g71}}; to lead together, i.e. collect or convene; specially, to entertain (hospitably)","strongs_number":"g4863"},"g4864":{"pronunciation":"soon-ag-o-gay'","unicode":"συναγωγή","translit":"synagōgḗ","definition":"[συναγωγή] from (the reduplicated form of) {{g4863}}; an assemblage of persons; specially, a Jewish \"synagogue\" (the meeting or the place); by analogy, a Christian church","strongs_number":"g4864"},"g4865":{"pronunciation":"soon-ag-o-nid'-zom-ahee","unicode":"συναγωνίζομαι","translit":"synagōnízomai","definition":"[συναγωνίζομαι] from {{g4862}} and {{g75}}; to struggle in company with, i.e. (figuratively) to be a partner (assistant)","strongs_number":"g4865"},"g4866":{"pronunciation":"soon-ath-leh'-o","unicode":"συναθλέω","translit":"synathléō","definition":"[συναθλέω] from {{g4862}} and {{g118}}; to wrestle in company with, i.e. (figuratively) to seek jointly","strongs_number":"g4866"},"g4867":{"pronunciation":"soon-ath-royd'-zo","unicode":"συναθροίζω","translit":"synathroízō","definition":"[συναθροίζω] from {{g4862}} and ἀθροίζω (to hoard); to convene","strongs_number":"g4867"},"g4868":{"pronunciation":"soon-ah'-ee-ro","unicode":"συναίρω","translit":"synaírō","definition":"[συναίρω] from {{g4862}} and {{g142}}; to make up together, i.e. (figuratively) to compute (an account)","strongs_number":"g4868"},"g4869":{"pronunciation":"soon-aheekh-mal'-o-tos","unicode":"συναιχμάλωτος","translit":"synaichmálōtos","definition":"[συναιχμάλωτος] from {{g4862}} and {{g164}}; a co-captive","strongs_number":"g4869"},"g4870":{"pronunciation":"soon-ak-ol-oo-theh'-o","unicode":"συνακολουθέω","translit":"synakolouthéō","definition":"[συνακολουθέω] from {{g4862}} and {{g190}}; to accompany","strongs_number":"g4870"},"g4871":{"pronunciation":"soon-al-id'-zo","unicode":"συναλίζω","translit":"synalízō","definition":"[συναλίζω] from {{g4862}} and ἁλίζω (to throng); to accumulate, i.e. convene","strongs_number":"g4871"},"g4872":{"pronunciation":"soon-an-ab-ah'-ee-no","unicode":"συναναβαίνω","translit":"synanabaínō","definition":"[συναναβαίνω] from {{g4862}} and {{g305}}; to ascend in company with","strongs_number":"g4872"},"g4873":{"pronunciation":"soon-an-ak'-i-mahee","unicode":"συνανάκειμαι","translit":"synanákeimai","definition":"[συνανάκειμαι] from {{g4862}} and {{g345}}; to recline in company with (at a meal)","strongs_number":"g4873"},"g4874":{"pronunciation":"soon-an-am-ig'-noo-mee","unicode":"συναναμίγνυμι","translit":"synanamígnymi","definition":"[συναναμίγνυμι] from {{g4862}} and a compound of {{g303}} and {{g3396}}; to mix up together, i.e. (figurative) associate with","strongs_number":"g4874"},"g4875":{"pronunciation":"soon-an-ap-ow'-om-ahee","unicode":"συναναπαύομαι","translit":"synanapaúomai","definition":"[συναναπαύομαι] middle from {{g4862}} and {{g373}}; to recruit oneself in company with","strongs_number":"g4875"},"g4876":{"pronunciation":"soon-an-tah'-o","unicode":"συναντάω","translit":"synantáō","definition":"[συναντάω] from {{g4862}} and a derivative of {{g473}}; to meet with; figuratively, to occur","strongs_number":"g4876"},"g4877":{"pronunciation":"soon-an'-tay-sis","unicode":"συνάντησις","translit":"synántēsis","definition":"[συνάντησις] from {{g4876}}; a meeting with","strongs_number":"g4877"},"g4878":{"pronunciation":"soon-an-tee-lam-ban'-om-ahee","unicode":"συναντιλαμβάνομαι","translit":"synantilambánomai","definition":"[συναντιλαμβάνομαι] from {{g4862}} and {{g482}}; to take hold of opposite together, i.e. co-operate (assist)","strongs_number":"g4878"},"g4879":{"pronunciation":"soon-ap-ag'-o","unicode":"συναπάγω","translit":"synapágō","definition":"[συναπάγω] from {{g4862}} and {{g520}}; to take off together, i.e. transport with (seduce, passively, yield)","strongs_number":"g4879"},"g4880":{"pronunciation":"soon-ap-oth-nace'-ko","unicode":"συναποθνήσκω","translit":"synapothnḗskō","definition":"[συναποθνήσκω] from {{g4862}} and {{g599}}; to decease (literally) in company with, or (figuratively), similarly to","strongs_number":"g4880"},"g4881":{"pronunciation":"soon-ap-ol'-loo-mee","unicode":"συναπόλλυμι","translit":"synapóllymi","definition":"[συναπόλλυμι] from {{g4862}} and {{g622}}; to destroy (middle voice or passively, be slain) in company with","strongs_number":"g4881"},"g4882":{"pronunciation":"soon-ap-os-tel'-lo","unicode":"συναποστέλλω","translit":"synapostéllō","definition":"[συναποστέλλω] from {{g4862}} and {{g649}}; to despatch (on an errand) in company with","strongs_number":"g4882"},"g4883":{"pronunciation":"soon-ar-mol-og-eh'-o","unicode":"συναρμολογέω","translit":"synarmologéō","definition":"[συναρμολογέω] from {{g4862}} and a derivative of a compound of {{g719}} and {{g3004}} (in its original sense of laying); to render close-jointed together, i.e. organize compactly","strongs_number":"g4883"},"g4884":{"pronunciation":"soon-ar-pad'-zo","unicode":"συναρπάζω","translit":"synarpázō","definition":"[συναρπάζω] from {{g4862}} and {{g726}}; to snatch together, i.e. seize","strongs_number":"g4884"},"g4885":{"pronunciation":"soon-owx-an'-o","unicode":"συναυξάνω","translit":"synauxánō","definition":"[συναυξάνω] from {{g4862}} and {{g837}}; to increase (grow up) together","strongs_number":"g4885"},"g4886":{"pronunciation":"soon'-des-mos","unicode":"σύνδεσμος","translit":"sýndesmos","definition":"[σύνδεσμος] from {{g4862}} and {{g1199}}; a joint tie, i.e. ligament, (figuratively) uniting principle, control","strongs_number":"g4886"},"g4887":{"pronunciation":"soon-deh'-o","unicode":"συνδέω","translit":"syndéō","definition":"[συνδέω] from {{g4862}} and {{g1210}}; to bind with, i.e. (passively) be a fellow-prisoner (figuratively)","strongs_number":"g4887"},"g4888":{"pronunciation":"soon-dox-ad'-zo","unicode":"συνδοξάζω","translit":"syndoxázō","definition":"[συνδοξάζω] from {{g4862}} and {{g1392}}; to exalt to dignity in company (i.e. similarly) with","strongs_number":"g4888"},"g4889":{"pronunciation":"soon'-doo-los","unicode":"σύνδουλος","translit":"sýndoulos","definition":"[σύνδουλος] from {{g4862}} and {{g1401}}; a co-slave, i.e. servitor or ministrant of the same master (human or divine)","strongs_number":"g4889"},"g4890":{"pronunciation":"soon-drom-ay'","unicode":"συνδρομή","translit":"syndromḗ","definition":"[συνδρομή] from (the alternate of) {{g4936}}; a running together, i.e. (riotous) concourse","strongs_number":"g4890"},"g4891":{"pronunciation":"soon-eg-i'-ro","unicode":"συνεγείρω","translit":"synegeírō","definition":"[συνεγείρω] from {{g4862}} and {{g1453}}; to rouse (from death) in company with, i.e. (figuratively) to revivify (spirtually) in resemblance to","strongs_number":"g4891"},"g4892":{"pronunciation":"soon-ed'-ree-on","unicode":"συνέδριον","translit":"synédrion","definition":"[συνέδριον] neuter of a presumed derivative of a compound of {{g4862}} and the base of {{g1476}}; a joint session, i.e. (specially), the Jewish Sanhedrin; by analogy, a subordinate tribunal","strongs_number":"g4892"},"g4893":{"pronunciation":"soon-i'-day-sis","unicode":"συνείδησις","translit":"syneídēsis","definition":"[συνείδησις] from a prolonged form of {{g4894}}; co-perception, i.e. moral consciousness","strongs_number":"g4893"},"g4894":{"pronunciation":"soon-i'-do","unicode":"συνείδω","translit":"syneídō","definition":"[συνείδω] from {{g4862}} and {{g1492}}; to see completely; used (like its primary) only in two past tenses, respectively meaning to understand or become aware, and to be conscious or (clandestinely) informed of","strongs_number":"g4894"},"g4895":{"pronunciation":"soon'-i-mee","unicode":"σύνειμι","translit":"sýneimi","definition":"[σύνειμι] from {{g4862}} and {{g1510}} (including its various inflections); to be in company with, i.e. present at the time","strongs_number":"g4895"},"g4896":{"pronunciation":"soon'-i-mee","unicode":"σύνειμι","translit":"sýneimi","definition":"[σύνειμι] from {{g4862}} and εἶμι (to go); to assemble","strongs_number":"g4896"},"g4897":{"pronunciation":"soon-ice-er'-khom-ahee","unicode":"συνεισέρχομαι","translit":"syneisérchomai","definition":"[συνεισέρχομαι] from {{g4862}} and {{g1525}}; to enter in company with","strongs_number":"g4897"},"g4898":{"pronunciation":"soon-ek'-day-mos","unicode":"συνέκδημος","translit":"synékdēmos","definition":"[συνέκδημος] from {{g4862}} and the base of {{g1553}}; a co-absentee from home, i.e. fellow-traveller","strongs_number":"g4898"},"g4899":{"pronunciation":"soon-ek-lek-tos'","unicode":"συνεκλεκτός","translit":"syneklektós","definition":"[συνεκλεκτός] from a compound of {{g4862}} and {{g1586}}; chosen in company with, i.e. co-elect (fellow Christian)","strongs_number":"g4899"},"g4900":{"pronunciation":"soon-el-ow'-no","unicode":"συνελαύνω","translit":"synelaúnō","definition":"[συνελαύνω] from {{g4862}} and {{g1643}}; to drive together, i.e. (figuratively) exhort (to reconciliation)","strongs_number":"g4900"}}