{"g5501":{"pronunciation":"khi'-rone","unicode":"χείρων","translit":"cheírōn","definition":"[χείρων] irregular comparative of {{g2556}}; from an obsolete equivalent χέρης (of uncertain derivation); more evil or aggravated (physically, mentally or morally)","strongs_number":"g5501"},"g5502":{"pronunciation":"kher-oo-beem'","unicode":"χερουβίμ","translit":"cheroubím","definition":"[χερουβίμ] plural of Hebrew origin ({{h3742}}); \"cherubim\" (i.e. cherubs or kerubim)","strongs_number":"g5502"},"g5503":{"pronunciation":"khay'-rah","unicode":"χήρα","translit":"chḗra","definition":"[χήρα] feminine of a presumed derivative apparently from the base of {{g5490}} through the idea of deficiency; a widow (as lacking a husband), literally or figuratively","strongs_number":"g5503"},"g5504":{"pronunciation":"khthes","unicode":"χθές","translit":"chthés","definition":"[χθές] of uncertain derivation; \"yesterday\"; by extension, in time past or hitherto","strongs_number":"g5504"},"g5505":{"pronunciation":"khil-ee-as'","unicode":"χιλιάς","translit":"chiliás","definition":"[χιλιάς] from {{g5507}}; one thousand (\"chiliad\")","strongs_number":"g5505"},"g5506":{"pronunciation":"khil-ee'-ar-khos","unicode":"χιλίαρχος","translit":"chilíarchos","definition":"[χιλίαρχος] from {{g5507}} and {{g757}}; the commander of a thousand soldiers (\"chiliarch\"; i.e. colonel","strongs_number":"g5506"},"g5507":{"pronunciation":"khil'-ee-oy","unicode":"χίλιοι","translit":"chílioi","definition":"[χίλιοι] plural of uncertain affinity; a thousand","strongs_number":"g5507"},"g5508":{"pronunciation":"khee'-os","unicode":"Χίος","translit":"Chíos","definition":"[Χίος] of uncertain derivation; Chios, an island in the Mediterranean","strongs_number":"g5508"},"g5509":{"pronunciation":"khee-tone'","unicode":"χιτών","translit":"chitṓn","definition":"[χιτών] of foreign origin ({{h3801}}); a tunic or shirt","strongs_number":"g5509"},"g5510":{"pronunciation":"khee-one'","unicode":"χιών","translit":"chiṓn","definition":"[χιών] perhaps akin to the base of {{g5490}} ({{g5465}}) or {{g5494}} (as descending or empty); snow","strongs_number":"g5510"},"g5511":{"pronunciation":"khlam-ooce'","unicode":"χλαμύς","translit":"chlamýs","definition":"[χλαμύς] of uncertain derivation; a military cloak","strongs_number":"g5511"},"g5512":{"pronunciation":"khlyoo-ad'-zo","unicode":"χλευάζω","translit":"chleuázō","definition":"[χλευάζω] from a derivative probably of {{g5491}}; to throw out the lip, i.e. jeer at","strongs_number":"g5512"},"g5513":{"pronunciation":"khlee-ar-os'","unicode":"χλιαρός","translit":"chliarós","definition":"[χλιαρός] from χλίω (to warm); tepid","strongs_number":"g5513"},"g5514":{"pronunciation":"khlo'-ay","unicode":"Χλόη","translit":"Chlóē","definition":"[Χλόη] feminine of apparently a primary word; \"green\"; Chloë, a Christian female","strongs_number":"g5514"},"g5515":{"pronunciation":"khlo-ros'","unicode":"χλωρός","translit":"chlōrós","definition":"[χλωρός] from the same as {{g5514}}; greenish, i.e. verdant, dun-colored","strongs_number":"g5515"},"g5516":{"pronunciation":"khee xee stig'-ma","unicode":"χξϛ","translit":"chx stigma","definition":"[χξϛ] the 22nd, 14th and an obsolete letter ({{g4742}} as a cross) of the Greek alphabet (intermediate between the 5th and 6th), used as numbers; denoting respectively 600, 60 and 6; 666 as a numeral","strongs_number":"g5516"},"g5517":{"pronunciation":"kho-ik-os'","unicode":"χοϊκός","translit":"choïkós","definition":"[χοϊκός] from {{g5522}}; dusty or dirty (soil-like), i.e. (by implication) terrene","strongs_number":"g5517"},"g5518":{"pronunciation":"khoy'-nix","unicode":"χοῖνιξ","translit":"choînix","definition":"[χοῖνιξ] of uncertain derivation; a chœnix or certain dry measure","strongs_number":"g5518"},"g5519":{"pronunciation":"khoy'-ros","unicode":"χοῖρος","translit":"choîros","definition":"[χοῖρος] of uncertain derivation; a hog","strongs_number":"g5519"},"g5520":{"pronunciation":"khol-ah'-o","unicode":"χολάω","translit":"choláō","definition":"[χολάω] from {{g5521}}; to be bilious, i.e. (by implication) irritable (enraged, \"choleric\")","strongs_number":"g5520"},"g5521":{"pronunciation":"khol-ay'","unicode":"χολή","translit":"cholḗ","definition":"[χολή] feminine of an equivalent perhaps akin to the same as 5514 (from the greenish hue); \"gall\" or bile, i.e. (by analogy) poison or an anodyne (wormwood, poppy, etc.)","strongs_number":"g5521"},"g5522":{"pronunciation":"kho'-os","unicode":"χόος","translit":"chóos","definition":"[χόος] from the base of {{g5494}}; a heap (as poured out), i.e. rubbish; loose dirt","strongs_number":"g5522"},"g5523":{"pronunciation":"khor-ad-zin'","unicode":"Χοραζίν","translit":"Chorazín","definition":"[Χοραζίν] of uncertain derivation; Chorazin, a place in Palestine","strongs_number":"g5523"},"g5524":{"pronunciation":"khor-ayg-eh'-o","unicode":"χορηγέω","translit":"chorēgéō","definition":"[χορηγέω] from a compound of {{g5525}} and {{g71}}; to be a dance-leader, i.e. (generally) to furnish","strongs_number":"g5524"},"g5525":{"pronunciation":"khor-os'","unicode":"χορός","translit":"chorós","definition":"[χορός] of uncertain derivation; a ring, i.e. round dance (\"choir\"","strongs_number":"g5525"},"g5526":{"pronunciation":"khor-tad'-zo","unicode":"χορτάζω","translit":"chortázō","definition":"[χορτάζω] from {{g5528}}; to fodder, i.e. (generally) to gorge (supply food in abundance)","strongs_number":"g5526"},"g5527":{"pronunciation":"khor'-tas-mah","unicode":"χόρτασμα","translit":"chórtasma","definition":"[χόρτασμα] from {{g5526}}; forage, i.e. food","strongs_number":"g5527"},"g5528":{"pronunciation":"khor'-tos","unicode":"χόρτος","translit":"chórtos","definition":"[χόρτος] apparently a primary word; a \"court\" or \"garden\", i.e. (by implication, of pasture) herbage or vegetation","strongs_number":"g5528"},"g5529":{"pronunciation":"khood-zas'","unicode":"Χουζᾶς","translit":"Chouzâs","definition":"[Χουζᾶς] of uncertain origin; Chuzas, an officer of Herod","strongs_number":"g5529"},"g5530":{"pronunciation":"khrah'-om-ahee","unicode":"χράομαι","translit":"chráomai","definition":"[χράομαι] middle voice of a primary verb (perhaps rather from {{g5495}}, to handle); to furnish what is needed; (give an oracle, \"graze\" (touch slightly), light upon, etc.), i.e. (by implication) to employ or (by extension) to act towards one in a given manner Compare {{g5531}}; {{g5534}}.","strongs_number":"g5530"},"g5531":{"pronunciation":"khrah'-o","unicode":"χράω","translit":"chráō","definition":"[χράω] probably the same as the base of {{g5530}}; to loan","strongs_number":"g5531"},"g5532":{"pronunciation":"khri'-ah","unicode":"χρεία","translit":"chreía","definition":"[χρεία] from the base of {{g5530}} or {{g5534}}; employment, i.e. an affair; also (by implication) occasion, demand, requirement or destitution","strongs_number":"g5532"},"g5533":{"pronunciation":"khreh-o-fi-let'-ace","unicode":"χρεωφειλέτης","translit":"chreōpheilétēs","definition":"[χρεωφειλέτης] from a derivative of {{g5531}} and {{g3781}}; a loan-ower, i.e. indebted person","strongs_number":"g5533"},"g5534":{"pronunciation":"khray","unicode":"χρή","translit":"chrḗ","definition":"[χρή] third person singular of the same as {{g5530}} or {{g5531}} used impersonally; it needs (must or should) be","strongs_number":"g5534"},"g5535":{"pronunciation":"khrade'-zo","unicode":"χρῄζω","translit":"chrḗizō","definition":"[χρῄζω] from {{g5532}}; to make (i.e. have) necessity, i.e. be in want of","strongs_number":"g5535"},"g5536":{"pronunciation":"khray'-mah","unicode":"χρῆμα","translit":"chrēma","definition":"[χρῆμα] something useful or needed, i.e. wealth, price","strongs_number":"g5536"},"g5537":{"pronunciation":"khray-mat-id'-zo","unicode":"χρηματίζω","translit":"chrēmatízō","definition":"[χρηματίζω] from {{g5536}}; to utter an oracle (compare the original sense of {{g5530}}), i.e. divinely intimate; by implication, (compare the secular sense of {{g5532}}) to constitute a firm for business, i.e. (generally) bear as a title","strongs_number":"g5537"},"g5538":{"pronunciation":"khray-mat-is-mos'","unicode":"χρηματισμός","translit":"chrēmatismós","definition":"[χρηματισμός] from {{g5537}}; a divine response or revelation","strongs_number":"g5538"},"g5539":{"pronunciation":"khray'-see-mos","unicode":"χρήσιμος","translit":"chrḗsimos","definition":"[χρήσιμος] from {{g5540}}; serviceable","strongs_number":"g5539"},"g5540":{"pronunciation":"khray'-sis","unicode":"χρῆσις","translit":"chrēsis","definition":"[χρῆσις] from {{g5530}}; employment, i.e. (specially), sexual intercourse (as an occupation of the body)","strongs_number":"g5540"},"g5541":{"pronunciation":"khraste-yoo'-om-ahee","unicode":"χρηστεύομαι","translit":"chrēsteúomai","definition":"[χρηστεύομαι] middle voice from {{g5543}}; to show oneself useful, i.e. act benevolently","strongs_number":"g5541"},"g5542":{"pronunciation":"khrase-tol-og-ee'-ah","unicode":"χρηστολογία","translit":"chrēstología","definition":"[χρηστολογία] from a compound of {{g5543}} and {{g3004}}; fair speech, i.e. plausibility","strongs_number":"g5542"},"g5543":{"pronunciation":"khrase-tos'","unicode":"χρηστός","translit":"chrēstós","definition":"[χρηστός] from {{g5530}}; employed, i.e. (by implication) useful (in manner or morals)","strongs_number":"g5543"},"g5544":{"pronunciation":"khray-stot'-ace","unicode":"χρηστότης","translit":"chrēstótēs","definition":"[χρηστότης] from {{g5543}}; usefulness, i.e. morally, excellence (in character or demeanor)","strongs_number":"g5544"},"g5545":{"pronunciation":"khris'-mah","unicode":"χρῖσμα","translit":"chrîsma","definition":"[χρῖσμα] from {{g5548}}; an unguent or smearing, i.e. (figuratively) the special endowment (\"chrism\") of the Holy Spirit","strongs_number":"g5545"},"g5546":{"pronunciation":"khris-tee-an-os'","unicode":"Χριστιανός","translit":"Christianós","definition":"[Χριστιανός] from {{g5547}}; a Christian, i.e. follower of Christ","strongs_number":"g5546"},"g5547":{"pronunciation":"khris-tos'","unicode":"Χριστός","translit":"Christós","definition":"[Χριστός] from {{g5548}}; anointed, i.e. the Messiah, an epithet of Jesus","strongs_number":"g5547"},"g5548":{"pronunciation":"khree'-o","unicode":"χρίω","translit":"chríō","definition":"[χρίω] probably akin to {{g5530}} through the idea of contact; to smear or rub with oil, i.e. (by implication) to consecrate to an office or religious service","strongs_number":"g5548"},"g5549":{"pronunciation":"khron-id'-zo","unicode":"χρονίζω","translit":"chronízō","definition":"[χρονίζω] from {{g5550}}; to take time, i.e. linger","strongs_number":"g5549"},"g5550":{"pronunciation":"khron'-os","unicode":"χρόνος","translit":"chrónos","definition":"[χρόνος] of uncertain derivation; a space of time (in general, and thus properly distinguished from {{g2540}}, which designates a fixed or special occasion; and from {{g165}}, which denotes a particular period) or interval; by extension, an individual opportunity; by implication, delay","strongs_number":"g5550"},"g5551":{"pronunciation":"khron-ot-rib-eh'-o","unicode":"χρονοτριβέω","translit":"chronotribéō","definition":"[χρονοτριβέω] from a presumed compound of {{g5550}} and the base of {{g5147}}; to be a time-wearer, i.e. to procrastinate (linger)","strongs_number":"g5551"},"g5552":{"pronunciation":"khroo'-seh-os","unicode":"χρύσεος","translit":"chrýseos","definition":"[χρύσεος] from {{g5557}}; made of gold","strongs_number":"g5552"},"g5553":{"pronunciation":"khroo-see'-on","unicode":"χρυσίον","translit":"chrysíon","definition":"[χρυσίον] diminutive of {{g5557}}; a golden article, i.e. gold plating, ornament, or coin","strongs_number":"g5553"},"g5554":{"pronunciation":"khroo-sod-ak-too'-lee-os","unicode":"χρυσοδακτύλιος","translit":"chrysodaktýlios","definition":"[χρυσοδακτύλιος] from {{g5557}} and {{g1146}}; gold-ringed, i.e. wearing a golden finger-ring or similar jewelry","strongs_number":"g5554"},"g5555":{"pronunciation":"khroo-sol'-ee-thos","unicode":"χρυσόλιθος","translit":"chrysólithos","definition":"[χρυσόλιθος] from {{g5557}} and {{g3037}}; gold-stone, i.e. a yellow gem (\"chrysolite\")","strongs_number":"g5555"},"g5556":{"pronunciation":"khroo-sop'-ras-os","unicode":"χρυσόπρασος","translit":"chrysóprasos","definition":"[χρυσόπρασος] from {{g5557}} and πράσον (a leek); a greenish-yellow gem (\"chrysoprase\")","strongs_number":"g5556"},"g5557":{"pronunciation":"khroo-sos'","unicode":"χρυσός","translit":"chrysós","definition":"[χρυσός] perhaps from the base of {{g5530}} (through the idea of the utility of the metal); gold; by extension, a golden article, as an ornament or coin","strongs_number":"g5557"},"g5558":{"pronunciation":"khroo-so'-o","unicode":"χρυσόω","translit":"chrysóō","definition":"[χρυσόω] from {{g5557}}; to gild, i.e. bespangle with golden ornaments","strongs_number":"g5558"},"g5559":{"pronunciation":"khroce","unicode":"χρώς","translit":"chrṓs","definition":"[χρώς] probably akin to the base of {{g5530}} through the idea of handling; the body (properly, its surface or skin)","strongs_number":"g5559"},"g5560":{"pronunciation":"kho-los'","unicode":"χωλός","translit":"chōlós","definition":"[χωλός] apparently a primary word; \"halt\", i.e. limping","strongs_number":"g5560"},"g5561":{"pronunciation":"kho'-rah","unicode":"χώρα","translit":"chṓra","definition":"[χώρα] feminine of a derivative of the base of {{g5490}} through the idea of empty expanse; room, i.e. a space of territory (more or less extensive; often including its inhabitants) Compare {{g5117}}.","strongs_number":"g5561"},"g5562":{"pronunciation":"kho-reh'-o","unicode":"χωρέω","translit":"chōréō","definition":"[χωρέω] from {{g5561}}; to be in (give) space, i.e. (intransitively) to pass, enter, or (transitively) to hold, admit (literally or figuratively)","strongs_number":"g5562"},"g5563":{"pronunciation":"kho-rid'-zo","unicode":"χωρίζω","translit":"chōrízō","definition":"[χωρίζω] from {{g5561}}; to place room between, i.e. part; reflexively, to go away","strongs_number":"g5563"},"g5564":{"pronunciation":"kho-ree'-on","unicode":"χωρίον","translit":"chōríon","definition":"[χωρίον] diminutive of {{g5561}}; a spot or plot of ground","strongs_number":"g5564"},"g5565":{"pronunciation":"kho-rece'","unicode":"χωρίς","translit":"chōrís","definition":"[χωρίς] adverb from {{g5561}}; at a space, i.e. separately or apart from (often as preposition)","strongs_number":"g5565"},"g5566":{"pronunciation":"kho'-ros","unicode":"χῶρος","translit":"chōros","definition":"[χῶρος] of Latin origin; the north-west wind","strongs_number":"g5566"},"g5567":{"pronunciation":"psal'-lo","unicode":"ψάλλω","translit":"psállō","definition":"[ψάλλω] probably strengthened from ψάω (to rub or touch the surface; compare {{g5597}}); to twitch or twang, i.e. to play on a stringed instrument (celebrate the divine worship with music and accompanying odes)","strongs_number":"g5567"},"g5568":{"pronunciation":"psal-mos'","unicode":"ψαλμός","translit":"psalmós","definition":"[ψαλμός] from {{g5567}}; a set piece of music, i.e. a sacred ode (accompanied with the voice, harp or other instrument; a \"psalm\"); collectively, the book of the Psalms Compare {{g5603}}.","strongs_number":"g5568"},"g5569":{"pronunciation":"psyoo-dad'-el-fos","unicode":"ψευδάδελφος","translit":"pseudádelphos","definition":"[ψευδάδελφος] from {{g5571}} and {{g80}}; a spurious brother, i.e. pretended associate","strongs_number":"g5569"},"g5570":{"pronunciation":"psyoo-dap-os'-tol-os","unicode":"ψευδαπόστολος","translit":"pseudapóstolos","definition":"[ψευδαπόστολος] from {{g5571}} and {{g652}}; a spurious apostle, i.e. pretended pracher","strongs_number":"g5570"},"g5571":{"pronunciation":"psyoo-dace'","unicode":"ψευδής","translit":"pseudḗs","definition":"[ψευδής] from {{g5574}}; untrue, i.e. erroneous, deceitful, wicked","strongs_number":"g5571"},"g5572":{"pronunciation":"psyoo-dod-id-as'-kal-os","unicode":"ψευδοδιδάσκαλος","translit":"pseudodidáskalos","definition":"[ψευδοδιδάσκαλος] from {{g5571}} and {{g1320}}; a spurious teacher, i.e. propagator of erroneous Christian doctrine","strongs_number":"g5572"},"g5573":{"pronunciation":"psyoo-dol-og'-os","unicode":"ψευδολόγος","translit":"pseudológos","definition":"[ψευδολόγος] from {{g5571}} and {{g3004}}; mendacious, i.e. promulgating erroneous Christian doctrine","strongs_number":"g5573"},"g5574":{"pronunciation":"psyoo'-dom-ahee","unicode":"ψεύδομαι","translit":"pseúdomai","definition":"[ψεύδομαι] middle voice of an apparently primary verb; to utter an untruth or attempt to deceive by falsehood","strongs_number":"g5574"},"g5575":{"pronunciation":"psyoo-dom-ar'-toor","unicode":"ψευδομάρτυρ","translit":"pseudomártyr","definition":"[ψευδομάρτυρ] from {{g5571}} and a kindred form of {{g3144}}; a spurious witness, i.e. bearer of untrue testimony","strongs_number":"g5575"},"g5576":{"pronunciation":"psyoo-dom-ar-too-reh'-o","unicode":"ψευδομαρτυρέω","translit":"pseudomartyréō","definition":"[ψευδομαρτυρέω] from {{g5575}}; to be an untrue testifier, i.e. offer falsehood in evidence","strongs_number":"g5576"},"g5577":{"pronunciation":"psyoo-dom-ar-too-ree'-ah","unicode":"ψευδομαρτυρία","translit":"pseudomartyría","definition":"[ψευδομαρτυρία] from {{g5575}}; untrue testimony","strongs_number":"g5577"},"g5578":{"pronunciation":"psyoo-dop-rof-ay'-tace","unicode":"ψευδοπροφήτης","translit":"pseudoprophḗtēs","definition":"[ψευδοπροφήτης] from {{g5571}} and {{g4396}}; a spurious prophet, i.e. pretended foreteller or religious impostor","strongs_number":"g5578"},"g5579":{"pronunciation":"psyoo'-dos","unicode":"ψεῦδος","translit":"pseûdos","definition":"[ψεῦδος] from {{g5574}}; a falsehood","strongs_number":"g5579"},"g5580":{"pronunciation":"psyoo-dokh'-ris-tos","unicode":"ψευδόχριστος","translit":"pseudóchristos","definition":"[ψευδόχριστος] from {{g5571}} and {{g5547}}; a spurious Messiah","strongs_number":"g5580"},"g5581":{"pronunciation":"psyoo-do'-noo-mos","unicode":"ψευδώνυμος","translit":"pseudṓnymos","definition":"[ψευδώνυμος] from {{g5571}} and {{g3686}}; untruly named","strongs_number":"g5581"},"g5582":{"pronunciation":"psyoos'-mah","unicode":"ψεῦσμα","translit":"pseûsma","definition":"[ψεῦσμα] from {{g5574}}; a fabrication, i.e. falsehood","strongs_number":"g5582"},"g5583":{"pronunciation":"psyoos-tace'","unicode":"ψεύστης","translit":"pseústēs","definition":"[ψεύστης] from {{g5574}}; a falsifier","strongs_number":"g5583"},"g5584":{"pronunciation":"psay-laf-ah'-o","unicode":"ψηλαφάω","translit":"psēlapháō","definition":"[ψηλαφάω] from the base of {{g5567}} (compare {{g5586}}); to manipulate, i.e. verify by contact; figuratively, to search for","strongs_number":"g5584"},"g5585":{"pronunciation":"psay-fid'-zo","unicode":"ψηφίζω","translit":"psēphízō","definition":"[ψηφίζω] from {{g5586}}; to use pebbles in enumeration, i.e. (generally) to compute","strongs_number":"g5585"},"g5586":{"pronunciation":"psay'-fos","unicode":"ψῆφος","translit":"psēphos","definition":"[ψῆφος] from the same as {{g5584}}; a pebble (as worn smooth by handling), i.e. (by implication, of use as a counter or ballot) a verdict (of acquittal) or ticket (of admission); a vote","strongs_number":"g5586"},"g5587":{"pronunciation":"psith-oo-ris-mos'","unicode":"ψιθυρισμός","translit":"psithyrismós","definition":"[ψιθυρισμός] from a derivative of ψίθος (a whisper; by implication, a slander; probably akin to {{g5574}}); whispering, i.e. secret detraction","strongs_number":"g5587"},"g5588":{"pronunciation":"psith-oo-ris-tace'","unicode":"ψιθυριστής","translit":"psithyristḗs","definition":"[ψιθυριστής] from the same as {{g5587}}; a secret calumniator","strongs_number":"g5588"},"g5589":{"pronunciation":"psikh-ee'-on","unicode":"ψιχίον","translit":"psichíon","definition":"[ψιχίον] diminutive from a derivative of the base of {{g5567}} (meaning a crumb); a little bit or morsel","strongs_number":"g5589"},"g5590":{"pronunciation":"psoo-khay'","unicode":"ψυχή","translit":"psychḗ","definition":"[ψυχή] from {{g5594}}; breath, i.e. (by implication) spirit, abstractly or concretely (the animal sentient principle only; thus distinguished on the one hand from {{g4151}}, which is the rational and immortal soul; and on the other from {{g2222}}, which is mere vitality, even of plants: these terms thus exactly correspond respectively to the Hebrew {{h5315}}, {{h7307}} and {{h2416}})","strongs_number":"g5590"},"g5591":{"pronunciation":"psoo-khee-kos'","unicode":"ψυχικός","translit":"psychikós","definition":"[ψυχικός] from {{g5590}}; sensitive, i.e. animate (in distinction on the one hand from {{g4152}}, which is the higher or renovated nature; and on the other from {{g5446}}, which is the lower or bestial nature)","strongs_number":"g5591"},"g5592":{"pronunciation":"psoo'-khos","unicode":"ψύχος","translit":"psýchos","definition":"[ψύχος] from {{g5594}}; coolness","strongs_number":"g5592"},"g5593":{"pronunciation":"psoo-chros'","unicode":"ψυχρός","translit":"psychrós","definition":"[ψυχρός] from {{g5592}}; chilly (literally or figuratively)","strongs_number":"g5593"},"g5594":{"pronunciation":"psoo'-kho","unicode":"ψύχω","translit":"psýchō","definition":"[ψύχω] a primary verb; to breathe (voluntarily but gently, thus differing on the one hand from {{g4154}}, which denotes properly a forcible respiration; and on the other from the base of {{g109}}, which refers properly to an inanimate breeze), i.e. (by implication, of reduction of temperature by  evaporation) to chill (figuratively)","strongs_number":"g5594"},"g5595":{"pronunciation":"pso-mid'-zo","unicode":"ψωμίζω","translit":"psōmízō","definition":"[ψωμίζω] from the base of {{g5596}}; to supply with bits, i.e. (generally) to nourish","strongs_number":"g5595"},"g5596":{"pronunciation":"pso-mee'-on","unicode":"ψωμίον","translit":"psōmíon","definition":"[ψωμίον] diminutive from a derivative of the base of {{g5597}}; a crumb or morsel (as if rubbed off), i.e. a mouthful","strongs_number":"g5596"},"g5597":{"pronunciation":"pso'-kho","unicode":"ψώχω","translit":"psṓchō","definition":"[ψώχω] prolongation from the same base as {{g5567}}; to triturate, i.e. (by analogy) to rub out (kernels from husks with the fingers or hand)","strongs_number":"g5597"},"g5598":{"pronunciation":"o'-meg-ah","unicode":"Ω","translit":"Ō","definition":"[Ω] the last letter of the Greek alphabet, i.e. (figuratively) the finality","strongs_number":"g5598"},"g5599":{"pronunciation":"o","unicode":"ὦ","translit":"ō","definition":"[ὦ] a primary interjection; as a sign of the vocative case, O; as a note of exclamation, oh","strongs_number":"g5599"},"g5600":{"pronunciation":"o","unicode":"ὦ","translit":"ō","definition":"[ὦ] ,   including the oblique forms, as well as      ἦς;      ἦ;  etc. the subjunctive of {{g1510}}; (may, might, can, could, would, should, must, etc.; also with {{g1487}} and its comparative, as well as with other particles) be","strongs_number":"g5600"}}