{"h101":{"pronunciation":"ag-gawn'","unicode":"אַגָּן","translit":"ʼaggân","definition":"probably from {{h5059}}; a bowl (as pounded out hollow); basin, cup, goblet.","strongs_number":"h101"},"h102":{"pronunciation":"ag-gawf'","unicode":"אַגָּף","translit":"ʼaggâph","definition":"probably from {{h5062}} (through the idea of impending); a cover or heap; i.e.; (only plural) wings of an army, or crowds of troops; bands.","strongs_number":"h102"},"h103":{"pronunciation":"aw-gar'","unicode":"אָגַר","translit":"ʼâgar","definition":"a primitive root; to harvest; gather.","strongs_number":"h103"},"h104":{"pronunciation":"ig-er-aw'","unicode":"אִגְּרָא","translit":"ʼiggᵉrâʼ","definition":"(Aramaic) of Persian origin; an epistle (as carried by a state courier or postman); letter.","strongs_number":"h104"},"h105":{"pronunciation":"ag-ar-tawl'","unicode":"אֲגַרְטָל","translit":"ʼăgarṭâl","definition":"of uncertain derivation; a basin; charger.","strongs_number":"h105"},"h106":{"pronunciation":"eg-rofe'","unicode":"אֶגְרֹף","translit":"ʼegrôph","definition":"from {{h1640}} (in the sense of grasping); the clenched hand; fist.","strongs_number":"h106"},"h107":{"pronunciation":"ig-eh'-reth","unicode":"אִגֶּרֶת","translit":"ʼiggereth","definition":"feminine of {{h104}}; an epistle; letter.","strongs_number":"h107"},"h108":{"pronunciation":"ade","unicode":"אֵד","translit":"ʼêd","definition":"from the same as {{h181}} (in the sense of enveloping); a fog; mist, vapor.","strongs_number":"h108"},"h109":{"pronunciation":"aw-dab'","unicode":"אָדַב","translit":"ʼâdab","definition":"a primitive root; to languish; grieve.","strongs_number":"h109"},"h110":{"pronunciation":"ad-beh-ale'","unicode":"אַדְבְּאֵל","translit":"ʼAdbᵉʼêl","definition":"probably from {{h109}} (in the sense of chastisement) and {{h410}}; disciplined of God; Adbeel, a son of Ishmael; Adbeel.","strongs_number":"h110"},"h111":{"pronunciation":"ad-ad'","unicode":"אֲדַד","translit":"ʼĂdad","definition":"probably an orthographical variation for {{h2301}}; Adad (or Hadad), an Edomite; Hadad.","strongs_number":"h111"},"h112":{"pronunciation":"id-do","unicode":"אִדּוֹ","translit":"ʼIddôw","definition":"of uncertain derivation; Iddo, an Israelite; Iddo.","strongs_number":"h112"},"h113":{"pronunciation":"aw-done'","unicode":"אָדוֹן","translit":"ʼâdôwn","definition":"or (shortened) אָדֹן; from an unused root (meaning to rule); sovereign, i.e. controller (human or divine); lord, master, owner. Compare also names beginning with 'Adoni-'.","strongs_number":"h113"},"h114":{"pronunciation":"ad-done'","unicode":"אַדּוֹן","translit":"ʼAddôwn","definition":"probably intensive for {{h113}}; powerful; Addon, apparently an Israelite; Addon.","strongs_number":"h114"},"h115":{"pronunciation":"ad-o-rah'-yim","unicode":"אֲדוֹרַיִם","translit":"ʼĂdôwrayim","definition":"dual from {{h142}} (in the sense of eminence); double mound; Adorajim, a place in Palestine; Adoraim.","strongs_number":"h115"},"h116":{"pronunciation":"ed-ah'-yin","unicode":"אֱדַיִן","translit":"ʼĕdayin","definition":"(Aramaic) of uncertain derivation; then (of time); now, that time, then.","strongs_number":"h116"},"h117":{"pronunciation":"ad-deer'","unicode":"אַדִּיר","translit":"ʼaddîyr","definition":"from {{h142}}; wide or (generally) large; figuratively, powerful; excellent, famous, gallant, glorious, goodly, lordly, mighty(-ier one), noble, principal, worthy.","strongs_number":"h117"},"h118":{"pronunciation":"ad-al-yaw'","unicode":"אֲדַלְיָא","translit":"ʼĂdalyâʼ","definition":"of Persian derivation; Adalja, a son of Haman; Adalia.","strongs_number":"h118"},"h119":{"pronunciation":"aw-dam'","unicode":"אָדַם","translit":"ʼâdam","definition":"to show blood (in the face), i.e. flush or turn rosy; be (dyed, made) red (ruddy).","strongs_number":"h119"},"h120":{"pronunciation":"aw-dawm'","unicode":"אָדָם","translit":"ʼâdâm","definition":"from {{h119}}; ruddy i.e. a human being (an individual or the species, mankind, etc.); × another,   hypocrite,   common sort, × low, man (mean, of low degree), person.","strongs_number":"h120"},"h121":{"pronunciation":"aw-dawm'","unicode":"אָדָם","translit":"ʼÂdâm","definition":"the same as {{h120}}; Adam the name of the first man, also of a place in Palestine; Adam.","strongs_number":"h121"},"h122":{"pronunciation":"aw-dome'","unicode":"אָדֹם","translit":"ʼâdôm","definition":"from {{h119}}; rosy; red, ruddy.","strongs_number":"h122"},"h123":{"pronunciation":"ed-ome'","unicode":"אֱדֹם","translit":"ʼĔdôm","definition":"or (fully) אֱדוֹם ; from {{h122}}; red (see Genesis 25:25); Edom, the elder twin-brother of Jacob; hence the region (Idumaea) occupied by him; Edom, Edomites, Idumea.","strongs_number":"h123"},"h124":{"pronunciation":"o'-dem","unicode":"אֹדֶם","translit":"ʼôdem","definition":"from {{h119}}; redness, i.e. the ruby, garnet, or some other red gem; sardius.","strongs_number":"h124"},"h125":{"pronunciation":"ad-am-dawm'","unicode":"אֲדַמְדָּם","translit":"ʼădamdâm","definition":"reduplicated from {{h119}}; reddish; (somewhat) reddish.","strongs_number":"h125"},"h126":{"pronunciation":"ad-maw'","unicode":"אַדְמָה","translit":"ʼAdmâh","definition":"contracted for {{h127}}; earthy; Admah, a place near the Dead Sea; Admah.","strongs_number":"h126"},"h127":{"pronunciation":"ad-aw-maw'","unicode":"אֲדָמָה","translit":"ʼădâmâh","definition":"from {{h119}}; soil (from its general redness); country, earth, ground, husband(-man) (-ry), land.","strongs_number":"h127"},"h128":{"pronunciation":"ad-aw-maw'","unicode":"אֲדָמָה","translit":"ʼĂdâmâh","definition":"the same as {{h127}}; Adamah, a place in Palestine; Adamah.","strongs_number":"h128"},"h129":{"pronunciation":"ad-aw-mee'","unicode":"אֲדָמִי","translit":"ʼĂdâmîy","definition":"from {{h127}}; earthy; Adami, a place in Palestine; Adami.","strongs_number":"h129"},"h130":{"pronunciation":"ed-o-mee'","unicode":"אֱדֹמִי","translit":"ʼĔdômîy","definition":"or (fully) אֱדוֹמִי ; patronymic from {{h123}}; See {{h726}}.; an Edomite, or descendants from (or inhabitants of) Edom; Edomite.","strongs_number":"h130"},"h131":{"pronunciation":"ad-oom-meem'","unicode":"אֲדֻמִּים","translit":"ʼĂdummîym","definition":"plural of {{h121}}; red spots; Adummim, a pass in Palestine; Adummim.","strongs_number":"h131"},"h132":{"pronunciation":"ad-mo-nee'","unicode":"אַדְמֹנִי","translit":"ʼadmônîy","definition":"or (fully) אַדְמוֹנִי ; from {{h119}}; reddish (of the hair or the complexion); red, ruddy.","strongs_number":"h132"},"h133":{"pronunciation":"ad-maw-thaw'","unicode":"אַדְמָתָא","translit":"ʼAdmâthâʼ","definition":"probably of Persian derivation; Admatha, a Persian nobleman; Admatha.","strongs_number":"h133"},"h134":{"pronunciation":"eh'-den","unicode":"אֶדֶן","translit":"ʼeden","definition":"from the same as {{h113}} (in the sense of strength); a basis (of a building, a column, etc.); foundation, socket.","strongs_number":"h134"},"h135":{"pronunciation":"ad-dawn'","unicode":"אַדָּן","translit":"ʼAddân","definition":"intensive from the same as {{h134}}; firm; Addan, an Israelite; Addan.","strongs_number":"h135"},"h136":{"pronunciation":"ad-o-noy'","unicode":"אֲדֹנָי","translit":"ʼĂdônây","definition":"an emphatic form of {{h113}}; the Lord (used as a proper name of God only); (my) Lord.","strongs_number":"h136"},"h137":{"pronunciation":"ad-o''-nee-beh'-zek","unicode":"אֲדֹנִי־בֶזֶק","translit":"ʼĂdônîy-Bezeq","definition":"from {{h113}} and {{h966}}; lord of Bezek; Adoni-Bezek; a Canaanitish king; Adonibezek.","strongs_number":"h137"},"h138":{"pronunciation":"ad-o-nee-yaw'","unicode":"אֲדֹנִיָּה","translit":"ʼĂdônîyâh","definition":"original (prolonged) אֲדֹנִיָּהוּ ; from {{h113}} and {{h3050}}; lord (i.e. worshipper) of Jah; Adonijah, the name of three Israelites; Adonijah.","strongs_number":"h138"},"h139":{"pronunciation":"ad-o''-nee-tseh'-dek","unicode":"אֲדֹנִי־צֶדֶק","translit":"ʼĂdônîy-Tsedeq","definition":"from {{h113}} and {{h6664}}; lord of justice; Adoni-Tsedek, a Canaanitish king; Adonizedec.","strongs_number":"h139"},"h140":{"pronunciation":"ad-o-nee-kawm'","unicode":"אֲדֹנִיקָם","translit":"ʼĂdônîyqâm","definition":"from {{h113}} and {{h6965}}; lord of rising (i.e. high); Adonikam, the name of one or two Israelites; Adonikam.","strongs_number":"h140"},"h141":{"pronunciation":"ad-o-nee-rawm'","unicode":"אֲדֹנִירָם","translit":"ʼĂdônîyrâm","definition":"from {{h113}} and {{h7311}}; lord of height; Adoniram, an Israelite; Adoniram.","strongs_number":"h141"},"h142":{"pronunciation":"aw-dar'","unicode":"אָדַר","translit":"ʼâdar","definition":"a primitive root; to expand, i.e. be great or (figuratively) magnificent; (become) glorious, honourable.","strongs_number":"h142"},"h143":{"pronunciation":"ad-awr'","unicode":"אֲדָר","translit":"ʼĂdâr","definition":"probably of foreign derivation; perhaps meaning fire; Adar, the 12th Hebrew month; Adar.","strongs_number":"h143"},"h144":{"pronunciation":"ad-awr'","unicode":"אֲדָר","translit":"ʼĂdâr","definition":"(Aramaic) corresponding to {{h143}}; Adar.","strongs_number":"h144"},"h145":{"pronunciation":"eh'-der","unicode":"אֶדֶר","translit":"ʼeder","definition":"from {{h142}}; amplitude, i.e. (concrete) a mantle; also (figuratively) splendor; goodly, robe.","strongs_number":"h145"},"h146":{"pronunciation":"ad-dawr'","unicode":"אַדָּר","translit":"ʼAddâr","definition":"intensive from {{h142}}; ample; Addar, a place in Palestine; also an Israelite; Addar.","strongs_number":"h146"},"h147":{"pronunciation":"id-dar'","unicode":"אִדַּר","translit":"ʼiddar","definition":"(Aramaic) intensive, from a root corresponding to {{h142}}; ample, i.e. a threshing-floor; threshingfloor.","strongs_number":"h147"},"h148":{"pronunciation":"ad-ar''-gaw-zare'","unicode":"אֲדַרְגָּזֵר","translit":"ʼădargâzêr","definition":"(Aramaic) from the same as {{h147}}, and {{h1505}}; a chief diviner, or astrologer; judge.","strongs_number":"h148"},"h149":{"pronunciation":"ad-raz-daw'","unicode":"אַדְרַזְדָּא","translit":"ʼadrazdâʼ","definition":"(Aramaic) probably of Persian origin; quickly or carefully; diligently.","strongs_number":"h149"},"h150":{"pronunciation":"ad-ar-kone'","unicode":"אֲדַרְכֹּן","translit":"ʼădarkôn","definition":"of Persian origin; a daric or Persian coin; dram.","strongs_number":"h150"},"h151":{"pronunciation":"ad-o-rawm'","unicode":"אֲדֹרָם","translit":"ʼĂdôrâm","definition":"contracted for {{h141}}; Adoram (or Adoniram), an Israelite; Adoram.","strongs_number":"h151"},"h152":{"pronunciation":"ad-ram-meh'-lek","unicode":"אֲדְרַמֶּלֶךְ","translit":"ʼĂdrammelek","definition":"from {{h142}} and {{h4428}}; splendor of (the) king; Adrammelek, the name of an Assyrian idol, also of a son of Sennacherib; Adrammelech.","strongs_number":"h152"},"h153":{"pronunciation":"ed-raw'","unicode":"אֶדְרָע","translit":"ʼedrâʻ","definition":"(Aramaic) an orthographical variation for {{h1872}}; an arm, i.e. (figuratively) power; force.","strongs_number":"h153"},"h154":{"pronunciation":"ed-reh'-ee","unicode":"אֶדְרֶעִי","translit":"ʼedreʻîy","definition":"from the equivalent of {{h153}}; mighty; Edrei, the name of two places in Palestine; Edrei.","strongs_number":"h154"},"h155":{"pronunciation":"ad-deh'-reth","unicode":"אַדֶּרֶת","translit":"ʼaddereth","definition":"feminine of {{h117}}; ; also the same as {{h145}}; something ample (as a large vine, a wide dress); garment, glory, goodly, mantle, robe.","strongs_number":"h155"},"h156":{"pronunciation":"aw-dash'","unicode":"אָדַשׁ","translit":"ʼâdash","definition":"a primitive root; to tread out (grain); thresh.","strongs_number":"h156"},"h157":{"pronunciation":"aw-hab'","unicode":"אָהַב","translit":"ʼâhab","definition":"or אָהֵב ; a primitive root; to have affection for (sexually or otherwise); (be-) love(-d, -ly, -r), like, friend.","strongs_number":"h157"},"h158":{"pronunciation":"ah'-hab","unicode":"אַהַב","translit":"ʼahab","definition":"from {{h157}}; affection (in a good or a bad sense); love(-r).","strongs_number":"h158"},"h159":{"pronunciation":"o'-hab","unicode":"אֹהַב","translit":"ʼôhab","definition":"from {{h156}}; meaning the same as {{h158}}; love.","strongs_number":"h159"},"h160":{"pronunciation":"a-hab-aw","unicode":"אַהֲבָה","translit":"ʼahăbâh","definition":"feminine of {{h158}} and meaning the same; love.","strongs_number":"h160"},"h161":{"pronunciation":"o'-had","unicode":"אֹהַד","translit":"ʼÔhad","definition":"from an unused root meaning to be united; unity; Ohad, an Israelite; Ohad.","strongs_number":"h161"},"h162":{"pronunciation":"a-haw'","unicode":"אֲהָהּ","translit":"ʼăhâhh","definition":"apparently a primitive word expressing pain exclamatorily; Oh!; ah, alas.","strongs_number":"h162"},"h163":{"pronunciation":"a-hav-aw'","unicode":"אַהֲוָא","translit":"ʼAhăvâʼ","definition":"probably of foreign origin; Ahava, a river of Babylonia; Ahava.","strongs_number":"h163"},"h164":{"pronunciation":"ay-hood'","unicode":"אֵהוּד","translit":"ʼÊhûwd","definition":"from the same as {{h161}}; united; Ehud, the name of two or three Israelites; Ehud.","strongs_number":"h164"},"h165":{"pronunciation":"e-hee'","unicode":"אֱהִי","translit":"ʼĕhîy","definition":"apparently an orthographical variation for {{h346}}; where; I will be (Hosea 13:10,14) (which is often the rendering of the same Hebrew form from {{h1961}}).","strongs_number":"h165"},"h166":{"pronunciation":"aw-hal'","unicode":"אָהַל","translit":"ʼâhal","definition":"a primitive root; to be clear; shine.","strongs_number":"h166"},"h167":{"pronunciation":"aw-hal'","unicode":"אָהַל","translit":"ʼâhal","definition":"a denominative from {{h168}}; to tent; pitch (remove) a tent.","strongs_number":"h167"},"h168":{"pronunciation":"o'-hel","unicode":"אֹהֶל","translit":"ʼôhel","definition":"from {{h166}}; a tent (as clearly conspicuous from a distance); covering, (dwelling) (place), home, tabernacle, tent.","strongs_number":"h168"},"h169":{"pronunciation":"o'-hel","unicode":"אֹהֶל","translit":"ʼÔhel","definition":"the same as {{h168}}; Ohel, an Israelite; Ohel.","strongs_number":"h169"},"h170":{"pronunciation":"o-hol-aw'","unicode":"אׇהֳלָה","translit":"ʼOhŏlâh","definition":"in form a feminine of {{h168}}, but in fact for אׇהֳלָהּ; from {{h168}}; her tent (i.e. idolatrous sanctuary); Oholah, a symbolic name for Samaria; Aholah.","strongs_number":"h170"},"h171":{"pronunciation":"o''-hol-e-awb'","unicode":"אׇהֳלִיאָב","translit":"ʼOhŏlîyʼâb","definition":"from {{h168}} and {{h1}}; tent of (his) father; Oholiab, an Israelite; Aholiab.","strongs_number":"h171"},"h172":{"pronunciation":"o''-hol-ee-baw'","unicode":"אׇהֳלִיבָה","translit":"ʼOhŏlîybâh","definition":"(similarly with {{h170}}) for אׇהֳלִיבָהּ ; from {{h168}}; my tent (is) in her; Oholibah, a symbolic name for Judah; Aholibah.","strongs_number":"h172"},"h173":{"pronunciation":"o''-hol-ee-baw-maw'","unicode":"אׇהֳלִיבָמָה","translit":"ʼOhŏlîybâmâh","definition":"from {{h168}} and {{h1116}}; tent of (the) height; Oholibamah, a wife of Esau; Aholibamah.","strongs_number":"h173"},"h174":{"pronunciation":"a-haw-leem'","unicode":"אֲהָלִים","translit":"ʼăhâlîym","definition":"or (feminine) אֲהָלוֹת (only used thus in the plural); of foreign origin; aloe wood (i.e. sticks); (tree of lign-) aloes.","strongs_number":"h174"},"h175":{"pronunciation":"a-har-one'","unicode":"אַהֲרוֹן","translit":"ʼAhărôwn","definition":"of uncertain derivation; Aharon, the brother of Moses; Aaron.","strongs_number":"h175"},"h176":{"pronunciation":"o","unicode":"אוֹ","translit":"ʼôw","definition":"presumed to be the 'constructive' or genitival form of אַו ; short for {{h185}}; desire (and so probably in Proverbs 31:4); hence (by way of alternative) or, also if; also, and, either, if, at the least, × nor, or, otherwise, then, whether.","strongs_number":"h176"},"h177":{"pronunciation":"oo-ale'","unicode":"אוּאֵל","translit":"ʼÛwʼêl","definition":"from {{h176}} and {{h410}}; wish of God; Uel, and Israelite; Uel.","strongs_number":"h177"},"h178":{"pronunciation":"obe","unicode":"אוֹב","translit":"ʼôwb","definition":"from the same as {{h1}} (apparently through the idea of prattling a father's name); properly, a mumble, i.e. a water-skin (from its hollow sound); hence a necromancer (ventriloquist, as from a jar); bottle, familiar spirit.","strongs_number":"h178"},"h179":{"pronunciation":"o-beel'","unicode":"אוֹבִיל","translit":"ʼôwbîyl","definition":"probably from {{h56}}; mournful; Obil, an Ishmaelite; Obil.","strongs_number":"h179"},"h180":{"pronunciation":"oo-bawl'","unicode":"אוּבָל","translit":"ʼûwbâl","definition":"or (shortened) אֻבָל ; from {{h2986}} (in the sense of {{h2988}}); a stream; river.","strongs_number":"h180"},"h181":{"pronunciation":"ood","unicode":"אוּד","translit":"ʼûwd","definition":"from an unused root meaning to rake together; a poker (for turning or gathering embers); (fire-) brand.","strongs_number":"h181"},"h182":{"pronunciation":"o-doth'","unicode":"אוֹדוֹת","translit":"ʼôwdôwth","definition":"or (shortened) אֹדוֹת (only thus in the plural); from the same as {{h181}}; turnings (i.e. occasions); (adverb) on account of; (be-) cause, concerning, sake.","strongs_number":"h182"},"h183":{"pronunciation":"aw-vaw'","unicode":"אָוָה","translit":"ʼâvâh","definition":"a primitive root; to wish for; covet, (greatly) desire, be desirous, long, lust (after).","strongs_number":"h183"},"h184":{"pronunciation":"aw-vaw'","unicode":"אָוָה","translit":"ʼâvâh","definition":"a primitive root; to extend or mark out; point out.","strongs_number":"h184"},"h185":{"pronunciation":"av-vaw'","unicode":"אַוָּה","translit":"ʼavvâh","definition":"from {{h183}}; longing; desire, lust after, pleasure.","strongs_number":"h185"},"h186":{"pronunciation":"oo-zah'-ee","unicode":"אוּזַי","translit":"ʼÛwzay","definition":"perhaps by permutation for {{h5813}}, strong; Uzai, an Israelite; Uzai.","strongs_number":"h186"},"h187":{"pronunciation":"oo-zawl'","unicode":"אוּזָל","translit":"ʼÛwzâl","definition":"of uncertain derivation; Uzal, a son of Joktan; Uzal.","strongs_number":"h187"},"h188":{"pronunciation":"o'-ee","unicode":"אוֹי","translit":"ʼôwy","definition":"probably from {{h183}} (in the sense of crying out after); lamentation; also interjectionally Oh!; alas, woe.","strongs_number":"h188"},"h189":{"pronunciation":"ev-ee'","unicode":"אֱוִי","translit":"ʼĔvîy","definition":"probably from {{h183}}; desirous; Evi, a Midianitish chief; Evi.","strongs_number":"h189"},"h190":{"pronunciation":"o-yaw'","unicode":"אוֹיָה","translit":"ʼôwyâh","definition":"feminine of {{h188}}; woe.","strongs_number":"h190"},"h191":{"pronunciation":"ev-eel'","unicode":"אֱוִיל","translit":"ʼĕvîyl","definition":"from an unused root (meaning to be perverse); (figuratively) silly; fool(-ish) (man).","strongs_number":"h191"},"h192":{"pronunciation":"ev-eel' mer-o-dak'","unicode":"אֱוִיל מְרֹדַךְ","translit":"ʼĔvîyl Mᵉrôdak","definition":"of Aramaic derivation and probably meaning soldier of Merodak; Evil-Merodak, a Babylonian king; Evil-merodach.","strongs_number":"h192"},"h193":{"pronunciation":"ool","unicode":"אוּל","translit":"ʼûwl","definition":"from an unused root meaning to twist, i.e. (by implication) be strong; the body (as being rolled together); also powerful; mighty, strength.","strongs_number":"h193"},"h194":{"pronunciation":"oo-lah'ee","unicode":"אוּלַי","translit":"ʼûwlay","definition":"or (shortened) אֻלַי; from {{h176}}; if not; hence perhaps; if so be, may be, peradventure, unless.","strongs_number":"h194"},"h195":{"pronunciation":"oo-lah'ee","unicode":"אוּלַי","translit":"ʼÛwlay","definition":"of Persian derivation; the Ulai (or Eulaeus), a river of Persia; Ulai.","strongs_number":"h195"},"h196":{"pronunciation":"ev-ee-lee'","unicode":"אֱוִלִי","translit":"ʼĕvilîy","definition":"from {{h191}}; silly, foolish; hence (morally) impious; foolish.","strongs_number":"h196"},"h197":{"pronunciation":"oo-lawm'","unicode":"אוּלָם","translit":"ʼûwlâm","definition":"or (shortened), אֻלָם ; from {{h481}} (in the sense of tying); a vestibule (as bound to the building); porch.","strongs_number":"h197"},"h198":{"pronunciation":"oo-lawm'","unicode":"אוּלָם","translit":"ʼÛwlâm","definition":"appar, from {{h481}} (in the sense of dumbness); solitary; Ulam, the name of two Israelites; Ulam.","strongs_number":"h198"},"h199":{"pronunciation":"oo-lawm'","unicode":"אוּלָם","translit":"ʼûwlâm","definition":"apparently a variation of {{h194}}; however or on the contrary; as for, but, howbeit, in very deed, surely, truly, wherefore.","strongs_number":"h199"},"h200":{"pronunciation":"iv-veh'-leth","unicode":"אִוֶּלֶת","translit":"ʼivveleth","definition":"from the same as {{h191}}; silliness; folly, foolishly(-ness).","strongs_number":"h200"}}