{"h1601":{"pronunciation":"go-aw'","unicode":"גֹּעָה","translit":"Gôʻâh","definition":"feminine active participle of {{h1600}}; lowing; Goah, a place near Jerusalem; Goath.","strongs_number":"h1601"},"h1602":{"pronunciation":"gaw-al'","unicode":"גָּעַל","translit":"gâʻal","definition":"a primitive root; to detest; by implication, to reject; abhor, fail, lothe, vilely cast away.","strongs_number":"h1602"},"h1603":{"pronunciation":"gah'-al","unicode":"גַּעַל","translit":"Gaʻal","definition":"from {{h1602}}; loathing; Gaal, an Israelite; Gaal.","strongs_number":"h1603"},"h1604":{"pronunciation":"go'-al","unicode":"גֹּעַל","translit":"gôʻal","definition":"from {{h1602}}; abhorrence; loathing.","strongs_number":"h1604"},"h1605":{"pronunciation":"gaw-ar'","unicode":"גָּעַר","translit":"gâʻar","definition":"a primitive root; to chide; corrupt, rebuke, reprove.","strongs_number":"h1605"},"h1606":{"pronunciation":"gheh-aw-raw'","unicode":"גְּעָרָה","translit":"gᵉʻârâh","definition":"from {{h1605}}; a chiding; rebuke(-ing), reproof.","strongs_number":"h1606"},"h1607":{"pronunciation":"gaw-ash'","unicode":"גָּעַשׁ","translit":"gâʻash","definition":"a primitive root; to agitate violently; move, shake, toss, trouble.","strongs_number":"h1607"},"h1608":{"pronunciation":"ga'-ash","unicode":"גַּעַשׁ","translit":"Gaʻash","definition":"from {{h1607}}; a quaking; Gaash, a hill in Palestine; Gaash.","strongs_number":"h1608"},"h1609":{"pronunciation":"gah-tawm'","unicode":"גַּעְתָּם","translit":"Gaʻtâm","definition":"of uncertain derivation; Gatam, an Edomite; Gatam.","strongs_number":"h1609"},"h1610":{"pronunciation":"gaf","unicode":"גַּף","translit":"gaph","definition":"from an unused root meaning to arch; the back; by extension the body or self; highest places, himself.","strongs_number":"h1610"},"h1611":{"pronunciation":"gaf","unicode":"גַּף","translit":"gaph","definition":"(Aramaic) corresponding to {{h1610}}; a wing; wing.","strongs_number":"h1611"},"h1612":{"pronunciation":"gheh'-fen","unicode":"גֶּפֶן","translit":"gephen","definition":"from an unused root meaning to bend; a vine (as twining), especially the grape; vine, tree.","strongs_number":"h1612"},"h1613":{"pronunciation":"go'-fer","unicode":"גֹּפֶר","translit":"gôpher","definition":"from an unused root, probably meaning to house in; a kind of tree or wood (as used for building), apparently the cypress; gopher.","strongs_number":"h1613"},"h1614":{"pronunciation":"gof-reeth'","unicode":"גׇּפְרִית","translit":"gophrîyth","definition":"probably feminine of {{h1613}}; properly, cypress-resin; by analogy, sulphur (as equally inflammable); brimstone.","strongs_number":"h1614"},"h1615":{"pronunciation":"gheer","unicode":"גִּר","translit":"gir","definition":"perhaps from {{h3564}}; lime (from being burned in a kiln); chalk(-stone).","strongs_number":"h1615"},"h1616":{"pronunciation":"gare","unicode":"גֵּר","translit":"gêr","definition":"or (fully) geyr (gare); from {{h1481}}; properly, a guest; by implication, a foreigner; alien, sojourner, stranger.","strongs_number":"h1616"},"h1617":{"pronunciation":"gay-raw'","unicode":"גֵּרָא","translit":"Gêrâʼ","definition":"perhaps from {{h1626}}; a grain; Gera, the name of six Israelites; Gera.","strongs_number":"h1617"},"h1618":{"pronunciation":"gaw-rawb'","unicode":"גָּרָב","translit":"gârâb","definition":"from an unused root meaning to scratch; scurf (from itching); scab, scurvy.","strongs_number":"h1618"},"h1619":{"pronunciation":"gaw-rabe'","unicode":"גָּרֵב","translit":"Gârêb","definition":"from the same as {{h1618}}; scabby; Gareb, the name of an Israelite, also of a hill near Jerusalem; Gareb.","strongs_number":"h1619"},"h1620":{"pronunciation":"gar-gar'","unicode":"גַּרְגַּר","translit":"gargar","definition":"by reduplication from {{h1641}}; a berry (as if a pellet of rumination); berry.","strongs_number":"h1620"},"h1621":{"pronunciation":"gar-gher-owth'","unicode":"גַּרְגְּרוֹת","translit":"gargᵉrôwth","definition":"feminine plural from {{h1641}}; the throat (as used in rumination); neck.","strongs_number":"h1621"},"h1622":{"pronunciation":"ghir-gaw-shee'","unicode":"גִּרְגָּשִׁי","translit":"Girgâshîy","definition":"patrial from an unused name (of uncertain derivation); a Girgashite, one of the native tribes of Canaan; Girgashite, Girgasite.","strongs_number":"h1622"},"h1623":{"pronunciation":"gaw-rad'","unicode":"גָּרַד","translit":"gârad","definition":"a primitive root; to abrade; scrape.","strongs_number":"h1623"},"h1624":{"pronunciation":"gaw-raw'","unicode":"גָּרָה","translit":"gârâh","definition":"a primitive root; properly, to grate, i.e. (figuratively) to anger; contend, meddle, stir up, strive.","strongs_number":"h1624"},"h1625":{"pronunciation":"gay-raw'","unicode":"גֵּרָה","translit":"gêrâh","definition":"from {{h1641}}; the cud (as scraping the throat); cud.","strongs_number":"h1625"},"h1626":{"pronunciation":"gay-raw'","unicode":"גֵּרָה","translit":"gêrâh","definition":"from {{h1641}} (as in {{h1625}}); properly, (like {{h1620}}) a kernel (round as if scraped), i.e.; a gerah or small weight (and coin); gerah.","strongs_number":"h1626"},"h1627":{"pronunciation":"gaw-rone'","unicode":"גָּרוֹן","translit":"gârôwn","definition":"or (shortened) גָּרֹן; from {{h1641}}; (compare {{h1621}}); the throat (as roughened by swallowing); × aloud, mouth, neck, throat.","strongs_number":"h1627"},"h1628":{"pronunciation":"gay-rooth'","unicode":"גֵּרוּת","translit":"gêrûwth","definition":"from {{h1481}}; a (temporary) residence; habitation.","strongs_number":"h1628"},"h1629":{"pronunciation":"gaw-raz'","unicode":"גָּרַז","translit":"gâraz","definition":"a primitive root; to cut off; cut off.","strongs_number":"h1629"},"h1630":{"pronunciation":"gher-ee-zeem'","unicode":"גְּרִזִים","translit":"Gᵉrizîym","definition":"plural of an unused noun from {{h1629}} (compare {{h1511}}), cut up (i.e. rocky); Gerizim, a mountain of Palestine; Gerizim.","strongs_number":"h1630"},"h1631":{"pronunciation":"gar-zen'","unicode":"גַּרְזֶן","translit":"garzen","definition":"from {{h1629}}; an axe; ax.","strongs_number":"h1631"},"h1632":{"pronunciation":"gaw-role'","unicode":"גָּרֹל","translit":"gârôl","definition":"from the same as {{h1486}}; harsh; man of great (as in the margin which reads {{h1419}}).","strongs_number":"h1632"},"h1633":{"pronunciation":"gaw-ram'","unicode":"גָּרַם","translit":"gâram","definition":"a primitive root; to be spare or skeleton-like; used only as a denominative from {{h1634}}; (causative) to bone, i.e. denude (by extensive, craunch) the bones; gnaw the bones, break.","strongs_number":"h1633"},"h1634":{"pronunciation":"gheh'-rem","unicode":"גֶּרֶם","translit":"gerem","definition":"from {{h1633}}; a bone (as the skeleton of the body); hence, self, i.e. (figuratively) very; bone, strong, top.","strongs_number":"h1634"},"h1635":{"pronunciation":"gheh'-rem","unicode":"גֶּרֶם","translit":"gerem","definition":"(Aramaic) corresponding to {{h1634}}; a bone; bone.","strongs_number":"h1635"},"h1636":{"pronunciation":"gar-mee'","unicode":"גַּרְמִי","translit":"Garmîy","definition":"from {{h1634}}; bony, i.e. strong; Garmite.","strongs_number":"h1636"},"h1637":{"pronunciation":"go'-ren","unicode":"גֹּרֶן","translit":"gôren","definition":"from an unused root meaning to smooth; a threshing-floor (as made even); by analogy, any open area; (barn, corn, threshing-) floor, (threshing-, void) place.","strongs_number":"h1637"},"h1638":{"pronunciation":"gaw-ras'","unicode":"גָּרַס","translit":"gâraç","definition":"a primitive root; to crush; also (intransitively and figuratively) to dissolve; break.","strongs_number":"h1638"},"h1639":{"pronunciation":"gaw-rah'","unicode":"גָּרַע","translit":"gâraʻ","definition":"a primitive root; to scrape off; by implication, to shave, remove, lessen, withhold; abate, clip, (di-) minish, do (take) away, keep back, restrain, make small, withdraw.","strongs_number":"h1639"},"h1640":{"pronunciation":"gaw-raf'","unicode":"גָּרַף","translit":"gâraph","definition":"a primitive root; to bear off violently; sweep away.","strongs_number":"h1640"},"h1641":{"pronunciation":"gaw-rar'","unicode":"גָּרַר","translit":"gârar","definition":"a primitive root; to drag off roughly; by implication, to bring up the cud (i.e. ruminate); by analogy, to saw; catch, chew, × continuing, destroy, saw.","strongs_number":"h1641"},"h1642":{"pronunciation":"gher-awr'","unicode":"גְּרָר","translit":"Gᵉrâr","definition":"probably from {{h1641}}; a rolling country; Gerar, a Philistine city; Gerar.","strongs_number":"h1642"},"h1643":{"pronunciation":"gheh'-res","unicode":"גֶּרֶשׂ","translit":"geres","definition":"from an unused root meaning to husk; a kernel (collectively), i.e. grain; beaten corn.","strongs_number":"h1643"},"h1644":{"pronunciation":"gaw-rash'","unicode":"גָּרַשׁ","translit":"gârash","definition":"a primitive root; to drive out from a possession; especially to expatriate or divorce; cast up (out), divorced (woman), drive away (forth, out), expel, × surely put away, trouble, thrust out.","strongs_number":"h1644"},"h1645":{"pronunciation":"gheh'-resh","unicode":"גֶּרֶשׁ","translit":"geresh","definition":"from {{h1644}}; produce (as if expelled); put forth.","strongs_number":"h1645"},"h1646":{"pronunciation":"gher-oo-shaw'","unicode":"גְרֻשָׁה","translit":"gᵉrushâh","definition":"feminine passive participle of {{h1644}}; (abstractly) dispossession; exaction.","strongs_number":"h1646"},"h1647":{"pronunciation":"gay-resh-ome'","unicode":"גֵּרְשֹׁם","translit":"Gêrᵉshôm","definition":"for {{h1648}}; Gereshom, the name of four Israelites; Gershom.","strongs_number":"h1647"},"h1648":{"pronunciation":"gay-resh-one'","unicode":"גֵּרְשׁוֹן","translit":"Gêrᵉshôwn","definition":"or גֵּרְשׁוֹם; from {{h1644}}; a refugee; Gereshon or Gereshom, an Israelite; Gershon, Gershom.","strongs_number":"h1648"},"h1649":{"pronunciation":"gay-resh-oon-nee'","unicode":"גֵּרְשֻׁנִּי","translit":"Gêrᵉshunnîy","definition":"patronymically from {{h1648}}; a Gereshonite or descendant of Gereshon; Gershonite, sons of Gershon.","strongs_number":"h1649"},"h1650":{"pronunciation":"ghesh-oor'","unicode":"גְּשׁוּר","translit":"Gᵉshûwr","definition":"from an unused root (meaning to join); bridge; Geshur, a district of Syria; Geshur, Geshurite.","strongs_number":"h1650"},"h1651":{"pronunciation":"ghe-shoo-ree'","unicode":"גְּשׁוּרִי","translit":"Gᵉshûwrîy","definition":"patrial from {{h1650}}; a Geshurite (also collectively) or inhabitants of Geshur; Geshuri, Geshurites.","strongs_number":"h1651"},"h1652":{"pronunciation":"gaw-sham'","unicode":"גָּשַׁם","translit":"gâsham","definition":"a primitive root; to shower violently; (cause to) rain.","strongs_number":"h1652"},"h1653":{"pronunciation":"gheh'-shem","unicode":"גֶּשֶׁם","translit":"geshem","definition":"from {{h1652}}; a shower; rain, shower.","strongs_number":"h1653"},"h1654":{"pronunciation":"gheh'-shem","unicode":"גֶּשֶׁם","translit":"Geshem","definition":"or (prolonged) גַּשְׁמוּ; the same as {{h1653}}; Geshem or Gashmu, an Arabian; Geshem, Gashmu.","strongs_number":"h1654"},"h1655":{"pronunciation":"gheh'-shem","unicode":"גֶּשֶׁם","translit":"geshem","definition":"(Aramaic) apparently the same as {{h1653}}; used in a peculiar sense, the body (probably for the (figuratively) idea of a hard rain); body.","strongs_number":"h1655"},"h1656":{"pronunciation":"go'-shem","unicode":"גֹּשֶׁם","translit":"gôshem","definition":"from {{h1652}}; equivalent to {{h1653}}; rained upon.","strongs_number":"h1656"},"h1657":{"pronunciation":"go'-shen","unicode":"גֹּשֶׁן","translit":"Gôshen","definition":"probably of Egyptian origin; Goshen, the residence of the Israelites in Egypt; also a place in Palestine; Goshen.","strongs_number":"h1657"},"h1658":{"pronunciation":"ghish-paw'","unicode":"גִּשְׁפָּא","translit":"Gishpâʼ","definition":"of uncertain derivation; Gishpa, an Israelite; Gispa.","strongs_number":"h1658"},"h1659":{"pronunciation":"gaw-shash'","unicode":"גָּשַׁשׁ","translit":"gâshash","definition":"a primitive root; apparently; to feel about; grope.","strongs_number":"h1659"},"h1660":{"pronunciation":"gath","unicode":"גַּת","translit":"gath","definition":"probably from {{h5059}} (in the sense of treading out grapes); a wine-press (or vat for holding the grapes in pressing them); (wine-) press (fat).","strongs_number":"h1660"},"h1661":{"pronunciation":"gath","unicode":"גַּת","translit":"Gath","definition":"the same as {{h1660}}; Gath, a Philistine city; Gath.","strongs_number":"h1661"},"h1662":{"pronunciation":"gath-hah-khay'-fer","unicode":"גַּת־הַחֵפֶר","translit":"Gath-ha-Chêpher","definition":"or (abridged) גִּתָּה־חֵפֶר; from {{h1660}} and {{h2658}} with the article inserted; wine-press of (the) well; Gath-Chepher, a place in Palestine; Gath-kephr, Gittah-kephr.","strongs_number":"h1662"},"h1663":{"pronunciation":"ghit-tee'","unicode":"גִּתִּי","translit":"Gittîy","definition":"patrial from {{h1661}}; a Gittite or inhabitant of Gath; Gittite.","strongs_number":"h1663"},"h1664":{"pronunciation":"ghit-tah'-yim","unicode":"גִּתַּיִם","translit":"Gittayim","definition":"dual of {{h1660}}; double winepress; Gittajim, a place in Palestine; Gittaim.","strongs_number":"h1664"},"h1665":{"pronunciation":"ghit-teeth'","unicode":"גִּתִּית","translit":"Gittîyth","definition":"feminine of {{h1663}}; a Gittite harp; Gittith.","strongs_number":"h1665"},"h1666":{"pronunciation":"gheh'-ther","unicode":"גֶּתֶר","translit":"Gether","definition":"of uncertain derivation; Gether, a son of Aram, and the region settled by him; Gether.","strongs_number":"h1666"},"h1667":{"pronunciation":"gath-rim-mone'","unicode":"גַּת־רִמּוֹן","translit":"Gath-Rimmôwn","definition":"from {{h1660}} and {{h7416}}; wine-press of (the) pomegranate; Gath-Rimmon, a place in Palestine; Gath-rimmon. d","strongs_number":"h1667"},"h1668":{"pronunciation":"daw","unicode":"דָּא","translit":"dâʼ","definition":"(Aramaic) corresponding to {{h2088}}; this; one..another, this.","strongs_number":"h1668"},"h1669":{"pronunciation":"daw-ab'","unicode":"דָּאַב","translit":"dâʼab","definition":"a primitive root; to pine; mourn, sorrow(-ful).","strongs_number":"h1669"},"h1670":{"pronunciation":"deh-aw-baw'","unicode":"דְּאָבָה","translit":"dᵉʼâbâh","definition":"from {{h1669}}; properly, pining; by analogy, fear; sorrow.","strongs_number":"h1670"},"h1671":{"pronunciation":"deh-aw-bone'","unicode":"דְּאָבוֹן","translit":"dᵉʼâbôwn","definition":"from {{h1669}}; pining; sorrow.","strongs_number":"h1671"},"h1672":{"pronunciation":"daw-ag'","unicode":"דָּאַג","translit":"dâʼag","definition":"a primitive root; be anxious; be afraid (careful, sorry), sorrow, take thought.","strongs_number":"h1672"},"h1673":{"pronunciation":"do-ayg'","unicode":"דֹּאֵג","translit":"Dôʼêg","definition":"or (fully) דּוֹאֵג; active participle of {{h1672}}; anxious; Doeg, an Edomite; Doeg.","strongs_number":"h1673"},"h1674":{"pronunciation":"deh-aw-gaw'","unicode":"דְּאָגָה","translit":"dᵉʼâgâh","definition":"from {{h1672}}; anxiety; care(-fulness), fear, heaviness, sorrow.","strongs_number":"h1674"},"h1675":{"pronunciation":"daw-aw'","unicode":"דָּאָה","translit":"dâʼâh","definition":"a primitive root; to dart, i.e. fly rapidly; fly.","strongs_number":"h1675"},"h1676":{"pronunciation":"daw-aw'","unicode":"דָּאָה","translit":"dâʼâh","definition":"from {{h1675}}; the kite (from its rapid flight); vulture. See {{h7201}}.","strongs_number":"h1676"},"h1677":{"pronunciation":"dobe","unicode":"דֹּב","translit":"dôb","definition":"or (fully) דּוֹב; from {{h1680}}; the bear (as slow); bear.","strongs_number":"h1677"},"h1678":{"pronunciation":"dobe","unicode":"דֹּב","translit":"dôb","definition":"(Aramaic) corresponding to {{h1677}}; bear.","strongs_number":"h1678"},"h1679":{"pronunciation":"do'-beh","unicode":"דֹּבֶא","translit":"dôbeʼ","definition":"from an unused root (compare {{h1680}}) (probably meaning to be sluggish, i.e. restful); quiet; strength.","strongs_number":"h1679"},"h1680":{"pronunciation":"daw-bab'","unicode":"דָּבַב","translit":"dâbab","definition":"a primitive root (compare {{h1679}}); to move slowly, i.e. glide; cause to speak.","strongs_number":"h1680"},"h1681":{"pronunciation":"dib-baw'","unicode":"דִּבָּה","translit":"dibbâh","definition":"from {{h1680}} (in the sense of furtive motion); slander; defaming, evil report, infamy, slander.","strongs_number":"h1681"},"h1682":{"pronunciation":"deb-o-raw'","unicode":"דְּבוֹרָה","translit":"dᵉbôwrâh","definition":"or (shortened) דְּבֹרָה; from {{h1696}} (in the sense of orderly motion); the bee (from its systematic instincts); bee.","strongs_number":"h1682"},"h1683":{"pronunciation":"deb-o-raw'","unicode":"דְּבּוֹרָה","translit":"Dᵉbôwrâh","definition":"or (shortened) דְּבֹרָה; the same as {{h1682}}; Deborah, the name of two Hebrewesses; Deborah.","strongs_number":"h1683"},"h1684":{"pronunciation":"deb-akh'","unicode":"דְּבַח","translit":"dᵉbach","definition":"(Aramaic) corresponding to {{h2076}}; to sacrifice (an animal); offer (sacrifice).","strongs_number":"h1684"},"h1685":{"pronunciation":"deb-akh'","unicode":"דְּבַח","translit":"dᵉbach","definition":"(Aramaic) from {{h1684}}; a sacrifice; sacrifice.","strongs_number":"h1685"},"h1686":{"pronunciation":"dib-yone'","unicode":"דִּבְיוֹן","translit":"dibyôwn","definition":"in the margin for the textual reading, חֶרְיוֹן; both, (in the plural only and) of uncertain derivation,; probably some cheap vegetable, perhaps a bulbous root; dove's dung.","strongs_number":"h1686"},"h1687":{"pronunciation":"deb-eer'","unicode":"דְּבִיר","translit":"dᵉbîyr","definition":"or (shortened) דְּבִר; from {{h1696}} (apparently in the sense of oracle); the shrine or innermost part of the sanctuary; oracle.","strongs_number":"h1687"},"h1688":{"pronunciation":"deb-eer'","unicode":"דְּבִיר","translit":"Dᵉbîyr","definition":"or (shortened) דְּבִר; (Joshua 13:26 (but see {{h3810}})), the same as {{h1687}}; Debir, the name of an Amoritish king and of two places in Palestine; Debir.","strongs_number":"h1688"},"h1689":{"pronunciation":"dib-law'","unicode":"דִּבְלָה","translit":"Diblâh","definition":"probably an orthographical error for {{h7247}}; Diblah, a place in Syria; Diblath.","strongs_number":"h1689"},"h1690":{"pronunciation":"deb-ay-law'","unicode":"דְּבֵלָה","translit":"dᵉbêlâh","definition":"from an unused root (akin to {{h2082}}) probably meaning to press together; a cake of pressed figs; cake (lump) of figs.","strongs_number":"h1690"},"h1691":{"pronunciation":"dib-lah'-yim","unicode":"דִּבְלַיִם","translit":"Diblayim","definition":"dual from the masculine of {{h1690}}; two cakes; Diblajim, a symbolic name; Diblaim.","strongs_number":"h1691"},"h1692":{"pronunciation":"daw-bak'","unicode":"דָּבַק","translit":"dâbaq","definition":"a primitive root; properly, to impinge, i.e. cling or adhere; figuratively, to catch by pursuit; abide fast, cleave (fast together), follow close (hard after), be joined (together), keep (fast), overtake, pursue hard, stick, take.","strongs_number":"h1692"},"h1693":{"pronunciation":"deb-ak'","unicode":"דְּבַק","translit":"dᵉbaq","definition":"(Aramaic) corresponding to {{h1692}}; to stick to; cleave.","strongs_number":"h1693"},"h1694":{"pronunciation":"deh'-bek","unicode":"דֶּבֶק","translit":"debeq","definition":"from {{h1692}}; a joint; by implication, solder; joint, solder.","strongs_number":"h1694"},"h1695":{"pronunciation":"daw-bake'","unicode":"דָּבֵק","translit":"dâbêq","definition":"from {{h1692}}; adhering; cleave, joining, stick closer.","strongs_number":"h1695"},"h1696":{"pronunciation":"daw-bar'","unicode":"דָבַר","translit":"dâbar","definition":"a primitive root; perhaps properly, to arrange; but used figuratively (of words), to speak; rarely (in a destructive sense) to subdue; answer, appoint, bid, command, commune, declare, destroy, give, name, promise, pronounce, rehearse, say, speak, be spokesman, subdue, talk, teach, tell, think, use (entreaties), utter, × well, × work.","strongs_number":"h1696"},"h1697":{"pronunciation":"daw-baw'","unicode":"דָּבָר","translit":"dâbâr","definition":"from {{h1696}}; a word; by implication, a matter (as spoken of) or thing; adverbially, a cause; act, advice, affair, answer, × any such (thing), because of, book, business, care, case, cause, certain rate,   chronicles, commandment, × commune(-ication),   concern(-ing),   confer, counsel,   dearth, decree, deed, × disease, due, duty, effect,   eloquent, errand, (evil favoured-) ness,   glory,   harm, hurt,   iniquity,   judgment, language,   lying, manner, matter, message, (no) thing, oracle, × ought, × parts,   pertaining,   please, portion,   power, promise, provision, purpose, question, rate, reason, report, request, × (as hast) said, sake, saying, sentence,   sign,   so, some (uncleanness), somewhat to say,   song, speech, × spoken, talk, task,   that, × there done, thing (concerning), thought,   thus, tidings, what(-soever),   wherewith, which, word, work.","strongs_number":"h1697"},"h1698":{"pronunciation":"deh'-ber","unicode":"דֶּבֶר","translit":"deber","definition":"from {{h1696}} (in the sense of destroying); a pestilence; murrain, pestilence, plague.","strongs_number":"h1698"},"h1699":{"pronunciation":"do'-ber","unicode":"דֹּבֶר","translit":"dôber","definition":"from {{h1696}} (in its original sense); a pasture (from its arrangement of the flock); fold, manner.","strongs_number":"h1699"},"h1700":{"pronunciation":"dib-raw'","unicode":"דִּבְרָה","translit":"dibrâh","definition":"feminine of {{h1697}}; a reason, suit or style; cause, end, estate, order, regard.","strongs_number":"h1700"}}