{"h1701":{"pronunciation":"dib-raw'","unicode":"דִּבְרָה","translit":"dibrâh","definition":"(Aramaic) corresponding to {{h1700}}; intent, sake.","strongs_number":"h1701"},"h1702":{"pronunciation":"do-ber-aw'","unicode":"דֹּבְרָה","translit":"dôbᵉrâh","definition":"feminine active participle of {{h1696}} in the sense of driving (compare {{h1699}}); a raft; float.","strongs_number":"h1702"},"h1703":{"pronunciation":"dab-baw-raw'","unicode":"דַּבָּרָה","translit":"dabbârâh","definition":"intensive from {{h1696}}; a word; word.","strongs_number":"h1703"},"h1704":{"pronunciation":"dib-ree'","unicode":"דִּבְרִי","translit":"Dibrîy","definition":"from {{h1697}}; wordy; Dibri, an Israelite; Dibri.","strongs_number":"h1704"},"h1705":{"pronunciation":"daw-ber-ath'","unicode":"דֲּבְרַת","translit":"Dăbrath","definition":"from {{h1697}} (perhaps in the sense of {{h1699}}); Daberath, a place in Palestine; Dabareh, Daberath.","strongs_number":"h1705"},"h1706":{"pronunciation":"deb-ash'","unicode":"דְּבַשׁ","translit":"dᵉbash","definition":"from an unused root meaning to be gummy; honey (from its stickiness); by analogy, syrup; honey(-comb).","strongs_number":"h1706"},"h1707":{"pronunciation":"dab-beh'-sheth","unicode":"דַּבֶּשֶׁת","translit":"dabbesheth","definition":"intensive from the same as {{h1706}}; a sticky mass, i.e. the hump of a camel; hunch (of a camel).","strongs_number":"h1707"},"h1708":{"pronunciation":"dab-beh'-sheth","unicode":"דַּבֶּשֶׁת","translit":"Dabbesheth","definition":"the same as {{h1707}}; Dabbesheth, a place in Palestine; Dabbesheth.","strongs_number":"h1708"},"h1709":{"pronunciation":"dawg","unicode":"דָּג","translit":"dâg","definition":"or (fully) דָּאג; (Nehemiah 13:16), from {{h1711}}; a fish (as prolific); or perhaps rather from {{h1672}} (as timid); but still better from {{h1672}} (in the sense of squirming, i.e. moving by the vibratory action of the tail); a fish (often used collectively); fish.","strongs_number":"h1709"},"h1710":{"pronunciation":"daw-gaw'","unicode":"דָּגָה","translit":"dâgâh","definition":"feminine of {{h1709}}, and meaning the same; fish.","strongs_number":"h1710"},"h1711":{"pronunciation":"daw-gaw'","unicode":"דָּגָה","translit":"dâgâh","definition":"a primitive root; to move rapidly; used only as a denominative from {{h1709}}; to spawn, i.e. become numerous; grow.","strongs_number":"h1711"},"h1712":{"pronunciation":"daw-gohn'","unicode":"דָּגוֹן","translit":"Dâgôwn","definition":"from {{h1709}}; the fish-god; Dagon, a Philistine deity; Dagon.","strongs_number":"h1712"},"h1713":{"pronunciation":"daw-gal'","unicode":"דָּגַל","translit":"dâgal","definition":"a primitive root; to flaunt, i.e. raise a flag; figuratively, to be conspicuous; (set up, with) banners, chiefest.","strongs_number":"h1713"},"h1714":{"pronunciation":"deh'-gel","unicode":"דֶּגֶל","translit":"degel","definition":"from {{h1713}}; a flag; banner, standard.","strongs_number":"h1714"},"h1715":{"pronunciation":"daw-gawn'","unicode":"דָּגָן","translit":"dâgân","definition":"from {{h1711}}; properly, increase, i.e. grain; corn (floor), wheat.","strongs_number":"h1715"},"h1716":{"pronunciation":"daw-gar'","unicode":"דָּגַר","translit":"dâgar","definition":"a primitive root,; to brood over eggs or young; gather, sit.","strongs_number":"h1716"},"h1717":{"pronunciation":"dad","unicode":"דַּד","translit":"dad","definition":"apparently from the same as {{h1730}}; the breast (as the seat of love, or from its shape); breast, teat.","strongs_number":"h1717"},"h1718":{"pronunciation":"daw-daw'","unicode":"דָּדָה","translit":"dâdâh","definition":"a doubtful root; to walk gently; go (softly, with).","strongs_number":"h1718"},"h1719":{"pronunciation":"ded-awn'","unicode":"דְּדָן","translit":"Dᵉdân","definition":"or (prolonged) דְּדָנֶה; (Ezekiel 25:13), of uncertain derivation; Dedan, the name of two Cushites and of their territory; Dedan.","strongs_number":"h1719"},"h1720":{"pronunciation":"ded-aw-neem'","unicode":"דְּדָנִים","translit":"Dᵉdânîym","definition":"plural of {{h1719}} (as patrial); Dedanites, the descendants or inhabitants of Dedan; Dedanim.","strongs_number":"h1720"},"h1721":{"pronunciation":"do-daw-neem'","unicode":"דֹּדָנִים","translit":"Dôdânîym","definition":"or (by orthographical error) רֹדָנִים (1 Chronicles 1:7); a plural of uncertain derivation; Dodanites, or descendants of a son of Javan; Dodanim.","strongs_number":"h1721"},"h1722":{"pronunciation":"deh-hab'","unicode":"דְּהַב","translit":"dᵉhab","definition":"(Aramaic) corresponding to {{h2091}}; gold; gold(-en).","strongs_number":"h1722"},"h1723":{"pronunciation":"dah-hav-aw'","unicode":"דַּהֲוָא","translit":"Dahăvâʼ","definition":"(Aramaic) of uncertain derivation; Dahava, a people colonized in Samaria; Dehavites.","strongs_number":"h1723"},"h1724":{"pronunciation":"daw-ham'","unicode":"דָּהַם","translit":"dâham","definition":"a primitive root (compare {{h1740}}); to be dumb, i.e. (figuratively) dumbfounded; astonished.","strongs_number":"h1724"},"h1725":{"pronunciation":"daw-har'","unicode":"דָּהַר","translit":"dâhar","definition":"a primitive root; to curvet or move irregularly; pause.","strongs_number":"h1725"},"h1726":{"pronunciation":"dah-hah-har'","unicode":"דַּהֲהַר","translit":"dahăhar","definition":"by reduplication from {{h1725}}; a gallop; pransing.","strongs_number":"h1726"},"h1727":{"pronunciation":"doob","unicode":"דּוּב","translit":"dûwb","definition":"a primitive root; to mope, i.e. (figuratively) pine; sorrow.","strongs_number":"h1727"},"h1728":{"pronunciation":"dav-vawg'","unicode":"דַּוָּג","translit":"davvâg","definition":"an orthographical variation of {{h1709}} as a denominative ({{h1771}}); a fisherman; fisher.","strongs_number":"h1728"},"h1729":{"pronunciation":"doo-gaw'","unicode":"דּוּגָה","translit":"dûwgâh","definition":"feminine from the same as {{h1728}}; properly, fishery, i.e. a hook for fishing; fish (hook).","strongs_number":"h1729"},"h1730":{"pronunciation":"dode","unicode":"דּוֹד","translit":"dôwd","definition":"or (shortened) דֹּד; from an unused root meaning properly, to boil, i.e.; (figuratively) to love; by implication, a love-token, lover, friend; specifically an uncle; (well-) beloved, father's brother, love, uncle.","strongs_number":"h1730"},"h1731":{"pronunciation":"dood","unicode":"דּוּד","translit":"dûwd","definition":"from the same as {{h1730}}; a pot (for boiling); also (by resemblance of shape) a basket; basket, caldron, kettle, (seething) pot.","strongs_number":"h1731"},"h1732":{"pronunciation":"daw-veed'","unicode":"דָּוִד","translit":"Dâvid","definition":"rarely (fully); דָּוִיד; from the same as {{h1730}}; loving; David, the youngest son of Jesse; David.","strongs_number":"h1732"},"h1733":{"pronunciation":"do-daw'","unicode":"דּוֹדָה","translit":"dôwdâh","definition":"feminine of {{h1730}}; an aunt; aunt, father's sister, uncle's wife.","strongs_number":"h1733"},"h1734":{"pronunciation":"do-do'","unicode":"דּוֹדוֹ","translit":"Dôwdôw","definition":"from {{h1730}}; loving; Dodo, the name of three Israelites; Dodo.","strongs_number":"h1734"},"h1735":{"pronunciation":"do-daw-vaw'-hoo","unicode":"דּוֹדָוָהוּ","translit":"Dôwdâvâhûw","definition":"from {{h1730}} and {{h3050}}; love of Jah; Dodavah, an Israelite; Dodavah.","strongs_number":"h1735"},"h1736":{"pronunciation":"doo-dah'-ee","unicode":"דּוּדַי","translit":"dûwday","definition":"from {{h1731}}; a boiler or basket; also the mandrake (as an aphrodisiac); basket, mandrake.","strongs_number":"h1736"},"h1737":{"pronunciation":"do-dah'ee","unicode":"דּוֹדַי","translit":"Dôwday","definition":"formed like {{h1736}}; amatory; Dodai, an Israelite; Dodai.","strongs_number":"h1737"},"h1738":{"pronunciation":"daw-vaw'","unicode":"דָּוָה","translit":"dâvâh","definition":"a primitive root; to be sick (as if in menstruation); infirmity.","strongs_number":"h1738"},"h1739":{"pronunciation":"daw-veh'","unicode":"דָּוֶה","translit":"dâveh","definition":"from {{h1738}}; sick (especially in menstruation); faint, menstruous cloth, she that is sick, having sickness.","strongs_number":"h1739"},"h1740":{"pronunciation":"doo'-akh","unicode":"דּוּחַ","translit":"dûwach","definition":"a primitive root; to thrust away; figuratively, to cleanse; cast out, purge, wash.","strongs_number":"h1740"},"h1741":{"pronunciation":"dev-ah'ee","unicode":"דְּוַי","translit":"dᵉvay","definition":"from {{h1739}}; sickness; figuratively, loathing; languishing, sorrowful.","strongs_number":"h1741"},"h1742":{"pronunciation":"dav-voy'","unicode":"דַּוָּי","translit":"davvây","definition":"from {{h1739}}; sick; figuratively, troubled; faint.","strongs_number":"h1742"},"h1743":{"pronunciation":"dook","unicode":"דּוּךְ","translit":"dûwk","definition":"a primitive root; to bruise in a mortar; beat.","strongs_number":"h1743"},"h1744":{"pronunciation":"doo-kee-fath'","unicode":"דּוּכִיפַת","translit":"dûwkîyphath","definition":"of uncertain derivation; the hoopoe or else the grouse; lapwing.","strongs_number":"h1744"},"h1745":{"pronunciation":"doo-maw'","unicode":"דּוּמָה","translit":"dûwmâh","definition":"from an unused root meaning to be dumb (compare {{h1820}}); silence; figuratively, death; silence.","strongs_number":"h1745"},"h1746":{"pronunciation":"doo-maw'","unicode":"דּוּמָה","translit":"Dûwmâh","definition":"the same as {{h1745}}; Dumah, a tribe and region of Arabia; Dumah.","strongs_number":"h1746"},"h1747":{"pronunciation":"doo-me-yaw'","unicode":"דּוּמִיָּה","translit":"dûwmîyâh","definition":"from {{h1820}}; stillness; adverbially, silently; abstractly quiet, trust; silence, silent, waiteth.","strongs_number":"h1747"},"h1748":{"pronunciation":"doo-mawm'","unicode":"דּוּמָם","translit":"dûwmâm","definition":"from {{h1826}}; still; adverbially, silently; dumb, silent, quietly wait.","strongs_number":"h1748"},"h1749":{"pronunciation":"do-nag'","unicode":"דּוֹנַג","translit":"dôwnag","definition":"of uncertain derivation; wax; wax.","strongs_number":"h1749"},"h1750":{"pronunciation":"doots","unicode":"דּוּץ","translit":"dûwts","definition":"a primitive root; to leap; be turned.","strongs_number":"h1750"},"h1751":{"pronunciation":"dook","unicode":"דּוּק","translit":"dûwq","definition":"(Aramaic) corresponding to {{h1854}}; to crumble; be broken to pieces.","strongs_number":"h1751"},"h1752":{"pronunciation":"dure","unicode":"דּוּר","translit":"dûwr","definition":"a primitive root; properly, to gyrate (or move in a circle), i.e. to remain; dwell.","strongs_number":"h1752"},"h1753":{"pronunciation":"dure","unicode":"דּוּר","translit":"dûwr","definition":"(Aramaic) corresponding to {{h1752}}; to reside; dwell.","strongs_number":"h1753"},"h1754":{"pronunciation":"dure","unicode":"דּוּר","translit":"dûwr","definition":"from {{h1752}}; a circle, ball or pile; ball, turn, round about.","strongs_number":"h1754"},"h1755":{"pronunciation":"dore","unicode":"דּוֹר","translit":"dôwr","definition":"or (shortened) דֹּר; from {{h1752}}; properly, a revolution of time, i.e. an age or generation; also a dwelling; age, × evermore, generation, (n-) ever, posterity.","strongs_number":"h1755"},"h1756":{"pronunciation":"dore","unicode":"דּוֹר","translit":"Dôwr","definition":"or (by permutation) דֹּאר; (Joshua 17:11; 1 Kings 4:11), from {{h1755}}; dwelling; Dor, a place in Palestine; Dor.","strongs_number":"h1756"},"h1757":{"pronunciation":"doo-raw'","unicode":"דּוּרָא","translit":"Dûwrâʼ","definition":"(Aramaic) probably from {{h1753}}; circle or dwelling; Dura, a place in Babylonia; Dura.","strongs_number":"h1757"},"h1758":{"pronunciation":"doosh","unicode":"דּוּשׁ","translit":"dûwsh","definition":"or דּוֹשׁ; or דִּישׁ; a primitive root; to trample or thresh; break, tear, thresh, tread out (down), at grass (Jeremiah 50:11, by mistake for {{h1877}}).","strongs_number":"h1758"},"h1759":{"pronunciation":"doosh","unicode":"דּוּשׁ","translit":"dûwsh","definition":"(Aramaic) corresponding to {{h1758}}; to trample; tread down.","strongs_number":"h1759"},"h1760":{"pronunciation":"daw-khaw'","unicode":"דָּחָה","translit":"dâchâh","definition":"or דָּחַח; (Jeremiah 23:12), a primitive root; to push down; chase, drive away (on), overthrow, outcast, × sore, thrust, totter.","strongs_number":"h1760"},"h1761":{"pronunciation":"dakh-av-aw'","unicode":"דַּחֲוָה","translit":"dachăvâh","definition":"(Aramaic) from the equivalent of {{h1760}}; probably a musical instrument (as being struck); instrument of music.","strongs_number":"h1761"},"h1762":{"pronunciation":"deh-khee'","unicode":"דְּחִי","translit":"dᵉchîy","definition":"from {{h1760}}; a push, i.e. (by implication) a fall; falling.","strongs_number":"h1762"},"h1763":{"pronunciation":"deh-khal'","unicode":"דְּחַל","translit":"dᵉchal","definition":"(Aramaic) corresponding to {{h2119}}; to slink, i.e. (by implication) to fear, or (causatively) be formidable; make afraid, dreadful, fear, terrible.","strongs_number":"h1763"},"h1764":{"pronunciation":"do'-khan","unicode":"דֹּחַן","translit":"dôchan","definition":"of uncertain derivation; millet; millet.","strongs_number":"h1764"},"h1765":{"pronunciation":"daw-khaf'","unicode":"דָּחַף","translit":"dâchaph","definition":"a primitive root; to urge, i.e. hasten; (be) haste(-ned), pressed on.","strongs_number":"h1765"},"h1766":{"pronunciation":"daw-khak'","unicode":"דָּחַק","translit":"dâchaq","definition":"a primitive root; to press, i.e. oppress; thrust, vex.","strongs_number":"h1766"},"h1767":{"pronunciation":"dahee","unicode":"דַּי","translit":"day","definition":"of uncertain derivation; enough (as noun or adverb), used chiefly with preposition in phrases; able, according to, after (ability), among, as (oft as), (more than) enough, from, in, since, (much as is) sufficient(-ly), too much, very, when.","strongs_number":"h1767"},"h1768":{"pronunciation":"dee","unicode":"דִּי","translit":"dîy","definition":"(Aramaic) apparently for {{h1668}}; that, used as relative conjunction, and especially (with a preposition) in adverbial phrases; also as preposition of; × as, but, for(-asmuch  ),   now, of, seeing, than, that, therefore, until,   what (-soever), when, which, whom, whose.","strongs_number":"h1768"},"h1769":{"pronunciation":"dee-bome'","unicode":"דִּיבוֹן","translit":"Dîybôwn","definition":"or (shortened) דִּיבֹן; from {{h1727}}; pining:—; Dibon, the name of three places in Palestine; Dibon. (Also, with {{h1410}} added, Dibon-gad.)","strongs_number":"h1769"},"h1770":{"pronunciation":"deeg","unicode":"דִּיג","translit":"dîyg","definition":"denominative from {{h1709}}; to fish; fish.","strongs_number":"h1770"},"h1771":{"pronunciation":"dah-yawg'","unicode":"דַּיָּג","translit":"dayâg","definition":"from {{h1770}}; a fisherman; fisher.","strongs_number":"h1771"},"h1772":{"pronunciation":"dah-yaw'","unicode":"דַּיָּה","translit":"dayâh","definition":"intensive from {{h1675}}; a falcon (from its rapid flight); vulture.","strongs_number":"h1772"},"h1773":{"pronunciation":"deh-yo'","unicode":"דְּיוֹ","translit":"dᵉyôw","definition":"of uncertain derivation; ink; ink.","strongs_number":"h1773"},"h1774":{"pronunciation":"dee zaw-hawb'","unicode":"דִּי זָהָב","translit":"Dîy zâhâb","definition":"as if from {{h1768}} and {{h2091}}; of gold; Dizahab, a place in the Desert; Dizahab.","strongs_number":"h1774"},"h1775":{"pronunciation":"dee-mone'","unicode":"דִּימוֹן","translit":"Dîymôwn","definition":"perhaps for {{h1769}}; Dimon, a place in Palestine; Dimon.","strongs_number":"h1775"},"h1776":{"pronunciation":"dee-mo-naw'","unicode":"דִּימוֹנָה","translit":"Dîymôwnâh","definition":"feminine of {{h1775}}; Dimonah, a place in Palestine; Dimonah.","strongs_number":"h1776"},"h1777":{"pronunciation":"deen","unicode":"דִּין","translit":"dîyn","definition":"or (Genesis 6:3) דּוּן; a primitive root; to rule; by implication to judge (as umpire); also to strive (as at law); contend contend execute (judgment) judge minister judgment plead (the cause) at strife strive.","strongs_number":"h1777"},"h1778":{"pronunciation":"deen","unicode":"דִּין","translit":"dîyn","definition":"(Aramaic) corresponding to {{h1777}}; to judge; judge.","strongs_number":"h1778"},"h1779":{"pronunciation":"deen","unicode":"דִּין","translit":"dîyn","definition":"or (Job 19:29) דּוּן; from {{h1777}}; judgement (the suit, justice, sentence or tribunal); by implication also strife; cause, judgement, plea, strife.","strongs_number":"h1779"},"h1780":{"pronunciation":"deen","unicode":"דִּין","translit":"dîyn","definition":"(Aramaic) corresponding to {{h1779}}; judgement.","strongs_number":"h1780"},"h1781":{"pronunciation":"dah-yawn'","unicode":"דַּיָּן","translit":"dayân","definition":"from {{h1777}}; a judge or advocate; judge.","strongs_number":"h1781"},"h1782":{"pronunciation":"dah-yawn'","unicode":"דַּיָּן","translit":"dayân","definition":"(Aramaic) corresponding to {{h1781}}; judge.","strongs_number":"h1782"},"h1783":{"pronunciation":"dee-naw'","unicode":"דִּינָה","translit":"Dîynâh","definition":"feminine of {{h1779}}; justice; Dinah, the daughter of Jacob; Dinah.","strongs_number":"h1783"},"h1784":{"pronunciation":"dee-nah'-ee","unicode":"דִּינַי","translit":"Dîynay","definition":"(Aramaic) partial from uncertain primitive; a Dinaite or inhabitant of some unknown Assyria province; Dinaite.","strongs_number":"h1784"},"h1785":{"pronunciation":"daw-yake'","unicode":"דָּיֵק","translit":"dâyêq","definition":"from a root corresp. to {{h1751}}; a battering-tower; fort.","strongs_number":"h1785"},"h1786":{"pronunciation":"dah-yish'","unicode":"דַּיִשׁ","translit":"dayish","definition":"from {{h1758}}; threshing-time; threshing.","strongs_number":"h1786"},"h1787":{"pronunciation":"dee-shone'","unicode":"דִּישׁוֹן","translit":"Dîyshôwn","definition":"Diyshon, the same as {{h1788}}; Dishon, the name of two Edomites; Dishon.","strongs_number":"h1787"},"h1788":{"pronunciation":"dee-shone'","unicode":"דִּישֹׁן","translit":"dîyshôn","definition":"from {{h1758}}; the leaper, i.e. an antelope; pygarg.","strongs_number":"h1788"},"h1789":{"pronunciation":"dee-shawn'","unicode":"דִּישָׁן","translit":"Dîyshân","definition":"another form of {{h1787}}; Dishan, an Edomite; Dishan, Dishon.","strongs_number":"h1789"},"h1790":{"pronunciation":"dak","unicode":"דַּךְ","translit":"dak","definition":"from an unused root (compare {{h1794}}); crushed, i.e. (figuratively) injured; afflicted, oppressed.","strongs_number":"h1790"},"h1791":{"pronunciation":"dake","unicode":"דֵּךְ","translit":"dêk","definition":"(Aramaic) or דָּךְ; (Aramaic), prolonged from {{h1668}}; this; the same, this.","strongs_number":"h1791"},"h1792":{"pronunciation":"daw-kaw'","unicode":"דָּכָא","translit":"dâkâʼ","definition":"a primitive root (compare {{h1794}}); to crumble; transitively, to bruise (literally or figuratively); beat to pieces, break (in pieces), bruise, contrite, crush, destroy, humble, oppress, smite.","strongs_number":"h1792"},"h1793":{"pronunciation":"dak-kaw'","unicode":"דַּכָּא","translit":"dakkâʼ","definition":"from {{h1792}}; crushed (literally powder, or figuratively, contrite); contrite, destruction.","strongs_number":"h1793"},"h1794":{"pronunciation":"daw-kaw'","unicode":"דָּכָה","translit":"dâkâh","definition":"a primitive root (compare {{h1790}}, {{h1792}}); to collapse (phys. or mentally); break (sore), contrite, crouch.","strongs_number":"h1794"},"h1795":{"pronunciation":"dak-kaw'","unicode":"דַּכָּה","translit":"dakkâh","definition":"from {{h1794}} like {{h1793}}; mutilated; wounded.","strongs_number":"h1795"},"h1796":{"pronunciation":"dok-ee'","unicode":"דֳּכִי","translit":"dŏkîy","definition":"from {{h1794}}; a dashing of surf; wave.","strongs_number":"h1796"},"h1797":{"pronunciation":"dik-kane'","unicode":"דִּכֵּן","translit":"dikkên","definition":"(Aramaic) prolonged from {{h1791}}; this; same, that, this.","strongs_number":"h1797"},"h1798":{"pronunciation":"dek-ar'","unicode":"דְּכַר","translit":"dᵉkar","definition":"(Aramaic) corresponding to {{h2145}}; properly, a male, i.e. of sheep; ram.","strongs_number":"h1798"},"h1799":{"pronunciation":"dik-rone'","unicode":"דִּכְרוֹן","translit":"dikrôwn","definition":"(Aramaic) or דׇּכְרָן (Aramaic); corresponding to {{h2146}}; a register; record.","strongs_number":"h1799"},"h1800":{"pronunciation":"dal","unicode":"דַּל","translit":"dal","definition":"from {{h1809}}; properly, dangling, i.e. (by implication) weak or thin; lean, needy, poor (man), weaker.","strongs_number":"h1800"}}