{"h1801":{"pronunciation":"daw-lag'","unicode":"דָּלַג","translit":"dâlag","definition":"a primitive root; to spring; leap.","strongs_number":"h1801"},"h1802":{"pronunciation":"daw-law'","unicode":"דָּלָה","translit":"dâlâh","definition":"a primitive root (compare {{h1809}}); properly, to dangle, i.e. to let down a bucket (for drawing out water); figuratively, to deliver; draw (out), × enough, lift up.","strongs_number":"h1802"},"h1803":{"pronunciation":"dal-law'","unicode":"דַּלָּה","translit":"dallâh","definition":"from {{h1802}}; properly, something dangling, i.e. a loose thread or hair; figuratively, indigent; hair, pining sickness, poor(-est sort).","strongs_number":"h1803"},"h1804":{"pronunciation":"daw-lakh'","unicode":"דָּלַח","translit":"dâlach","definition":"a primitive root; to roil water; trouble.","strongs_number":"h1804"},"h1805":{"pronunciation":"del-ee'","unicode":"דְּלִי","translit":"dᵉlîy","definition":"or דֳּלִי; from {{h1802}}; a pail or jar (for drawing water); bucket.","strongs_number":"h1805"},"h1806":{"pronunciation":"del-aw-yaw'","unicode":"דְּלָיָה","translit":"Dᵉlâyâh","definition":"or (prolonged) דְּלָיָהוּxlit Dᵉlâyâhhûw corrected to Dᵉlâyâhûw; from {{h1802}} and {{h3050}}; Jah has delivered; Delajah, the name of five Israelites; Dalaiah, Delaiah.","strongs_number":"h1806"},"h1807":{"pronunciation":"del-ee-law'","unicode":"דְּלִילָה","translit":"Dᵉlîylâh","definition":"from {{h1809}}; languishing; Delilah, a Philistine woman; Delilah.","strongs_number":"h1807"},"h1808":{"pronunciation":"daw-lee-yaw'","unicode":"דָּלִיָּה","translit":"dâlîyâh","definition":"from {{h1802}}; something dangling, i.e. a bough; branch.","strongs_number":"h1808"},"h1809":{"pronunciation":"daw-lal'","unicode":"דָּלַל","translit":"dâlal","definition":"a primitive root (compare {{h1802}}); to slacken or be feeble; figuratively, to be oppressed; bring low, dry up, be emptied, be not equal, fail, be impoverished, be made thin.","strongs_number":"h1809"},"h1810":{"pronunciation":"dil-awn'","unicode":"דִּלְעָן","translit":"Dilʻân","definition":"of uncertain derivation; Dilan, a place in Palestine; Dilean.","strongs_number":"h1810"},"h1811":{"pronunciation":"daw-laf'","unicode":"דָּלַף","translit":"dâlaph","definition":"a primitive root; to drip; by implication, to weep; drop through, melt, pour out.","strongs_number":"h1811"},"h1812":{"pronunciation":"deh'-lef","unicode":"דֶּלֶף","translit":"deleph","definition":"from {{h1811}}; a dripping; dropping.","strongs_number":"h1812"},"h1813":{"pronunciation":"dal-fone'","unicode":"דַּלְפוֹן","translit":"Dalphôwn","definition":"from {{h1811}}; dripping; Dalphon, a son of Haman; Dalphon.","strongs_number":"h1813"},"h1814":{"pronunciation":"daw-lak'","unicode":"דָּלַק","translit":"dâlaq","definition":"a primitive root; to flame (literally or figuratively); burning, chase, inflame, kindle, persecute(-or), pursue hotly.","strongs_number":"h1814"},"h1815":{"pronunciation":"del-ak'","unicode":"דְּלַק","translit":"dᵉlaq","definition":"(Aramaic) corresponding to {{h1814}}; burn.","strongs_number":"h1815"},"h1816":{"pronunciation":"dal-lek'-keth","unicode":"דַּלֶּקֶת","translit":"dalleqeth","definition":"; from {{h1814}}; a burning fever; inflammation.","strongs_number":"h1816"},"h1817":{"pronunciation":"deh'-leth","unicode":"דֶּלֶת","translit":"deleth","definition":"from {{h1802}}; something swinging, i.e. the valve of a door; door (two-leaved), gate, leaf, lid. (Psalm 141:3).","strongs_number":"h1817"},"h1818":{"pronunciation":"dawm","unicode":"דָּם","translit":"dâm","definition":"from {{h1826}} (compare {{h119}}); blood (as that which when shed causes death) of man or an animal; by analogy, the juice of the grape; figuratively (especially in the plural) bloodshed (i.e. drops of blood); blood(-y, -guiltiness, (-thirsty),   innocent.","strongs_number":"h1818"},"h1819":{"pronunciation":"daw-maw'","unicode":"דָּמָה","translit":"dâmâh","definition":"a primitive root; to compare; by implication, to resemble, liken, consider; compare, devise, (be) like(-n), mean, think, use similitudes.","strongs_number":"h1819"},"h1820":{"pronunciation":"daw-mam'","unicode":"דָּמָה","translit":"dâmâh","definition":"a primitive root; to be dumb or silent; hence, to fail or perish; trans. to destroy; cease, be cut down (off), destroy, be brought to silence, be undone, × utterly.","strongs_number":"h1820"},"h1821":{"pronunciation":"dem-aw'","unicode":"דְּמָה","translit":"dᵉmâh","definition":"(Aramaic) corresponding to {{h1819}}; to resemble; be like.","strongs_number":"h1821"},"h1822":{"pronunciation":"doom-maw'","unicode":"דֻּמָּה","translit":"dummâh","definition":"from {{h1820}}; desolation; concretely, desolate; destroy.","strongs_number":"h1822"},"h1823":{"pronunciation":"dem-ooth'","unicode":"דְּמוּת","translit":"dᵉmûwth","definition":"from {{h1819}}; resemblance; concretely, model, shape; adverbially, like; fashion, like (-ness, as), manner, similitude.","strongs_number":"h1823"},"h1824":{"pronunciation":"dem-ee'","unicode":"דְּמִי","translit":"dᵉmîy","definition":"or דֳּמִי; from {{h1820}}; quiet; cutting off, rest, silence.","strongs_number":"h1824"},"h1825":{"pronunciation":"dim-yone'","unicode":"דִּמְיוֹן","translit":"dimyôwn","definition":"from {{h1819}}; resemblance; × like.","strongs_number":"h1825"},"h1826":{"pronunciation":"daw-man'","unicode":"דָּמַם","translit":"dâmam","definition":"a primitive root (compare {{h1724}}, {{h1820}}); to be dumb; by implication, to be astonished, to stop; also to perish; cease, be cut down (off), forbear, hold peace, quiet self, rest, be silent, keep (put to) silence, be (stand) still, tarry, wait.","strongs_number":"h1826"},"h1827":{"pronunciation":"dem-aw-maw'","unicode":"דְּמָמָה","translit":"dᵉmâmâh","definition":"feminine from {{h1826}}; quiet; calm, silence, still.","strongs_number":"h1827"},"h1828":{"pronunciation":"do'-men","unicode":"דֹּמֶן","translit":"dômen","definition":"of uncertain derivation; manure; dung.","strongs_number":"h1828"},"h1829":{"pronunciation":"dim-naw'","unicode":"דִּמְנָה","translit":"Dimnâh","definition":"feminine from the same as {{h1828}}; a dung-heap; Dimnah, a place in Palestine; Dimnah.","strongs_number":"h1829"},"h1830":{"pronunciation":"daw-mah'","unicode":"דָּמַע","translit":"dâmaʻ","definition":"a primitive root; to weep; × sore, weep.","strongs_number":"h1830"},"h1831":{"pronunciation":"dah'-mah","unicode":"דֶּמַע","translit":"demaʻ","definition":"from {{h1830}}; a tear; figuratively, juice; liquor.","strongs_number":"h1831"},"h1832":{"pronunciation":"dim-aw'","unicode":"דִּמְעָה","translit":"dimʻâh","definition":"feminine of {{h1831}}; weeping; tears.","strongs_number":"h1832"},"h1833":{"pronunciation":"dem-eh'-shek","unicode":"דְּמֶשֶׁק","translit":"dᵉmesheq","definition":"by orthographical variation from {{h1834}}; damask (as a fabric of Damascus); in Damascus.","strongs_number":"h1833"},"h1834":{"pronunciation":"dam-meh'-sek","unicode":"דַּמֶּשֶׂק","translit":"Dammeseq","definition":"or דּוּמֶשֶׂק; or דַּרְמֶשֶׂק; of foreign origin; Damascus, a city of Syria; Damascus.","strongs_number":"h1834"},"h1835":{"pronunciation":"dawn","unicode":"דָּן","translit":"Dân","definition":"from {{h1777}}; judge; Dan, one of the sons of Jacob; also the tribe descended from him, and its territory; likewise a place in Palestine colonized by them; Daniel","strongs_number":"h1835"},"h1836":{"pronunciation":"dane","unicode":"דֵּן","translit":"dên","definition":"(Aramaic) an orthographical variation of {{h1791}}; this; (afore-) time,   after this manner, here (-after), one...another, such, there(-fore), these, this (matter),   thus, where(-fore), which.","strongs_number":"h1836"},"h1837":{"pronunciation":"dan-naw'","unicode":"דַּנָּה","translit":"Dannâh","definition":"of uncertain derivation; Dannah, a place in Palestine; Dannah.","strongs_number":"h1837"},"h1838":{"pronunciation":"din-haw-baw'","unicode":"דִּנְהָבָה","translit":"Dinhâbâh","definition":"of uncertain derivation; Dinhabah, an Edomitish town; Dinhaban.","strongs_number":"h1838"},"h1839":{"pronunciation":"daw-nee'","unicode":"דָּנִי","translit":"Dânîy","definition":"patronymically from {{h1835}}; a Danite (often collectively) or descendants (or inhabitants) of Dan; Danites, of Daniel","strongs_number":"h1839"},"h1840":{"pronunciation":"daw-nee-yale'","unicode":"דָנִיֵּאל","translit":"Dânîyêʼl","definition":"in Ezekiel it is; דָּנִאֵל; from {{h1835}} and {{h410}}; judge of God; Daniel or Danijel, the name of two Israelites; Daniel.","strongs_number":"h1840"},"h1841":{"pronunciation":"daw-nee-yale'","unicode":"דָּנִיֵּאל","translit":"Dânîyêʼl","definition":"(Aramaic) corresponding to {{h1840}}; Danijel, the Hebrew prophet; Daniel.","strongs_number":"h1841"},"h1842":{"pronunciation":"dawn yah'-an","unicode":"דָּן יַעַן","translit":"Dân Yaʻan","definition":"from {{h1835}} and (apparently) {{h3282}}; judge of purpose; Dan-Jaan, a place in Palestine; Dan-jaan.","strongs_number":"h1842"},"h1843":{"pronunciation":"day'-ah","unicode":"דֵּעַ","translit":"dêaʻ","definition":"from {{h3045}}; knowledge; knowledge, opinion.","strongs_number":"h1843"},"h1844":{"pronunciation":"day-aw'","unicode":"דֵּעָה","translit":"dêʻâh","definition":"feminine of {{h1843}}; knowledge; knowledge.","strongs_number":"h1844"},"h1845":{"pronunciation":"deh-oo-ale'","unicode":"דְּעוּאֵל","translit":"Dᵉʻûwʼêl","definition":"from {{h3045}} and {{h410}}; known of God; Deuel, an Israelite; Deuel.","strongs_number":"h1845"},"h1846":{"pronunciation":"daw-ak'","unicode":"דָּעַךְ","translit":"dâʻak","definition":"a primitive root; to be extinguished; figuratively, to expire or be dried up; be extinct, consumed, put out, quenched.","strongs_number":"h1846"},"h1847":{"pronunciation":"dah'-ath","unicode":"דַּעַת","translit":"daʻath","definition":"from {{h3045}}; knowledge; cunning, (ig-) norantly, know(-ledge), (un-) awares (wittingly).","strongs_number":"h1847"},"h1848":{"pronunciation":"dof'-ee","unicode":"דׇּפִי","translit":"dophîy","definition":"from an unused root (meaning to push over); a stumbling-block; slanderest.","strongs_number":"h1848"},"h1849":{"pronunciation":"daw-fak'","unicode":"דָּפַק","translit":"dâphaq","definition":"a primitive root; to knock; by analogy, to press severely; beat, knock, overdrive.","strongs_number":"h1849"},"h1850":{"pronunciation":"dof-kaw'","unicode":"דׇּפְקָה","translit":"Dophqâh","definition":"from {{h1849}}; a knock; Dophkah, a place in the Desert; Dophkah.","strongs_number":"h1850"},"h1851":{"pronunciation":"dak","unicode":"דַּק","translit":"daq","definition":"from {{h1854}}; crushed, i.e. (by implication) small or thin; dwarf, lean(-fleshed), very little thing, small, thin.","strongs_number":"h1851"},"h1852":{"pronunciation":"doke","unicode":"דֹּק","translit":"dôq","definition":"from {{h1854}}; something crumbling, i.e. fine (as a thin cloth); curtain.","strongs_number":"h1852"},"h1853":{"pronunciation":"dik-law'","unicode":"דִּקְלָה","translit":"Diqlâh","definition":"of foreign origin; Diklah, a region of Arabia; Diklah.","strongs_number":"h1853"},"h1854":{"pronunciation":"daw-kak'","unicode":"דָּקַק","translit":"dâqaq","definition":"a primitive root (compare {{h1915}}); to crush (or intransitively) crumble; beat in pieces (small), bruise, make dust, (into) × powder, (be, very) small, stamp (small).","strongs_number":"h1854"},"h1855":{"pronunciation":"dek-ak'","unicode":"דְּקַק","translit":"dᵉqaq","definition":"(Aramaic) corresponding to {{h1854}}; to crumble or (trans.) crush; break to pieces.","strongs_number":"h1855"},"h1856":{"pronunciation":"daw-kar'","unicode":"דָּקַר","translit":"dâqar","definition":"a primitive root; to stab; by analogy, to starve; figuratively, to revile; pierce, strike (thrust) through, wound.","strongs_number":"h1856"},"h1857":{"pronunciation":"deh'-ker","unicode":"דֶּקֶר","translit":"Deqer","definition":"from {{h1856}}; a stab; Deker, an Israelite; Dekar.","strongs_number":"h1857"},"h1858":{"pronunciation":"dar","unicode":"דַּר","translit":"dar","definition":"apparently from the same as {{h1865}}; properly, a pearl (from its sheen as rapidly turned); by analogy, pearl-stone, i.e. mother-of-pearl or alabaster; × white.","strongs_number":"h1858"},"h1859":{"pronunciation":"dawr","unicode":"דָּר","translit":"dâr","definition":"(Aramaic) corresponding to {{h1755}}; an age; generation.","strongs_number":"h1859"},"h1860":{"pronunciation":"der-aw-one'","unicode":"דְּרָאוֹן","translit":"dᵉrâʼôwn","definition":"or דֵּרָאוֹן; from an unused root (meaning to repulse); an object of aversion; abhorring, contempt.","strongs_number":"h1860"},"h1861":{"pronunciation":"dor-bone'","unicode":"דׇּרְבוֹן","translit":"dorbôwn","definition":"(also dor-bawn'); of uncertain derivation; a goad; goad.","strongs_number":"h1861"},"h1862":{"pronunciation":"dar-dah'","unicode":"דַּרְדַּע","translit":"Dardaʻ","definition":"apparently from {{h1858}} and {{h1843}}; pearl of knowledge; Darda, an Israelite; Darda.","strongs_number":"h1862"},"h1863":{"pronunciation":"dar-dar'","unicode":"דַּרְדַּר","translit":"dardar","definition":"of uncertain derivation; a thorn; thistle.","strongs_number":"h1863"},"h1864":{"pronunciation":"daw-rome'","unicode":"דָּרוֹם","translit":"dârôwm","definition":"of uncertain derivation; the south; poet. the south wind; south.","strongs_number":"h1864"},"h1865":{"pronunciation":"der-ore'","unicode":"דְּרוֹר","translit":"dᵉrôwr","definition":"from an unused root (meaning to move rapidly); freedom; hence, spontaneity of outflow, and so clear; liberty, pure.","strongs_number":"h1865"},"h1866":{"pronunciation":"der-ore'","unicode":"דְּרוֹר","translit":"dᵉrôwr","definition":"the same as {{h1865}}, applied to a bird; the swift, a kind of swallow; swallow.","strongs_number":"h1866"},"h1867":{"pronunciation":"daw-reh-yaw-vaysh'","unicode":"דָּֽרְיָוֵשׁ","translit":"Dârᵉyâvêsh","definition":"of Persian origin; Darejavesh, a title (rather than name) of several Persian kings; Darius.","strongs_number":"h1867"},"h1868":{"pronunciation":"daw-reh-yaw-vaysh'","unicode":"דָּֽרְיָוֵשׁ","translit":"Dârᵉyâvêsh","definition":"(Aramaic) corresponding to {{h1867}}; Darius.","strongs_number":"h1868"},"h1869":{"pronunciation":"daw-rak'","unicode":"דָּרַךְ","translit":"dârak","definition":"a primitive root; to tread; by implication, to walk; also to string a bow (by treading on it in bending); archer, bend, come, draw, go (over), guide, lead (forth), thresh, tread (down), walk.","strongs_number":"h1869"},"h1870":{"pronunciation":"deh'-rek","unicode":"דֶּרֶךְ","translit":"derek","definition":"from {{h1869}}; a road (as trodden); figuratively, a course of life or mode of action, often adverb; along, away, because of,   by, conversation, custom, (east-) ward, journey, manner, passenger, through, toward, (high-) (path-) way(-side), whither(-soever).","strongs_number":"h1870"},"h1871":{"pronunciation":"dar-kem-one'","unicode":"דַּרְכְּמוֹן","translit":"darkᵉmôwn","definition":"of Persian origin; a 'drachma', or coin; dram.","strongs_number":"h1871"},"h1872":{"pronunciation":"der-aw'","unicode":"דְּרַע","translit":"dᵉraʻ","definition":"(Aramaic) corresponding to {{h2220}}; an arm; arm.","strongs_number":"h1872"},"h1873":{"pronunciation":"daw-rah'","unicode":"דָּרַע","translit":"Dâraʻ","definition":"probably a contraction from {{h1862}}; Dara, an Israelite; Dara.","strongs_number":"h1873"},"h1874":{"pronunciation":"dar-kone'","unicode":"דַּרְקוֹן","translit":"Darqôwn","definition":"of uncertain derivation; Darkon, one of 'Solomon's servants'; Darkon.","strongs_number":"h1874"},"h1875":{"pronunciation":"daw-rash'","unicode":"דָּרַשׁ","translit":"dârash","definition":"a primitive root; properly, to tread or frequent; usually to follow (for pursuit or search); by implication, to seek or ask; specifically to worship; ask, × at all, care for, × diligently, inquire, make inquisition, (necro-) mancer, question, require, search, seek (for, out), × surely.","strongs_number":"h1875"},"h1876":{"pronunciation":"daw-shaw'","unicode":"דָּשָׁא","translit":"dâshâʼ","definition":"a primitive root; to sprout; bring forth, spring.","strongs_number":"h1876"},"h1877":{"pronunciation":"deh'-sheh","unicode":"דֶּשֶׁא","translit":"desheʼ","definition":"from {{h1876}}; a sprout; by analogy, grass; (tender) grass, green, (tender) herb.","strongs_number":"h1877"},"h1878":{"pronunciation":"daw-shane'","unicode":"דָּשֵׁן","translit":"dâshên","definition":"a primitive root; also denominatively (from {{h1880}}); to be fat; transitively, to fatten (or regard as fat); specifically to anoint; figuratively, to satisfy; to remove (fat) ashes (of sacrifices); accept, anoint, take away the (receive) ashes (from), make (wax) fat.","strongs_number":"h1878"},"h1879":{"pronunciation":"daw-shane'","unicode":"דָּשֵׁן","translit":"dâshên","definition":"from {{h1878}}; fat; figuratively, rich, fertile; fat.","strongs_number":"h1879"},"h1880":{"pronunciation":"deh'-shen","unicode":"דֶּשֶׁן","translit":"deshen","definition":"from {{h1878}}; the fat; abstractly fatness, i.e. (figuratively) abundance; specifically the (fatty) ashes of sacrifices; ashes, fatness.","strongs_number":"h1880"},"h1881":{"pronunciation":"dawth","unicode":"דָּת","translit":"dâth","definition":"of uncertain (perhaps foreign) derivation; a royal edict or statute; commandment, commission, decree, law, manner.","strongs_number":"h1881"},"h1882":{"pronunciation":"dawth","unicode":"דָּת","translit":"dâth","definition":"(Aramaic) corresponding to {{h1881}}; decree, law.","strongs_number":"h1882"},"h1883":{"pronunciation":"deh'-thay","unicode":"דֶּתֶא","translit":"detheʼ","definition":"(Aramaic) corresponding to {{h1877}}; tender grass.","strongs_number":"h1883"},"h1884":{"pronunciation":"deth-aw-bawr'","unicode":"דְּתָבָר","translit":"dᵉthâbâr","definition":"(Aramaic) of Persian origin; meaning one skilled in law; a judge; counsellor.","strongs_number":"h1884"},"h1885":{"pronunciation":"daw-thawn'","unicode":"דָּתָן","translit":"Dâthân","definition":"of uncertain derivation; Dathan, an Israelite; Dathan.","strongs_number":"h1885"},"h1886":{"pronunciation":"do'-thawn","unicode":"דֹּתָן","translit":"Dôthân","definition":"or (Aramaic dual) דֹּתַיִן; (Genesis 37:17), of uncertain derivation; Dothan, a place in Palestine; Dothan. h","strongs_number":"h1886"},"h1887":{"pronunciation":"hay","unicode":"הֵא","translit":"hêʼ","definition":"a primitive particle; lo!; behold, lo.","strongs_number":"h1887"},"h1888":{"pronunciation":"hay","unicode":"הֵא","translit":"hêʼ","definition":"(Aramaic) or הָא; (Aramaic), corresponding to {{h1887}}; even, lo.","strongs_number":"h1888"},"h1889":{"pronunciation":"heh-awkh'","unicode":"הֶאָח","translit":"heʼâch","definition":"from {{h1887}} and {{h253}}; aha!; ah, aha, ha.","strongs_number":"h1889"},"h1890":{"pronunciation":"hab-hawb'","unicode":"הַבְהָב","translit":"habhâb","definition":"by reduplication from {{h3051}}; gift (in sacrifice), i.e. holocaust; offering.","strongs_number":"h1890"},"h1891":{"pronunciation":"haw-bal'","unicode":"הָבַל","translit":"hâbal","definition":"a primitive root; to be vain in act, word, or expectation; specifically to lead astray; be (become, make) vain.","strongs_number":"h1891"},"h1892":{"pronunciation":"heh'bel","unicode":"הֶבֶל","translit":"hebel","definition":"or (rarely in the abs.) הֲבֵל; from {{h1891}}; emptiness or vanity; figuratively, something transitory and unsatisfactory; often used as an adverb; × altogether, vain, vanity.","strongs_number":"h1892"},"h1893":{"pronunciation":"heh'-bel","unicode":"הֶבֶל","translit":"Hebel","definition":"the same as {{h1892}}; Hebel, the son of Adam; Abel.","strongs_number":"h1893"},"h1894":{"pronunciation":"ho'-ben","unicode":"הֹבֶן","translit":"hôben","definition":"only in plural, from an unused root meaning to be hard; ebony; ebony.","strongs_number":"h1894"},"h1895":{"pronunciation":"haw-bar'","unicode":"הָבַר","translit":"hâbar","definition":"a primitive root of uncertain (perhaps foreign) derivation; to be a horoscopist; (astro-) loger.","strongs_number":"h1895"},"h1896":{"pronunciation":"hay-gay'","unicode":"הֵגֵא","translit":"Hêgêʼ","definition":"or (by permutation) הֵגַי; probably of Persian origin; Hege or Hegai, a eunuch of Xerxes; Hegai, Hege.","strongs_number":"h1896"},"h1897":{"pronunciation":"daw-gaw'","unicode":"הָגָה","translit":"hâgâh","definition":"a primitive root (compare {{h1901}}); to murmur (in pleasure or anger); by implication, to ponder; imagine, meditate, mourn, mutter, roar, × sore, speak, study, talk, utter.","strongs_number":"h1897"},"h1898":{"pronunciation":"haw-gaw'","unicode":"הָגָה","translit":"hâgâh","definition":"a primitive root; to remove; stay, stay away.","strongs_number":"h1898"},"h1899":{"pronunciation":"heh'-geh","unicode":"הֶגֶה","translit":"hegeh","definition":"from {{h1897}}; a muttering (in sighing, thought, or as thunder); mourning, sound, tale.","strongs_number":"h1899"},"h1900":{"pronunciation":"haw-gooth'","unicode":"הָגוּת","translit":"hâgûwth","definition":"from {{h1897}}; musing; meditation.","strongs_number":"h1900"}}