{"h201":{"pronunciation":"o-mawr'","unicode":"אוֹמָר","translit":"ʼÔwmâr","definition":"from {{h559}}; talkative; Omar, a grandson of Esau; Omar.","strongs_number":"h201"},"h202":{"pronunciation":"one","unicode":"אוֹן","translit":"ʼôwn","definition":"probably from the same as {{h205}} (in the sense of effort, but successful); ability, power, (figuratively) wealth; force, goods, might, strength, substance.","strongs_number":"h202"},"h203":{"pronunciation":"one","unicode":"אוֹן","translit":"ʼÔwn","definition":"the same as {{h202}}; On, an Israelite; On.","strongs_number":"h203"},"h204":{"pronunciation":"one","unicode":"אוֹן","translit":"ʼÔwn","definition":"or (shortened); אֹן; of Egyptian derivation; On, a city of Egypt; On.","strongs_number":"h204"},"h205":{"pronunciation":"aw-ven'","unicode":"אָוֶן","translit":"ʼâven","definition":"from an unused root perhaps meaning properly, to pant (hence, to exert oneself, usually in vain; to come to naught); strictly nothingness; also trouble, vanity, wickedness; specifically an idol; affliction, evil, false, idol, iniquity, mischief, mourners(-ing), naught, sorrow, unjust, unrighteous, vain, vanity, wicked(-ness). Compare {{h369}}.","strongs_number":"h205"},"h206":{"pronunciation":"aw'-ven","unicode":"אָוֶן","translit":"ʼÂven","definition":"the same as {{h205}}; idolatry; Aven, the contemptuous synonym of three places, one in Coele-Syria, one in Egypt (On), and one in Palestine (Bethel); Aven. See also {{h204}}, {{h1007}}.","strongs_number":"h206"},"h207":{"pronunciation":"o-no'","unicode":"אוֹנוֹ","translit":"ʼÔwnôw","definition":"or (shortened) אֹנוֹ; prolonged from {{h202}}; strong; Ono, a place in Palestine; Ono.","strongs_number":"h207"},"h208":{"pronunciation":"o-nawm'","unicode":"אוֹנָם","translit":"ʼÔwnâm","definition":"a variation of {{h209}}; strong; Onam, the name of an Edomite and of an Israelite; Onam.","strongs_number":"h208"},"h209":{"pronunciation":"o-nawn'","unicode":"אוֹנָן","translit":"ʼÔwnân","definition":"a variation of {{h207}}; strong; Onan, a son of Judah; Onan.","strongs_number":"h209"},"h210":{"pronunciation":"oo-fawz'","unicode":"אוּפָז","translit":"ʼÛwphâz","definition":"perhaps a corruption of {{h211}}; Uphaz, a famous gold region; Uphaz.","strongs_number":"h210"},"h211":{"pronunciation":"o-feer'","unicode":"אוֹפִיר","translit":"ʼÔwphîyr","definition":"or (shortened) אֹפִיר; and אוֹפִר; of uncertain derivation; Ophir, the name of a son of Joktan, and of a gold region in the East; Ophir.","strongs_number":"h211"},"h212":{"pronunciation":"o-fawn'","unicode":"אוֹפָן","translit":"ʼôwphân","definition":"or (shortened) אֹפָן; from an unused root meaning to revolve; a wheel; wheel.","strongs_number":"h212"},"h213":{"pronunciation":"oots","unicode":"אוּץ","translit":"ʼûwts","definition":"a primitive root; to press; (by implication) to be close, hurry, withdraw; (make) haste(-n, -y), labor, be narrow.","strongs_number":"h213"},"h214":{"pronunciation":"o-tsaw'","unicode":"אוֹצָר","translit":"ʼôwtsâr","definition":"from {{h686}}; a depository; armory, cellar, garner, store(-house), treasure(-house) (-y).","strongs_number":"h214"},"h215":{"pronunciation":"ore","unicode":"אוֹר","translit":"ʼôwr","definition":"a primitive root; to be (causative, make) luminous (literally and metaphorically); × break of day, glorious, kindle, (be, en-, give, show) light (-en, -ened), set on fire, shine.","strongs_number":"h215"},"h216":{"pronunciation":"ore","unicode":"אוֹר","translit":"ʼôwr","definition":"from {{h215}}; illumination or (concrete) luminary (in every sense, including lightning, happiness, etc.); bright, clear,   day, light (-ning), morning, sun.","strongs_number":"h216"},"h217":{"pronunciation":"oor","unicode":"אוּר","translit":"ʼûwr","definition":"from {{h215}}; flame; hence (in the plural) the East (as being the region of light); fire, light. See also {{h224}}.","strongs_number":"h217"},"h218":{"pronunciation":"oor","unicode":"אוּר","translit":"ʼÛwr","definition":"the same as {{h217}}; Ur, a place in Chaldaea; also an Israelite; Ur.","strongs_number":"h218"},"h219":{"pronunciation":"o-raw'","unicode":"אוֹרָה","translit":"ʼôwrâh","definition":"feminine of {{h216}}; luminousness, i.e. (figuratively) prosperity; also a plant (as being bright); herb, light.","strongs_number":"h219"},"h220":{"pronunciation":"av-ay-raw'","unicode":"אֲוֵרָה","translit":"ʼăvêrâh","definition":"by transposition for {{h723}}; a stall; cote.","strongs_number":"h220"},"h221":{"pronunciation":"oo-ree'","unicode":"אוּרִי","translit":"ʼÛwrîy","definition":"from {{h217}}; fiery; Uri, the name of three Israelites; Uri.","strongs_number":"h221"},"h222":{"pronunciation":"oo-ree-ale'","unicode":"אוּרִיאֵל","translit":"ʼÛwrîyʼêl","definition":"from {{h217}} and {{h410}}; flame of God; Uriel, the name of two Israelites; Uriel.","strongs_number":"h222"},"h223":{"pronunciation":"oo-ree-yaw'","unicode":"אוּרִיָּה","translit":"ʼÛwrîyâh","definition":"or (prolonged) אוּרִיָּהוּ ; from {{h217}} and {{h3050}}; flame of Jah; Urijah, the name of one Hittite and five Israelites; Uriah, Urijah.","strongs_number":"h223"},"h224":{"pronunciation":"oo-reem'","unicode":"אוּרִים","translit":"ʼÛwrîym","definition":"plural of {{h217}}; lights; Urim, the oracular brilliancy of the figures in the high-priest's breastplate; Urim.","strongs_number":"h224"},"h225":{"pronunciation":"ooth","unicode":"אוּת","translit":"ʼûwth","definition":"a primitive root; properly, to come, i.e. (implied) to assent; consent.","strongs_number":"h225"},"h226":{"pronunciation":"oth","unicode":"אוֹת","translit":"ʼôwth","definition":"probably from {{h225}} (in the sense of appearing); a signal (literally or figuratively), as a flag, beacon, monument, omen, prodigy, evidence, etc.; mark, miracle, (en-) sign, token.","strongs_number":"h226"},"h227":{"pronunciation":"awz","unicode":"אָז","translit":"ʼâz","definition":"a demonstrative adverb; at that time or place; also as a conjunction, therefore; beginning, for, from, hitherto, now, of old, once, since, then, at which time, yet.","strongs_number":"h227"},"h228":{"pronunciation":"az-zaw'","unicode":"אֲזָא","translit":"ʼăzâʼ","definition":"(Aramaic) or אֲזָה (Aramaic); to kindle; (by implication) to heat; heat, hot.","strongs_number":"h228"},"h229":{"pronunciation":"ez-bah'ee","unicode":"אֶזְבַּי","translit":"ʼEzbay","definition":"probably from {{h231}}; hyssop-like; Ezbai, an Israelite; Ezbai.","strongs_number":"h229"},"h230":{"pronunciation":"az-zawd'","unicode":"אֲזָד","translit":"ʼăzâd","definition":"(Aramaic) of uncertain derivation; firm; be gone.","strongs_number":"h230"},"h231":{"pronunciation":"ay-zobe'","unicode":"אֵזוֹב","translit":"ʼêzôwb","definition":"probably of foreign derivation; hyssop; hyssop.","strongs_number":"h231"},"h232":{"pronunciation":"ay-zore'","unicode":"אֵזוֹר","translit":"ʼêzôwr","definition":"from {{h246}}; something girt; a belt, also a band; girdle.","strongs_number":"h232"},"h233":{"pronunciation":"az-ah'ee","unicode":"אֲזַי","translit":"ʼăzay","definition":"probably from {{h227}}; at that time; then.","strongs_number":"h233"},"h234":{"pronunciation":"az-kaw-raw'","unicode":"אַזְכָּרָה","translit":"ʼazkârâh","definition":"from {{h2142}}; a reminder; specifically remembrance-offering; memorial.","strongs_number":"h234"},"h235":{"pronunciation":"aw-zal'","unicode":"אָזַל","translit":"ʼâzal","definition":"a primitive root; to go away, hence, to disappear; fail, gad about, go to and fro (but in Ezekiel 27:19 the word is rendered by many 'from Uzal,' by others 'yarn'), be gone (spent).","strongs_number":"h235"},"h236":{"pronunciation":"az-al'","unicode":"אֲזַל","translit":"ʼăzal","definition":"(Aramaic) the same as {{h235}}; to depart; go (up).","strongs_number":"h236"},"h237":{"pronunciation":"eh'-zel","unicode":"אֶזֶל","translit":"ʼezel","definition":"from {{h235}}; departure; Ezel, a memorial stone in Palestine; Ezel.","strongs_number":"h237"},"h238":{"pronunciation":"aw-zan'","unicode":"אָזַן","translit":"ʼâzan","definition":"a primitive root; probably to expand; but used only as a denominative from {{h241}}; to broaden out the ear (with the hand), i.e. (by implication) to listen; give (perceive by the) ear, hear(-ken). See {{h239}}.","strongs_number":"h238"},"h239":{"pronunciation":"aw-zan'","unicode":"אָזַן","translit":"ʼâzan","definition":"a primitive root (rather identical with {{h238}} through the idea of scales as if two ears); to weigh, i.e. (figuratively) ponder; give good heed.","strongs_number":"h239"},"h240":{"pronunciation":"aw-zane'","unicode":"אָזֵן","translit":"ʼâzên","definition":"from {{h238}}; a spade or paddle (as having a broad end); weapon.","strongs_number":"h240"},"h241":{"pronunciation":"o'-zen","unicode":"אֹזֶן","translit":"ʼôzen","definition":"from {{h238}}; broadness. i.e. (concrete) the ear (from its form in man); advertise, audience,   displease, ear, hearing,   show.","strongs_number":"h241"},"h242":{"pronunciation":"ooz-zane' sheh-er-aw'","unicode":"אֻזֵּן שֶׁאֱרָה","translit":"ʼUzzên Sheʼĕrâh","definition":"from {{h238}} and {{h7609}}; plot of Sheerah (i.e. settled by him); Uzzen-Sheerah, a place in Palestine; Uzzen-sherah.","strongs_number":"h242"},"h243":{"pronunciation":"az-noth' taw-bore'","unicode":"אַזְנוֹת תָּבוֹר","translit":"ʼAznôwth Tâbôwr","definition":"from {{h238}} and {{h8396}}; flats (i.e. tops) of Tabor (i.e. situated on it); Aznoth-Tabor, a place in Palestine; Aznoth-tabor.","strongs_number":"h243"},"h244":{"pronunciation":"oz-nee'","unicode":"אׇזְנִי","translit":"ʼOznîy","definition":"from {{h241}}; having (quick) ears; Ozni, an Israelite; also an Oznite (collectively), his descendant; Ozni, Oznites.","strongs_number":"h244"},"h245":{"pronunciation":"az-an-yaw'","unicode":"אֲזַנְיָה","translit":"ʼĂzanyâh","definition":"from {{h238}} and {{h3050}}; heard by Jah; Azanjah, an Israelite; Azaniah.","strongs_number":"h245"},"h246":{"pronunciation":"az-ik-keem'","unicode":"אֲזִקִּים","translit":"ʼăziqqîym","definition":"a variation for {{h2131}}; manacles; chains.","strongs_number":"h246"},"h247":{"pronunciation":"aw-zar'","unicode":"אָזַר","translit":"ʼâzar","definition":"a primitive root; to belt; bind (compass) about, gird (up, with).","strongs_number":"h247"},"h248":{"pronunciation":"ez-ro'-a","unicode":"אֶזְרוֹעַ","translit":"ʼezrôwaʻ","definition":"a variation for {{h2220}}; the arm; arm.","strongs_number":"h248"},"h249":{"pronunciation":"ez-rawkh'","unicode":"אֶזְרָח","translit":"ʼezrâch","definition":"from {{h2224}} (in the sense of springing up); a spontaneous growth, i.e. native (tree or persons); bay tree, (home-) born (in the land), of the (one's own) country (nation).","strongs_number":"h249"},"h250":{"pronunciation":"ez-raw-khee'","unicode":"אֶזְרָחִי","translit":"ʼEzrâchîy","definition":"patronymic from {{h2226}}; an Ezrachite or descendant of Zerach; Ezrahite.","strongs_number":"h250"},"h251":{"pronunciation":"awkh","unicode":"אָח","translit":"ʼâch","definition":"a primitive word; a brother (used in the widest sense of literal relationship and metaphorical affinity or resemblance [like {{h1}}]); another, brother(-ly); kindred, like, other. Compare also the proper names beginning with 'Ah-' or 'Ahi-'.","strongs_number":"h251"},"h252":{"pronunciation":"akh","unicode":"אַח","translit":"ʼach","definition":"(Aramaic) corresponding to {{h251}}; brother.","strongs_number":"h252"},"h253":{"pronunciation":"awkh","unicode":"אָח","translit":"ʼâch","definition":"a variation for {{h162}}; Oh! (expressive of grief or surprise); ah, alas.","strongs_number":"h253"},"h254":{"pronunciation":"awkh","unicode":"אָח","translit":"ʼâch","definition":"of uncertain derivation; a fire-pot or chafing dish; hearth.","strongs_number":"h254"},"h255":{"pronunciation":"o'-akh","unicode":"אֹחַ","translit":"ʼôach","definition":"probably from {{h253}}; a howler or lonesome wild animal; doleful creature.","strongs_number":"h255"},"h256":{"pronunciation":"akh-awb'","unicode":"אַחְאָב","translit":"ʼAchʼâb","definition":"once (by contraction) אֶחָב (Jeremiah 29:22); from {{h251}} and {{h1}}; brother (i.e. friend) of (his) father; Achab, the name of a king of Israel and of a prophet at Babylon; Ahab.","strongs_number":"h256"},"h257":{"pronunciation":"akh-bawn'","unicode":"אַחְבָן","translit":"ʼAchbân","definition":"from {{h251}} and {{h995}}; brother (i.e. possessor) of understanding; Achban, an Israelite; Ahban.","strongs_number":"h257"},"h258":{"pronunciation":"aw-khad'","unicode":"אָחַד","translit":"ʼâchad","definition":"perhaps a primitive root; to unify, i.e. (figuratively) collect (one's thoughts); go one way or other.","strongs_number":"h258"},"h259":{"pronunciation":"ekh-awd'","unicode":"אֶחָד","translit":"ʼechâd","definition":"a numeral from {{h258}}; properly, united, i.e. one; or (as an ordinal) first; a, alike, alone, altogether, and, any(-thing), apiece, a certain, (dai-) ly, each (one),   eleven, every, few, first,   highway, a man, once, one, only, other, some, together,","strongs_number":"h259"},"h260":{"pronunciation":"aw'-khoo","unicode":"אָחוּ","translit":"ʼâchûw","definition":"of uncertain (perhaps Egyptian) derivation; a bulrush or any marshy grass (particularly that along the Nile); flag, meadow.","strongs_number":"h260"},"h261":{"pronunciation":"ay-khood'","unicode":"אֵחוּד","translit":"ʼÊchûwd","definition":"from {{h258}}; united; Echud, the name of three Israelites; Ehud.","strongs_number":"h261"},"h262":{"pronunciation":"akh-vaw'","unicode":"אַחְוָה","translit":"ʼachvâh","definition":"from {{h2331}} (in the sense of {{h2324}}); an utterance; declaration.","strongs_number":"h262"},"h263":{"pronunciation":"akh-av-aw'","unicode":"אַחֲוָה","translit":"ʼachăvâh","definition":"(Aramaic) corresponding to {{h262}}; solution (of riddles); showing.","strongs_number":"h263"},"h264":{"pronunciation":"akh-av-aw'","unicode":"אַחֲוָה","translit":"ʼachăvâh","definition":"from {{h251}}; fraternity; brotherhood.","strongs_number":"h264"},"h265":{"pronunciation":"akh-o'-akh","unicode":"אֲחוֹחַ","translit":"ʼĂchôwach","definition":"by reduplication from {{h251}}; brotherly; Achoach, an Israelite; Ahoah.","strongs_number":"h265"},"h266":{"pronunciation":"akh-o-khee'","unicode":"אֲחוֹחִי","translit":"ʼĂchôwchîy","definition":"patronymic from {{h264}}; an Achochite or descendant of Achoach; Ahohite.","strongs_number":"h266"},"h267":{"pronunciation":"akh-oo-mah'-ee","unicode":"אֲחוּמַי","translit":"ʼĂchûwmay","definition":"perhaps from {{h251}} and {{h4325}}; brother (i.e. neighbour) of water; Achumai, an Israelite; Ahumai.","strongs_number":"h267"},"h268":{"pronunciation":"aw-khore'","unicode":"אָחוֹר","translit":"ʼâchôwr","definition":"or (shortened) אָחֹר ; from {{h299}}; the hinder part; hence (adverb) behind, backward; also (as facing north) the West; after(-ward), back (part, -side, -ward), hereafter, (be-) hind(-er part), time to come, without.","strongs_number":"h268"},"h269":{"pronunciation":"aw-khoth'","unicode":"אָחוֹת","translit":"ʼâchôwth","definition":"irregular feminine of {{h251}}; a sister (used very widely [like {{h251}}number 250, corrected to 251], literally and figuratively); (an-) other, sister, together.","strongs_number":"h269"},"h270":{"pronunciation":"aw-khaz'","unicode":"אָחַז","translit":"ʼâchaz","definition":"a primitive root; to seize (often with the accessory idea of holding in possession); be affrighted, bar, (catch, lay, take) hold (back), come upon, fasten, handle, portion, (get, have or take) possess(-ion).","strongs_number":"h270"},"h271":{"pronunciation":"aw-khawz'","unicode":"אָחָז","translit":"ʼÂchâz","definition":"from {{h270}}; possessor; Achaz, the name of a Jewish king and of an Israelite; Ahaz.","strongs_number":"h271"},"h272":{"pronunciation":"akh-ooz-zaw'","unicode":"אֲחֻזָּה","translit":"ʼăchuzzâh","definition":"feminine passive participle from {{h270}}; something seized, i.e. a possession (especially of land); possession.","strongs_number":"h272"},"h273":{"pronunciation":"akh-zah'ee","unicode":"אַחְזַי","translit":"ʼAchzay","definition":"from {{h270}}; seizer; Achzai, an Israelite; Ahasai.","strongs_number":"h273"},"h274":{"pronunciation":"akh-az-yaw'","unicode":"אֲחַזְיָה","translit":"ʼĂchazyâh","definition":"or (prolonged) אֲחַזְיָהוּ ; from {{h270}} and {{h3050}}; Jah has seized; Achazjah, the name of a Jewish and an Israelite king; Ahaziah.","strongs_number":"h274"},"h275":{"pronunciation":"akh-ooz-zawm'","unicode":"אֲחֻזָּם","translit":"ʼĂchuzzâm","definition":"from {{h270}}; seizure; Achuzzam, an Israelite; Ahuzam.","strongs_number":"h275"},"h276":{"pronunciation":"akh-ooz-zath'","unicode":"אֲחֻזַּת","translit":"ʼĂchuzzath","definition":"a variation of {{h272}}; possession; Achuzzath, a Philistine; Ahuzzath.","strongs_number":"h276"},"h277":{"pronunciation":"akh-ee'","unicode":"אֲחִי","translit":"ʼĂchîy","definition":"from {{h251}}; brotherly; Achi, the name of two Israelites; Ahi.","strongs_number":"h277"},"h278":{"pronunciation":"ay-khee'","unicode":"אֵחִי","translit":"ʼÊchîy","definition":"probably the same as {{h277}}; Echi, an Israelite; Ehi.","strongs_number":"h278"},"h279":{"pronunciation":"akh-ee-awm'","unicode":"אֲחִיאָם","translit":"ʼĂchîyʼâm","definition":"from {{h251}} and {{h517}}; brother of the mother (i.e. uncle); Achiam, an Israelite; Ahiam.","strongs_number":"h279"},"h280":{"pronunciation":"akh-ee-daw'","unicode":"אֲחִידָה","translit":"ʼăchîydâh","definition":"(Aramaic) corresponding to {{h2420}},; an enigma; hard sentence.","strongs_number":"h280"},"h281":{"pronunciation":"akh-ee-yaw","unicode":"אֲחִיָּה","translit":"ʼĂchîyâh","definition":"or (prolonged) אֲחִיָּהוּ ; from {{h251}} and {{h3050}}; brother (i.e. worshipper) of Jah; Achijah, the name of nine Israelites; Ahiah, Ahijah.","strongs_number":"h281"},"h282":{"pronunciation":"akh-ee-hood'","unicode":"אֲחִיהוּד","translit":"ʼĂchîyhûwd","definition":"from {{h251}} and {{h1935}}; brother (i.e. possessor) of renown; Achihud, an Israelite; Ahihud.","strongs_number":"h282"},"h283":{"pronunciation":"akh-yo'","unicode":"אַחְיוֹ","translit":"ʼAchyôw","definition":"prolonged from {{h251}}; brotherly; Achio, the name of three Israelites; Ahio.","strongs_number":"h283"},"h284":{"pronunciation":"akh-ee-khood'","unicode":"אֲחִיחֻד","translit":"ʼĂchîychud","definition":"from {{h251}} and {{h2330}}; brother of a riddle (i.e. mysterious); Achichud, an Israelite; Ahihud.","strongs_number":"h284"},"h285":{"pronunciation":"akh-ee-toob'","unicode":"אֲחִיטוּב","translit":"ʼĂchîyṭûwb","definition":"from {{h251}} and {{h2898}}; brother of goodness; Achitub, the name of several priests; Ahitub.","strongs_number":"h285"},"h286":{"pronunciation":"akh-ee-lood'","unicode":"אֲחִילוּד","translit":"ʼĂchîylûwd","definition":"from {{h251}} and {{h3205}}; brother of one born; Achilud, an Israelite; Ahilud.","strongs_number":"h286"},"h287":{"pronunciation":"akh-ee-moth'","unicode":"אֲחִימוֹת","translit":"ʼĂchîymôwth","definition":"from {{h251}} and {{h4191}}; brother of death; Achimoth, an Israelite; Ahimoth.","strongs_number":"h287"},"h288":{"pronunciation":"akh-ee-meh'-lek","unicode":"אֲחִימֶלֶךְ","translit":"ʼĂchîymelek","definition":"from {{h251}} and {{h4428}}; brother of (the) king; Achimelek, the name of an Israelite and of a Hittite; Ahimelech.","strongs_number":"h288"},"h289":{"pronunciation":"akh-ee-man'","unicode":"אֲחִימַן","translit":"ʼĂchîyman","definition":"or אֲחִימָן ; from {{h251}} and {{h4480}}; brother of a portion (i.e. gift); Achiman, the name of an Anakite and of an Israelite; Ahiman.","strongs_number":"h289"},"h290":{"pronunciation":"akh-ee-mah'-ats","unicode":"אֲחִימַעַץ","translit":"ʼĂchîymaʻats","definition":"from {{h251}} and the equivalent of {{h4619}}; brother of anger; Achimaats, the name of three Israelites; Ahimaaz.","strongs_number":"h290"},"h291":{"pronunciation":"akh-yawn'","unicode":"אַחְיָן","translit":"ʼAchyân","definition":"from {{h251}}; brotherly; Achjan, an Israelite; Ahian.","strongs_number":"h291"},"h292":{"pronunciation":"akh-ee-naw-dawb'","unicode":"אֲחִינָדָב","translit":"ʼĂchîynâdâb","definition":"from {{h251}} and {{h5068}}; brother of liberality; Achinadab, an Israelite; Ahinadab.","strongs_number":"h292"},"h293":{"pronunciation":"akh-ee-no'-am","unicode":"אֲחִינֹעַם","translit":"ʼĂchîynôʻam","definition":"from {{h251}} and {{h5278}}; brother of pleasantness; Achinoam, the name of two Israelitesses; Ahinoam.","strongs_number":"h293"},"h294":{"pronunciation":"akh-ee-saw-mawk'","unicode":"אֲחִיסָמָךְ","translit":"ʼĂchîyçâmâk","definition":"from {{h251}} and {{h5564}}; brother of support; Achisamak, an Israelite; Ahisamach.","strongs_number":"h294"},"h295":{"pronunciation":"akh-ee-eh'-zer","unicode":"אֲחִיעֶזֶר","translit":"ʼĂchîyʻezer","definition":"from {{h251}} and {{h5828}}; brother of help; Achiezer, the name of two Israelites; Ahiezer.","strongs_number":"h295"},"h296":{"pronunciation":"akh-ee-kawm'","unicode":"אֲחִיקָם","translit":"ʼĂchîyqâm","definition":"from {{h251}} and {{h6965}}; brother of rising (i.e. high); Achikam, an Israelite; Ahikam.","strongs_number":"h296"},"h297":{"pronunciation":"akh-ee-rawm'","unicode":"אֲחִירָם","translit":"ʼĂchîyrâm","definition":"from {{h251}} and {{h7311}}; brother of height (i.e. high); Achiram, an Israelite; Ahiram.","strongs_number":"h297"},"h298":{"pronunciation":"akh-ee-raw-mee'","unicode":"אֲחִירָמִי","translit":"ʼĂchîyrâmîy","definition":"patronymic from {{h297}}; an Achiramite or descendant (collectively) of Achiram; Ahiramites.","strongs_number":"h298"},"h299":{"pronunciation":"akh-ee-rah'","unicode":"אֲחִירַע","translit":"ʼĂchîyraʻ","definition":"from {{h251}} and {{h7451}}; brother of wrong; Achira, an Israelite; Ahira.","strongs_number":"h299"},"h300":{"pronunciation":"akh-ee-shakh'-ar","unicode":"אֲחִישַׁחַר","translit":"ʼĂchîyshachar","definition":"from {{h251}} and {{h7837}}; brother of (the) dawn; Achishachar, an Israelite; Ahishar.","strongs_number":"h300"}}