{"h2201":{"pronunciation":"zah'-ak","unicode":"זַעַק","translit":"zaʻaq","definition":"and (feminine) זְעָקָהxlit zᵉâqâh corrected to zᵉʻâqâh; from {{h2199}}; a shriek or outcry; cry(-ing).","strongs_number":"h2201"},"h2202":{"pronunciation":"zi-frone'","unicode":"זִפְרֹן","translit":"Ziphrôn","definition":"from an unused root (meaning to be fragrant); Ziphron, a place in Palestine; Ziphron.","strongs_number":"h2202"},"h2203":{"pronunciation":"zeh'-feth","unicode":"זֶפֶת","translit":"zepheth","definition":"from an unused root (meaning to liquify); asphalt (from its tendency to soften in the sun); pitch.","strongs_number":"h2203"},"h2204":{"pronunciation":"zaw-kane'","unicode":"זָקֵן","translit":"zâqên","definition":"a primitive root; to be old; aged man, be (wax) old (man).","strongs_number":"h2204"},"h2205":{"pronunciation":"zaw-kane'","unicode":"זָקֵן","translit":"zâqên","definition":"from {{h2204}}; old; aged, ancient (man), elder(-est), old (man, men and...women), senator.","strongs_number":"h2205"},"h2206":{"pronunciation":"zaw-kawn'","unicode":"זָקָן","translit":"zâqân","definition":"from {{h2204}}; the beard (as indicating age); beard.","strongs_number":"h2206"},"h2207":{"pronunciation":"zo'-ken","unicode":"זֹקֶן","translit":"zôqen","definition":"from {{h2204}}; old age; age.","strongs_number":"h2207"},"h2208":{"pronunciation":"zaw-koon'","unicode":"זָקֻן","translit":"zâqun","definition":"properly, passive participle of {{h2204}} (used only in the plural as a noun); old age; old age.","strongs_number":"h2208"},"h2209":{"pronunciation":"zik-naw'","unicode":"זִקְנָה","translit":"ziqnâh","definition":"feminine of {{h2205}}; old age; old (age).","strongs_number":"h2209"},"h2210":{"pronunciation":"zaw-kaf'","unicode":"זָקַף","translit":"zâqaph","definition":"a primitive root; to life, i.e. (figuratively) comfort; raise (up).","strongs_number":"h2210"},"h2211":{"pronunciation":"zek-af'","unicode":"זְקַף","translit":"zᵉqaph","definition":"(Aramaic) corresponding to {{h2210}}; to hang, i.e. impale; set up.","strongs_number":"h2211"},"h2212":{"pronunciation":"zaw-kak'","unicode":"זָקַק","translit":"zâqaq","definition":"a primitive root; to strain, (figuratively) extract, clarify; fine, pour down, purge, purify, refine.","strongs_number":"h2212"},"h2213":{"pronunciation":"zare","unicode":"זֵר","translit":"zêr","definition":"from {{h2237}} (in the sense of scattering); a chaplet (as spread around the top), i.e. (specifically) a border moulding; crown.","strongs_number":"h2213"},"h2214":{"pronunciation":"zaw-raw'","unicode":"זָרָא","translit":"zârâʼ","definition":"from {{h2114}} (in the sense of estrangement) (compare {{h2219}}); disgust; loathsome.","strongs_number":"h2214"},"h2215":{"pronunciation":"zaw-rab'","unicode":"זָרַב","translit":"zârab","definition":"a primitive root; to flow away; wax warm.","strongs_number":"h2215"},"h2216":{"pronunciation":"zer-oob-baw-bel'","unicode":"זְרֻבָּבֶל","translit":"Zᵉrubbâbel","definition":"from {{h2215}} and {{h894}}; descended of (i.e. from) Babylon, i.e. born there; Zerubbabel, an Israelite; Zerubbabel.","strongs_number":"h2216"},"h2217":{"pronunciation":"zer-oob-baw-bel'","unicode":"זְרֻבָּבֶל","translit":"Zᵉrubbâbel","definition":"(Aramaic) corresponding to {{h2216}}; Zerubbabel.","strongs_number":"h2217"},"h2218":{"pronunciation":"zeh'-red","unicode":"זֶרֶד","translit":"Zered","definition":"from an unused root meaning to be exuberant in growth; lined with shrubbery; Zered, a brook East of the Dead Sea; Zared, Zered.","strongs_number":"h2218"},"h2219":{"pronunciation":"zaw-raw'","unicode":"זָרָה","translit":"zârâh","definition":"a primitive root (compare {{h2114}}); to toss about; by implication, to diffuse, winnow; cast away, compass, disperse, fan, scatter (away), spread, strew, winnow.","strongs_number":"h2219"},"h2220":{"pronunciation":"zer-o'-ah","unicode":"זְרוֹעַ","translit":"zᵉrôwaʻ","definition":"or (shortened) זְרֹעַ; and (feminine) זְרוֹעָה; or זְרֹעָה; from {{h2232}}; the arm (as stretched out), or (of animals) the foreleg; figuratively, force; arm,   help, mighty, power, shoulder, strength.","strongs_number":"h2220"},"h2221":{"pronunciation":"zay-roo'-ah","unicode":"זֵרוּעַ","translit":"zêrûwaʻ","definition":"from {{h2232}}; something sown, i.e. a plant; sowing, thing that is sown.","strongs_number":"h2221"},"h2222":{"pronunciation":"zar-zeef'","unicode":"זַרְזִיף","translit":"zarzîyph","definition":"by reduplication from an unused root meaning to flow; a pouring rain; water.","strongs_number":"h2222"},"h2223":{"pronunciation":"zar-zeer'","unicode":"זַרְזִיר","translit":"zarzîyr","definition":"by reduplication from {{h2115}}; properly, tightly girt, i.e. probably a racer, or some fleet animal (as being slender in the waist); greyhound.","strongs_number":"h2223"},"h2224":{"pronunciation":"zaw-rakh'","unicode":"זָרַח","translit":"zârach","definition":"a primitive root; properly, to irradiate (or shoot forth beams), i.e. to rise (as the sun); specifically, to appear (as a symptom of leprosy); arise, rise (up), as soon as it is up.","strongs_number":"h2224"},"h2225":{"pronunciation":"zeh'-rakh","unicode":"זֶרַח","translit":"zerach","definition":"from {{h2224}}; a rising of light; rising.","strongs_number":"h2225"},"h2226":{"pronunciation":"zeh'-rakh","unicode":"זֶרַח","translit":"Zerach","definition":"the same as {{h2225}}; Zerach, the name of three Israelites, also of an Idumaean and an Ethiopian prince; Zarah, Zerah.","strongs_number":"h2226"},"h2227":{"pronunciation":"zar-khee'","unicode":"זַרְחִי","translit":"Zarchîy","definition":"patronymically from {{h2226}}; a Zarchite or descendant of Zerach; Zarchite.","strongs_number":"h2227"},"h2228":{"pronunciation":"zer-akh-yaw'","unicode":"זְרַחְיָה","translit":"Zᵉrachyâh","definition":"from {{h2225}} and {{h3050}}; Jah has risen; Zerachjah, the name of two Israelites; Zerahiah.","strongs_number":"h2228"},"h2229":{"pronunciation":"zaw-ram'","unicode":"זָרַם","translit":"zâram","definition":"a primitive root; to gush (as water); carry away as with a flood, pour out.","strongs_number":"h2229"},"h2230":{"pronunciation":"zeh'-rem","unicode":"זֶרֶם","translit":"zerem","definition":"from {{h2229}}; a gush of water; flood, overflowing, shower, storm, tempest.","strongs_number":"h2230"},"h2231":{"pronunciation":"zir-maw'","unicode":"זִרְמָה","translit":"zirmâh","definition":"feminine of {{h2230}}; a gushing of fluid (semen); issue.","strongs_number":"h2231"},"h2232":{"pronunciation":"zaw-rah'","unicode":"זָרַע","translit":"zâraʻ","definition":"a primitive root; to sow; figuratively, to disseminate, plant, fructify; bear, conceive seed, set with sow(-er), yield.","strongs_number":"h2232"},"h2233":{"pronunciation":"zeh'-rah","unicode":"זֶרַע","translit":"zeraʻ","definition":"from {{h2232}}; seed; figuratively, fruit, plant, sowing-time, posterity; × carnally, child, fruitful, seed(-time), sowing-time.","strongs_number":"h2233"},"h2234":{"pronunciation":"zer-ah'","unicode":"זְרַע","translit":"zᵉraʻ","definition":"(Aramaic) corresponding to {{h2233}}; posterity; seed.","strongs_number":"h2234"},"h2235":{"pronunciation":"zay-ro'-ah","unicode":"זֵרֹעַ","translit":"zêrôaʻ","definition":"or זֵרָעֹן; from {{h2232}}; something sown (only in the plural), i.e. a vegetable (as food); pulse.","strongs_number":"h2235"},"h2236":{"pronunciation":"zaw-rak'","unicode":"זָרַק","translit":"zâraq","definition":"a primitive root; to sprinkle (fluid or solid particles); be here and there, scatter, sprinkle, strew.","strongs_number":"h2236"},"h2237":{"pronunciation":"zaw-rar'","unicode":"זָרַר","translit":"zârar","definition":"a primitive root (compare {{h2114}}); perhaps to diffuse, i.e. (specifically) to sneeze; sneeze.","strongs_number":"h2237"},"h2238":{"pronunciation":"zeh'-resh","unicode":"זֶרֶשׁ","translit":"Zeresh","definition":"of Persian origin; Zeresh, Haman's wife; Zeresh.","strongs_number":"h2238"},"h2239":{"pronunciation":"zeh'-reth","unicode":"זֶרֶת","translit":"zereth","definition":"from {{h2219}}; the spread of the fingers, i.e. a span; span.","strongs_number":"h2239"},"h2240":{"pronunciation":"zat-too'","unicode":"זַתּוּא","translit":"Zattûwʼ","definition":"of uncertain derivation; Zattu, an Israelite; Zattu.","strongs_number":"h2240"},"h2241":{"pronunciation":"zay-thawm'","unicode":"זֵתָם","translit":"Zêthâm","definition":"apparently a variation for {{h2133}}; Zetham, an Israelite; Zetham.","strongs_number":"h2241"},"h2242":{"pronunciation":"zay-thar'","unicode":"זֵתַר","translit":"Zêthar","definition":"of Persian origin; Zethar, a eunuch of Xerxes; Zethar.","strongs_number":"h2242"},"h2243":{"pronunciation":"khobe","unicode":"חֹב","translit":"chôb","definition":"by contraction from {{h2245}}; properly, a cherisher, i.e. the bosom; bosom.","strongs_number":"h2243"},"h2244":{"pronunciation":"khaw-baw'","unicode":"חָבָא","translit":"châbâʼ","definition":"a primitive root (compare {{h2245}}); to secrete; × held, hide (self), do secretly.","strongs_number":"h2244"},"h2245":{"pronunciation":"khaw-bab'","unicode":"חָבַב","translit":"châbab","definition":"a primitive root (compare {{h2244}}, {{h2247}}); properly, to hide (as in the bosom), i.e. to cherish (with affection); love.","strongs_number":"h2245"},"h2246":{"pronunciation":"kho-bawb'","unicode":"חֹבָב","translit":"Chôbâb","definition":"from {{h2245}}; cherished; Chobab, father-in-law of Moses; Hobab.","strongs_number":"h2246"},"h2247":{"pronunciation":"khaw-bah'","unicode":"חָבָה","translit":"châbâh","definition":"a primitive root (compare {{h2245}}); to secrete; hide (self).","strongs_number":"h2247"},"h2248":{"pronunciation":"khab-oo-law'","unicode":"חֲבוּלָה","translit":"chăbûwlâh","definition":"(Aramaic) from {{h2255}}; properly, overthrown, i.e. (morally) crime; hurt.","strongs_number":"h2248"},"h2249":{"pronunciation":"khaw-bore'","unicode":"חָבוֹר","translit":"Châbôwr","definition":"from {{h2266}}; united; Chabor, a river of Assyria; Habor.","strongs_number":"h2249"},"h2250":{"pronunciation":"khab-boo-raw'","unicode":"חַבּוּרָה","translit":"chabbûwrâh","definition":"or חַבֻּרָה; or חֲבֻרָה; from {{h2266}}; properly, bound (with stripes), i.e. a weal (or black-and-blue mark itself); blueness, bruise, hurt, stripe, wound.","strongs_number":"h2250"},"h2251":{"pronunciation":"khaw-bat'","unicode":"חָבַט","translit":"châbaṭ","definition":"a primitive root; to knock out or off; beat (off, out), thresh.","strongs_number":"h2251"},"h2252":{"pronunciation":"khab-ah-yaw'","unicode":"חֲבַיָּה","translit":"Chăbayâh","definition":"or חֲבָיָהlemma חֲבָיה missing vowel, corrected to חֲבָיָה; from {{h2247}} and {{h3050}}; Jah has hidden; Chabajah, an Israelite; Habaiah.","strongs_number":"h2252"},"h2253":{"pronunciation":"kheb-yone'","unicode":"חֶבְיוֹן","translit":"chebyôwn","definition":"from {{h2247}}; a concealment; hiding.","strongs_number":"h2253"},"h2254":{"pronunciation":"khaw-bal'","unicode":"חָבַל","translit":"châbal","definition":"a primitive root; to wind tightly (as a rope), i.e. to bind; specifically, by a pledge; figuratively, to pervert, destroy; also to writhe in pain (especially of parturition); × at all, band, bring forth, (deal) corrupt(-ly), destroy, offend, lay to (take a) pledge, spoil, travail, × very, withhold.","strongs_number":"h2254"},"h2255":{"pronunciation":"khab-al'","unicode":"חֲבַל","translit":"chăbal","definition":"(Aramaic) corresponding to {{h2254}}; to ruin; destroy, hurt.","strongs_number":"h2255"},"h2256":{"pronunciation":"kheh'-bel","unicode":"חֶבֶל","translit":"chebel","definition":"or חֵבֶל; from {{h2254}}; a rope (as twisted), especially a measuring line; by implication, a district or inheritance (as measured); or a noose (as of cords); figuratively, a company (as if tied together); a throe (especially of parturition); also ruin; band, coast, company, cord, country, destruction, line, lot, pain, pang, portion, region, rope, snare, sorrow, tackling.","strongs_number":"h2256"},"h2257":{"pronunciation":"khab-al'","unicode":"חֲבַל","translit":"chăbal","definition":"(Aramaic) from {{h2255}}; harm (personal or pecuniary); damage, hurt.","strongs_number":"h2257"},"h2258":{"pronunciation":"khab-ole'","unicode":"חֲבֹל","translit":"chăbôl","definition":"or (feminine) חֲבֹלָה; from {{h2254}}; a pawn (as security for debt); pledge.","strongs_number":"h2258"},"h2259":{"pronunciation":"kho-bale'","unicode":"חֹבֵל","translit":"chôbêl","definition":"active participle from {{h2254}} (in the sense of handling ropes); a sailor; pilot, shipmaster.","strongs_number":"h2259"},"h2260":{"pronunciation":"khib-bale'","unicode":"חִבֵּל","translit":"chibbêl","definition":"from {{h2254}} (in the sense of furnished with ropes); a mast; mast.","strongs_number":"h2260"},"h2261":{"pronunciation":"khab-ats-tseh'-leth","unicode":"חֲבַצֶּלֶת","translit":"chăbatstseleth","definition":"of uncertain derivation; probably meadow-saffron; rose.","strongs_number":"h2261"},"h2262":{"pronunciation":"khab-ats-tsan-yaw'","unicode":"חֲבַצַּנְיָה","translit":"Chăbatstsanyâh","definition":"of uncertain derivation; Chabatstsanjah, a Rechabite; Habazaniah.","strongs_number":"h2262"},"h2263":{"pronunciation":"khaw-bak'","unicode":"חָבַק","translit":"châbaq","definition":"a primitive root; to clasp (the hands or in embrace); embrace, fold.","strongs_number":"h2263"},"h2264":{"pronunciation":"khib-book'","unicode":"חִבֻּק","translit":"chibbuq","definition":"from {{h2263}}; a clasping of the hands (in idleness); fold.","strongs_number":"h2264"},"h2265":{"pronunciation":"khab-ak-kook'","unicode":"חֲבַקּוּק","translit":"Chăbaqqûwq","definition":"by reduplication from {{h2263}}; embrace; Chabakkuk, the prophet; Habakkuk.","strongs_number":"h2265"},"h2266":{"pronunciation":"khaw-bar'","unicode":"חָבַר","translit":"châbar","definition":"a primitive root; to join (literally or figuratively); specifically (by means of spells) to fascinate; charm(-er), be compact, couple (together), have fellowship with, heap up, join (self, together), league.","strongs_number":"h2266"},"h2267":{"pronunciation":"kheh'-ber","unicode":"חֶבֶר","translit":"cheber","definition":"from {{h2266}}; a society; also a spell; charmer(-ing), company, enchantment, × wide.","strongs_number":"h2267"},"h2268":{"pronunciation":"kheh'-ber","unicode":"חֶבֶר","translit":"Cheber","definition":"the same as {{h2267}}; community; Cheber, the name of a Kenite and of three Israelites; Heber.","strongs_number":"h2268"},"h2269":{"pronunciation":"khab-ar'","unicode":"חֲבַר","translit":"chăbar","definition":"(Aramaic) from a root corresponding to {{h2266}}; an associate; companion, fellow.","strongs_number":"h2269"},"h2270":{"pronunciation":"khaw-bare'","unicode":"חָבֵר","translit":"châbêr","definition":"from {{h2266}}; an associate; companion, fellow, knit together.","strongs_number":"h2270"},"h2271":{"pronunciation":"khab-bawr'","unicode":"חַבָּר","translit":"chabbâr","definition":"from {{h2266}}; a partner; companion.","strongs_number":"h2271"},"h2272":{"pronunciation":"khab-ar-boo-raw'","unicode":"חֲבַרְבֻּרָה","translit":"chăbarburâh","definition":"by reduplication from {{h2266}}; a streak (like a line), as on the tiger; spot.","strongs_number":"h2272"},"h2273":{"pronunciation":"khab-raw'","unicode":"חַבְרָה","translit":"chabrâh","definition":"(Aramaic) feminine of {{h2269}}; an associate; other.","strongs_number":"h2273"},"h2274":{"pronunciation":"kheb-raw'","unicode":"חֶבְרָה","translit":"chebrâh","definition":"feminine of {{h2267}}; association; company.","strongs_number":"h2274"},"h2275":{"pronunciation":"kheb-rone'","unicode":"חֶבְרוֹן","translit":"Chebrôwn","definition":"from {{h2267}}; seat of association; Chebron, a place in Palestine, also the name of two Israelites; Hebron.","strongs_number":"h2275"},"h2276":{"pronunciation":"kheb-ro-nee'","unicode":"חֶבְרוֹנִי","translit":"Chebrôwnîy","definition":"or חֶבְרֹנִי; patronymically from {{h2275}}; Chebronite (collectively), an inhabitant of Chebron; Hebronites.","strongs_number":"h2276"},"h2277":{"pronunciation":"kheb-ree'","unicode":"חֶבְרִי","translit":"Chebrîy","definition":"patronymically from {{h2268}}; a Chebrite (collectively) or descendants of Cheber; Heberites.","strongs_number":"h2277"},"h2278":{"pronunciation":"khab-eh'-reth","unicode":"חֲבֶרֶת","translit":"chăbereth","definition":"feminine of {{h2270}}; a consort; companion.","strongs_number":"h2278"},"h2279":{"pronunciation":"kho-beh'-reth","unicode":"חֹבֶרֶת","translit":"chôbereth","definition":"feminine active participle of {{h2266}}; a joint; which coupleth, coupling.","strongs_number":"h2279"},"h2280":{"pronunciation":"khaw-bash'","unicode":"חָבַשׁ","translit":"châbash","definition":"a primitive root; to wrap firmly (especially a turban, compress, or saddle); figuratively, to stop, to rule; bind (up), gird about, govern, healer, put, saddle, wrap about.","strongs_number":"h2280"},"h2281":{"pronunciation":"khaw-bayth'","unicode":"חָבֵת","translit":"châbêth","definition":"from an unused root probably meaning to cook (compare {{h4227}}); something fried, probably a griddle-cake; pan.","strongs_number":"h2281"},"h2282":{"pronunciation":"khag","unicode":"חַג","translit":"chag","definition":"or חָג; from {{h2287}}; a festival, or a victim therefor; (solemn) feast (day), sacrifice, solemnity.","strongs_number":"h2282"},"h2283":{"pronunciation":"khaw-gaw'","unicode":"חָגָא","translit":"châgâʼ","definition":"from an unused root meaning to revolve (compare {{h2287}}); properly, vertigo, i.e. (figuratively) fear; terror.","strongs_number":"h2283"},"h2284":{"pronunciation":"khaw-gawb'","unicode":"חָגָב","translit":"châgâb","definition":"of uncertain derivation; a locust; locust.","strongs_number":"h2284"},"h2285":{"pronunciation":"khaw-gawb'","unicode":"חָגָב","translit":"Châgâb","definition":"the same as {{h2284}}; locust; Chagab, one of the Nethinim; Hagab.","strongs_number":"h2285"},"h2286":{"pronunciation":"khag-aw-baw'","unicode":"חֲגָבָא","translit":"Chăgâbâʼ","definition":"or חֲגָבָה; feminine of {{h2285}}; locust; Chagaba or Chagabah, one of the Nethinim; Hagaba, Hagabah.","strongs_number":"h2286"},"h2287":{"pronunciation":"khaw-gag'","unicode":"חָגַג","translit":"châgag","definition":"a primitive root (compare {{h2283}}, {{h2328}}); properly, to move in a circle, i.e. (specifically) to march in a sacred procession, to observe a festival; by implication, to be giddy; celebrate, dance, (keep, hold) a (solemn) feast (holiday), reel to and fro.","strongs_number":"h2287"},"h2288":{"pronunciation":"khag-awv'","unicode":"חֲגָו","translit":"chăgâv","definition":"from an unused root meaning to take refuge; a rift in rocks; cleft.","strongs_number":"h2288"},"h2289":{"pronunciation":"khaw-gore'","unicode":"חָגוֹר","translit":"châgôwr","definition":"from {{h2296}}; belted; girded with.","strongs_number":"h2289"},"h2290":{"pronunciation":"khag-ore'","unicode":"חֲגוֹר","translit":"chăgôwr","definition":"or חֲגֹר; and (feminine) חֲגוֹרָה; or חֲגֹרָה; from {{h2296}}; a belt (for the waist); apron, armour, gird(-le).","strongs_number":"h2290"},"h2291":{"pronunciation":"khag-ghee'","unicode":"חַגִּי","translit":"Chaggîy","definition":"from {{h2287}}; festive; Chaggi, an Israelite; also (patronymically) a Chaggite, or descendant of the same; Haggi, Haggites.","strongs_number":"h2291"},"h2292":{"pronunciation":"khag-gah'-ee","unicode":"חַגַּי","translit":"Chaggay","definition":"from {{h2282}}; festive; Chaggai, a Hebrew prophet; Haggai.","strongs_number":"h2292"},"h2293":{"pronunciation":"khag-ghee-yaw'","unicode":"חַגִּיָּה","translit":"Chaggîyâh","definition":"from {{h2282}} and {{h3050}}; festival of Jah; Chaggijah, an Israelite; Haggiah.","strongs_number":"h2293"},"h2294":{"pronunciation":"khag-gheeth'","unicode":"חַגִּית","translit":"Chaggîyth","definition":"feminine of {{h2291}}; festive; Chaggith, a wife of David; Haggith.","strongs_number":"h2294"},"h2295":{"pronunciation":"khog-law'","unicode":"חׇגְלָה","translit":"Choglâh","definition":"of uncertain derivation; probably a partridge; Choglah, an Israelitess; Hoglah. See also {{h1031}}.","strongs_number":"h2295"},"h2296":{"pronunciation":"khaw-gar'","unicode":"חָגַר","translit":"châgar","definition":"a primitive root; to gird on (as a belt, armor, etc.); be able to put on, be afraid, appointed, gird, restrain, × on every side.","strongs_number":"h2296"},"h2297":{"pronunciation":"khad","unicode":"חַד","translit":"chad","definition":"abridged from {{h259}}; one; one.","strongs_number":"h2297"},"h2298":{"pronunciation":"khad","unicode":"חַד","translit":"chad","definition":"(Aramaic) corresponding to {{h2297}}; as card. one; as article single; as an ordinal, first; adverbially, at once; a, first, one, together.","strongs_number":"h2298"},"h2299":{"pronunciation":"khad","unicode":"חַד","translit":"chad","definition":"from {{h2300}}; sharp; sharp.","strongs_number":"h2299"},"h2300":{"pronunciation":"khaw-dad'","unicode":"חָדַד","translit":"châdad","definition":"a primitive root; to be (causatively, make) sharp or (figuratively) severe; be fierce, sharpen.","strongs_number":"h2300"}}