{"h2601":{"pronunciation":"khan-am-ale'","unicode":"חֲנַמְאֵל","translit":"Chănamʼêl","definition":"probably by orthographical variation for {{h2606}}; Chanamel, an Israelite; Hanameel.","strongs_number":"h2601"},"h2602":{"pronunciation":"khan-aw-mawl'","unicode":"חֲנָמָל","translit":"chănâmâl","definition":"of uncertain derivation; perhaps the aphis or plantlouse; frost.","strongs_number":"h2602"},"h2603":{"pronunciation":"khaw-nan'","unicode":"חָנַן","translit":"chânan","definition":"a primitive root (compare {{h2583}}); properly, to bend or stoop in kindness to an inferior; to favor, bestow; causatively to implore (i.e. move to favor by petition); beseech, × fair, (be, find, shew) favour(-able), be (deal, give, grant (gracious(-ly), intreat, (be) merciful, have (shew) mercy (on, upon), have pity upon, pray, make supplication, × very.","strongs_number":"h2603"},"h2604":{"pronunciation":"khan-an'","unicode":"חֲנַן","translit":"chănan","definition":"(Aramaic) corresponding to {{h2603}}; to favor or (causatively) to entreat; shew mercy, make supplication.","strongs_number":"h2604"},"h2605":{"pronunciation":"khaw-nawn'","unicode":"חָנָן","translit":"Chânân","definition":"from {{h2603}}; favor; Chanan, the name of seven Israelites; Canan.","strongs_number":"h2605"},"h2606":{"pronunciation":"khan-an-ale'","unicode":"חֲנַנְאֵל","translit":"Chănanʼêl","definition":"from {{h2603}} and {{h410}}; God has favored; Chananel, probably an Israelite, from whom a tower of Jerusalem was named; Hananeel.","strongs_number":"h2606"},"h2607":{"pronunciation":"khan-aw-nee'","unicode":"חֲנָנִי","translit":"Chănânîy","definition":"from {{h2603}}; gracious; Chanani, the name of six Israelites; Hanani.","strongs_number":"h2607"},"h2608":{"pronunciation":"khan-an-yaw'","unicode":"חֲנַנְיָה","translit":"Chănanyâh","definition":"or חֲנַנְיָהוּ; from {{h2603}} and {{h3050}}; Jah has favored; Chananjah, the name of thirteen Israelites; Hananiah.","strongs_number":"h2608"},"h2609":{"pronunciation":"khaw-nace'","unicode":"חָנֵס","translit":"Chânêç","definition":"of Egyptian derivation; Chanes, a place in Egypt; Hanes.","strongs_number":"h2609"},"h2610":{"pronunciation":"khaw-nafe'","unicode":"חָנֵף","translit":"chânêph","definition":"a primitive root; to soil, especially in a moral sense; corrupt, defile, × greatly, pollute, profane.","strongs_number":"h2610"},"h2611":{"pronunciation":"khaw-nafe'","unicode":"חָנֵף","translit":"chânêph","definition":"from {{h2610}}; soiled (i.e. with sin), impious; hypocrite(-ical).","strongs_number":"h2611"},"h2612":{"pronunciation":"kho'-nef","unicode":"חֹנֶף","translit":"chôneph","definition":"from {{h2610}}; moral filth, i.e. wickedness; hypocrisy.","strongs_number":"h2612"},"h2613":{"pronunciation":"khan-oo-faw'","unicode":"חֲנֻפָה","translit":"chănuphâh","definition":"feminine from {{h2610}}; impiety; profaneness.","strongs_number":"h2613"},"h2614":{"pronunciation":"khaw-nak'","unicode":"חָנַק","translit":"chânaq","definition":"a primitive root (compare {{h2596}}); to be narrow; by implication, to throttle, or (reflex.) to choke oneself to death (by a rope); hang self, strangle.","strongs_number":"h2614"},"h2615":{"pronunciation":"khan-naw-thone'","unicode":"חַנָּתֹן","translit":"Channâthôn","definition":"probably from {{h2603}}; favored; Channathon, a place in Palestine; Hannathon.","strongs_number":"h2615"},"h2616":{"pronunciation":"khaw-sad'","unicode":"חָסַד","translit":"châçad","definition":"a primitive root; properly, perhaps to bow (the neck only [compare {{h2603}}] in courtesy to an equal), i.e. to be kind; also (by euphemistically [compare {{h1288}}], but rarely) to reprove; shew self merciful, put to shame.","strongs_number":"h2616"},"h2617":{"pronunciation":"kheh'-sed","unicode":"חֶסֶד","translit":"cheçed","definition":"from {{h2616}}; kindness; by implication (towards God) piety; rarely (by opposition) reproof, or (subject.) beauty; favour, good deed(-liness, -ness), kindly, (loving-) kindness, merciful (kindness), mercy, pity, reproach, wicked thing.","strongs_number":"h2617"},"h2618":{"pronunciation":"kheh'-sed","unicode":"חֶסֶד","translit":"Cheçed","definition":"the same as {{h2617}}; favor; Chesed, an Israelite; Hesed.","strongs_number":"h2618"},"h2619":{"pronunciation":"khas-ad-yaw'","unicode":"חֲסַדְיָה","translit":"Chăçadyâh","definition":"from {{h2617}} and {{h3050}}; Jah has favored; Chasadjah, an Israelite; Hasadiah.","strongs_number":"h2619"},"h2620":{"pronunciation":"khaw-saw'","unicode":"חָסָה","translit":"châçâh","definition":"a primitive root; (compare {{h982}}); to flee for protection; figuratively, to confide in; have hope, make refuge, (put) trust.","strongs_number":"h2620"},"h2621":{"pronunciation":"kho-saw'","unicode":"חֹסָה","translit":"Chôçâh","definition":"from {{h2620}}; hopeful; Chosah, an Israelite; also a place in Palestine; Hosah.","strongs_number":"h2621"},"h2622":{"pronunciation":"khaw-sooth'","unicode":"חָסוּת","translit":"châçûwth","definition":"from {{h2620}}; confidence; trust.","strongs_number":"h2622"},"h2623":{"pronunciation":"khaw-seed'","unicode":"חָסִיד","translit":"châçîyd","definition":"from {{h2616}}; properly, kind, i.e. (religiously) pious (a saint); godly (man), good, holy (one), merciful, saint, (un-) godly.","strongs_number":"h2623"},"h2624":{"pronunciation":"khas-ee-daw'","unicode":"חֲסִידָה","translit":"chăçîydâh","definition":"feminine of {{h2623}}; the kind (maternal) bird, i.e. a stork; × feather, stork.","strongs_number":"h2624"},"h2625":{"pronunciation":"khaw-seel'","unicode":"חָסִיל","translit":"châçîyl","definition":"from {{h2628}}; the ravager, i.e. a locust; caterpillar.","strongs_number":"h2625"},"h2626":{"pronunciation":"khas-een'","unicode":"חֲסִין","translit":"chăçîyn","definition":"from {{h2630}}; properly, firm, i.e. (by implication) mighty; strong.","strongs_number":"h2626"},"h2627":{"pronunciation":"khas-seer'","unicode":"חַסִּיר","translit":"chaççîyr","definition":"(Aramaic) from a root corresponding to {{h2637}}; deficient; wanting.","strongs_number":"h2627"},"h2628":{"pronunciation":"khaw-sal'","unicode":"חָסַל","translit":"châçal","definition":"a primitive root; to eat off; consume.","strongs_number":"h2628"},"h2629":{"pronunciation":"khaw-sam'","unicode":"חָסַם","translit":"châçam","definition":"a primitive root; to muzzle; by analogy, to stop the nose; muzzle, stop.","strongs_number":"h2629"},"h2630":{"pronunciation":"khaw-san'","unicode":"חָסַן","translit":"châçan","definition":"a primitive root; properly, to (be) compact; by implication, to hoard; lay up.","strongs_number":"h2630"},"h2631":{"pronunciation":"khas-an'","unicode":"חֲסַן","translit":"chăçan","definition":"(Aramaic) corresponding to {{h2630}}; to hold in occupancy; possess.","strongs_number":"h2631"},"h2632":{"pronunciation":"khay'-sen","unicode":"חֵסֶן","translit":"chêçen","definition":"(Aramaic) from {{h2631}}; strength; power.","strongs_number":"h2632"},"h2633":{"pronunciation":"kho'-sen","unicode":"חֹסֶן","translit":"chôçen","definition":"from {{h2630}}; wealth; riches, strength, treasure.","strongs_number":"h2633"},"h2634":{"pronunciation":"khaw-sone'","unicode":"חָסֹן","translit":"châçôn","definition":"from {{h2630}}; powerful; strong.","strongs_number":"h2634"},"h2635":{"pronunciation":"khas-af'","unicode":"חֲסַף","translit":"chăçaph","definition":"(Aramaic) from a root corresponding to that of {{h2636}}; a clod; clay.","strongs_number":"h2635"},"h2636":{"pronunciation":"khas-pas'","unicode":"חַסְפַּס","translit":"chaçpaç","definition":"reduplicated from an unused root meaning apparently to peel; a shred or scale; round thing.","strongs_number":"h2636"},"h2637":{"pronunciation":"khaw-sare'","unicode":"חָסֵר","translit":"châçêr","definition":"a primitive root; to lack; by implication, to fail, want, lessen; be abated, bereave, decrease, (cause to) fail, (have) lack, make lower, want.","strongs_number":"h2637"},"h2638":{"pronunciation":"khaw-sare'","unicode":"חָסֵר","translit":"châçêr","definition":"from {{h2637}}; lacking; hence, without; destitute, fail, lack, have need, void, want.","strongs_number":"h2638"},"h2639":{"pronunciation":"kheh'-ler","unicode":"חֶסֶר","translit":"cheçer","definition":"from {{h2637}}; lack; hence, destitution; poverty, want.","strongs_number":"h2639"},"h2640":{"pronunciation":"kho'-ser","unicode":"חֹסֶר","translit":"chôçer","definition":"from {{h2637}}; poverty; in want of.","strongs_number":"h2640"},"h2641":{"pronunciation":"khas-raw'","unicode":"חַסְרָה","translit":"Chaçrâh","definition":"from {{h2637}}; want; Chasrah, an Israelite; Hasrah.","strongs_number":"h2641"},"h2642":{"pronunciation":"khes-rone'","unicode":"חֶסְרוֹן","translit":"cheçrôwn","definition":"from {{h2637}}; deficiency; wanting.","strongs_number":"h2642"},"h2643":{"pronunciation":"khaf","unicode":"חַף","translit":"chaph","definition":"from {{h2653}} (in the moral sense of covered from soil); pure; innocent.","strongs_number":"h2643"},"h2644":{"pronunciation":"khaw-faw'","unicode":"חָפָא","translit":"châphâʼ","definition":"an orthographical variation of {{h2645}}; properly, to cover, i.e. (in a sinister sense) to act covertly; do secretly.","strongs_number":"h2644"},"h2645":{"pronunciation":"khaw-faw'","unicode":"חָפָה","translit":"châphâh","definition":"a primitive root (compare {{h2644}}, {{h2653}}); to cover; by implication, to veil, to encase, protect; ceil, cover, overlay.","strongs_number":"h2645"},"h2646":{"pronunciation":"khoop-paw'","unicode":"חֻפָּה","translit":"chuppâh","definition":"from {{h2645}}; a canopy; chamber, closet, defence.","strongs_number":"h2646"},"h2647":{"pronunciation":"khoop-paw'","unicode":"חֻפָּה","translit":"Chuppâh","definition":"the same as {{h2646}}; Chuppah, an Israelite; Huppah.","strongs_number":"h2647"},"h2648":{"pronunciation":"khaw-faz'","unicode":"חָפַז","translit":"châphaz","definition":"a primitive root; properly, to start up suddenly, i.e. (by implication) to hasten away, to fear; (make) haste (away), tremble.","strongs_number":"h2648"},"h2649":{"pronunciation":"khip-paw-zone'","unicode":"חִפָּזוֹן","translit":"chippâzôwn","definition":"from {{h2468}}; hasty flight; haste.","strongs_number":"h2649"},"h2650":{"pronunciation":"khoop-peem'","unicode":"חֻפִּים","translit":"Chuppîym","definition":"plural of {{h2646}} (compare {{h2349}}); Chuppim, an Israelite; Huppim.","strongs_number":"h2650"},"h2651":{"pronunciation":"kho'-fen","unicode":"חֹפֶן","translit":"chôphen","definition":"from an unused root of uncertain signification; a fist (only in the dual); fists, (both) hands, hand(-ful).","strongs_number":"h2651"},"h2652":{"pronunciation":"khof-nee'","unicode":"חׇפְנִי","translit":"Chophnîy","definition":"from {{h2651}}; perhaps pugilist; Chophni, an Israelite; Hophni.","strongs_number":"h2652"},"h2653":{"pronunciation":"khaw-faf'","unicode":"חׇפַף","translit":"chophaph","definition":"a primitive root (compare {{h2645}}, {{h3182}}); to cover (in protection); cover.","strongs_number":"h2653"},"h2654":{"pronunciation":"khaw-fates'","unicode":"חָפֵץ","translit":"châphêts","definition":"a primitive root; properly, to incline to; by implication (literally but rarely) to bend; figuratively, to be pleased with, desire; × any at all, (have, take) delight, desire, favour, like, move, be (well) pleased, have pleasure, will, would.","strongs_number":"h2654"},"h2655":{"pronunciation":"khaw-fates'","unicode":"חָפֵץ","translit":"châphêts","definition":"from {{h2654}}; pleased with; delight in, desire, favour, please, have pleasure, whosoever would, willing, wish.","strongs_number":"h2655"},"h2656":{"pronunciation":"khay'-fets","unicode":"חֵפֶץ","translit":"chêphets","definition":"from {{h2654}}; pleasure; hence (abstractly) desire; concretely, a valuable thing; hence (by extension) a matter (as something in mind); acceptable, delight(-some), desire, things desired, matter, pleasant(-ure), purpose, willingly.","strongs_number":"h2656"},"h2657":{"pronunciation":"khef-tsee'baw","unicode":"חֶפְצִי בָּהּ","translit":"Chephtsîy bâhh","definition":"from {{h2656}} with suffixes; my delight (is) in her; Cheptsi-bah, a fanciful name for Palestine; Hephzi-bah.","strongs_number":"h2657"},"h2658":{"pronunciation":"khaw-far'","unicode":"חָפַר","translit":"châphar","definition":"a primitive root; properly, to pry into; by implication, to delve, to explore; dig, paw, search out, seek.","strongs_number":"h2658"},"h2659":{"pronunciation":"khaw-fare'","unicode":"חָפֵר","translit":"châphêr","definition":"a primitive root (perhaps rather the same as {{h2658}} through the idea of detection); to blush; figuratively, to be ashamed, disappointed; causatively, to shame, reproach; be ashamed, be confounded, be brought to confusion (unto shame), come (be put to) shame, bring reproach.","strongs_number":"h2659"},"h2660":{"pronunciation":"khay'-fer","unicode":"חֵפֶר","translit":"Chêpher","definition":"from {{h2658}} or {{h2659}}; a pit of shame; Chepher, a place in Palestine; also the name of three Israelites; Hepher.","strongs_number":"h2660"},"h2661":{"pronunciation":"khaf-ore'","unicode":"חֲפֹר","translit":"chăphôr","definition":"from {{h2658}}; a hole; only in connection with {{h6512}}, which ought rather to be joined as one word, thus חַפַרְפֵּרָה; by reduplication from {{h2658}}; a burrower, i.e. probably a rat; mole.","strongs_number":"h2661"},"h2662":{"pronunciation":"khef-ree'","unicode":"חֶפְרִי","translit":"Chephrîy","definition":"patronymically from {{h2660}}; a Chephrite (collectively) or descendants of Chepher; Hepherites.","strongs_number":"h2662"},"h2663":{"pronunciation":"khaf-aw-rah'-yim","unicode":"חֲפָרַיִם","translit":"Chăphârayim","definition":"dual of {{h2660}}; double pit; Chapharajim, a place in Palestine; Haphraim.","strongs_number":"h2663"},"h2664":{"pronunciation":"khaw-fas'","unicode":"חָפַשׂ","translit":"châphas","definition":"a primitive root; to seek; causatively, to conceal oneself (i.e. let be sought), or mask; change, (make) diligent (search), disquise self, hide, search (for, out).","strongs_number":"h2664"},"h2665":{"pronunciation":"khay'-fes","unicode":"חֵפֶשׂ","translit":"chêphes","definition":"from {{h2664}}; something covert, i.e. a trick; search.","strongs_number":"h2665"},"h2666":{"pronunciation":"khaw-fash'","unicode":"חָפַשׁ","translit":"châphash","definition":"a primitive root; to spread loose; figuratively, to manumit; be free.","strongs_number":"h2666"},"h2667":{"pronunciation":"kho'-fesh","unicode":"חֹפֶשׁ","translit":"Chôphesh","definition":"from {{h2666}}; something spread loosely, i.e. a carpet; precious.","strongs_number":"h2667"},"h2668":{"pronunciation":"khoof-shaw'","unicode":"חֻפְשָׁה","translit":"chuphshâh","definition":"from {{h2666}}; liberty (from slavery); freedom.","strongs_number":"h2668"},"h2669":{"pronunciation":"khof-shooth'","unicode":"חׇפְשׁוּת","translit":"chophshûwth","definition":"and חׇפְשִׁית; from {{h2666}}; (with {{h1004}}, a hospital); prostration by sickness; several.","strongs_number":"h2669"},"h2670":{"pronunciation":"khof-shee'","unicode":"חׇפְשִׁי","translit":"chophshîy","definition":"from {{h2666}}; exempt (from bondage, tax or care); free, liberty.","strongs_number":"h2670"},"h2671":{"pronunciation":"khayts","unicode":"חֵץ","translit":"chêts","definition":"from {{h2686}}; also by interchange for {{h6086}}; properly, a piercer, i.e. an arrow; by implication, a wound; figuratively, (of God) thunder-bolt; the shaft of a spear; archer, arrow, dart, shaft, staff, wound.","strongs_number":"h2671"},"h2672":{"pronunciation":"khaw-tsab'","unicode":"חָצַב","translit":"châtsab","definition":"or חָצֵב; a primitive root; to cut or carve (wood, stone or other material); by implication, to hew, split, square, quarry, engrave; cut, dig, divide, grave, hew (out, -er), made, mason.","strongs_number":"h2672"},"h2673":{"pronunciation":"khaw-tsaw'","unicode":"חָצָה","translit":"châtsâh","definition":"a primitive root (compare {{h2086}})); to cut or split in two; to halve; divide, × live out half, reach to the midst, participle","strongs_number":"h2673"},"h2674":{"pronunciation":"khaw-tsore'","unicode":"חָצוֹר","translit":"Châtsôwr","definition":"a collective form of {{h2691}}; village; Chatsor, the name (thus simply) of two places in Palestine and of one in Arabia; Hazor.","strongs_number":"h2674"},"h2675":{"pronunciation":"khaw-tsore' khad-attaw'","unicode":"חָצוֹר חֲדַתָּה","translit":"Châtsôwr Chădattâh","definition":"from {{h2674}} and a Aramaizing form of the feminine of {{h2319}} (compare {{h2323}}); new Chatsor, a place in Palestine; Hazor, Hadattah (as if two places).","strongs_number":"h2675"},"h2676":{"pronunciation":"khaw-tsoth'","unicode":"חָצוֹת","translit":"châtsôwth","definition":"from {{h2673}}; the middle (of the night); mid(-night).","strongs_number":"h2676"},"h2677":{"pronunciation":"khay-tsee'","unicode":"חֵצִי","translit":"chêtsîy","definition":"from {{h2673}}; the half or middle; half, middle, mid(-night), midst, part, two parts.","strongs_number":"h2677"},"h2678":{"pronunciation":"khits-tsee'","unicode":"חִצִּי","translit":"chitstsîy","definition":"or חֵצִי; prolongation from {{h2671}}; an arrow; arrow.","strongs_number":"h2678"},"h2679":{"pronunciation":"chat-tsee' hammen-oo-khoth'","unicode":"חֲצִי הַמְּנֻחוֹת","translit":"Chătsîy ham-Mᵉnuchôwth","definition":"from {{h2677}} and the plural of {{h4496}}, with the article interposed; midst of the resting-places; Chatsi-ham-Menuchoth, an Israelite; half of the Manahethites.","strongs_number":"h2679"},"h2680":{"pronunciation":"khat-see' ham-menakh-tee'","unicode":"חֲצִי הַמְּנַחְתִּי","translit":"Chătsîy ham-Mᵉnachtîy","definition":"patronymically from {{h2679}}; a Chatsi-ham-Menachtite or descendant of Chatsi-ham-Menuchoth; half of the Manahethites.","strongs_number":"h2680"},"h2681":{"pronunciation":"khaw-tseer'","unicode":"חָצִיר","translit":"châtsîyr","definition":"a collateral form of {{h2691}}; a court or abode; court.","strongs_number":"h2681"},"h2682":{"pronunciation":"khaw-tseer'","unicode":"חָצִיר","translit":"châtsîyr","definition":"perhaps originally the same as {{h2681}}, from the greenness of a courtyard; grass; also a leek (collectively); grass, hay, herb, leek.","strongs_number":"h2682"},"h2683":{"pronunciation":"khay'-tsen","unicode":"חֵצֶן","translit":"chêtsen","definition":"from an unused root meaning to hold firmly; the bosom (as comprised between the arms); bosom.","strongs_number":"h2683"},"h2684":{"pronunciation":"kho'tsen","unicode":"חֹצֶן","translit":"chôtsen","definition":"a collateral form of {{h2683}}, and meaning the same; arm, lap.","strongs_number":"h2684"},"h2685":{"pronunciation":"khats-af'","unicode":"חֲצַף","translit":"chătsaph","definition":"(Aramaic) a primitive root; properly, to shear or cut close; figuratively, to be severe; hasty, be urgent.","strongs_number":"h2685"},"h2686":{"pronunciation":"khaw-tsats'","unicode":"חָצַץ","translit":"châtsats","definition":"a primitive root (compare {{h2673}}); also as denominative from {{h2671}}; properly, to chop into, pierce or sever; hence, to curtail, to distribute (into ranks); to shoot an arrow; archer, × bands, cut off in the midst.","strongs_number":"h2686"},"h2687":{"pronunciation":"khaw-tsawts'","unicode":"חָצָץ","translit":"châtsâts","definition":"from {{h2687}};\talso like {{h2671}}; properly, something cutting; hence, gravel (as grit); an arrow; arrow, gravel (stone).","strongs_number":"h2687"},"h2688":{"pronunciation":"khats-ets-one' taw-mawr'","unicode":"חַצְצוֹן תָּמָר","translit":"Chatsᵉtsôwn Tâmâr","definition":"or חַצֲצֹן תָּמָר; from {{h2686}} and {{h8558}}; division (i.e. perhaps row) of (the) palm-tree; Chatsetson-tamar, a place in Palestine; Hazezon-tamar.","strongs_number":"h2688"},"h2689":{"pronunciation":"khats-o-tser-aw'","unicode":"חֲצֹצְרָה","translit":"chătsôtsᵉrâh","definition":"by reduplication from {{h2690}}; a trumpet (from its sundered or quavering note); trumpet(-er).","strongs_number":"h2689"},"h2690":{"pronunciation":"khaw-tsar'","unicode":"חָצַר","translit":"châtsar","definition":"a primitive root; properly, to surround with a stockade, and thus separate from the open country; but used only in the reduplicated form חֲצֹצֵר; or (2 Chronicles 5:12) חֲצֹרֵר; as dem. from {{h2689}}; to trumpet, i.e. blow on that instrument; blow, sound, trumpeter.","strongs_number":"h2690"},"h2691":{"pronunciation":"khaw-tsare'","unicode":"חָצֵר","translit":"châtsêr","definition":"(masculine and feminine); from {{h2690}} in its original sense; a yard (as inclosed by a fence); also a hamlet (as similarly surrounded with walls); court, tower, village.","strongs_number":"h2691"},"h2692":{"pronunciation":"khats-ar' addawr'","unicode":"חֲצַר אַדָּר","translit":"Chătsar ʼAddâr","definition":"from {{h2691}} and {{h146}}; (the) village of Addar; Chatsar-Addar, a place in Palestine; Hazar-addar.","strongs_number":"h2692"},"h2693":{"pronunciation":"khats-ar' gad-daw'","unicode":"חֲצַר גַּדָּה","translit":"Chătsar Gaddâh","definition":"from {{h2691}} and a feminine of {{h1408}}; (the) village of (female) Fortune; Chatsar-Gaddah, a place in Palestine; Hazar-gaddah.","strongs_number":"h2693"},"h2694":{"pronunciation":"khats-ar' hat-tee-kone'","unicode":"חֲצַר הַתִּיכוֹן","translit":"Chătsar hat-Tîykôwn","definition":"from {{h2691}} and {{h8484}} with the article interposed; village of the middle; Chatsar-hat-Tikon, a place in Palestine; Hazar-hatticon.","strongs_number":"h2694"},"h2695":{"pronunciation":"khets-ro'","unicode":"חֶצְרוֹ","translit":"Chetsrôw","definition":"by an orthographical variation for {{h2696}}; enclosure; Chetsro, an Israelite; Hezro, Hezrai.","strongs_number":"h2695"},"h2696":{"pronunciation":"khets-rone'","unicode":"חֶצְרוֹן","translit":"Chetsrôwn","definition":"from {{h2691}}; court-yard; Chetsron, the name of a place in Palestine; also of two Israelites; Hezron.","strongs_number":"h2696"},"h2697":{"pronunciation":"khets-ro-nee'","unicode":"חֶצְרוֹנִי","translit":"Chetsrôwnîy","definition":"patronymically from {{h2696}}; a Chetsronite or (collectively) descendants of Chetsron; Hezronites.","strongs_number":"h2697"},"h2698":{"pronunciation":"khats-ay-roth'","unicode":"חֲצֵרוֹת","translit":"Chătsêrôwth","definition":"feminine plural of {{h2691}}; yards; Chatseroth, a place in Palestine; Hazeroth.","strongs_number":"h2698"},"h2699":{"pronunciation":"khats-ay-reem'","unicode":"חֲצֵרִים","translit":"Chătsêrîym","definition":"plural masculine of {{h2691}}; yards; Chatserim, a place in Palestine; Hazerim","strongs_number":"h2699"},"h2700":{"pronunciation":"khats-ar-maw'-veth","unicode":"חֲצַרְמָוֶת","translit":"Chătsarmâveth","definition":"from {{h2691}} and {{h4194}}; village of death; Chatsarmaveth, a place in Arabia; Hazarmaveth.","strongs_number":"h2700"}}