{"h2801":{"pronunciation":"khaw-rath'","unicode":"חָרַת","translit":"chârath","definition":"a primitive root; to engrave; graven.","strongs_number":"h2801"},"h2802":{"pronunciation":"kheh'-reth","unicode":"חֶרֶת","translit":"Chereth","definition":"from {{h2801}} (but equivalent to {{h2793}}); forest; Chereth, a thicket in Palestine; Hereth.","strongs_number":"h2802"},"h2803":{"pronunciation":"khaw-shab'","unicode":"חָשַׁב","translit":"châshab","definition":"a primitive root; properly, to plait or interpenetrate, i.e. (literally) to weave or (generally) to fabricate; figuratively, to plot or contrive (usually in a malicious sense); hence (from the mental effort) to think, regard, value, compute; (make) account (of), conceive, consider, count, cunning (man, work, workman), devise, esteem, find out, forecast, hold, imagine, impute, invent, be like, mean, purpose, reckon(-ing be made), regard, think.","strongs_number":"h2803"},"h2804":{"pronunciation":"khash-ab'","unicode":"חֲשַׁב","translit":"chăshab","definition":"(Aramaic) corresponding to {{h2803}}; to regard; repute.","strongs_number":"h2804"},"h2805":{"pronunciation":"khay'-sheb","unicode":"חֵשֶׁב","translit":"chêsheb","definition":"from {{h2803}}; a belt or strap (as being interlaced); curious girdle.","strongs_number":"h2805"},"h2806":{"pronunciation":"khash-bad-daw'-naw","unicode":"חַשְׁבַּדָּנָה","translit":"Chashbaddânâh","definition":"from {{h2803}} and {{h1777}}; considerate judge; Chasbaddanah, an Israelite; Hasbadana.","strongs_number":"h2806"},"h2807":{"pronunciation":"khash-oo-baw'","unicode":"חֲשֻׁבָה","translit":"Chăshubâh","definition":"from {{h2803}}; estimation; Cashubah, an Israelite; Hashubah.","strongs_number":"h2807"},"h2808":{"pronunciation":"khesh-bone'","unicode":"חֶשְׁבּוֹן","translit":"cheshbôwn","definition":"from {{h2803}}; properly, contrivance; by implication, intelligence; account, device, reason.","strongs_number":"h2808"},"h2809":{"pronunciation":"khesh-bone'","unicode":"חֶשְׁבּוֹן","translit":"Cheshbôwn","definition":"the same as {{h2808}}; Cheshbon, a place East of the Jordan; Heshbon.","strongs_number":"h2809"},"h2810":{"pronunciation":"khish-shaw-bone'","unicode":"חִשָּׁבוֹן","translit":"chishshâbôwn","definition":"from {{h2803}}; a contrivance, i.e. actual (a warlike machine) or mental (a machination); engine, invention.","strongs_number":"h2810"},"h2811":{"pronunciation":"khash-ab-yaw'","unicode":"חֲשַׁבְיָה","translit":"Chăshabyâh","definition":"or חֲשַׁבְיָהוּ; from {{h2803}} and {{h3050}}; Jah has regarded; Chashabjah, the name of nine Israelites; Hashabiah.","strongs_number":"h2811"},"h2812":{"pronunciation":"khash-ab-naw'","unicode":"חֲשַׁבְנָה","translit":"Chăshabnâh","definition":"feminine of {{h2808}}; inventiveness; Chashnah, an Israelite; Hashabnah.","strongs_number":"h2812"},"h2813":{"pronunciation":"khash-ab-neh-yaw'","unicode":"חֲשַׁבְנְיָה","translit":"Chăshabnᵉyâh","definition":"from {{h2808}} and {{h3050}}; thought of Jah; Chashabnejah, the name of two Israelites; Hashabniah.","strongs_number":"h2813"},"h2814":{"pronunciation":"khaw-shaw'","unicode":"חָשָׁה","translit":"châshâh","definition":"a primitive root; to hush or keep quiet; hold peace, keep silence, be silent, (be) still.","strongs_number":"h2814"},"h2815":{"pronunciation":"khash-shoob'","unicode":"חַשּׁוּב","translit":"Chashshûwb","definition":"from {{h2803}}; intelligent; Chashshub, the name of two or three Israelites; Hashub, Hasshub.","strongs_number":"h2815"},"h2816":{"pronunciation":"khash-oke'","unicode":"חֲשׁוֹךְ","translit":"chăshôwk","definition":"(Aramaic) from a root corresponding to {{h2821}}; the dark; darkness.","strongs_number":"h2816"},"h2817":{"pronunciation":"khas-oo-faw'","unicode":"חֲשׂוּפָא","translit":"Chăsûwphâʼ","definition":"or חֲשֻׂפָא; from {{h2834}}; nakedness; Chasupha, one of the Nethinim; Hashupha, Hasupha.","strongs_number":"h2817"},"h2818":{"pronunciation":"khash-akh'","unicode":"חֲשַׁח","translit":"chăshach","definition":"(Aramaic) a collateral root to one corresponding to {{h2363}} in the sense of readiness; to be necessary (from the idea of convenience) or (transitively) to need; careful, have need of.","strongs_number":"h2818"},"h2819":{"pronunciation":"khash-khooth'","unicode":"חַשְׁחוּת","translit":"chashchûwth","definition":"from a root corresponding to {{h2818}}; necessity; be needful.","strongs_number":"h2819"},"h2820":{"pronunciation":"khaw-sak'","unicode":"חָשַׂךְ","translit":"châsak","definition":"a primitive root; also interchangeable\twith {{h2821}}; to restrain or (reflex.) refrain; by implication, to refuse, spare, preserve; to observe; assuage, × darken, forbear, hinder, hold back, keep (back), punish, refrain, reserve, spare, withhold.","strongs_number":"h2820"},"h2821":{"pronunciation":"khaw-shak'","unicode":"חָשַׁךְ","translit":"châshak","definition":"a primitive root; to be dark (as withholding light); transitively, to darken; be black, be (make) dark, darken, cause darkness, be dim, hide.","strongs_number":"h2821"},"h2822":{"pronunciation":"kho-shek'","unicode":"חֹשֶׁךְ","translit":"chôshek","definition":"from {{h2821}}; the dark; hence (literally) darkness; figuratively, misery, destruction, death, ignorance, sorrow, wickedness; dark(-ness), night, obscurity.","strongs_number":"h2822"},"h2823":{"pronunciation":"khaw-shoke'","unicode":"חָשֹׁךְ","translit":"châshôk","definition":"from {{h2821}}; dark (figuratively, i.e. obscure); meaning","strongs_number":"h2823"},"h2824":{"pronunciation":"khesh-kaw'","unicode":"חֶשְׁכָה","translit":"cheshkâh","definition":"from {{h2821}}; darkness; dark.","strongs_number":"h2824"},"h2825":{"pronunciation":"khash-ay-kaw'","unicode":"חֲשֵׁכָה","translit":"chăshêkâh","definition":"or חֲשֵׁיכָהxlit chăshêkâh corrected to chăshêykâh; from {{h2821}}; darkness; figuratively, misery; darkness.","strongs_number":"h2825"},"h2826":{"pronunciation":"khaw-shal'","unicode":"חָשַׁל","translit":"châshal","definition":"a primitive root; to make (intrans. be) unsteady, i.e. weak; feeble.","strongs_number":"h2826"},"h2827":{"pronunciation":"khash-al'","unicode":"חֲשַׁל","translit":"chăshal","definition":"(Aramaic) a root corresponding to {{h2826}}; to weaken, i.e. crush; subdue.","strongs_number":"h2827"},"h2828":{"pronunciation":"khaw-shoom'","unicode":"חָשֻׁם","translit":"Châshum","definition":"from the same as {{h2831}}; enriched; Chashum, the name of two or three Israelites; Hashum.","strongs_number":"h2828"},"h2829":{"pronunciation":"klesh-mone'","unicode":"חֶשְׁמוֹן","translit":"Cheshmôwn","definition":"the same as {{h2831}}; opulent; Cheshmon, a place in Palestine; Heshmon.","strongs_number":"h2829"},"h2830":{"pronunciation":"khash-mal'","unicode":"חַשְׁמַל","translit":"chashmal","definition":"of uncertain derivation; probably bronze or polished spectrum metal; amber.","strongs_number":"h2830"},"h2831":{"pronunciation":"khash-man'","unicode":"חַשְׁמַן","translit":"chashman","definition":"from an unused root (probably meaning firm or capacious in resources); apparently; wealthy; princes.","strongs_number":"h2831"},"h2832":{"pronunciation":"khash-mo-naw'","unicode":"חַשְׁמֹנָה","translit":"Chashmônâh","definition":"feminine of {{h2831}}; fertile; Chasmonah, a place in the Desert; Hashmonah.","strongs_number":"h2832"},"h2833":{"pronunciation":"kho'-shen","unicode":"חֹשֶׁן","translit":"chôshen","definition":"from an unused root probably meaning to contain or sparkle; perhaps a pocket (as holding the Urim and Thummim), or rich (as containing gems), used only of the gorget of the highpriest; breastplate.","strongs_number":"h2833"},"h2834":{"pronunciation":"khaw-saf'","unicode":"חָשַׂף","translit":"châsaph","definition":"a primitive root; to strip off, i.e. generally to make naked (for exertion or in disgrace), to drain away or bail up (a liquid); make bare, clean, discover, draw out, take, uncover.","strongs_number":"h2834"},"h2835":{"pronunciation":"khaw-seef'","unicode":"חָשִׂף","translit":"châsiph","definition":"from {{h2834}}; properly, drawn off, i.e. separated; hence, a small company (as divided from the rest); little flock.","strongs_number":"h2835"},"h2836":{"pronunciation":"khaw-shak'","unicode":"חָשַׁק","translit":"châshaq","definition":"a primitive root; also interchangeable for {{h2820}}; to cling, i.e. join, (figuratively) to love, delight in; elliptically; to deliver; have a delight, (have a) desire, fillet, long, set (in) love.","strongs_number":"h2836"},"h2837":{"pronunciation":"khay'-shek","unicode":"חֵשֶׁק","translit":"chêsheq","definition":"from {{h2836}}; delight; desire, pleasure.","strongs_number":"h2837"},"h2838":{"pronunciation":"khaw-shook'","unicode":"חָשֻׁק","translit":"châshuq","definition":"or חָשׁוּק; past participle of {{h2836}}; attached, i.e. a fence-rail or rod connecting the posts or pillars; fillet.","strongs_number":"h2838"},"h2839":{"pronunciation":"khish-shook'","unicode":"חִשֻּׁק","translit":"chishshuq","definition":"from {{h2836}}; conjoined, i.e. a wheel-spoke or rod connecting the hub with the rim; felloe.","strongs_number":"h2839"},"h2840":{"pronunciation":"khish-shoor'","unicode":"חִשֻּׁר","translit":"chishshur","definition":"from an unused root meaning to bind together; combined, i.e. the nave or hub of a wheel (as holding the spokes together); spoke.","strongs_number":"h2840"},"h2841":{"pronunciation":"khash-raw'","unicode":"חַשְׁרָה","translit":"chashrâh","definition":"from the same as {{h2840}}; properly, a combination or gathering, i.e. of watery clouds; dark.","strongs_number":"h2841"},"h2842":{"pronunciation":"khaw-shash'","unicode":"חָשַׁשׁ","translit":"châshash","definition":"by variation for {{h7179}}; dry grass; chaff.","strongs_number":"h2842"},"h2843":{"pronunciation":"khoo-shaw-thee'","unicode":"חֻשָׁתִי","translit":"Chushâthîy","definition":"patronymically from {{h2364}}; a Chushathite or descendant of Chushah; Hushathite.","strongs_number":"h2843"},"h2844":{"pronunciation":"khath","unicode":"חַת","translit":"chath","definition":"from {{h2865}}; concretely, crushed; also afraid; abstractly, terror; broken, dismayed, dread, fear.","strongs_number":"h2844"},"h2845":{"pronunciation":"khayth","unicode":"חֵת","translit":"Chêth","definition":"from {{h2865}}; terror; Cheth, an aboriginal Canaanite; Heth.","strongs_number":"h2845"},"h2846":{"pronunciation":"khaw-thaw'","unicode":"חָתָה","translit":"châthâh","definition":"a primitive root; to lay hold of; especially to pick up fire; heap, take (away).","strongs_number":"h2846"},"h2847":{"pronunciation":"khit-taw'","unicode":"חִתָּה","translit":"chittâh","definition":"from {{h2865}}; fear; terror.","strongs_number":"h2847"},"h2848":{"pronunciation":"khit-tool'","unicode":"חִתּוּל","translit":"chittûwl","definition":"from {{h2853}}; swathed, i.e. a bandage; roller.","strongs_number":"h2848"},"h2849":{"pronunciation":"khath-khath'","unicode":"חַתְחַת","translit":"chathchath","definition":"from {{h2844}}; terror; fear.","strongs_number":"h2849"},"h2850":{"pronunciation":"khit-tee'","unicode":"חִתִּי","translit":"Chittîy","definition":"patronymically from {{h2845}}; a Chittite, or descendant of Cheth; Hittite, Hittities.","strongs_number":"h2850"},"h2851":{"pronunciation":"khit-teeth'","unicode":"חִתִּית","translit":"chittîyth","definition":"from {{h2865}}; fear; terror.","strongs_number":"h2851"},"h2852":{"pronunciation":"khaw-thak'","unicode":"חָתַךְ","translit":"châthak","definition":"a primitive root; properly, to cut off, i.e. (figuratively) to decree; determine.","strongs_number":"h2852"},"h2853":{"pronunciation":"khaw-thal'","unicode":"חָתַל","translit":"châthal","definition":"a primitive root; to swathe; × at all, swaddle.","strongs_number":"h2853"},"h2854":{"pronunciation":"khath-ool-law'","unicode":"חֲתֻלָּה","translit":"chăthullâh","definition":"from {{h2853}}; a swathing cloth (figuratively); swaddling band.","strongs_number":"h2854"},"h2855":{"pronunciation":"kheth-lone'","unicode":"חֶתְלֹן","translit":"Chethlôn","definition":"from {{h2853}}; enswathed; Chethlon, a place in Palestine; Hethlon.","strongs_number":"h2855"},"h2856":{"pronunciation":"khaw-tham'","unicode":"חָתַם","translit":"châtham","definition":"a primitive root; to close up; especially to seal; make an end, mark, seal (up), stop.","strongs_number":"h2856"},"h2857":{"pronunciation":"khath-am'","unicode":"חֲתַם","translit":"chătham","definition":"(Aramaic) a root corresponding to {{h2856}}; to seal; seal.","strongs_number":"h2857"},"h2858":{"pronunciation":"kho-the-meth","unicode":"חֹתֶמֶת","translit":"chôthemeth","definition":"feminine active participle of {{h2856}}; a seal; signet.","strongs_number":"h2858"},"h2859":{"pronunciation":"khaw-than'","unicode":"חָתַן","translit":"châthan","definition":"a primitive root; to give (a daughter) away in marriage; hence (generally) to contract affinity by marriage; join in affinity, father in law, make marriages, mother in law, son in law.","strongs_number":"h2859"},"h2860":{"pronunciation":"khaw-thawn'","unicode":"חָתָן","translit":"châthân","definition":"from {{h2859}}; a relative by marriage (especially through the bride); figuratively, a circumcised child (as a species of religious espousal); bridegroom, husband, son in law.","strongs_number":"h2860"},"h2861":{"pronunciation":"khath-oon-naw'","unicode":"חֲתֻנָּה","translit":"chăthunnâh","definition":"from {{h2859}}; a wedding; espousal.","strongs_number":"h2861"},"h2862":{"pronunciation":"khaw-thaf'","unicode":"חָתַף","translit":"châthaph","definition":"a primitive root; to clutch; take away.","strongs_number":"h2862"},"h2863":{"pronunciation":"kheh'-thef","unicode":"חֶתֶף","translit":"chetheph","definition":"from {{h2862}}; properly, rapine; figuratively, robbery; prey.","strongs_number":"h2863"},"h2864":{"pronunciation":"khaw-thar'","unicode":"חָתַר","translit":"châthar","definition":"a primitive root; to force a passage, as by burglary; figuratively, with oars; dig (through), row.","strongs_number":"h2864"},"h2865":{"pronunciation":"khaw-thath'","unicode":"חָתַת","translit":"châthath","definition":"a primitive root; properly, to prostrate; hence, to break down, either (literally) by violence, or (figuratively) by confusion and fear; abolish, affright, be (make) afraid, amaze, beat down, discourage, (cause to) dismay, go down, scare, terrify.","strongs_number":"h2865"},"h2866":{"pronunciation":"khath-ath'","unicode":"חֲתַת","translit":"chăthath","definition":"from {{h2865}}; dismay; casting down.","strongs_number":"h2866"},"h2867":{"pronunciation":"khath-ath'","unicode":"חֲתַת","translit":"Chăthath","definition":"the same as {{h2866}}; Chathath, an Israelite; cathath. f","strongs_number":"h2867"},"h2868":{"pronunciation":"teh-abe'","unicode":"טְאֵב","translit":"ṭᵉʼêb","definition":"(Aramaic) a primitive root; to rejoice; be glad","strongs_number":"h2868"},"h2869":{"pronunciation":"teh-abe'","unicode":"טָב","translit":"ṭâb","definition":"the same as {{h2896}}; good; fine, good.","strongs_number":"h2869"},"h2870":{"pronunciation":"taw-beh-ale'","unicode":"טָבְאֵל","translit":"ṭâbᵉʼêl","definition":"from {{h2895}} and {{h410}}; pleasing (to) God; Tabeel, the name of a Syrian and of a Persian; Tabeal, Tabeel.","strongs_number":"h2870"},"h2871":{"pronunciation":"taw-bool'","unicode":"טָבוּל","translit":"ṭâbûwl","definition":"passive participle of {{h2881}}; properly, dyed, i.e. a turban (probably as of colored stuff); dyed attire.","strongs_number":"h2871"},"h2872":{"pronunciation":"tab-boor'","unicode":"טַבּוּר","translit":"ṭabbûwr","definition":"from an unused root meaning to pile up; properly, accumulated; i.e. (by implication) a summit; middle, midst.","strongs_number":"h2872"},"h2873":{"pronunciation":"taw-bakh'","unicode":"טָבַח","translit":"ṭâbach","definition":"a primitive root; to slaughter (animals or men); kill, (make) slaughter, slay.","strongs_number":"h2873"},"h2874":{"pronunciation":"teh'-bakh","unicode":"טֶבַח","translit":"ṭebach","definition":"from {{h2873}}; properly, something slaughtered; hence, a beast (or meat, as butchered); abstractly butchery (or concretely, a place of slaughter); × beast, slaughter, × slay, × sore.","strongs_number":"h2874"},"h2875":{"pronunciation":"teh'-bakh","unicode":"טֶבַח","translit":"Ṭebach","definition":"the same as {{h2874}}; massacre; Tebach, the name of a Mesopotamian and of an Israelite; Tebah.","strongs_number":"h2875"},"h2876":{"pronunciation":"tab-bawkh'","unicode":"טַבָּח","translit":"ṭabbâch","definition":"from {{h2873}}; properly, a butcher; hence, a lifeguardsman (because he was acting as an executioner); also a cook (usually slaughtering the animal for food); cook, guard.","strongs_number":"h2876"},"h2877":{"pronunciation":"tab-bawkh'","unicode":"טַבָּח","translit":"ṭabbâch","definition":"(Aramaic) the same as {{h2876}}; a lifeguardsman; guard.","strongs_number":"h2877"},"h2878":{"pronunciation":"tib-khaw'","unicode":"טִבְחָה","translit":"ṭibchâh","definition":"feminine of {{h2874}} and meaning the same; flesh, slaughter.","strongs_number":"h2878"},"h2879":{"pronunciation":"tab-baw-khaw'","unicode":"טַבָּחָה","translit":"ṭabbâchâh","definition":"feminine of {{h2876}}; a female cook; cook.","strongs_number":"h2879"},"h2880":{"pronunciation":"tib-khath'","unicode":"טִבְחַת","translit":"Ṭibchath","definition":"from {{h2878}}; slaughter; Tibchath, a place in Syria; Tibhath.","strongs_number":"h2880"},"h2881":{"pronunciation":"taw-bal'","unicode":"טָבַל","translit":"ṭâbal","definition":"a primitive root; to dip, to immerse; dip, plunge.","strongs_number":"h2881"},"h2882":{"pronunciation":"teb-al-yaw'-hoo","unicode":"טְבַלְיָהוּ","translit":"Ṭᵉbalyâhûw","definition":"from {{h2881}} and {{h3050}}; Jah has dipped; Tebaljah, an Israelite; Tebaliah.","strongs_number":"h2882"},"h2883":{"pronunciation":"taw-bah'","unicode":"טָבַע","translit":"ṭâbaʻ","definition":"a primitive root; to sink; drown, fasten, settle, sink.","strongs_number":"h2883"},"h2884":{"pronunciation":"tab-baw-othe'","unicode":"טַבָּעוֹת","translit":"Ṭabbâʻôwth","definition":"plural of {{h2885}}; rings; Tabbaoth, one of the Nethinim; Tabaoth.","strongs_number":"h2884"},"h2885":{"pronunciation":"tab-bah'-ath","unicode":"טַבַּעַת","translit":"ṭabbaʻath","definition":"from {{h2883}}; properly, a seal (as sunk into the wax), i.e. signet (for sealing); hence (generally) a ring of any kind; ring.","strongs_number":"h2885"},"h2886":{"pronunciation":"tab-rim-mone'","unicode":"טַבְרִמּוֹן","translit":"Ṭabrimmôwn","definition":"from {{h2895}} and {{h7417}}; pleasing (to) Rimmon; Tabrimmon, a Syrian; Tabrimmon.","strongs_number":"h2886"},"h2887":{"pronunciation":"tay'-beth","unicode":"טֵבֶת","translit":"Ṭêbeth","definition":"probably of foreign derivation; Tebeth, the tenth Hebrew month; Tebeth.","strongs_number":"h2887"},"h2888":{"pronunciation":"tab-bath'","unicode":"טַבַּת","translit":"Ṭabbath","definition":"of uncertain derivation; Tabbath, a place East of the Jordan; Tabbath.","strongs_number":"h2888"},"h2889":{"pronunciation":"taw-hore'","unicode":"טָהוֹר","translit":"ṭâhôwr","definition":"or טָהֹר; from {{h2891}}; pure (in a physical, chemical, ceremonial or moral sense); clean, fair, pure(-ness).","strongs_number":"h2889"},"h2890":{"pronunciation":"teh-hore'","unicode":"טְהוֹר","translit":"ṭᵉhôwr","definition":"from {{h2891}}; purity; pureness.","strongs_number":"h2890"},"h2891":{"pronunciation":"taw-hare'","unicode":"טָהֵר","translit":"ṭâhêr","definition":"a primitive root; properly, to be bright; i.e. (by implication); to be pure (physical sound, clear, unadulterated; Levitically, uncontaminated; morally, innocent or holy); be (make, make self, pronounce) clean, cleanse (self), purge, purify(-ier, self).","strongs_number":"h2891"},"h2892":{"pronunciation":"to'-har","unicode":"טֹהַר","translit":"ṭôhar","definition":"from {{h2891}}; literally brightness; ceremonially purification; clearness, glory, purifying.","strongs_number":"h2892"},"h2893":{"pronunciation":"toh-or-aw'","unicode":"טׇהֳרָה","translit":"ṭohŏrâh","definition":"feminine of {{h2892}}; ceremonial purification; moral purity; × is cleansed, cleansing, purification(-fying).","strongs_number":"h2893"},"h2894":{"pronunciation":"too","unicode":"טוּא","translit":"ṭûwʼ","definition":"a primitive root; to sweep away; sweep.","strongs_number":"h2894"},"h2895":{"pronunciation":"tobe","unicode":"טוֹב","translit":"ṭôwb","definition":"a primitive root,; to be (transitively, do or make) good (or well) in the widest sense; be (do) better, cheer, be (do, seem) good, (make) goodly, × please, (be, do, go, play) well.","strongs_number":"h2895"},"h2896":{"pronunciation":"tobe","unicode":"טוֹב","translit":"ṭôwb","definition":"from {{h2895}}; good (as an adjective) in the widest sense; used likewise as a noun, both in the masculine and the feminine, the singular and the plural (good, a good or good thing, a good man or woman; the good, goods or good things, good men or women), also as an adverb (well); beautiful, best, better, bountiful, cheerful, at ease, × fair (word), (be in) favour, fine, glad, good (deed, -lier, -liest, -ly, -ness, -s), graciously, joyful, kindly, kindness, liketh (best), loving, merry, × most, pleasant,   pleaseth, pleasure, precious, prosperity, ready, sweet, wealth, welfare, (be) well(-favoured).","strongs_number":"h2896"},"h2897":{"pronunciation":"tobe","unicode":"טוֹב","translit":"Ṭôwb","definition":"the same as {{h2896}}; good; Tob, a region apparently East of the Jordan; Tob.","strongs_number":"h2897"},"h2898":{"pronunciation":"toob","unicode":"טוּב","translit":"ṭûwb","definition":"from {{h2895}}; good (as a noun), in the widest sense, especially goodness (superlative concretely, the best), beauty, gladness, welfare; fair, gladness, good(-ness, thing, -s), joy, go well with.","strongs_number":"h2898"},"h2899":{"pronunciation":"tobe ado-nee-yah'-hoo","unicode":"טוֹב אֲדֹנִיָּהוּ","translit":"Ṭôwb ʼĂdônîyâhûw","definition":"from {{h2896}} and {{h138}}; pleasing (to) Adonijah; Tob-Adonijah, an Israelite; Tob-adonijah.","strongs_number":"h2899"},"h2900":{"pronunciation":"to-bee-yaw'","unicode":"טוֹבִיָּה","translit":"Ṭôwbîyâh","definition":"or טוֹבִיָּהוּ; from {{h2896}} and {{h3050}}; goodness of Jehovah; Tobijah, the name of three Israelites and of one Samaritan; Tobiah, Tobijah.","strongs_number":"h2900"}}