{"h301":{"pronunciation":"akh-ee-shawr'","unicode":"אֲחִישָׁר","translit":"ʼĂchîyshâr","definition":"from {{h251}} and {{h7891}}; brother of (the) singer; Achishar, an Israelite; Ahishar.","strongs_number":"h301"},"h302":{"pronunciation":"akh-ee-tho'-fel","unicode":"אֲחִיתֹפֶל","translit":"ʼĂchîythôphel","definition":"from {{h251}} and {{h8602}}; brother of folly; Achithophel, an Israelite; Ahithophel.","strongs_number":"h302"},"h303":{"pronunciation":"akh-lawb'","unicode":"אַחְלָב","translit":"ʼAchlâb","definition":"from the same root as {{h2459}}; fatness (i.e. fertile); Achlab, a place in Palestine; Ahlab.","strongs_number":"h303"},"h304":{"pronunciation":"akh-lah'ee","unicode":"אַחְלַי","translit":"ʼAchlay","definition":"the same as {{h305}}; wishful; Achlai, the name of an Israelitess and of an Israelite; Ahlai.","strongs_number":"h304"},"h305":{"pronunciation":"akh-al-ah'ee","unicode":"אַחֲלַי","translit":"ʼachălay","definition":"or אַחֲלֵי; prob from {{h253}} and a variation of {{h3863}}; would that!; O that, would God.","strongs_number":"h305"},"h306":{"pronunciation":"akh-law'-maw","unicode":"אַחְלָמָה","translit":"ʼachlâmâh","definition":"perhaps from {{h2492}} (and thus dream-stone); a gem, probably the amethyst; amethyst.","strongs_number":"h306"},"h307":{"pronunciation":"akh-me-thaw'","unicode":"אַחְמְתָא","translit":"ʼAchmᵉthâʼ","definition":"of Persian derivation; Achmetha (i.e. Ecbatana), the summer capital of Persia; Achmetha.","strongs_number":"h307"},"h308":{"pronunciation":"akh-as-bah'ee","unicode":"אֲחַסְבַּי","translit":"ʼĂchaçbay","definition":"of uncertain derivation; Achasbai, an Israelite; Ahasbai.","strongs_number":"h308"},"h309":{"pronunciation":"aw-khar'","unicode":"אָחַר","translit":"ʼâchar","definition":"a primitive root; to loiter (i.e. be behind); by implication to procrastinate; continue, defer, delay, hinder, be late (slack), stay (there), tarry (longer).","strongs_number":"h309"},"h310":{"pronunciation":"akh-ar'","unicode":"אַחַר","translit":"ʼachar","definition":"from {{h309}}; properly, the hind part; generally used as an adverb or conjunction, after (in various senses); after (that, -ward), again, at, away from, back (from, -side), behind, beside, by, follow (after, -ing), forasmuch, from, hereafter, hinder end, + out (over) live, + persecute, posterity, pursuing, remnant, seeing, since, thence(-forth), when, with.","strongs_number":"h310"},"h311":{"pronunciation":"akh-ar'","unicode":"אַחַר","translit":"ʼachar","definition":"(Aramaic) corresponding to {{h310}}; after; (here-) after.","strongs_number":"h311"},"h312":{"pronunciation":"akh-air'","unicode":"אַחֵר","translit":"ʼachêr","definition":"from {{h309}}; properly, hinder; generally, next, other, etc.; (an-) other man, following, next, strange.","strongs_number":"h312"},"h313":{"pronunciation":"akh-air'","unicode":"אַחֵר","translit":"ʼAchêr","definition":"the same as {{h312}}; Acher, an Israelite; Aher.","strongs_number":"h313"},"h314":{"pronunciation":"akh-ar-one'","unicode":"אַחֲרוֹן","translit":"ʼachărôwn","definition":"or (shortened) אַחֲרֹן; from {{h309}}; hinder; generally, late or last; specifically (as facing the east) western; after (-ward), to come, following, hind(-er, -ermost, -most), last, latter, rereward, ut(ter) most.","strongs_number":"h314"},"h315":{"pronunciation":"akh-rakh'","unicode":"אַחְרַח","translit":"ʼAchrach","definition":"from {{h310}} and {{h251}}; after (his) brother; Achrach, an Israelite; Aharah.","strongs_number":"h315"},"h316":{"pronunciation":"akh-ar-kale'","unicode":"אֲחַרְחֵל","translit":"ʼĂcharchêl","definition":"from {{h310}} and {{h2426}}; behind (the) intrenchment (i.e. safe); Acharchel, an Israelite; Aharhel,","strongs_number":"h316"},"h317":{"pronunciation":"okh-or-ee'","unicode":"אׇחֳרִי","translit":"ʼochŏrîy","definition":"(Aramaic) from {{h311}}; other; (an-) other.","strongs_number":"h317"},"h318":{"pronunciation":"okh-or-ane'","unicode":"אׇחֳרֵין","translit":"ʼochŏrêyn","definition":"(Aramaic) or (shortened) אׇחֳרֵן; (Aramaic) from {{h317}}; last; at last.","strongs_number":"h318"},"h319":{"pronunciation":"akh-ar-eeth'","unicode":"אַחֲרִית","translit":"ʼachărîyth","definition":"from {{h310}}; the last or end, hence, the future; also posterity; (last, latter) end (time), hinder (utter) -most, length, posterity, remnant, residue, reward.","strongs_number":"h319"},"h320":{"pronunciation":"akh-ar-eeth'","unicode":"אַחֲרִית","translit":"ʼachărîyth","definition":"(Aramaic) from {{h311}}; the same as {{h319}}; later; latter.","strongs_number":"h320"},"h321":{"pronunciation":"okh-or-awn'","unicode":"אׇחֳרָן","translit":"ʼochŏrân","definition":"(Aramaic) from {{h311}}; the same as {{h317}}; other; (an-) other.","strongs_number":"h321"},"h322":{"pronunciation":"akh-o-ran-neeth'","unicode":"אֲחֹרַנִּית","translit":"ʼăchôrannîyth","definition":"prolonged from {{h268}}; backwards; back (-ward, again).","strongs_number":"h322"},"h323":{"pronunciation":"akh-ash-dar-pan'","unicode":"אֲחַשְׁדַּרְפַּן","translit":"ʼăchashdarpan","definition":"of Persian derivation; a satrap or governor of a main province (of Persia); lieutenant.","strongs_number":"h323"},"h324":{"pronunciation":"akh-ash-dar-pan'","unicode":"אֲחַשְׁדַּרְפַּן","translit":"ʼăchashdarpan","definition":"(Aramaic) corresponding to {{h323}}; prince.","strongs_number":"h324"},"h325":{"pronunciation":"akh-ash-vay-rosh'","unicode":"אֲחַשְׁוֵרוֹשׁ","translit":"ʼĂchashvêrôwsh","definition":"or (shortened) אַחַשְׁרֹשׁ (Esther 10:1); of Persian origin; Achashverosh (i.e. Ahasuerus or Artaxerxes, but in this case Xerxes), the title (rather than name) of a Persian king; Ahasuerus.","strongs_number":"h325"},"h326":{"pronunciation":"akh-ash-taw-ree'","unicode":"אֲחַשְׁתָּרִי","translit":"ʼăchashtârîy","definition":"probably of Persian derivation; an achastarite (i.e. courier); the designation (rather than name) of an Israelite; Haakashtari (includ. the article).","strongs_number":"h326"},"h327":{"pronunciation":"akh-ash-taw-rawn'","unicode":"אֲחַשְׁתָּרָן","translit":"ʼăchashtârân","definition":"of Persian origin; a mule; camel.","strongs_number":"h327"},"h328":{"pronunciation":"at","unicode":"אַט","translit":"ʼaṭ","definition":"from an unused root perhaps meaning to move softly; (as a noun) a necromancer (from their soft incantations), (as an adverb) gently; charmer, gently, secret, softly.","strongs_number":"h328"},"h329":{"pronunciation":"aw-tawd'","unicode":"אָטָד","translit":"ʼâṭâd","definition":"from an unused root probably meaning to pierce or make fast; a thorn-tree (especially the buckthorn); Atad, bramble, thorn.","strongs_number":"h329"},"h330":{"pronunciation":"ay-toon'","unicode":"אֵטוּן","translit":"ʼêṭûwn","definition":"from an unused root (probably meaning to bind); properly, twisted (yarn), i.e. tapestry; fine linen.","strongs_number":"h330"},"h331":{"pronunciation":"aw-tam'","unicode":"אָטַם","translit":"ʼâṭam","definition":"a primitive root; to close (the lips or ears); by analology to contract (a window by bevelled jambs); narrow, shut, stop.","strongs_number":"h331"},"h332":{"pronunciation":"aw-tar'","unicode":"אָטַר","translit":"ʼâṭar","definition":"a primitive root; to close up; shut.","strongs_number":"h332"},"h333":{"pronunciation":"aw-tare'","unicode":"אָטֵר","translit":"ʼÂṭêr","definition":"from {{h332}}; maimed; Ater, the name of three Israelites; Ater.","strongs_number":"h333"},"h334":{"pronunciation":"it-tare'","unicode":"אִטֵּר","translit":"ʼiṭṭêr","definition":"from {{h332}}; shut up, i.e. impeded (as to the use of the right hand); left-handed.","strongs_number":"h334"},"h335":{"pronunciation":"ah'ee","unicode":"אַי","translit":"ʼay","definition":"perhaps from {{h370}}; where? hence how?; how, what, whence, where, whether, which (way).","strongs_number":"h335"},"h336":{"pronunciation":"ee","unicode":"אִי","translit":"ʼîy","definition":"probably identical with {{h335}} (through the idea of a query); not; island (Job 22:30).","strongs_number":"h336"},"h337":{"pronunciation":"ee","unicode":"אִי","translit":"ʼîy","definition":"short from {{h188}}; alas!; woe.","strongs_number":"h337"},"h338":{"pronunciation":"ee","unicode":"אִי","translit":"ʼîy","definition":"probably identical with {{h337}} (through the idea of a doleful sound); a howler (used only in the plural), i.e. any solitary wild creature; wild beast of the islands.","strongs_number":"h338"},"h339":{"pronunciation":"ee","unicode":"אִי","translit":"ʼîy","definition":"from {{h183}}; properly, a habitable spot (as desirable); dry land, a coast, an island; country, isle, island.","strongs_number":"h339"},"h340":{"pronunciation":"aw-yab'","unicode":"אָיַב","translit":"ʼâyab","definition":"a primitive root; to hate (as one of an opposite tribe or party); hence to be hostile; be an enemy.","strongs_number":"h340"},"h341":{"pronunciation":"o-yabe'","unicode":"אֹיֵב","translit":"ʼôyêb","definition":"or (fully) אוֹיֵב; active participle of {{h340}}; hating; an adversary; enemy, foe.","strongs_number":"h341"},"h342":{"pronunciation":"ay-baw'","unicode":"אֵיבָה","translit":"ʼêybâh","definition":"from {{h340}}; hostility; emnity, hatred.","strongs_number":"h342"},"h343":{"pronunciation":"ade","unicode":"אֵיד","translit":"ʼêyd","definition":"from the same as {{h181}} (in the sense of bending down); oppression; by implication misfortune, ruin; calamity, destruction.","strongs_number":"h343"},"h344":{"pronunciation":"ah-yaw'","unicode":"אַיָּה","translit":"ʼayâh","definition":"perhaps from {{h337}}; the screamer, i.e. a hawk; kite, vulture.","strongs_number":"h344"},"h345":{"pronunciation":"ah-yaw'","unicode":"אַיָּה","translit":"ʼAyâh","definition":"the same as {{h344}}; Ajah, the name of two Israelites; Aiah, Ajah.","strongs_number":"h345"},"h346":{"pronunciation":"ah-yay'","unicode":"אַיֵּה","translit":"ʼayêh","definition":"prolonged from {{h335}}; where?; where.","strongs_number":"h346"},"h347":{"pronunciation":"ee-yobe'","unicode":"אִיּוֹב","translit":"ʼÎyôwb","definition":"from {{h340}}; hated (i.e. persecuted); Ijob, the patriarch famous for his patience; Job.","strongs_number":"h347"},"h348":{"pronunciation":"ee-zeh'-bel","unicode":"אִיזֶבֶל","translit":"ʼÎyzebel","definition":"from {{h336}} and {{h2083}}; Izebel, the wife of king Ahab; Jezebel.","strongs_number":"h348"},"h349":{"pronunciation":"ake","unicode":"אֵיךְ","translit":"ʼêyk","definition":"also אֵיכָה ; and אֵיכָכָה ; prolonged from {{h335}}; how? or how!; also where; how, what.","strongs_number":"h349"},"h350":{"pronunciation":"ee-kaw-bode'","unicode":"אִי־כָבוֹד","translit":"ʼÎy-kâbôwd","definition":"from {{h336}} and {{h3519}}; (there is) no glory, i.e. inglorious; Ikabod, a son of Phineas; I-chabod.","strongs_number":"h350"},"h351":{"pronunciation":"ay-ko","unicode":"אֵיכֹה","translit":"ʼêykôh","definition":"probably a variation for {{h349}}, but not as an interogative; where; where.","strongs_number":"h351"},"h352":{"pronunciation":"ah'-yil","unicode":"אַיִל","translit":"ʼayil","definition":"from the same as {{h193}}; properly, strength; hence, anything strong; specifically a chief (politically); also a ram (from his strength); a pilaster (as a strong support); an oak or other strong tree; mighty (man), lintel, oak, post, ram, tree.","strongs_number":"h352"},"h353":{"pronunciation":"eh-yawl'","unicode":"אֱיָל","translit":"ʼĕyâl","definition":"a variation of {{h352}}; strength; strength.","strongs_number":"h353"},"h354":{"pronunciation":"ah-yawl'","unicode":"אַיָּל","translit":"ʼayâl","definition":"an intensive form of {{h352}} (in the sense of ram); a stag or male deer; hart.","strongs_number":"h354"},"h355":{"pronunciation":"ah-yaw-law'","unicode":"אַיָּלָה","translit":"ʼayâlâh","definition":"feminine of {{h354}}; a doe or female deer; hind.","strongs_number":"h355"},"h356":{"pronunciation":"ay-lone'","unicode":"אֵילוֹן","translit":"ʼÊylôwn","definition":"or (shortened) אֵלוֹן ; or אֵילֹן ; from {{h352}}; oak-grove; Elon, the name of a place in Palestine, and also of one Hittite, two Israelites; Elon.","strongs_number":"h356"},"h357":{"pronunciation":"ah-yaw-lone'","unicode":"אַיָּלוֹן","translit":"ʼAyâlôwn","definition":"from {{h354}}; deer-field; Ajalon, the name of five places in Palestine; Aijalon, Ajalon.","strongs_number":"h357"},"h358":{"pronunciation":"ay-lone' bayth-chawnawn'","unicode":"אֵילוֹן בֵּית חָנָן","translit":"ʼÊylôwn Bêyth Chânân","definition":"from {{h356}}, {{h1004}}, and {{h2603}}; oak-grove of (the) house of favor; Elon of Beth-chanan, a place in Palestine; Elon-bethhanan.","strongs_number":"h358"},"h359":{"pronunciation":"ay-loth'","unicode":"אֵילוֹת","translit":"ʼÊylôwth","definition":"or אֵילַת ; from {{h352}}; trees or a grove (i.e. palms); Eloth or Elath, a place on the Red Sea; Elath, Eloth.","strongs_number":"h359"},"h360":{"pronunciation":"eh-yaw-looth'","unicode":"אֱיָלוּת","translit":"ʼĕyâlûwth","definition":"feminine of {{h353}}; power; by implication, protection; strength.","strongs_number":"h360"},"h361":{"pronunciation":"ay-lawm'","unicode":"אֵילָם","translit":"ʼêylâm","definition":"or (shortened) אֵלָם ; or (feminine) אֵלַמָּה ; probably from {{h352}}; a pillar-space (or colonnade), i.e. a pale (or portico); arch.","strongs_number":"h361"},"h362":{"pronunciation":"ay-leem'","unicode":"אֵילִם","translit":"ʼÊylim","definition":"plural of {{h352}}; palm-trees; Elim, a place in the Desert; Elim.","strongs_number":"h362"},"h363":{"pronunciation":"ee-lawn'","unicode":"אִילָן","translit":"ʼîylân","definition":"(Aramaic) corresponding to {{h356}}; a tree; tree.","strongs_number":"h363"},"h364":{"pronunciation":"ale paw-rawn'","unicode":"אֵיל פָּארָן","translit":"ʼÊyl Pâʼrân","definition":"from {{h352}} and {{h6290}}; oak of Paran; El-Paran, a portion of the district of Paran; El-paran.","strongs_number":"h364"},"h365":{"pronunciation":"ah-yeh'-leth","unicode":"אַיֶּלֶת","translit":"ʼayeleth","definition":"the same as {{h355}}; a doe; hind, Aijeleth.","strongs_number":"h365"},"h366":{"pronunciation":"aw-yome'","unicode":"אָיֹם","translit":"ʼâyôm","definition":"from an unused root (meaning to frighten); frightful; terrible.","strongs_number":"h366"},"h367":{"pronunciation":"ay-maw'","unicode":"אֵימָה","translit":"ʼêymâh","definition":"or (shortened) אֵמָה; from the same as {{h366}}; fright; concrete, an idol (as a bugbear); dread, fear, horror, idol, terrible, terror.","strongs_number":"h367"},"h368":{"pronunciation":"ay-meem'","unicode":"אֵימִים","translit":"ʼÊymîym","definition":"plural of {{h367}}; terrors; Emim, an early Canaanitish (or Maobitish) tribe; Emims.","strongs_number":"h368"},"h369":{"pronunciation":"ah'-yin","unicode":"אַיִן","translit":"ʼayin","definition":"as if from a primitive root meaning to be nothing or not exist; a nonentity; generally used as a negative particle; else, except, fail, (father-) less, be gone, in(-curable), neither, never, no (where), none, nor, (any, thing), not, nothing, to nought, past, un(-searchable), well-nigh, without. Compare {{h370}}.","strongs_number":"h369"},"h370":{"pronunciation":"ah-yin'","unicode":"אַיִן","translit":"ʼayin","definition":"probably identical with {{h369}} in the sense of query (compare {{h336}}); where? (only in connection with prepositional prefix, whence); whence, where.","strongs_number":"h370"},"h371":{"pronunciation":"een","unicode":"אִין","translit":"ʼîyn","definition":"apparently a shortened form of {{h369}}; but (like {{h370}}) an interrogative; is it not?; not.","strongs_number":"h371"},"h372":{"pronunciation":"ee-eh'-zer","unicode":"אִיעֶזֵר","translit":"ʼÎyʻezêr","definition":"from {{h336}} and {{h5828}}; helpless; Iezer, an Israelite; Jeezer.","strongs_number":"h372"},"h373":{"pronunciation":"ee-ez-ree'","unicode":"אִיעֶזְרִי","translit":"ʼÎyʻezrîy","definition":"patronymic from {{h372}}; an Iezrite or descendant of Iezer; Jezerite.","strongs_number":"h373"},"h374":{"pronunciation":"ay-faw'","unicode":"אֵיפָה","translit":"ʼêyphâh","definition":"or (shortened) אֵפָה ; of Egyptian derivation; an ephah or measure for grain; hence, a measure in general; ephah, (divers) measure(-s).","strongs_number":"h374"},"h375":{"pronunciation":"ay-fo'","unicode":"אֵיפֹה","translit":"ʼêyphôh","definition":"from {{h335}} and {{h6311}}; what place?; also (of time) when?; or (of means) how?; what manner, where.","strongs_number":"h375"},"h376":{"pronunciation":"eesh","unicode":"אִישׁ","translit":"ʼîysh","definition":"contracted for {{h582}} (or perhaps rather from an unused root meaning to be extant); a man as an individual or a male person; often used as an adjunct to a more definite term (and in such cases frequently not expressed in translation); also, another, any (man), a certain,   champion, consent, each, every (one), fellow, (foot-, husband-) man, (good-, great, mighty) man, he, high (degree), him (that is), husband, man(-kind),   none, one, people, person,   steward, what (man) soever, whoso(-ever), worthy. Compare {{h802}}.","strongs_number":"h376"},"h377":{"pronunciation":"eesh","unicode":"אִישׁ","translit":"ʼîysh","definition":"denominative from {{h376}}; to be a man, i.e. act in a manly way; show (one) self a man.","strongs_number":"h377"},"h378":{"pronunciation":"eesh-bo'-sheth","unicode":"אִישׁ־בֹּשֶׁת","translit":"ʼÎysh-Bôsheth","definition":"from {{h376}} and {{h1322}}; man of shame; Ish-Bosheth, a son of King Saul; Ish-bosheth.","strongs_number":"h378"},"h379":{"pronunciation":"eesh-hode'","unicode":"אִישְׁהוֹד","translit":"ʼÎyshᵉhôwd","definition":"from {{h376}} and {{h1935}}; man of renown; Ishod, an Israelite; Ishod.","strongs_number":"h379"},"h380":{"pronunciation":"ee-shone'","unicode":"אִישׁוֹן","translit":"ʼîyshôwn","definition":"diminutive from {{h376}}; the little man of the eye; the pupil or ball; hence, the middle (of night); apple (of the eye), black, obscure.","strongs_number":"h380"},"h381":{"pronunciation":"eesh-khah'-yil","unicode":"אִישׁ־חַיִל","translit":"ʼÎysh-Chayil","definition":"from {{h376}} and {{h2428}}; man of might; by defective transcription (2 Samuel 23:20) אִישׁ־חַיxlit ʼÎsh-Chay corrected to ʼÎysh-Chay; as if from {{h376}} and {{h2416}}; living man; Ishchail (or Ish-chai), an Israelite; a valiant man.","strongs_number":"h381"},"h382":{"pronunciation":"eesh-tobe'","unicode":"אִישׁ־טוֹב","translit":"ʼÎysh-Ṭôwb","definition":"from {{h376}} and {{h2897}}; man of Tob; Ish-Tob, a place in Palestine; Ish-tob.","strongs_number":"h382"},"h383":{"pronunciation":"ee-thah'ee","unicode":"אִיתַי","translit":"ʼîythay","definition":"(Aramaic) corresponding to {{h3426}}; properly, entity; used only as a particle of affirmation, there is; art thou, can, do ye, have, it be, there is (are), × we will not.","strongs_number":"h383"},"h384":{"pronunciation":"eeth-ee-ale'","unicode":"אִיתִיאֵל","translit":"ʼÎythîyʼêl","definition":"perhaps from {{h837}} and {{h410}}; God has arrived; Ithiel, the name of an Israelite, also of a symbolical person; Ithiel.","strongs_number":"h384"},"h385":{"pronunciation":"eeth-aw-mawr'","unicode":"אִיתָמָר","translit":"ʼÎythâmâr","definition":"from {{h339}} and {{h8558}}; coast of the palm-tree; Ithamar, a son of Aaron; Ithamar.","strongs_number":"h385"},"h386":{"pronunciation":"ay-thawn'","unicode":"אֵיתָן","translit":"ʼêythân","definition":"or (shortened) אֵתָן ; from an unused root (meaning to continue); permanence; hence (concrete) permanent; specifically a chieftain; hard, mighty, rough, strength, strong.","strongs_number":"h386"},"h387":{"pronunciation":"ay-thawn'","unicode":"אֵיתָן","translit":"ʼÊythân","definition":"the same as {{h386}}; permanent; Ethan, the name of four Israelites; Ethan.","strongs_number":"h387"},"h388":{"pronunciation":"ay-thaw-neem'","unicode":"אֵיתָנִים","translit":"ʼÊythânîym","definition":"plural of {{h386}}; always with the article; the permanent brooks; Ethanim, the name of a month; Ethanim.","strongs_number":"h388"},"h389":{"pronunciation":"ak","unicode":"אַךְ","translit":"ʼak","definition":"akin to {{h403}}; a particle of affirmation, surely; hence (by limitation) only; also, in any wise, at least, but, certainly, even, howbeit, nevertheless, notwithstanding, only, save, surely, of a surety, truly, verily,   wherefore, yet (but).","strongs_number":"h389"},"h390":{"pronunciation":"ak-kad'","unicode":"אַכַּד","translit":"ʼAkkad","definition":"from an unused root probably meaning to strengthen; a fortress; Accad, a place in Babylon; Accad.","strongs_number":"h390"},"h391":{"pronunciation":"ak-zawb'","unicode":"אַכְזָב","translit":"ʼakzâb","definition":"from {{h3576}}; falsehood; by implication treachery; liar, lie.","strongs_number":"h391"},"h392":{"pronunciation":"ak-zeeb'","unicode":"אַכְזִיב","translit":"ʼAkzîyb","definition":"from {{h391}}; deceitful (in the sense of a winter-torrent which fails in summer); Akzib, the name of two places in Palestine; Achzib.","strongs_number":"h392"},"h393":{"pronunciation":"ak-zawr'","unicode":"אַכְזָר","translit":"ʼakzâr","definition":"from an unused root (apparently meaning to act harshly); violent; by implication deadly; also (in a good sense) brave; cruel, fierce.","strongs_number":"h393"},"h394":{"pronunciation":"ak-zawr-ree'","unicode":"אַכְזָרִי","translit":"ʼakzârîy","definition":"from {{h393}}; terrible; cruel (one).","strongs_number":"h394"},"h395":{"pronunciation":"ak-ze-ree-ooth'","unicode":"אַכְזְרִיּוּת","translit":"ʼakzᵉrîyûwth","definition":"from {{h394}}; fierceness; cruel.","strongs_number":"h395"},"h396":{"pronunciation":"ak-ee-law'","unicode":"אֲכִילָה","translit":"ʼăkîylâh","definition":"feminine from {{h398}}; something eatable, i.e. food; meat.","strongs_number":"h396"},"h397":{"pronunciation":"aw-keesh'","unicode":"אֲכִישׁ","translit":"ʼĂkîysh","definition":"of uncertain derivation; Akish, a Philistine king; Achish.","strongs_number":"h397"},"h398":{"pronunciation":"aw-kal'","unicode":"אָכַל","translit":"ʼâkal","definition":"a primitive root; to eat (literally or figuratively); × at all, burn up, consume, devour(-er, up), dine, eat(-er, up), feed (with), food, × freely, × in...wise(-deed, plenty), (lay) meat, × quite.","strongs_number":"h398"},"h399":{"pronunciation":"ak-al'","unicode":"אֲכַל","translit":"ʼăkal","definition":"(Aramaic) corresponding to {{h398}}; accuse, devour, eat.","strongs_number":"h399"},"h400":{"pronunciation":"o'-kel","unicode":"אֹכֶל","translit":"ʼôkel","definition":"from {{h398}}; food; eating, food, meal(-time), meat, prey, victuals.","strongs_number":"h400"}}