{"h3001":{"pronunciation":"yaw-bashe'","unicode":"יָבֵשׁ","translit":"yâbêsh","definition":"a primitive root; to be ashamed, confused or disappointed; also (as failing) to dry up (as water) or wither (as herbage); be ashamed, clean, be confounded, (make) dry (up), (do) shame(-fully), × utterly, wither (away).","strongs_number":"h3001"},"h3002":{"pronunciation":"yaw-bashe'","unicode":"יָבֵשׁ","translit":"yâbêsh","definition":"from {{h3001}}; dry; dried (away), dry.","strongs_number":"h3002"},"h3003":{"pronunciation":"yaw-bashe'","unicode":"יָבֵשׁ","translit":"Yâbêsh","definition":"the same as {{h3002}} (also יָבֵישׁ; often with the addition of {{h1568}}, i.e. Jabesh of Gilad); Jobesh, the name of an Israelite and of a place in Palestine; Jobesh (-Gilead).","strongs_number":"h3003"},"h3004":{"pronunciation":"yab-baw-shaw'","unicode":"יַבָּשָׁה","translit":"yabbâshâh","definition":"from {{h3001}}; dry ground; dry (ground, land).","strongs_number":"h3004"},"h3005":{"pronunciation":"yib-sawm'","unicode":"יִבְשָׂם","translit":"Yibsâm","definition":"from the same as {{h1314}}; fragrant; Jibsam, an Israelite; Jibsam.","strongs_number":"h3005"},"h3006":{"pronunciation":"yab-beh'-sheth","unicode":"יַבֶּשֶׁת","translit":"yabbesheth","definition":"a variation of {{h3004}}; dry ground; dry land.","strongs_number":"h3006"},"h3007":{"pronunciation":"yab-beh'-sheth","unicode":"יַבֶּשֶׁת","translit":"yabbesheth","definition":"(Aramaic) corresponding to {{h3006}}; dry land; earth.","strongs_number":"h3007"},"h3008":{"pronunciation":"yig-awl'","unicode":"יִגְאָל","translit":"Yigʼâl","definition":"from {{h1350}}; avenger; Jigal, the name of three Israelites; Igal, Igeal.","strongs_number":"h3008"},"h3009":{"pronunciation":"yaw-gab'","unicode":"יָגַב","translit":"yâgab","definition":"a primitive root; to dig or plow; husbandman.","strongs_number":"h3009"},"h3010":{"pronunciation":"yaw-gabe'","unicode":"יָגֵב","translit":"yâgêb","definition":"from {{h3009}}; a plowed field; field.","strongs_number":"h3010"},"h3011":{"pronunciation":"yog-beh-haw'","unicode":"יׇגְבְּהָה","translit":"Yogbᵉhâh","definition":"feminine from {{h1361}}; hillock; Jogbehah, a place East of the Jordan; Jogbehah.","strongs_number":"h3011"},"h3012":{"pronunciation":"yig-dal-yaw'-hoo","unicode":"יִגְדַּלְיָהוּ","translit":"Yigdalyâhûw","definition":"from {{h1431}} and {{h3050}}; magnified of Jah; Jigdaljah, an Israelite; Igdaliah.","strongs_number":"h3012"},"h3013":{"pronunciation":"yaw-gaw'","unicode":"יָגָה","translit":"yâgâh","definition":"a primitive root; to grieve; afflict, cause grief, grieve, sorrowful, vex.","strongs_number":"h3013"},"h3014":{"pronunciation":"yaw-gaw'","unicode":"יָגָה","translit":"yâgâh","definition":"a primitive root (probably rather the same as {{h3013}} through the common idea of dissatisfaction); to push away; be removed.","strongs_number":"h3014"},"h3015":{"pronunciation":"yaw-gohn'","unicode":"יָגוֹן","translit":"yâgôwn","definition":"from {{h3013}}; affliction; grief, sorrow.","strongs_number":"h3015"},"h3016":{"pronunciation":"yaw-gore'","unicode":"יָגוֹר","translit":"yâgôwr","definition":"from {{h3025}}; fearful; afraid, fearest.","strongs_number":"h3016"},"h3017":{"pronunciation":"yaw-goor'","unicode":"יָגוּר","translit":"Yâgûwr","definition":"probably from {{h1481}}; a lodging; Jagur, a place in Palestine; Jagur.","strongs_number":"h3017"},"h3018":{"pronunciation":"yeg-ee'-ah","unicode":"יְגִיעַ","translit":"yᵉgîyaʻ","definition":"from {{h3021}}; toil; hence, a work, produce, property (as the result of labor); labour, work.","strongs_number":"h3018"},"h3019":{"pronunciation":"yaw-ghee'-ah","unicode":"יָגִיעַ","translit":"yâgîyaʻ","definition":"from {{h3021}}; tired; weary.","strongs_number":"h3019"},"h3020":{"pronunciation":"yog-lee'","unicode":"יׇגְלִי","translit":"Yoglîy","definition":"from {{h1540}}; exiled; Jogli, an Israelite; Jogli.","strongs_number":"h3020"},"h3021":{"pronunciation":"yaw-gah'","unicode":"יָגַע","translit":"yâgaʻ","definition":"a primitive root; properly, to gasp; hence, to be exhausted, to tire, to toil; faint, (make to) labour, (be) weary.","strongs_number":"h3021"},"h3022":{"pronunciation":"yaw-gaw'","unicode":"יָגָע","translit":"yâgâʻ","definition":"from {{h3021}}; earnings (as the product of toil); that which he laboured for.","strongs_number":"h3022"},"h3023":{"pronunciation":"yaw-gay'-ah","unicode":"יָגֵעַ","translit":"yâgêaʻ","definition":"from {{h3021}}; tired; hence (transitive) tiresome; full of labour, weary.","strongs_number":"h3023"},"h3024":{"pronunciation":"yeg-ee-aw'","unicode":"יְגִעָה","translit":"yᵉgiʻâh","definition":"feminine of {{h3019}}; fatigue; weariness.","strongs_number":"h3024"},"h3025":{"pronunciation":"yaw-gore'","unicode":"יָגֹר","translit":"yâgôr","definition":"a primitive root; to fear; be afraid, fear.","strongs_number":"h3025"},"h3026":{"pronunciation":"yegar' sah-had-oo-thaw'","unicode":"יְגַר שַׂהֲדוּתָא","translit":"Yᵉgar Sahădûwthâʼ","definition":"(Aramaic) from a word derived from an unused root (meaning to gather) and a derivation of a root corresponding to {{h7717}}; heap of the testimony; Jegar-Sahadutha, a cairn East of the Jordan; Jegar-Sahadutha.","strongs_number":"h3026"},"h3027":{"pronunciation":"yawd","unicode":"יָד","translit":"yâd","definition":"a primitive word; a hand (the open one [indicating power, means, direction, etc.], in distinction from {{h3709}}, the closed one); used (as noun, adverb, etc.) in a great variety of applications, both literally and figuratively, both proximate and remote [as follows]; (  be) able, × about,   armholes, at, axletree, because of, beside, border, × bounty,   broad, (broken-) handed, × by, charge, coast,   consecrate,   creditor, custody, debt, dominion, × enough,   fellowship, force, × from, hand(-staves, -y work), × he, himself, × in, labour,   large, ledge, (left-) handed, means, × mine, ministry, near, × of, × order, ordinance, × our, parts, pain, power, × presumptuously, service, side, sore, state, stay, draw with strength, stroke,   swear, terror, × thee, × by them, × themselves, × thine own, × thou, through, × throwing,   thumb, times, × to, × under, × us, × wait on, (way-) side, where,   wide, × with (him, me, you), work,   yield, × yourselves.","strongs_number":"h3027"},"h3028":{"pronunciation":"yad","unicode":"יַד","translit":"yad","definition":"(Aramaic) corresponding to {{h3027}}; hand, power.","strongs_number":"h3028"},"h3029":{"pronunciation":"yed-aw'","unicode":"יְדָא","translit":"yᵉdâʼ","definition":"(Aramaic) corresponding to {{h3034}}; to praise; (give) thank(-s).","strongs_number":"h3029"},"h3030":{"pronunciation":"yid-al-aw'","unicode":"יִדְאֲלָה","translit":"Yidʼălâh","definition":"of uncertain derivation; Jidalah, a place in Palestine; Idalah.","strongs_number":"h3030"},"h3031":{"pronunciation":"yid-bawsh'","unicode":"יִדְבָּשׁ","translit":"Yidbâsh","definition":"from the same as {{h1706}}; perhaps honeyed; Jidbash, an Israelite; Idbash.","strongs_number":"h3031"},"h3032":{"pronunciation":"yaw-dad'","unicode":"יָדַד","translit":"yâdad","definition":"a primitive root; (compare {{h3034}}); properly, to handle, i.e. to throw, e.g. lots; cast.","strongs_number":"h3032"},"h3033":{"pronunciation":"yed-ee-dooth'","unicode":"יְדִדוּת","translit":"yᵉdidûwth","definition":"from {{h3039}}; properly, affection; concretely, a darling object; dearly beloved.","strongs_number":"h3033"},"h3034":{"pronunciation":"yaw-daw'","unicode":"יָדָה","translit":"yâdâh","definition":"a primitive root; used only as denominative from {{h3027}}; literally, to use (i.e. hold out) the hand; physically, to throw (a stone, an arrow) at or away; especially to revere or worship (with extended hands); intensively, to bemoan (by wringing the hands); cast (out), (make) confess(-ion), praise, shoot, (give) thank(-ful, -s, -sgiving).","strongs_number":"h3034"},"h3035":{"pronunciation":"yid-do'","unicode":"יִדּוֹ","translit":"Yiddôw","definition":"from {{h3034}}; praised; Jiddo, an Israelite; Iddo.","strongs_number":"h3035"},"h3036":{"pronunciation":"yaw-done'","unicode":"יָדוֹן","translit":"Yâdôwn","definition":"from {{h3034}}; thankful; Jadon, an Israelite; Jadon.","strongs_number":"h3036"},"h3037":{"pronunciation":"yad-doo'-ah","unicode":"יַדּוּעַ","translit":"Yaddûwaʻ","definition":"from {{h3045}}; knowing; Jaddua, the name of two Israelites; Jaddua.","strongs_number":"h3037"},"h3038":{"pronunciation":"yed-oo-thoon'","unicode":"יְדוּתוּן","translit":"Yᵉdûwthûwn","definition":"or יְדֻתוּן; or יְדִיתוּן; probably from {{h3034}}; laudatory; Jeduthun, an Israelite; Jeduthun.","strongs_number":"h3038"},"h3039":{"pronunciation":"yed-eed'","unicode":"יְדִיד","translit":"yᵉdîyd","definition":"from the same as {{h1730}}; loved; amiable, (well-) beloved, loves.","strongs_number":"h3039"},"h3040":{"pronunciation":"yed-ee-daw'","unicode":"יְדִידָה","translit":"Yᵉdîydâh","definition":"feminine of {{h3039}}; beloved; Jedidah, an Israelitess; Jedidah.","strongs_number":"h3040"},"h3041":{"pronunciation":"yed-ee-deh-yaw'","unicode":"יְדִידְיָה","translit":"Yᵉdîydᵉyâh","definition":"from {{h3039}} and {{h3050}}; beloved of Jah; Jedidejah, a name of Solomon; Jedidiah.","strongs_number":"h3041"},"h3042":{"pronunciation":"yed-aw-yaw'","unicode":"יְדָיָה","translit":"Yᵉdâyâh","definition":"from {{h3034}} and {{h3050}}; praised of Jah; Jedajah, the name of two Israelites; Jedaiah.","strongs_number":"h3042"},"h3043":{"pronunciation":"yed-ee-ah-ale'","unicode":"יְדִיעֲאֵל","translit":"Yᵉdîyʻăʼêl","definition":"from {{h3045}} and {{h410}}; knowing God; Jediael, the name of three Israelites; Jediael.","strongs_number":"h3043"},"h3044":{"pronunciation":"yid-lawf'","unicode":"יִדְלָף","translit":"Yidlâph","definition":"from {{h1811}}; tearful; Jidlaph, a Mesopotamian; Jidlaph.","strongs_number":"h3044"},"h3045":{"pronunciation":"yaw-dah'","unicode":"יָדַע","translit":"yâdaʻ","definition":"a primitive root; to know (properly, to ascertain by seeing); used in a great variety of senses, figuratively, literally, euphemistically and inferentially (including observation, care, recognition; and causatively, instruction, designation, punishment, etc.); acknowledge, acquaintance(-ted with), advise, answer, appoint, assuredly, be aware, (un-) awares, can(-not), certainly, comprehend, consider, × could they, cunning, declare, be diligent, (can, cause to) discern, discover, endued with, familiar friend, famous, feel, can have, be (ig-) norant, instruct, kinsfolk, kinsman, (cause to let, make) know, (come to give, have, take) knowledge, have (knowledge), (be, make, make to be, make self) known,   be learned,   lie by man, mark, perceive, privy to, × prognosticator, regard, have respect, skilful, shew, can (man of) skill, be sure, of a surety, teach, (can) tell, understand, have (understanding), × will be, wist, wit, wot.","strongs_number":"h3045"},"h3046":{"pronunciation":"yed-ah'","unicode":"יְדַע","translit":"yᵉdaʻ","definition":"(Aramaic) corresponding to {{h3045}}; certify, know, make known, teach.","strongs_number":"h3046"},"h3047":{"pronunciation":"yaw-daw'","unicode":"יָדָע","translit":"Yâdâʻ","definition":"from {{h3045}}; knowing; Jada, an Israelite; Jada.","strongs_number":"h3047"},"h3048":{"pronunciation":"yed-ah-yaw'","unicode":"יְדַעְיָה","translit":"Yᵉdaʻyâh","definition":"from {{h3045}} and {{h3050}}; Jah has known; Jedajah, the name of two Israelites; Jedaiah.","strongs_number":"h3048"},"h3049":{"pronunciation":"yid-deh-o-nee'","unicode":"יִדְּעֹנִי","translit":"yiddᵉʻônîy","definition":"from {{h3045}}; properly, a knowing one; specifically, a conjurer; (by impl) a ghost; wizard.","strongs_number":"h3049"},"h3050":{"pronunciation":"yaw","unicode":"יָהּ","translit":"Yâhh","definition":"contraction for {{h3068}}, and meaning the same; Jah, the sacred name; Jah, the Lord, most vehement. Compare names in '-iah,' '-jah.'","strongs_number":"h3050"},"h3051":{"pronunciation":"yaw-hab'","unicode":"יָהַב","translit":"yâhab","definition":"a primitive root; to give (whether literal or figurative); generally, to put; imperatively (reflexive) come; ascribe, bring, come on, give, go, set, take.","strongs_number":"h3051"},"h3052":{"pronunciation":"yeh-hab'","unicode":"יְהַב","translit":"yᵉhab","definition":"(Aramaic) corresponding to {{h3051}}; deliver, give, lay,   prolong, pay, yield.","strongs_number":"h3052"},"h3053":{"pronunciation":"ye-hawb'","unicode":"יְהָב","translit":"yᵉhâb","definition":"from {{h3051}}; properly, what is given (by Providence), i.e. a lot; burden.","strongs_number":"h3053"},"h3054":{"pronunciation":"yaw-had'","unicode":"יָהַד","translit":"yâhad","definition":"denominative from a form corresponding to {{h3061}}; to Judaize, i.e. become Jewish; become Jews.","strongs_number":"h3054"},"h3055":{"pronunciation":"yeh-hood'","unicode":"יְהֻד","translit":"Yᵉhud","definition":"a briefer form of one corresponding to {{h3061}}; Jehud, a place in Palestine; Jehud.","strongs_number":"h3055"},"h3056":{"pronunciation":"yeh-dah'-ee","unicode":"יֶהְדַי","translit":"Yehday","definition":"perhaps from a form corresponding to {{h3061}}; Judaistic; Jehdai, an Israelite; Jehdai.","strongs_number":"h3056"},"h3057":{"pronunciation":"yeh-hoo-dee-yaw'","unicode":"יְהֻדִיָּה","translit":"Yᵉhudîyâh","definition":"feminine of {{h3064}}; Jehudijah, a Jewess; Jehudijah.","strongs_number":"h3057"},"h3058":{"pronunciation":"yay-hoo'","unicode":"יֵהוּא","translit":"Yêhûwʼ","definition":"from {{h3068}} and {{h1931}}; Jehovah (is) He; Jehu, the name of five Israelites; Jehu.","strongs_number":"h3058"},"h3059":{"pronunciation":"yeh-ho-aw-khawz'","unicode":"יְהוֹאָחָז","translit":"Yᵉhôwʼâchâz","definition":"from {{h3068}} and {{h270}}; Jehovah-seized; Jehoachaz, the name of three Israelites; Jehoahaz. Compare {{h3099}}.","strongs_number":"h3059"},"h3060":{"pronunciation":"yeh-ho-awsh'","unicode":"יְהוֹאָשׁ","translit":"Yᵉhôwʼâsh","definition":"from {{h3068}} and (perhaps) {{h784}}; Jehovah-fired; Jehoash, the name of two Israelite kings; Jehoash. Compare {{h3101}}.","strongs_number":"h3060"},"h3061":{"pronunciation":"yeh-hood'","unicode":"יְהוּד","translit":"Yᵉhûwd","definition":"(Aramaic) contracted from a form corresponding to {{h3063}}; properly, Judah, hence, Judaea; Jewry, Judah, Judea.","strongs_number":"h3061"},"h3062":{"pronunciation":"yeh-hoo-daw-ee'","unicode":"יְהוּדָאִי","translit":"Yᵉhûwdâʼîy","definition":"(Aramaic) patrial from {{h3061}}; a Jehudaite (or Judaite), i.e. Jew; Jew.","strongs_number":"h3062"},"h3063":{"pronunciation":"yeh-hoo-daw'","unicode":"יְהוּדָה","translit":"Yᵉhûwdâh","definition":"from {{h3034}}; celebrated; Jehudah (or Judah), the name of five Israelites; also of the tribe descended from the first, and of its territory; Judah.","strongs_number":"h3063"},"h3064":{"pronunciation":"yeh-hoo-dee'","unicode":"יְהוּדִי","translit":"Yᵉhûwdîy","definition":"patronymically from {{h3063}}; a Jehudite (i.e. Judaite or Jew), or descendant of Jehudah (i.e. Judah); Jew.","strongs_number":"h3064"},"h3065":{"pronunciation":"yeh-hoo-dee'","unicode":"יְהוּדִי","translit":"Yᵉhûwdîy","definition":"the same as {{h3064}}; Jehudi, an Israelite; Jehudi.","strongs_number":"h3065"},"h3066":{"pronunciation":"yeh-hoo-deeth'","unicode":"יְהוּדִית","translit":"Yᵉhûwdîyth","definition":"feminine of {{h3064}}; the Jewish (used adverbially) language; in the Jews' language.","strongs_number":"h3066"},"h3067":{"pronunciation":"yeh-ho-deeth'","unicode":"יְהוּדִית","translit":"Yᵉhûwdîyth","definition":"the same as {{h3066}}; Jewess; Jehudith, a Canaanitess; Judith.","strongs_number":"h3067"},"h3068":{"pronunciation":"yeh-ho-vaw'","unicode":"יְהֹוָה","translit":"Yᵉhôvâh","definition":"from {{h1961}}; (the) self-Existent or Eternal; Jeho-vah, Jewish national name of God; Jehovah, the Lord. Compare {{h3050}}, {{h3069}}.","strongs_number":"h3068"},"h3069":{"pronunciation":"yeh-ho-vee'","unicode":"יְהֹוִה","translit":"Yᵉhôvih","definition":"a variation of {{h3068}} [used after {{h136}}, and pronounced by Jews as {{h430}}, in order to prevent the repetition of the same sound, since they elsewhere pronounce {{h3068}} as {{h136}}]; God.","strongs_number":"h3069"},"h3070":{"pronunciation":"yeh-ho-vaw' yir-eh'","unicode":"יְהֹוָה יִרְאֶה","translit":"Yᵉhôvâh yirʼeh","definition":"from {{h3068}} and {{h7200}}; Jehovah will see (to it); Jehovah-Jireh, a symbolical name for Mount Moriah; Jehovah-jireh.","strongs_number":"h3070"},"h3071":{"pronunciation":"yeh-ho-vaw' nis-see'","unicode":"יְהֹוָה נִסִּי","translit":"Yᵉhôvâh niççîy","definition":"from {{h3068}} and {{h5251}} with the prononimal suffix; Jehovah (is) my banner; Jehovah-Nissi, a symbolical name of an altar in the Desert; Jehovah-nissi.","strongs_number":"h3071"},"h3072":{"pronunciation":"ye-ho-vaw' tsid-kay'-noo","unicode":"יְהֹוָה צִדְקֵנוּ","translit":"Yᵉhôvâh tsidqênûw","definition":"from {{h3068}} and {{h6664}} with pronominal suffix; Jehovah (is) our right; Jehovah-Tsidkenu, a symbolical epithet of the Messiah and of Jerusalem; the Lord our righteousness.","strongs_number":"h3072"},"h3073":{"pronunciation":"yeh-ho-vaw' shaw-lome'","unicode":"יְהֹוָה שָׁלוֹם","translit":"Yᵉhôvâh shâlôwm","definition":"from {{h3068}} and {{h7965}}; Jehovah (is) peace; Jehovah-Shalom, a symbolical name of an altar in Palestine; Jehovah-shalom.","strongs_number":"h3073"},"h3074":{"pronunciation":"yeh-ho-vaw' shawm'-maw","unicode":"יְהֹוָה שָׁמָּה","translit":"Yᵉhôvâh shâmmâh","definition":"from {{h3068}} and {{h8033}} with directive enclitic; Jehovah (is) thither; Jehovah-Shammah, a symbolic title of Jerusalem; Jehovahshammah.","strongs_number":"h3074"},"h3075":{"pronunciation":"yeh-ho-zaw-bawd'","unicode":"יְהוֹזָבָד","translit":"Yᵉhôwzâbâd","definition":"from {{h3068}} and {{h2064}}; Jehovah-endowed; Jehozabad, the name of three Israelites; Jehozabad. Compare {{h3107}}.","strongs_number":"h3075"},"h3076":{"pronunciation":"yeh-ho-khaw-nawn'","unicode":"יְהוֹחָנָן","translit":"Yᵉhôwchânân","definition":"from {{h3068}} and {{h2603}}; Jehovah-favored; Jehochanan, the name of eight Israelites; Jehohanan, Johanan. Compare {{h3110}}.","strongs_number":"h3076"},"h3077":{"pronunciation":"yeh-ho-yaw-daw'","unicode":"יְהוֹיָדָע","translit":"Yᵉhôwyâdâʻ","definition":"from {{h3068}} and {{h3045}}; Jehovah-known; Jehojada, the name of three Israelites; Jehoiada. Compare {{h3111}}.","strongs_number":"h3077"},"h3078":{"pronunciation":"yeh-ho-yaw-keen'","unicode":"יְהוֹיָכִין","translit":"Yᵉhôwyâkîyn","definition":"from {{h3068}} and {{h3559}}; Jehovah will establish; Jehojakin, a Jewish king; Jehoiachin. Compare {{h3112}}.","strongs_number":"h3078"},"h3079":{"pronunciation":"yeh-ho-yaw-keem'","unicode":"יְהוֹיָקִים","translit":"Yᵉhôwyâqîym","definition":"from {{h3068}} abbreviated and {{h6965}}; Jehovah will raise; Jehojakim, a Jewish king; Jehoiakim. Compare {{h3113}}.","strongs_number":"h3079"},"h3080":{"pronunciation":"yeh-ho-yaw-reeb'","unicode":"יְהוֹיָרִיב","translit":"Yᵉhôwyârîyb","definition":"from {{h3068}} and {{h7378}}; Jehovah will contend; Jehojarib, the name of two Israelites; Jehoiarib. Compare {{h3114}}.","strongs_number":"h3080"},"h3081":{"pronunciation":"yeh-hoo-kal'","unicode":"יְהוּכַל","translit":"Yᵉhûwkal","definition":"from {{h3201}}; potent; Jehukal, an Israelite; Jehucal. Compare {{h3116}}.","strongs_number":"h3081"},"h3082":{"pronunciation":"yeh-ho-naw-dawb'","unicode":"יְהוֹנָדָב","translit":"Yᵉhôwnâdâb","definition":"from {{h3068}} and {{h5068}}; Jehovah-largessed; Jehonadab, the name of an Israelite and of an Arab; Jehonadab, Jonadab. Compare {{h3122}}.","strongs_number":"h3082"},"h3083":{"pronunciation":"yeh-ho-naw-thawn'","unicode":"יְהוֹנָתָן","translit":"Yᵉhôwnâthân","definition":"from {{h3068}} and {{h5414}}; Jehovah-given; Jehonathan, the name of four Israelites; Jonathan. Compare {{h3129}}.","strongs_number":"h3083"},"h3084":{"pronunciation":"yeh-ho-safe'","unicode":"יְהוֹסֵף","translit":"Yᵉhôwçêph","definition":"a fuller form of {{h3130}}; Jehoseph (i.e. Joseph), a son of Jacob; Joseph.","strongs_number":"h3084"},"h3085":{"pronunciation":"yeh-ho-ad-daw'","unicode":"יְהוֹעַדָּה","translit":"Yᵉhôwʻaddâh","definition":"from {{h3068}} and {{h5710}}; Jehovah-adorned; Jehoaddah, an Israelite; Jehoada.","strongs_number":"h3085"},"h3086":{"pronunciation":"yeh-ho-ad-deen'","unicode":"יְהוֹעַדִּין","translit":"Yᵉhôwʻaddîyn","definition":"or יְהוֹעַדָּן; from {{h3068}} and {{h5727}}; Jehovahpleased; Jehoaddin or Jehoaddan, an Israelitess; Jehoaddan.","strongs_number":"h3086"},"h3087":{"pronunciation":"yeh-ho-tsaw-dawk'","unicode":"יְהוֹצָדָק","translit":"Yᵉhôwtsâdâq","definition":"from {{h3068}} and {{h6663}}; Jehovah-righted; Jehotsadak, an Israelite; Jehozadek, Josedech. Compare {{h3136}}.","strongs_number":"h3087"},"h3088":{"pronunciation":"yeh-ho-rawm'","unicode":"יְהוֹרָם","translit":"Yᵉhôwrâm","definition":"from {{h3068}} and {{h7311}}; Jehovah-raised; Jehoram, the name of a Syrian and of three Israelites; Jehoram, Joram. Compare {{h3141}}.","strongs_number":"h3088"},"h3089":{"pronunciation":"yeh-ho-sheh'-bah","unicode":"יְהוֹשֶׁבַע","translit":"Yᵉhôwshebaʻ","definition":"from {{h3068}} and {{h7650}}; Jehovah-sworn; Jehosheba, an Israelitess; Jehosheba. Compare {{h3090}}.","strongs_number":"h3089"},"h3090":{"pronunciation":"yeh-ho-shab-ath'","unicode":"יְהוֹשַׁבְעַת","translit":"Yᵉhôwshabʻath","definition":"a form of {{h3089}}; Jehoshabath, an Israelitess; Jehoshabeath.","strongs_number":"h3090"},"h3091":{"pronunciation":"yeh-ho-shoo'-ah","unicode":"יְהוֹשׁוּעַ","translit":"Yᵉhôwshûwaʻ","definition":"or יְהוֹשֻׁעַ; from {{h3068}} and {{h3467}}; Jehovah-saved; Jehoshua (i.e. Joshua), the Jewish leader; Jehoshua, Jehoshuah, Joshua. Compare {{h1954}}, {{h3442}}.","strongs_number":"h3091"},"h3092":{"pronunciation":"yeh-ho-shaw-fawt'","unicode":"יְהוֹשָׁפָט","translit":"Yᵉhôwshâphâṭ","definition":"from {{h3068}} and {{h8199}}; Jehovah-judged; Jehoshaphat, the name of six Israelites; also of a valley near Jerusalem; Jehoshaphat. Compare {{h3146}}.","strongs_number":"h3092"},"h3093":{"pronunciation":"yaw-here'","unicode":"יָהִיר","translit":"yâhîyr","definition":"probably from the same as {{h2022}}; elated; hence, arrogant; haughty, proud.","strongs_number":"h3093"},"h3094":{"pronunciation":"yeh-hal-lel-ale'","unicode":"יְהַלֶּלְאֵל","translit":"Yᵉhallelʼêl","definition":"from {{h1984}} and {{h410}}; praising God; Jehallelel, the name of two Israelites; Jehalellel, Jehalelel.","strongs_number":"h3094"},"h3095":{"pronunciation":"yah-hal-ome'","unicode":"יַהֲלֹם","translit":"yahălôm","definition":"from {{h1986}} (in the sense of hardness); a precious stone, probably onyx; diamond.","strongs_number":"h3095"},"h3096":{"pronunciation":"yah'-hats","unicode":"יַהַץ","translit":"Yahats","definition":"or יַהְצָה; or (feminine) יַהְצָה; from an unused root meaning to stamp; perhaps threshing-floor; Jahats or Jahtsah, a place East of the Jordan; Jahaz, Jahazah, Jahzah.","strongs_number":"h3096"},"h3097":{"pronunciation":"yo-awb'","unicode":"יוֹאָב","translit":"Yôwʼâb","definition":"from {{h3068}} and {{h1}}; Jehovah-fathered; Joab, the name of three Israelites; Joab.","strongs_number":"h3097"},"h3098":{"pronunciation":"yo-awkh'","unicode":"יוֹאָח","translit":"Yôwʼâch","definition":"from {{h3068}} and {{h251}}; Jehovah-brothered; Joach, the name of four Israelites; Joah.","strongs_number":"h3098"},"h3099":{"pronunciation":"yo-aw-khawz'","unicode":"יוֹאָחָז","translit":"Yôwʼâchâz","definition":"a form of {{h3059}}; Joachaz, the name of two Israelites; Jehoahaz, Joahaz.","strongs_number":"h3099"},"h3100":{"pronunciation":"yo-ale'","unicode":"יוֹאֵל","translit":"Yôwʼêl","definition":"from {{h3068}} and {{h410}}; Jehovah (is his) God; Joel, the name of twelve Israelites; Joel.","strongs_number":"h3100"}}