{"h3101":{"pronunciation":"yo-awsh'","unicode":"יוֹאָשׁ","translit":"Yôwʼâsh","definition":"or יֹאָשׁ; (2 Chronicles 24:1), a form of {{h3060}}; Joash, the name of six Israelites; Joash.","strongs_number":"h3101"},"h3102":{"pronunciation":"yobe","unicode":"יוֹב","translit":"Yôwb","definition":"perhaps a form of {{h3103}}, but more probably by erroneous transcription for {{h3437}}; Job, an Israelite; Job.","strongs_number":"h3102"},"h3103":{"pronunciation":"yo-bawb'","unicode":"יוֹבָב","translit":"Yôwbâb","definition":"from {{h2980}}; howler; Jobab, the name of two Israelites and of three foreigners; Jobab.","strongs_number":"h3103"},"h3104":{"pronunciation":"yo-bale'","unicode":"יוֹבֵל","translit":"yôwbêl","definition":"or יֹבֵל; apparently from {{h2986}}; the blast of a horn (from its continuous sound); specifically, the signal of the silver trumpets; hence, the instrument itself and the festival thus introduced; jubile, ram's horn, trumpet.","strongs_number":"h3104"},"h3105":{"pronunciation":"yoo-bal'","unicode":"יוּבַל","translit":"yûwbal","definition":"from {{h2986}}; a stream; river.","strongs_number":"h3105"},"h3106":{"pronunciation":"yoo-bawl'","unicode":"יוּבַל","translit":"Yûwbal","definition":"from {{h2986}}; stream; Jubal, an antediluvian; Jubal.","strongs_number":"h3106"},"h3107":{"pronunciation":"yo-zaw-bawd'","unicode":"יוֹזָבָד","translit":"Yôwzâbâd","definition":"a form of {{h3075}}; Jozabad, the name of ten Israelites; Josabad, Jozabad.","strongs_number":"h3107"},"h3108":{"pronunciation":"yo-zaw-kawr'","unicode":"יוֹזָכָר","translit":"Yôwzâkâr","definition":"from {{h3068}} and {{h2142}}; Jehovah-remembered; Jozacar, an Israelite; Jozachar.","strongs_number":"h3108"},"h3109":{"pronunciation":"yo-khaw'","unicode":"יוֹחָא","translit":"Yôwchâʼ","definition":"probably from {{h3068}} and a variation of {{h2421}}; Jehovah-revived; Jocha, the name of two Israelites; Joha.","strongs_number":"h3109"},"h3110":{"pronunciation":"yo-khaw-nawn'","unicode":"יוֹחָנָן","translit":"Yôwchânân","definition":"a form of {{h3076}}; Jochanan, the name of nine Israelites; Johanan.","strongs_number":"h3110"},"h3111":{"pronunciation":"yo-yaw-daw'","unicode":"יוֹיָדָע","translit":"Yôwyâdâʻ","definition":"a form of {{h3077}}; Jojada, the name of two Israelites; Jehoiada, Joiada.","strongs_number":"h3111"},"h3112":{"pronunciation":"yo-yaw-keen'","unicode":"יוֹיָכִין","translit":"Yôwyâkîyn","definition":"a form of {{h3078}}; Jojakin, an Israelite king; Jehoiachin.","strongs_number":"h3112"},"h3113":{"pronunciation":"yo-yaw-keem'","unicode":"יוֹיָקִים","translit":"Yôwyâqîym","definition":"a form of {{h3079}}; Jojakim, an Israelite; Joiakim. Compare {{h3137}}.","strongs_number":"h3113"},"h3114":{"pronunciation":"yo-yaw-reeb'","unicode":"יוֹיָרִיב","translit":"Yôwyârîyb","definition":"a form of {{h3080}}; Jojarib, the name of four Israelites; Joiarib.","strongs_number":"h3114"},"h3115":{"pronunciation":"yo-keh'-bed","unicode":"יוֹכֶבֶד","translit":"Yôwkebed","definition":"from {{h3068}} contracted and {{h3513}}; Jehovah-gloried; Jokebed, the mother of Moses; Jochebed.","strongs_number":"h3115"},"h3116":{"pronunciation":"yoo-kal'","unicode":"יוּכַל","translit":"Yûwkal","definition":"a form of {{h3081}}; Jukal, an Israelite; Jucal.","strongs_number":"h3116"},"h3117":{"pronunciation":"yome","unicode":"יוֹם","translit":"yôwm","definition":"from an unused root meaning to be hot; a day (as the warm hours), whether literal (from sunrise to sunset, or from one sunset to the next), or figurative (a space of time defined by an associated term), (often used adverb); age,   always,   chronicals, continually(-ance), daily, ((birth-), each, to) day, (now a, two) days (agone),   elder, × end,   evening,   (for) ever(-lasting, -more), × full, life, as (so) long as (... live), (even) now,   old,   outlived,   perpetually, presently,   remaineth, × required, season, × since, space, then, (process of) time,   as at other times,   in trouble, weather, (as) when, (a, the, within a) while (that), × whole (  age), (full) year(-ly),   younger.","strongs_number":"h3117"},"h3118":{"pronunciation":"yome","unicode":"יוֹם","translit":"yôwm","definition":"(Aramaic) corresponding to {{h3117}}; a day; day (by day), time.","strongs_number":"h3118"},"h3119":{"pronunciation":"yo-mawm'","unicode":"יוֹמָם","translit":"yôwmâm","definition":"from {{h3117}}; daily; daily, (by, in the) day(-time).","strongs_number":"h3119"},"h3120":{"pronunciation":"yaw-vawn'","unicode":"יָוָן","translit":"Yâvân","definition":"probably from the same as {{h3196}}; effervescing (i.e. hot and active); Javan, the name of a son of Joktan, and of the race (Ionians, i.e. Greeks) descended from him, with their territory; also of a place in Arabia; Javan.","strongs_number":"h3120"},"h3121":{"pronunciation":"yaw-ven'","unicode":"יָוֵן","translit":"yâvên","definition":"from the same as {{h3196}}; properly, dregs (as effervescing); hence, mud; mire, miry.","strongs_number":"h3121"},"h3122":{"pronunciation":"yo-naw-dawb'","unicode":"יוֹנָדָב","translit":"Yôwnâdâb","definition":"a form of {{h3082}}; Jonadab, the name of an Israelite and of a Rechabite; Jonadab.","strongs_number":"h3122"},"h3123":{"pronunciation":"yo-naw'","unicode":"יוֹנָה","translit":"yôwnâh","definition":"probably from the same as {{h3196}}; a dove (apparently from the warmth of their mating); dove, pigeon.","strongs_number":"h3123"},"h3124":{"pronunciation":"yo-naw'","unicode":"יוֹנָה","translit":"Yôwnâh","definition":"the same as {{h3123}}; Jonah, an Israelite; Jonah.","strongs_number":"h3124"},"h3125":{"pronunciation":"yev-aw-nee'","unicode":"יְוָנִי","translit":"Yᵉvânîy","definition":"patronymically from {{h3121}}; a Jevanite, or descendant of Javan; Grecian.","strongs_number":"h3125"},"h3126":{"pronunciation":"yo-nake'","unicode":"יוֹנֵק","translit":"yôwnêq","definition":"active participle of {{h3243}}; a sucker; hence, a twig (of a tree felled and sprouting); tender plant.","strongs_number":"h3126"},"h3127":{"pronunciation":"yo-neh'-keth","unicode":"יוֹנֶקֶת","translit":"yôwneqeth","definition":"feminine of {{h3126}}; a sprout; (tender) branch, young twig.","strongs_number":"h3127"},"h3128":{"pronunciation":"yo-nath' ay'-lem rekh-o-keem'","unicode":"יוֹנַת אֵלֶם רְחֹקִים","translit":"yôwnath ʼêlem rᵉchôqîym","definition":"from {{h3123}} and {{h482}} and the plural of {{h7350}}; dove of (the) silence (i.e. dumb Israel) of (i.e. among) distances (i.e. strangers); the title of a ditty (used for a name of its melody); Jonath-elem-rechokim.","strongs_number":"h3128"},"h3129":{"pronunciation":"yo-naw-thawn'","unicode":"יוֹנָתָן","translit":"Yôwnâthân","definition":"a form of {{h3083}}; Jonathan, the name of ten Israelites; Jonathan.","strongs_number":"h3129"},"h3130":{"pronunciation":"yo-safe'","unicode":"יוֹסֵף","translit":"Yôwçêph","definition":"future of {{h3254}}; let him add (or perhaps simply active participle adding); Joseph, the name of seven Israelites; Joseph. Compare {{h3084}}.","strongs_number":"h3130"},"h3131":{"pronunciation":"yo-sif-yaw'","unicode":"יוֹסִפְיָה","translit":"Yôwçiphyâh","definition":"from active participle of {{h3254}} and {{h3050}}; Jah (is) adding; Josiphjah, an Israelite; Josiphiah.","strongs_number":"h3131"},"h3132":{"pronunciation":"yo-ay-law'","unicode":"יוֹעֵאלָה","translit":"Yôwʻêʼlâh","definition":"perhaps feminine active participle of {{h3276}}; furthermore; Joelah, an Israelite; Joelah.","strongs_number":"h3132"},"h3133":{"pronunciation":"yo-ade'","unicode":"יוֹעֵד","translit":"Yôwʻêd","definition":"apparently the active participle of {{h3259}}; appointer; Joed, an Israelite; Joed.","strongs_number":"h3133"},"h3134":{"pronunciation":"yo-eh'-zer","unicode":"יוֹעֶזֶר","translit":"Yôwʻezer","definition":"from {{h3068}} and {{h5828}}; Jehovah (is his) help; Joezer, an Israelite; Joezer.","strongs_number":"h3134"},"h3135":{"pronunciation":"yo-awsh'","unicode":"יוֹעָשׁ","translit":"Yôwʻâsh","definition":"from {{h3068}} and {{h5789}}; Jehovahhastened; Joash, the name of two Israelites; Joash.","strongs_number":"h3135"},"h3136":{"pronunciation":"yo-tsaw-dawk'","unicode":"יוֹצָדָק","translit":"Yôwtsâdâq","definition":"a form of {{h3087}}; Jotsadak, an Israelite; Jozadak.","strongs_number":"h3136"},"h3137":{"pronunciation":"yo-keem'","unicode":"יוֹקִים","translit":"Yôwqîym","definition":"a form of {{h3113}}; Jokim, an Israelite; Jokim.","strongs_number":"h3137"},"h3138":{"pronunciation":"yo-reh'","unicode":"יוֹרֶה","translit":"yôwreh","definition":"active participle of {{h3384}}; sprinkling; hence, a sprinkling (or autumnal showers); first rain, former (rain).","strongs_number":"h3138"},"h3139":{"pronunciation":"yo-raw'","unicode":"יוֹרָה","translit":"Yôwrâh","definition":"from {{h3384}}; rainy; Jorah, an Israelite; Jorah.","strongs_number":"h3139"},"h3140":{"pronunciation":"yo-rah'-ee","unicode":"יוֹרַי","translit":"Yôwray","definition":"from {{h3384}}; rainy; Jorai, an Israelite; Jorai.","strongs_number":"h3140"},"h3141":{"pronunciation":"yo-rawm'","unicode":"יוֹרָם","translit":"Yôwrâm","definition":"a form of {{h3088}}; Joram, the name of three Israelites and one Syrian; Joram.","strongs_number":"h3141"},"h3142":{"pronunciation":"yoo-shab' kheh'-sed","unicode":"יוּשַׁב חֶסֶד","translit":"Yûwshab Cheçed","definition":"from {{h7725}} and {{h2617}}; kindness will be returned; Jushab-Chesed, an Israelite; Jushab-hesed.","strongs_number":"h3142"},"h3143":{"pronunciation":"yo-shi-yaw'","unicode":"יוֹשִׁבְיָה","translit":"Yôwshibyâh","definition":"from {{h3427}} and {{h3050}}; Jehovah will cause to dwell; Josibjah, an Israelite; Josibiah.","strongs_number":"h3143"},"h3144":{"pronunciation":"yo-shaw'","unicode":"יוֹשָׁה","translit":"Yôwshâh","definition":"probably a form of {{h3145}}; Joshah, an Israelite; Joshah.","strongs_number":"h3144"},"h3145":{"pronunciation":"yo-shav-yaw'","unicode":"יוֹשַׁוְיָה","translit":"Yôwshavyâh","definition":"from {{h3068}} and {{h7737}}; Jehovah-set; Joshavjah, an Israelite; Joshaviah. Compare {{h3144}}.","strongs_number":"h3145"},"h3146":{"pronunciation":"yo-shaw-fawt'","unicode":"יוֹשָׁפָט","translit":"Yôwshâphâṭ","definition":"a form of {{h3092}}; Joshaphat, an Israelite; Joshaphat.","strongs_number":"h3146"},"h3147":{"pronunciation":"yo-thawm'","unicode":"יוֹתָם","translit":"Yôwthâm","definition":"from {{h3068}} and {{h8535}}; Jehovah (is) perfect; Jotham, the name of three Israelites; Jotham.","strongs_number":"h3147"},"h3148":{"pronunciation":"yo-thare'","unicode":"יוֹתֵר","translit":"yôwthêr","definition":"active participle of {{h3498}}; properly, redundant; hence, over and above, as adjective, noun, adverb or conjunction; better, more(-over), over, profit.","strongs_number":"h3148"},"h3149":{"pronunciation":"yez-av-ale'","unicode":"יְזַוְאֵל","translit":"Yᵉzavʼêl","definition":"from an unused root (meaning to sprinkle) and {{h410}}; sprinkled of God; Jezavel, an Israelite; Jeziel (from the margin).","strongs_number":"h3149"},"h3150":{"pronunciation":"yiz-zee-yaw'","unicode":"יִזִּיָּה","translit":"Yizzîyâh","definition":"from the same as the first part of {{h3149}} and {{h3050}}; sprinkled of Jah; Jizzijah, an Israelite; Jeziah.","strongs_number":"h3150"},"h3151":{"pronunciation":"yaw-zeez'","unicode":"יָזִיז","translit":"Yâzîyz","definition":"from the same as {{h2123}}; he will make prominent; Jaziz, an Israelite; Jaziz.","strongs_number":"h3151"},"h3152":{"pronunciation":"yiz-lee-aw'","unicode":"יִזְלִיאָה","translit":"Yizlîyʼâh","definition":"perhaps from an unused root (meaning to draw up); he will draw out; Jizliah, an Israelite; Jezliah.","strongs_number":"h3152"},"h3153":{"pronunciation":"yez-an-yaw'","unicode":"יְזַנְיָה","translit":"Yᵉzanyâh","definition":"or יְזַנְיָהוּ; probably for {{h2970}}; Jezanjah, an Israelite; Jezaniah.","strongs_number":"h3153"},"h3154":{"pronunciation":"yeh'-zah","unicode":"יֶזַע","translit":"yezaʻ","definition":"from an unused root mean to ooze; sweat, i.e. (by implication) a sweating dress; any thing that causeth sweat.","strongs_number":"h3154"},"h3155":{"pronunciation":"yiz-rawkh'","unicode":"יִזְרָח","translit":"Yizrâch","definition":"a variation for {{h250}}; a Jizrach (i.e. Ezrachite or Zarchite) or descendant of Zerach; Izrahite.","strongs_number":"h3155"},"h3156":{"pronunciation":"yiz-rakh-yaw'","unicode":"יִזְרַחְיָה","translit":"Yizrachyâh","definition":"from {{h2224}} and {{h3050}}; Jah will shine; Jizrachjah, the name of two Israelites; Izrahiah, Jezrahiah.","strongs_number":"h3156"},"h3157":{"pronunciation":"yiz-reh-ale'","unicode":"יִזְרְעֵאל","translit":"Yizrᵉʻêʼl","definition":"from {{h2232}} and {{h410}}; God will sow; Jizreel, the name of two places in Palestine and of two Israelites; Jezreel.","strongs_number":"h3157"},"h3158":{"pronunciation":"yiz-reh-ay-lee'","unicode":"יִזְרְעֵאלִי","translit":"Yizrᵉʻêʼlîy","definition":"patronymically from {{h3157}}; a Jizreelite or native of Jizreel; Jezreelite.","strongs_number":"h3158"},"h3159":{"pronunciation":"yiz-reh-ay-leeth'","unicode":"יִזְרְעֵאלִית","translit":"Yizrᵉʻêʼlîyth","definition":"feminine of {{h3158}}; a Jezreelitess; Jezreelitess.","strongs_number":"h3159"},"h3160":{"pronunciation":"yekh-oob-baw'","unicode":"יְחֻבָּה","translit":"Yᵉchubbâh","definition":"from {{h2247}}; hidden; Jechubbah, an Israelite; Jehubbah.","strongs_number":"h3160"},"h3161":{"pronunciation":"yaw-khad'","unicode":"יָחַד","translit":"yâchad","definition":"a primitive root; to be (or become) one; join, unite.","strongs_number":"h3161"},"h3162":{"pronunciation":"yakh'-ad","unicode":"יַחַד","translit":"yachad","definition":"from {{h3161}}; properly, a unit, i.e. (adverb) unitedly; alike, at all (once), both, likewise, only, (al-) together, withal.","strongs_number":"h3162"},"h3163":{"pronunciation":"yakh-doe'","unicode":"יַחְדוֹ","translit":"Yachdôw","definition":"from {{h3162}} with pronominal suffix; his unity, i.e. (adverb) together; Jachdo, an Israelite; Jahdo.","strongs_number":"h3163"},"h3164":{"pronunciation":"yakh-dee-ale'","unicode":"יַחְדִּיאֵל","translit":"Yachdîyʼêl","definition":"from {{h3162}} and {{h410}}; unity of God; Jachdiel, an Israelite; Jahdiel.","strongs_number":"h3164"},"h3165":{"pronunciation":"yekh-dee-yaw'-hoo","unicode":"יֶחְדִּיָּהוּ","translit":"Yechdîyâhûw","definition":"from {{h3162}} and {{h3050}}; unity of Jah; Jechdijah, the name of two Israelites; Jehdeiah.","strongs_number":"h3165"},"h3166":{"pronunciation":"yakh-az-ee-ale'","unicode":"יַחֲזִיאֵל","translit":"Yachăzîyʼêl","definition":"from {{h2372}} and {{h410}}; beheld of God; Jachaziel, the name of five Israelites; Jahaziel, Jahziel.","strongs_number":"h3166"},"h3167":{"pronunciation":"yakh-zeh-yaw'","unicode":"יַחְזְיָה","translit":"Yachzᵉyâh","definition":"from {{h2372}} and {{h3050}}; Jah will behold; Jachzejah, an Israelite; Jahaziah.","strongs_number":"h3167"},"h3168":{"pronunciation":"yekh-ez-kale'","unicode":"יְחֶזְקֵאל","translit":"Yᵉchezqêʼl","definition":"from {{h2388}} and {{h410}}; God will strengthen; Jechezkel, the name of two Israelites; Ezekiel, Jehezekel.","strongs_number":"h3168"},"h3169":{"pronunciation":"yekh-iz-kee-yaw'","unicode":"יְחִזְקִיָּה","translit":"Yᵉchizqîyâh","definition":"or יְחִזְקִיָּהוּ; from {{h3388}} and {{h3050}}; strengthened of Jah; Jechizkijah, the name of five Israelites; Hezekiah, Jehizkiah. Compare {{h2396}}.","strongs_number":"h3169"},"h3170":{"pronunciation":"yakh-zay-raw'","unicode":"יַחְזֵרָה","translit":"Yachzêrâh","definition":"from the same as {{h2386}}; perhaps protection; Jachzerah, an Israelite; Jahzerah.","strongs_number":"h3170"},"h3171":{"pronunciation":"yekh-ee-ale'","unicode":"יְחִיאֵל","translit":"Yᵉchîyʼêl","definition":"or (2 Chronicles 29:14) יְחַוְאֵל; from {{h2421}} and {{h410}}; God will live; Jechiel (or Jechavel), the name of eight Israelites; Jehiel.","strongs_number":"h3171"},"h3172":{"pronunciation":"yekh-ee-ay-lee'","unicode":"יְחִיאֵלִי","translit":"Yᵉchîyʼêlîy","definition":"patronymically from {{h3171}}; a Jechielite or descendant of Jechiel; Jehieli.","strongs_number":"h3172"},"h3173":{"pronunciation":"yaw-kheed'","unicode":"יָחִיד","translit":"yâchîyd","definition":"from {{h3161}}; properly, united, i.e. sole; by implication, beloved; also lonely; (feminine) the life (as not to be replaced); darling, desolate, only (child, son), solitary.","strongs_number":"h3173"},"h3174":{"pronunciation":"yekh-ee-yaw'","unicode":"יְחִיָּה","translit":"Yᵉchîyâh","definition":"from {{h2421}} and {{h3050}}; Jah will live; Jechijah, an Israelite; Jehiah.","strongs_number":"h3174"},"h3175":{"pronunciation":"yaw-kheel'","unicode":"יָחִיל","translit":"yâchîyl","definition":"from {{h3176}}; expectant; should hope.","strongs_number":"h3175"},"h3176":{"pronunciation":"yaw-chal'","unicode":"יָחַל","translit":"yâchal","definition":"a primitive root; to wait; by implication, to be patient, hope; (cause to, have, make to) hope, be pained, stay, tarry, trust, wait.","strongs_number":"h3176"},"h3177":{"pronunciation":"yakh-leh-ale'","unicode":"יַחְלְאֵל","translit":"Yachlᵉʼêl","definition":"from {{h3176}} and {{h410}}; expectant of God; Jachleel, an Israelite; Jahleel.","strongs_number":"h3177"},"h3178":{"pronunciation":"yakh-leh-ay-lee'","unicode":"יַחְלְאֵלִי","translit":"Yachlᵉʼêlîy","definition":"patronymically from {{h3177}}; a Jachleelite or descendant of Jachleel; Jahleelites.","strongs_number":"h3178"},"h3179":{"pronunciation":"yaw-kham'","unicode":"יָחַם","translit":"yâcham","definition":"a primitive root; probably to be hot; figuratively, to conceive; get heat, be hot, conceive, be warm.","strongs_number":"h3179"},"h3180":{"pronunciation":"yakh-moor'","unicode":"יַחְמוּר","translit":"yachmûwr","definition":"from {{h2560}}; a kind of deer; fallow deer.","strongs_number":"h3180"},"h3181":{"pronunciation":"yakh-mah'-ee","unicode":"יַחְמַי","translit":"Yachmay","definition":"probably from {{h3179}}; hot; Jachmai, an Israelite; Jahmai.","strongs_number":"h3181"},"h3182":{"pronunciation":"yaw-khafe'","unicode":"יָחֵף","translit":"yâchêph","definition":"from an unused root meaning to take off the shoes; unsandalled; barefoot, being unshod.","strongs_number":"h3182"},"h3183":{"pronunciation":"yakh-tseh-ale'","unicode":"יַחְצְאֵל","translit":"Yachtsᵉʼêl","definition":"from {{h2673}} and {{h410}}; God will allot; Jachtseel, an Israelite; Jahzeel. Compare {{h3185}}.","strongs_number":"h3183"},"h3184":{"pronunciation":"yakh-tseh-ay-lee'","unicode":"יַחְצְאֵלִי","translit":"Yachtsᵉʼêlîy","definition":"patronymically from {{h3183}}; a Jachtseelite (collectively) or descendants of Jachtseel; Jahzeelites.","strongs_number":"h3184"},"h3185":{"pronunciation":"yakh-tsee-ale'","unicode":"יַחְצִיאֵל","translit":"Yachtsîyʼêl","definition":"from {{h2673}} and {{h410}}; allotted of God; Jachtsiel, an Israelite; Jahziel. Compare {{h3183}}.","strongs_number":"h3185"},"h3186":{"pronunciation":"yaw-khar'","unicode":"יָחַר","translit":"yâchar","definition":"a primitive root; to delay; tarry longer.","strongs_number":"h3186"},"h3187":{"pronunciation":"yaw-khas'","unicode":"יָחַשׂ","translit":"yâchas","definition":"a primitive root; to sprout; used only as denominative from {{h3188}}; to enroll by pedigree; (number after, number throughout the) genealogy (to be reckoned), be reckoned by genealogies.","strongs_number":"h3187"},"h3188":{"pronunciation":"yakh'-as","unicode":"יַחַשׂ","translit":"yachas","definition":"from {{h3187}}; a pedigree or family list (as growing spontaneously); genealogy.","strongs_number":"h3188"},"h3189":{"pronunciation":"yakh'-ath","unicode":"יַחַת","translit":"Yachath","definition":"from {{h3161}}; unity; Jachath, the name of four Israelites; Jahath.","strongs_number":"h3189"},"h3190":{"pronunciation":"yaw-tab'","unicode":"יָטַב","translit":"yâṭab","definition":"a primitive root; to be (causative) make well, literally (sound, beautiful) or figuratively (happy, successful, right); be accepted, amend, use aright, benefit, be (make) better, seem best, make cheerful, be comely,   be content, diligent(-ly), dress, earnestly, find favour, give, be glad, do (be, make) good(-ness), be (make) merry, please (  well), shew more (kindness), skilfully, × very small, surely, make sweet, thoroughly, tire, trim, very, be (can, deal, entreat, go, have) well (said, seen).","strongs_number":"h3190"},"h3191":{"pronunciation":"yet-ab'","unicode":"יְטַב","translit":"yᵉṭab","definition":"(Aramaic) corresponding to {{h3190}}; seem good.","strongs_number":"h3191"},"h3192":{"pronunciation":"yot-baw'","unicode":"יׇטְבָה","translit":"Yoṭbâh","definition":"from {{h3190}}; pleasantness; Jotbah, a place in Palestine; Jotbah.","strongs_number":"h3192"},"h3193":{"pronunciation":"yot-baw'-thaw","unicode":"יׇטְבָתָה","translit":"Yoṭbâthâh","definition":"from {{h3192}}; Jotbathah, a place in the Desert; Jotbath, Jotbathah.","strongs_number":"h3193"},"h3194":{"pronunciation":"yoo-taw'","unicode":"יֻטָּה","translit":"Yuṭṭâh","definition":"or יוּטָה; from {{h5186}}; extended; Juttah (or Jutah), a place in Palestine; Juttah.","strongs_number":"h3194"},"h3195":{"pronunciation":"yet-oor'","unicode":"יְטוּר","translit":"Yᵉṭûwr","definition":"probably from the same as {{h2905}}; encircled (i.e. inclosed); Jetur, a son of Ishmael; Jetur.","strongs_number":"h3195"},"h3196":{"pronunciation":"yah'-yin","unicode":"יַיִן","translit":"yayin","definition":"from an unused root meaning to effervesce; wine (as fermented); by implication, intoxication; banqueting, wine, wine(-bibber).","strongs_number":"h3196"},"h3197":{"pronunciation":"yak","unicode":"יַךְ","translit":"yak","definition":"by erroneous transcription for {{h3027}}; a hand or side; (way-) side.","strongs_number":"h3197"},"h3198":{"pronunciation":"yaw-kahh'","unicode":"יָכַח","translit":"yâkach","definition":"a primitive root; to be right (i.e. correct); reciprocal, to argue; causatively, to decide, justify or convict; appoint, argue, chasten, convince, correct(-ion), daysman, dispute, judge, maintain, plead, reason (together), rebuke, reprove(-r), surely, in any wise.","strongs_number":"h3198"},"h3199":{"pronunciation":"yaw-keen'","unicode":"יָכִין","translit":"Yâkîyn","definition":"from {{h3559}}; he (or it) will establish; Jakin, the name of three Israelites and of a temple pillar; Jachin.","strongs_number":"h3199"},"h3200":{"pronunciation":"yaw-kee-nee'","unicode":"יָכִינִי","translit":"Yâkîynîy","definition":"patronymically from {{h3199}}; a Jakinite (collectively) or descendants of Jakin; Jachinites.","strongs_number":"h3200"}}