{"h3501":{"pronunciation":"yith-raw'","unicode":"יִתְרָא","translit":"Yithrâʼ","definition":"by variation for {{h3502}}; Jithra, an Israelite (or Ishmaelite); Ithra.","strongs_number":"h3501"},"h3502":{"pronunciation":"yith-raw'","unicode":"יִתְרָה","translit":"yithrâh","definition":"feminine of {{h3499}}; properly, excellence, i.e. (by implication) wealth; abundance, riches.","strongs_number":"h3502"},"h3503":{"pronunciation":"yith-ro'","unicode":"יִתְרוֹ","translit":"Yithrôw","definition":"from {{h3499}} with pron. suffix; his excellence; Jethro, Moses' father-in-law; Jethro. Compare {{h3500}}.","strongs_number":"h3503"},"h3504":{"pronunciation":"yith-rone'","unicode":"יִתְרוֹן","translit":"yithrôwn","definition":"from {{h3498}}; preeminence, gain; better, excellency(-leth), profit(-able).","strongs_number":"h3504"},"h3505":{"pronunciation":"yith-ree'","unicode":"יִתְרִי","translit":"Yithrîy","definition":"patronymically from {{h3500}}; a Jithrite or descendant of Jether; Ithrite.","strongs_number":"h3505"},"h3506":{"pronunciation":"yith-rawn'","unicode":"יִתְרָן","translit":"Yithrân","definition":"from {{h3498}}; excellent; Jithran, the name of an Edomite and of an Israelite; Ithran.","strongs_number":"h3506"},"h3507":{"pronunciation":"yith-reh-awm'","unicode":"יִתְרְעָם","translit":"Yithrᵉʻâm","definition":"from {{h3499}} and {{h5971}}; excellence of people; Jithream, a son of David; Ithream.","strongs_number":"h3507"},"h3508":{"pronunciation":"yo-theh'-reth","unicode":"יֹתֶרֶת","translit":"yôthereth","definition":"feminine active participle of {{h3498}}; the lobe or flap of the liver (as if redundant or outhanging); caul.","strongs_number":"h3508"},"h3509":{"pronunciation":"yeh-thayth'","unicode":"יְתֵת","translit":"Yᵉthêth","definition":"of uncertain derivation; Jetheth, an Edomite; Jetheth.","strongs_number":"h3509"},"h3510":{"pronunciation":"kaw-ab'","unicode":"כָּאַב","translit":"kâʼab","definition":"a primitive root; properly, to feel pain; by implication, to grieve; figuratively, to spoil; grieving, mar, have pain, make sad (sore), (be) sorrowful.","strongs_number":"h3510"},"h3511":{"pronunciation":"keh-abe'","unicode":"כְּאֵב","translit":"kᵉʼêb","definition":"from {{h3510}}; suffering (physical or mental), adversity; grief, pain, sorrow.","strongs_number":"h3511"},"h3512":{"pronunciation":"kaw-aw'","unicode":"כָּאָה","translit":"kâʼâh","definition":"a primitive root; to despond; causatively, to deject; broken, be grieved, make sad.","strongs_number":"h3512"},"h3513":{"pronunciation":"kaw-bad'","unicode":"כָּבַד","translit":"kâbad","definition":"or כָּבֵד; a primitive root; to be heavy, i.e. in a bad sense (burdensome, severe, dull) or in a good sense (numerous, rich, honorable); causatively, to make weighty (in the same two senses); abounding with, more grievously afflict, boast, be chargeable, × be dim, glorify, be (make) glorious (things), glory, (very) great, be grievous, harden, be (make) heavy, be heavier, lay heavily, (bring to, come to, do, get, be had in) honour (self), (be) honourable (man), lade, × more be laid, make self many, nobles, prevail, promote (to honour), be rich, be (go) sore, stop.","strongs_number":"h3513"},"h3514":{"pronunciation":"ko'-bed","unicode":"כֹּבֶד","translit":"kôbed","definition":"from {{h3513}}; weight, multitude, vehemence; grievousness, heavy, great number.","strongs_number":"h3514"},"h3515":{"pronunciation":"kaw-bade'","unicode":"כָּבֵד","translit":"kâbêd","definition":"from {{h3513}}; heavy; figuratively in a good sense (numerous) or in a bad sense (severe, difficult, stupid); (so) great, grievous, hard(-ened), (too) heavy(-ier), laden, much, slow, sore, thick.","strongs_number":"h3515"},"h3516":{"pronunciation":"kaw-bade'","unicode":"כָּבֵד","translit":"kâbêd","definition":"the same as {{h3515}}; the liver (as the heaviest of the viscera); liver.","strongs_number":"h3516"},"h3517":{"pronunciation":"keb-ay-dooth'","unicode":"כְּבֵדֻת","translit":"kᵉbêduth","definition":"feminine of {{h3515}}; difficulty; × heavily.","strongs_number":"h3517"},"h3518":{"pronunciation":"kaw-baw'","unicode":"כָּבָה","translit":"kâbâh","definition":"a primitive root; to expire or (causatively) to extinguish (fire, light, anger); go (put) out, quench.","strongs_number":"h3518"},"h3519":{"pronunciation":"kaw-bode'","unicode":"כָּבוֹד","translit":"kâbôwd","definition":"rarely כָּבֹד; from {{h3513}}; properly, weight, but only figuratively in a good sense, splendor or copiousness; glorious(-ly), glory, honour(-able).","strongs_number":"h3519"},"h3520":{"pronunciation":"keb-ood-daw'","unicode":"כְּבוּדָּה","translit":"kᵉbûwddâh","definition":"irregular feminine passive participle of {{h3513}}; weightiness, i.e. magnificence, wealth; carriage, all glorious, stately.","strongs_number":"h3520"},"h3521":{"pronunciation":"kaw-bool'","unicode":"כָּבוּל","translit":"Kâbûwl","definition":"from the same as {{h3525}} in the sense of limitation; sterile; Cabul, the name of two places in Palestine; Cabul.","strongs_number":"h3521"},"h3522":{"pronunciation":"kab-bone'","unicode":"כַּבּוֹן","translit":"Kabbôwn","definition":"from an unused root meaning to heap up; hilly; Cabon, a place in Palestine; Cabbon.","strongs_number":"h3522"},"h3523":{"pronunciation":"keb-eer","unicode":"כְּבִיר","translit":"kᵉbîyr","definition":"from {{h3527}} in the original sense of plaiting; a matrass (of intertwined materials); pillow.","strongs_number":"h3523"},"h3524":{"pronunciation":"kab-beer'","unicode":"כַּבִּיר","translit":"kabbîyr","definition":"from {{h3527}}; vast, whether in extent (figuratively, of power, mighty; of time, aged), or in number, many; feeble, mighty, most, much, strong, valiant.","strongs_number":"h3524"},"h3525":{"pronunciation":"keh'-bel","unicode":"כֶּבֶל","translit":"kebel","definition":"from an unused root meaning to twine or braid together; a fetter; fetter.","strongs_number":"h3525"},"h3526":{"pronunciation":"kaw-bas'","unicode":"כָּבַס","translit":"kâbaç","definition":"a primitive root; to trample; hence, to wash (properly, by stamping with the feet), whether literal (including the fulling process) or figurative; fuller, wash(-ing).","strongs_number":"h3526"},"h3527":{"pronunciation":"kaw-bar'","unicode":"כָּבַר","translit":"kâbar","definition":"a primitive root; properly, to plait together, i.e. (figuratively) to augment (especially in number or quantity, to accumulate); in abundance, multiply.","strongs_number":"h3527"},"h3528":{"pronunciation":"keb-awr'","unicode":"כְּבָר","translit":"kᵉbâr","definition":"from {{h3527}}; properly, extent of time, i.e. a great while; hence, long ago, formerly, hitherto; already, (seeing that which), now.","strongs_number":"h3528"},"h3529":{"pronunciation":"keb-awr'","unicode":"כְּבָר","translit":"Kᵉbâr","definition":"the same as {{h3528}}; length; Kebar, a river of Mesopotamia; Chebar. Compare {{h2249}}.","strongs_number":"h3529"},"h3530":{"pronunciation":"kib-raw'","unicode":"כִּבְרָה","translit":"kibrâh","definition":"feminine of {{h3528}}; properly, length, i.e. a measure (of uncertain dimension); × little.","strongs_number":"h3530"},"h3531":{"pronunciation":"keb-aw-raw'","unicode":"כְּבָרָה","translit":"kᵉbârâh","definition":"from {{h3527}} in its original sense; a sieve (as netted); sieve.","strongs_number":"h3531"},"h3532":{"pronunciation":"keh-bes'","unicode":"כֶּבֶשׂ","translit":"kebes","definition":"from an unused root meaning to dominate; a ram (just old enough to butt); lamb, sheep.","strongs_number":"h3532"},"h3533":{"pronunciation":"kaw-bash'","unicode":"כָּבַשׁ","translit":"kâbash","definition":"a primitive root; to tread down; hence, negatively, to disregard; positively, to conquer, subjugate, violate; bring into bondage, force, keep under, subdue, bring into subjection.","strongs_number":"h3533"},"h3534":{"pronunciation":"keh'-besh","unicode":"כֶּבֶשׁ","translit":"kebesh","definition":"from {{h3533}}; a footstool (as trodden upon); footstool.","strongs_number":"h3534"},"h3535":{"pronunciation":"kib-saw'","unicode":"כִּבְשָׂה","translit":"kibsâh","definition":"or כַּבְשָׂה; feminine of {{h3532}}; a ewe; (ewe) lamb.","strongs_number":"h3535"},"h3536":{"pronunciation":"kib-shawn'","unicode":"כִּבְשָׁן","translit":"kibshân","definition":"from {{h3533}}; a smelting furnace (as reducing metals); furnace.","strongs_number":"h3536"},"h3537":{"pronunciation":"kad","unicode":"כַּד","translit":"kad","definition":"from an unused root meaning to deepen; properly, a pail; but generally of earthenware; a jar for domestic purposes; barrel, pitcher.","strongs_number":"h3537"},"h3538":{"pronunciation":"ked-ab'","unicode":"כְּדַב","translit":"kᵉdab","definition":"(Aramaic) from a root corresponding to {{h3576}}; false; lying.","strongs_number":"h3538"},"h3539":{"pronunciation":"kad-kode'","unicode":"כַּדְכֹּד","translit":"kadkôd","definition":"from the same as {{h3537}} in the sense of striking fire from a metal forged; a sparkling gem, probably the ruby; agate.","strongs_number":"h3539"},"h3540":{"pronunciation":"ked-or-law-o'-mer","unicode":"כְּדׇרְלָעֹמֶר","translit":"Kᵉdorlâʻômer","definition":"of foreign origin; Kedorlaomer, an early Persian king; Chedorlaomer.","strongs_number":"h3540"},"h3541":{"pronunciation":"ko","unicode":"כֹּה","translit":"kôh","definition":"from the prefix k and {{h1931}}; properly, like this, i.e. by implication, (of manner) thus (or so); also (of place) here (or hither); or (of time) now; also, here,   hitherto, like, on the other side, so (and much), such, on that manner, (on) this (manner, side, way, way and that way),   mean while, yonder.","strongs_number":"h3541"},"h3542":{"pronunciation":"kaw","unicode":"כָּה","translit":"kâh","definition":"(Aramaic) corresponding to {{h3541}}; hitherto.","strongs_number":"h3542"},"h3543":{"pronunciation":"kaw-haw'","unicode":"כָּהָה","translit":"kâhâh","definition":"a primitive root; to be weak, i.e. (figuratively) to despond (causatively, rebuke), or (of light, the eye) to grow dull; darken, be dim, fail, faint, restrain, × utterly.","strongs_number":"h3543"},"h3544":{"pronunciation":"kay-heh'","unicode":"כֵּהֶה","translit":"kêheh","definition":"from {{h3543}}; feeble, obscure; somewhat dark, darkish, wax dim, heaviness, smoking.","strongs_number":"h3544"},"h3545":{"pronunciation":"kay-haw'","unicode":"כֵּהָה","translit":"kêhâh","definition":"feminine of {{h3544}}; properly, a weakening; figuratively, alleviation, i.e. cure; healing.","strongs_number":"h3545"},"h3546":{"pronunciation":"keh-hal'","unicode":"כְּהַל","translit":"kᵉhal","definition":"(Aramaic) a root corresponding to and {{h3557}}; to be able; be able, could.","strongs_number":"h3546"},"h3547":{"pronunciation":"kaw-han'","unicode":"כָּהַן","translit":"kâhan","definition":"a primitive root, apparently meaning to mediate in religious services; but used only as denominative from {{h3548}}; to officiate as a priest; figuratively, to put on regalia; deck, be (do the office of a, execute the, minister in the) priest('s office).","strongs_number":"h3547"},"h3548":{"pronunciation":"ko-hane'","unicode":"כֹּהֵן","translit":"kôhên","definition":"active participle of {{h3547}}; literally one officiating, a priest; also (by courtesy) an acting priest (although a layman); chief ruler, × own, priest, prince, principal officer.","strongs_number":"h3548"},"h3549":{"pronunciation":"kaw-hane'","unicode":"כָּהֵן","translit":"kâhên","definition":"(Aramaic) corresponding to {{h3548}}; priest.","strongs_number":"h3549"},"h3550":{"pronunciation":"keh-hoon-naw'","unicode":"כְּהֻנָּה","translit":"kᵉhunnâh","definition":"from {{h3547}}; priesthood; priesthood, priest's office.","strongs_number":"h3550"},"h3551":{"pronunciation":"kav","unicode":"כַּו","translit":"kav","definition":"(Aramaic) from a root corresponding to {{h3854}} in the sense of piercing; a window (as a perforation); window.","strongs_number":"h3551"},"h3552":{"pronunciation":"koob","unicode":"כּוּב","translit":"Kûwb","definition":"of foreign derivation; Kub, a country near Egypt; Chub.","strongs_number":"h3552"},"h3553":{"pronunciation":"ko'-bah","unicode":"כּוֹבַע","translit":"kôwbaʻ","definition":"from an unused root meaning to be high or rounded; a helmet (as arched); helmet. Compare {{h6959}}.","strongs_number":"h3553"},"h3554":{"pronunciation":"kaw-vaw'","unicode":"כָּוָה","translit":"kâvâh","definition":"a primitive root; properly, to prick or penetrate; hence, to blister (as smarting or eating into); burn.","strongs_number":"h3554"},"h3555":{"pronunciation":"kev-ee-yaw'","unicode":"כְּוִיָּה","translit":"kᵉvîyâh","definition":"from {{h3554}}; a branding; burning.","strongs_number":"h3555"},"h3556":{"pronunciation":"ko-kawb'","unicode":"כּוֹכָב","translit":"kôwkâb","definition":"probably from the same as {{h3522}} (in the sense of rolling) or {{h3554}} (in the sense of blazing); a star (as round or as shining); figuratively, a prince; star(-gazer).","strongs_number":"h3556"},"h3557":{"pronunciation":"kool","unicode":"כּוּל","translit":"kûwl","definition":"a primitive root; properly, to keep in; hence, to measure; figuratively, to maintain (in various senses); (be able to, can) abide, bear, comprehend, contain, feed, forbearing, guide, hold(-ing in), nourish(-er), be present, make provision, receive, sustain, provide sustenance (victuals).","strongs_number":"h3557"},"h3558":{"pronunciation":"koo-mawz'","unicode":"כּוּמָז","translit":"kûwmâz","definition":"from an unused root meaning to store away; a jewel (probably gold beads); tablet.","strongs_number":"h3558"},"h3559":{"pronunciation":"koon","unicode":"כּוּן","translit":"kûwn","definition":"a primitive root; properly, to be erect (i.e. stand perpendicular); hence (causatively) to set up, in a great variety of applications, whether literal (establish, fix, prepare, apply), or figurative (appoint, render sure, proper or prosperous); certain(-ty), confirm, direct, faithfulness, fashion, fasten, firm, be fitted, be fixed, frame, be meet, ordain, order, perfect, (make) preparation, prepare (self), provide, make provision, (be, make) ready, right, set (aright, fast, forth), be stable, (e-) stablish, stand, tarry, × very deed.","strongs_number":"h3559"},"h3560":{"pronunciation":"koon","unicode":"כּוּן","translit":"Kûwn","definition":"probably from {{h3559}}; established; Kun, a place in Syria; Chun.","strongs_number":"h3560"},"h3561":{"pronunciation":"kav-vawn'","unicode":"כַּוָּן","translit":"kavvân","definition":"from {{h3559}}; something prepared, i.e. a sacrificial wafer; cake.","strongs_number":"h3561"},"h3562":{"pronunciation":"ko-nan-yaw'-hoo","unicode":"כּוֹנַנְיָהוּ","translit":"Kôwnanyâhûw","definition":"from {{h3559}} and {{h3050}}; Jah has sustained; Conanjah, the name of two Israelites; Conaniah, Cononiah. Compare {{h3663}}.","strongs_number":"h3562"},"h3563":{"pronunciation":"koce","unicode":"כּוֹס","translit":"kôwç","definition":"from an unused root meaning to hold together; a cup (as a container), often figuratively, a lot (as if a potion); also some unclean bird, probably an owl (perhaps from the cup-like cavity of its eye); cup, (small) owl. Compare {{h3599}}.","strongs_number":"h3563"},"h3564":{"pronunciation":"koor","unicode":"כּוּר","translit":"kûwr","definition":"from an unused root meaning properly, to dig through; a pot or furnace (as if excavated); furnace. Compare {{h3600}}.","strongs_number":"h3564"},"h3565":{"pronunciation":"kore aw-shawn'","unicode":"כּוֹר עָשָׁן","translit":"Kôwr ʻÂshân","definition":"from {{h3564}} and {{h6227}}; furnace of smoke; Cor-Ashan, a place in Palestine; Chorashan.","strongs_number":"h3565"},"h3566":{"pronunciation":"ko'-resh","unicode":"כּוֹרֶשׁ","translit":"Kôwresh","definition":"or (Ezra 1:1 (last time),2) כֹּרֶשׁ; from the Persian; Koresh (or Cyrus), the Persian king; Cyrus.","strongs_number":"h3566"},"h3567":{"pronunciation":"ko'-resh","unicode":"כּוֹרֶשׁ","translit":"Kôwresh","definition":"(Aramaic) corresponding to {{h3566}}; Cyrus.","strongs_number":"h3567"},"h3568":{"pronunciation":"koosh","unicode":"כּוּשׁ","translit":"Kûwsh","definition":"probably of foreign origin; Cush (or Ethiopia), the name of a son of Ham, and of his territory; also of an Israelite; Chush, Cush, Ethiopia.","strongs_number":"h3568"},"h3569":{"pronunciation":"koo-shee'","unicode":"כּוּשִׁי","translit":"Kûwshîy","definition":"patronymically from {{h3568}}; a Cushite, or descendant of Cush; Cushi, Cushite, Ethiopian(-s).","strongs_number":"h3569"},"h3570":{"pronunciation":"koo-shee'","unicode":"כּוּשִׁי","translit":"Kûwshîy","definition":"the same as {{h3569}}; Cushi, the name of two Israelites; Cushi.","strongs_number":"h3570"},"h3571":{"pronunciation":"koo-sheeth'","unicode":"כּוּשִׁית","translit":"Kûwshîyth","definition":"feminine of {{h3569}}; a Cushite woman; Ethiopian.","strongs_number":"h3571"},"h3572":{"pronunciation":"koo-shawn'","unicode":"כּוּשָׁן","translit":"Kûwshân","definition":"perhaps from {{h3568}}; Cushan, a region of Arabia; Cushan.","strongs_number":"h3572"},"h3573":{"pronunciation":"koo-shan' rish-awthah'-yim","unicode":"כּוּשַׁן רִשְׁעָתַיִם","translit":"Kûwshan Rishʻâthayim","definition":"apparently from {{h3572}} and the dual of {{h7564}}; Cushan of double wickedness; Cushan-Rishathajim, a Mesopotamian king; Chushan-rishathayim.","strongs_number":"h3573"},"h3574":{"pronunciation":"ko-shaw-raw'","unicode":"כּוֹשָׁרָה","translit":"kôwshârâh","definition":"from {{h3787}}; prosperity; in plural freedom; × chain.","strongs_number":"h3574"},"h3575":{"pronunciation":"kooth","unicode":"כּוּת","translit":"Kûwth","definition":"or (feminine) כּוּתָה; of foreign origin; Cuth or Cuthah, a province of Assyria; Cuth.","strongs_number":"h3575"},"h3576":{"pronunciation":"kaw-zab'","unicode":"כָּזַב","translit":"kâzab","definition":"a primitive root; to lie (i.e. deceive), literally or figuratively; fail, (be found a, make a) liar, lie, lying, be in vain.","strongs_number":"h3576"},"h3577":{"pronunciation":"kaw-zawb'","unicode":"כָּזָב","translit":"kâzâb","definition":"from {{h3576}}; falsehood; literally (untruth) or figuratively (idol); deceitful, false, leasing,   liar, lie, lying.","strongs_number":"h3577"},"h3578":{"pronunciation":"ko-zeb-aw'","unicode":"כֹּזְבָא","translit":"Kôzᵉbâʼ","definition":"from {{h3576}}; fallacious; Cozeba, a place in Palestine; Choseba.","strongs_number":"h3578"},"h3579":{"pronunciation":"koz-bee'","unicode":"כֹּזְבִי","translit":"Kôzᵉbîy","definition":"from {{h3576}}; false; Cozbi, a Midianitess; Cozbi.","strongs_number":"h3579"},"h3580":{"pronunciation":"kez-eeb'","unicode":"כְּזִיב","translit":"Kᵉzîyb","definition":"from {{h3576}}; falsified; Kezib, a place in Palestine; Chezib.","strongs_number":"h3580"},"h3581":{"pronunciation":"ko'-akh","unicode":"כֹּחַ","translit":"kôach","definition":"or (Daniel 11:6) כּוֹחַ; from an unused root meaning to be firm; vigor, literally (force, in a good or a bad sense) or figuratively (capacity, means, produce); also (from its hardiness) a large lizard; ability, able, chameleon, force, fruits, might, power(-ful), strength, substance, wealth.","strongs_number":"h3581"},"h3582":{"pronunciation":"kaw-khad'","unicode":"כָּחַד","translit":"kâchad","definition":"a primitive root; to secrete, by act or word; hence (intensively) to destroy; conceal, cut down (off), desolate, hide.","strongs_number":"h3582"},"h3583":{"pronunciation":"kaw-khal'","unicode":"כָּחַל","translit":"kâchal","definition":"a primitive root; to paint (with stibium); paint.","strongs_number":"h3583"},"h3584":{"pronunciation":"kaw-khash'","unicode":"כָּחַשׁ","translit":"kâchash","definition":"a primitive root; to be untrue, in word (to lie, feign, disown) or deed (to disappoint, fail, cringe); deceive, deny, dissemble, fail, deal falsely, be found liars, (be-) lie, lying, submit selves.","strongs_number":"h3584"},"h3585":{"pronunciation":"kakh'-ash","unicode":"כַּחַשׁ","translit":"kachash","definition":"from {{h3584}}; literally a failure of flesh, i.e. emaciation; figuratively, hypocrisy; leanness, lies, lying.","strongs_number":"h3585"},"h3586":{"pronunciation":"kekh-awsh'","unicode":"כֶּחָשׁ","translit":"kechâsh","definition":"from {{h3584}}; faithless; lying.","strongs_number":"h3586"},"h3587":{"pronunciation":"kee","unicode":"כִּי","translit":"kîy","definition":"from {{h3554}}; a brand or scar; burning.","strongs_number":"h3587"},"h3588":{"pronunciation":"kee","unicode":"כִּי","translit":"kîy","definition":"a primitive particle (the full form of the prepositional prefix) indicating causal relations of all kinds, antecedent or consequent; (by implication) very widely used as a relative conjunction or adverb (as below); often largely modified by other particles annexed; and,   (forasmuch, inasmuch, where-) as, assured(-ly),   but, certainly, doubtless,   else, even,   except, for, how, (because, in, so, than) that,   nevertheless, now, rightly, seeing, since, surely, then, therefore,   (al-) though,   till, truly,   until, when, whether, while, whom, yea, yet.","strongs_number":"h3588"},"h3589":{"pronunciation":"keed","unicode":"כִּיד","translit":"kîyd","definition":"from a primitive root meaning to strike; a crushing; figuratively, calamity; destruction.","strongs_number":"h3589"},"h3590":{"pronunciation":"kee-dode'","unicode":"כִידוֹד","translit":"kîydôwd","definition":"from the same as {{h3589}} (compare {{h3539}}); properly, something struck off, i.e. a spark (as struck); spark.","strongs_number":"h3590"},"h3591":{"pronunciation":"kee-dohn'","unicode":"כִּידוֹן","translit":"kîydôwn","definition":"from the same as {{h3589}}; (perhaps smaller than {{h2595}}); properly, something to strike with, i.e. a dart; lance, shield, spear, target.","strongs_number":"h3591"},"h3592":{"pronunciation":"kee-dohn'","unicode":"כִּידוֹן","translit":"Kîydôwn","definition":"the same as {{h3591}}; Kidon, a place in Palestine; Chidon.","strongs_number":"h3592"},"h3593":{"pronunciation":"kee-dore'","unicode":"כִּידוֹר","translit":"kîydôwr","definition":"of uncertain derivation; perhaps tumult; battle.","strongs_number":"h3593"},"h3594":{"pronunciation":"kee-yoon'","unicode":"כִּיּוּן","translit":"Kîyûwn","definition":"from {{h3559}}; properly, a statue, i.e. idol; but used (by euphemism) for some heathen deity (perhaps corresponding to Priapus or Baal-peor); Chiun.","strongs_number":"h3594"},"h3595":{"pronunciation":"kee-yore'","unicode":"כִּיּוֹר","translit":"kîyôwr","definition":"or כִּיֹּר; from the same as {{h3564}}; properly, something round (as excavated or bored), i.e. a chafing-dish for coals or a caldron for cooking; hence (from similarity of form) a washbowl; also (for the same reason) a pulpit or platform; hearth, laver, pan, scaffold.","strongs_number":"h3595"},"h3596":{"pronunciation":"kee-lah'-ee","unicode":"כִּילַי","translit":"kîylay","definition":"or כֵּלַי; from {{h3557}} in the sense of withholding; niggardly; churl.","strongs_number":"h3596"},"h3597":{"pronunciation":"kay-laf'","unicode":"כֵּילַף","translit":"kêylaph","definition":"from an unused root meaning to clap or strike with noise; a club or sledge-hammer; hammer.","strongs_number":"h3597"},"h3598":{"pronunciation":"kee-maw'","unicode":"כִּימָה","translit":"Kîymâh","definition":"from the same as {{h3558}}; a cluster of stars, i.e. the Pleiades; Pleiades, seven stars.","strongs_number":"h3598"},"h3599":{"pronunciation":"keece","unicode":"כִּיס","translit":"kîyç","definition":"a form for {{h3563}}; a cup; also a bag for money or weights; bag, cup, purse.","strongs_number":"h3599"},"h3600":{"pronunciation":"keer","unicode":"כִּיר","translit":"kîyr","definition":"a form for {{h3564}} (only in the dual); a cooking range (consisting of two parallel stones, across which the boiler is set); ranges for pots.","strongs_number":"h3600"}}