{"h3701":{"pronunciation":"keh'-sef","unicode":"כֶּסֶף","translit":"keçeph","definition":"from {{h3700}}; silver (from its pale color); by implication, money; money, price, silver(-ling).","strongs_number":"h3701"},"h3702":{"pronunciation":"kes-af'","unicode":"כְּסַף","translit":"kᵉçaph","definition":"(Aramaic) corresponding to {{h3701}}; money, silver.","strongs_number":"h3702"},"h3703":{"pronunciation":"kaw-sif-yaw'","unicode":"כָּסִפְיָא","translit":"Kâçiphyâʼ","definition":"perhaps from {{h3701}}; silvery; Casiphja, a place in Babylon; Casiphia.","strongs_number":"h3703"},"h3704":{"pronunciation":"keh'-seth","unicode":"כֶּסֶת","translit":"keçeth","definition":"from {{h3680}}; a cushion or pillow (as covering a seat or bed); pillow.","strongs_number":"h3704"},"h3705":{"pronunciation":"keh-an'","unicode":"כְּעַן","translit":"kᵉʻan","definition":"(Aramaic) probably from {{h3652}}; now; now.","strongs_number":"h3705"},"h3706":{"pronunciation":"keh-eh'-neth","unicode":"כְּעֶנֶת","translit":"kᵉʻeneth","definition":"(Aramaic) or כְּעֶת; (Aramaic), feminine of {{h3705}}; thus (only in the formula 'and so forth'); at such a time.","strongs_number":"h3706"},"h3707":{"pronunciation":"kaw-as'","unicode":"כַּעַס","translit":"kaʻaç","definition":"a primitive root; to trouble; by implication, to grieve, rage, be indignant; be angry, be grieved, take indignation, provoke (to anger, unto wrath), have sorrow, vex, be wroth.","strongs_number":"h3707"},"h3708":{"pronunciation":"kah'-as","unicode":"כַּעַס","translit":"kaʻaç","definition":"or (in Job) כַּעַשׂ; from {{h3707}}; vexation; anger, angry, grief, indignation, provocation, provoking, × sore, sorrow, spite, wrath.","strongs_number":"h3708"},"h3709":{"pronunciation":"kaf","unicode":"כַּף","translit":"kaph","definition":"from {{h3721}}; the hollow hand or palm (so of the paw of an animal, of the sole, and even of the bowl of a dish or sling, the handle of a bolt, the leaves of a palm-tree); figuratively, power; branch,   foot, hand((-ful), -dle, (-led)), hollow, middle, palm, paw, power, sole, spoon.","strongs_number":"h3709"},"h3710":{"pronunciation":"kafe","unicode":"כֵּף","translit":"kêph","definition":"from {{h3721}}; a hollow rock; rock.","strongs_number":"h3710"},"h3711":{"pronunciation":"kaw-faw'","unicode":"כָּפָה","translit":"kâphâh","definition":"a primitive root; properly, to bend, i.e. (figuratively) to tame or subdue; pacify.","strongs_number":"h3711"},"h3712":{"pronunciation":"kip-paw'","unicode":"כִּפָּה","translit":"kippâh","definition":"feminine of {{h3709}}; a leaf of a palmtree; branch.","strongs_number":"h3712"},"h3713":{"pronunciation":"kef-ore'","unicode":"כְּפוֹר","translit":"kᵉphôwr","definition":"from {{h3722}}; properly, a cover, i.e. (by implication) a tankard (or covered goblet); also white frost (as covering the ground); bason, hoar(-y) frost.","strongs_number":"h3713"},"h3714":{"pronunciation":"kaw-fece'","unicode":"כָּפִיס","translit":"kâphîyç","definition":"from an unused root meaning to connect; a girder; beam.","strongs_number":"h3714"},"h3715":{"pronunciation":"kef-eer'","unicode":"כְּפִיר","translit":"kᵉphîyr","definition":"from {{h3722}}; a village (as covered in by walls); also a young lion (perhaps as covered with a mane); (young) lion, village. Compare {{h3723}}.","strongs_number":"h3715"},"h3716":{"pronunciation":"kef-ee-raw'","unicode":"כְּפִירָה","translit":"Kᵉphîyrâh","definition":"feminine of {{h3715}}; the village (always with the art.); Kephirah, a place in Palestine; Chephirah.","strongs_number":"h3716"},"h3717":{"pronunciation":"kaw-fal'","unicode":"כָּפַל","translit":"kâphal","definition":"a primitive root; to fold together; figuratively, to repeat; double.","strongs_number":"h3717"},"h3718":{"pronunciation":"keh'-fel","unicode":"כֶּפֶל","translit":"kephel","definition":"from {{h3717}}; a duplicate; double.","strongs_number":"h3718"},"h3719":{"pronunciation":"kaw-fan'","unicode":"כָּפַן","translit":"kâphan","definition":"a primitive root; to bend; bend.","strongs_number":"h3719"},"h3720":{"pronunciation":"kaw-fawn'","unicode":"כָּפָן","translit":"kâphân","definition":"from {{h3719}}; hunger (as making to stoop with emptiness and pain); famine.","strongs_number":"h3720"},"h3721":{"pronunciation":"kaw-faf'","unicode":"כָּפַף","translit":"kâphaph","definition":"a primitive root; to curve; bow down (self).","strongs_number":"h3721"},"h3722":{"pronunciation":"kaw-far'","unicode":"כָּפַר","translit":"kâphar","definition":"a primitive root; to cover (specifically with bitumen); figuratively, to expiate or condone, to placate or cancel; appease, make (an atonement, cleanse, disannul, forgive, be merciful, pacify, pardon, purge (away), put off, (make) reconcile(-liation).","strongs_number":"h3722"},"h3723":{"pronunciation":"kaw-fawr'","unicode":"כָּפָר","translit":"kâphâr","definition":"from {{h3722}}; a village (as protected by walls); village. Compare {{h3715}}.","strongs_number":"h3723"},"h3724":{"pronunciation":"ko'-fer","unicode":"כֹּפֶר","translit":"kôpher","definition":"from {{h3722}}; properly, a cover, i.e. (literally) a village (as covered in); (specifically) bitumen (as used for coating), and the henna plant (as used for dyeing); figuratively, a redemption-price; bribe, camphire, pitch, ransom, satisfaction, sum of money, village.","strongs_number":"h3724"},"h3725":{"pronunciation":"kip-poor'","unicode":"כִּפֻּר","translit":"kippur","definition":"from {{h3722}}; expiation (only in plural); atonement.","strongs_number":"h3725"},"h3726":{"pronunciation":"kef-ar' haw-am-monee'","unicode":"כְּפַר הָעַמּוֹנִי","translit":"Kᵉphar hâ-ʻAmmôwnîy","definition":"from {{h3723}} and {{h5984}}, with the article interposed; village of the Ammonite; Kefar-ha-Ammoni, a place in Palestine; Chefarhaamonai.","strongs_number":"h3726"},"h3727":{"pronunciation":"kap-po'-reth","unicode":"כַּפֹּרֶת","translit":"kappôreth","definition":"from {{h3722}}; a lid (used only of the cover of the sacred Ark); mercy seat.","strongs_number":"h3727"},"h3728":{"pronunciation":"kaw-fash'","unicode":"כָּפַשׁ","translit":"kâphash","definition":"a primitive root; to tread down; figuratively, to humiliate; cover.","strongs_number":"h3728"},"h3729":{"pronunciation":"kef-ath'","unicode":"כְּפַת","translit":"kᵉphath","definition":"(Aramaic) a root of uncertain correspondence; to fetter; bind.","strongs_number":"h3729"},"h3730":{"pronunciation":"kaf-tore'","unicode":"כַּפְתֹּר","translit":"kaphtôr","definition":"or (Amos 9:1) כַּפְתּוֹר; probably from an unused root meaning to encircle; a chaplet; but used only in an architectonic sense, i.e. the capital of a column, or a wreath-like button or disk on the candelabrum; knop, (upper) lintel.","strongs_number":"h3730"},"h3731":{"pronunciation":"kaf-tore'","unicode":"כַּפְתֹּר","translit":"Kaphtôr","definition":"or (Amos 9:7) כַּפְתּוֹר; apparently the same as {{h3730}}; Caphtor (i.e. a wreath-shaped island), the original seat of the Philistines; Caphtor.","strongs_number":"h3731"},"h3732":{"pronunciation":"kaf-to-ree'","unicode":"כַּפְתֹּרִי","translit":"Kaphtôrîy","definition":"patrial from {{h3731}}; a Caphtorite (collectively) or native of Caphtor; Caphthorim, Caphtorim(-s).","strongs_number":"h3732"},"h3733":{"pronunciation":"kar","unicode":"כַּר","translit":"kar","definition":"from {{h3769}} in the sense of plumpness; a ram (as full-grown and fat), including a battering-ram (as butting); hence, a meadow (as for sheep); also a pad or camel's saddle (as puffed out); captain, furniture, lamb, (large) pasture, ram. See also {{h1033}}, {{h3746}}.","strongs_number":"h3733"},"h3734":{"pronunciation":"kore","unicode":"כֹּר","translit":"kôr","definition":"from the same as {{h3564}}; properly, a deep round vessel, i.e. (specifically) a cor or measure for things dry; cor, measure. Aramaic the same.","strongs_number":"h3734"},"h3735":{"pronunciation":"kaw-raw'","unicode":"כָּרָא","translit":"Kârâʼ","definition":"(Aramaic) probably corresponding to {{h3738}} in the sense of piercing(figuratively); to grieve; be grieved.","strongs_number":"h3735"},"h3736":{"pronunciation":"kar-bale'","unicode":"כַּרְבֵּל","translit":"karbêl","definition":"from the same as {{h3525}}; to gird or clothe; clothed.","strongs_number":"h3736"},"h3737":{"pronunciation":"kar-bel-aw'","unicode":"כַּרְבְּלָא","translit":"karbᵉlâʼ","definition":"(Aramaic) from a verb corresponding to that of {{h3736}}; a mantle; hat.","strongs_number":"h3737"},"h3738":{"pronunciation":"kaw-raw'","unicode":"כָּרָה","translit":"kârâh","definition":"a primitive root; properly, to dig; figuratively, to plot; generally, to bore or open; dig, × make (a banquet), open.","strongs_number":"h3738"},"h3739":{"pronunciation":"kaw-raw'","unicode":"כָּרָה","translit":"kârâh","definition":"usually assigned as a primitive root, but probably only a special application of {{h3738}} (through the common idea of planning implied in a bargain); to purchase; buy, prepare.","strongs_number":"h3739"},"h3740":{"pronunciation":"kay-raw'","unicode":"כֵּרָה","translit":"kêrâh","definition":"from {{h3739}}; a purchase; provision.","strongs_number":"h3740"},"h3741":{"pronunciation":"kaw-raw'","unicode":"כָּרָה","translit":"kârâh","definition":"feminine of {{h3733}}; a meadow; cottage.","strongs_number":"h3741"},"h3742":{"pronunciation":"ker-oob'","unicode":"כְּרוּב","translit":"kᵉrûwb","definition":"of uncertain derivation; a cherub or imaginary figure; cherub, (plural) cherubims.","strongs_number":"h3742"},"h3743":{"pronunciation":"ker-oob'","unicode":"כְּרוּב","translit":"Kᵉrûwb","definition":"the same as {{h3742}}; Kerub, a place in Babylon; Cherub.","strongs_number":"h3743"},"h3744":{"pronunciation":"kaw-roze'","unicode":"כָּרוֹז","translit":"kârôwz","definition":"(Aramaic) from {{h3745}}; a herald; herald.","strongs_number":"h3744"},"h3745":{"pronunciation":"ker-az'","unicode":"כְּרַז","translit":"kᵉraz","definition":"(Aramaic) probably of Greek origin; to proclaim; make a proclamation.","strongs_number":"h3745"},"h3746":{"pronunciation":"kaw-ree'","unicode":"כָּרִי","translit":"kârîy","definition":"perhaps an abridged plural of {{h3733}} in the sense of leader (of the flock); a life-guardsman; captains, Cherethites (from the margin).","strongs_number":"h3746"},"h3747":{"pronunciation":"ker-eeth'","unicode":"כְּרִית","translit":"Kᵉrîyth","definition":"from {{h3772}}; a cut; Kerith, a brook of Palestine; Cherith.","strongs_number":"h3747"},"h3748":{"pronunciation":"ker-ee-thooth'","unicode":"כְּרִיתוּת","translit":"kᵉrîythûwth","definition":"from {{h3772}}; a cutting (of the matrimonial bond), i.e. divorce; divorce(-ment).","strongs_number":"h3748"},"h3749":{"pronunciation":"kar-kobe'","unicode":"כַּרְכֹּב","translit":"karkôb","definition":"expanded from the same as {{h3522}}; a rim or top margin; compass.","strongs_number":"h3749"},"h3750":{"pronunciation":"kar-kome'","unicode":"כַּרְכֹּם","translit":"karkôm","definition":"probably of foreign origin; the crocus; saffron.","strongs_number":"h3750"},"h3751":{"pronunciation":"kar-kem-eesh'","unicode":"כַּרְכְּמִישׁ","translit":"Karkᵉmîysh","definition":"of foreign derivation; Karkemish, a place in Syria; Carchemish.","strongs_number":"h3751"},"h3752":{"pronunciation":"kar-kas'","unicode":"כַּרְכַּס","translit":"Karkaç","definition":"of Persian origin; Karkas, a eunuch of Xerxes; Carcas.","strongs_number":"h3752"},"h3753":{"pronunciation":"kar-kaw-raw'","unicode":"כַּרְכָּרָה","translit":"karkârâh","definition":"from {{h3769}}; a dromedary (from its rapid motion as if dancing); swift beast.","strongs_number":"h3753"},"h3754":{"pronunciation":"keh'-rem","unicode":"כֶּרֶם","translit":"kerem","definition":"from an unused root of uncertain meaning; a garden or vineyard; vines, (increase of the) vineyard(-s), vintage. See also {{h1021}}.","strongs_number":"h3754"},"h3755":{"pronunciation":"ko-rame'","unicode":"כֹּרֵם","translit":"kôrêm","definition":"active participle of an imaginary denominative from {{h3754}}; a vinedresser; vine dresser (as one or two words).","strongs_number":"h3755"},"h3756":{"pronunciation":"kar-mee'","unicode":"כַּרְמִי","translit":"Karmîy","definition":"from {{h3754}}; gardener; Karmi, the name of three Israelites; Carmi.","strongs_number":"h3756"},"h3757":{"pronunciation":"kar-mee'","unicode":"כַּרְמִי","translit":"Karmîy","definition":"patronymically from {{h3756}}; a Karmite or descendant of Karmi; Carmites.","strongs_number":"h3757"},"h3758":{"pronunciation":"kar-mele'","unicode":"כַּרְמִיל","translit":"karmîyl","definition":"probably of foreign origin; carmine, a deep red; crimson.","strongs_number":"h3758"},"h3759":{"pronunciation":"kar-mel'","unicode":"כַּרְמֶל","translit":"karmel","definition":"from {{h3754}}; a planted field (garden, orchard, vineyard or park); by implication, garden produce; full (green) ears (of corn), fruitful field (place), plentiful (field).","strongs_number":"h3759"},"h3760":{"pronunciation":"kar-mel'","unicode":"כַּרְמֶל","translit":"Karmel","definition":"the same as {{h3759}}; Karmel, the name of a hill and of a town in Palestine; Carmel, fruitful (plentiful) field, (place).","strongs_number":"h3760"},"h3761":{"pronunciation":"kar-mel-ee'","unicode":"כַּרְמְלִי","translit":"Karmᵉlîy","definition":"patron from {{h3760}}; a Karmelite or inhabitant of Karmel (the town); Carmelite.","strongs_number":"h3761"},"h3762":{"pronunciation":"kar-mel-eeth'","unicode":"כַּרְמְלִית","translit":"Karmᵉlîyth","definition":"feminine of {{h3761}}; a Karmelitess or female inhabitant of Karmel; Carmelitess.","strongs_number":"h3762"},"h3763":{"pronunciation":"ker-awn'","unicode":"כְּרָן","translit":"Kᵉrân","definition":"of uncertain derivation; Keran, an aboriginal Idumaean; Cheran.","strongs_number":"h3763"},"h3764":{"pronunciation":"kor-say'","unicode":"כׇּרְסֵא","translit":"korçêʼ","definition":"(Aramaic) corresponding to {{h3678}}; a throne; throne.","strongs_number":"h3764"},"h3765":{"pronunciation":"kir-same'","unicode":"כִּרְסֵם","translit":"kirçêm","definition":"from {{h3697}}; to lay waste; waste.","strongs_number":"h3765"},"h3766":{"pronunciation":"kaw-rah'","unicode":"כָּרַע","translit":"kâraʻ","definition":"a primitive root; to bend the knee; by implication, to sink, to prostrate; bow (down, self), bring down (low), cast down, couch, fall, feeble, kneeling, sink, smite (stoop) down, subdue, × very.","strongs_number":"h3766"},"h3767":{"pronunciation":"kaw-raw'","unicode":"כָּרָע","translit":"kârâʻ","definition":"from {{h3766}}; the leg (from the knee to the ankle) of men or locusts (only in the dual); leg.","strongs_number":"h3767"},"h3768":{"pronunciation":"kar-pas'","unicode":"כַּרְפַּס","translit":"karpaç","definition":"of foreign origin; byssus or fine vegetable wool; green.","strongs_number":"h3768"},"h3769":{"pronunciation":"kaw-rar'","unicode":"כָּרַר","translit":"kârar","definition":"a primitive root; to dance (i.e. whirl); dance(-ing).","strongs_number":"h3769"},"h3770":{"pronunciation":"ker-ace'","unicode":"כְּרֵשׂ","translit":"kᵉrês","definition":"by variation from {{h7164}}; the paunch or belly (as swelling out); belly.","strongs_number":"h3770"},"h3771":{"pronunciation":"kar-shen-aw'","unicode":"כַּרְשְׁנָא","translit":"Karshᵉnâʼ","definition":"of foreign origin; Karshena, a courtier of Xerxes; Carshena.","strongs_number":"h3771"},"h3772":{"pronunciation":"kaw-rath'","unicode":"כָּרַת","translit":"kârath","definition":"a primitive root; to cut (off, down or asunder); by implication, to destroy or consume; specifically, to covenant (i.e. make an alliance or bargain, originally by cutting flesh and passing between the pieces); be chewed, be con-(feder-) ate, covenant, cut (down, off), destroy, fail, feller, be freed, hew (down), make a league (covenant), × lose, perish, × utterly, × want.","strongs_number":"h3772"},"h3773":{"pronunciation":"kaw-rooth-aw'","unicode":"כָּרֻתָה","translit":"kâruthâh","definition":"passive participle feminine of {{h3772}}; something cut, i.e. a hewn timber; beam.","strongs_number":"h3773"},"h3774":{"pronunciation":"ker-ay-thee'","unicode":"כְּרֵתִי","translit":"Kᵉrêthîy","definition":"probably from {{h3772}} in the sense of executioner; (compare {{h2876}}) (only collectively in the singular as plural); a Kerethite or life-guardsman; Cherethims, Cherethites.","strongs_number":"h3774"},"h3775":{"pronunciation":"keh'-seb","unicode":"כֶּשֶׂב","translit":"keseb","definition":"apparently by transposition for {{h3532}}; a young sheep; lamb.","strongs_number":"h3775"},"h3776":{"pronunciation":"kis-baw'","unicode":"כִּשְׂבָּה","translit":"kisbâh","definition":"feminine of {{h3775}}; a young ewe; lamb.","strongs_number":"h3776"},"h3777":{"pronunciation":"keh'-sed","unicode":"כֶּשֶׂד","translit":"Kesed","definition":"from an unused root of uncertain meaning; Kesed, a relative of Abraham; Chesed.","strongs_number":"h3777"},"h3778":{"pronunciation":"kas-dee'","unicode":"כַּשְׂדִּי","translit":"Kasdîy","definition":"(occasionally with enclitic) כַּשְׂדִּימָה; towards the Kasdites into Chaldea), patronymically from {{h3777}} (only in the plural); a Kasdite, or descendant of Kesed; by implication, a Chaldaean (as if so descended); also an astrologer (as if proverbial of that people; Chaldeans, Chaldees, inhabitants of Chaldea.","strongs_number":"h3778"},"h3779":{"pronunciation":"kas-dah'-ee","unicode":"כַּשְׂדַּי","translit":"Kasday","definition":"(Aramaic) corresponding to {{h3778}}; a Chaldaean or inhabitant of Chaldaea; by implication, a Magian or professional astrologer; Chaldean.","strongs_number":"h3779"},"h3780":{"pronunciation":"kaw-saw'","unicode":"כָּשָׂה","translit":"kâsâh","definition":"a primitive root; to grow fat (i.e. be covered with flesh); be covered. Compare {{h3680}}.","strongs_number":"h3780"},"h3781":{"pronunciation":"kash-sheel'","unicode":"כַּשִּׁיל","translit":"kashshîyl","definition":"from {{h3782}}; properly, a feller, i.e. an axe; ax.","strongs_number":"h3781"},"h3782":{"pronunciation":"kaw-shal'","unicode":"כָּשַׁל","translit":"kâshal","definition":"a primitive root; to totter or waver (through weakness of the legs, especially the ankle); by implication, to falter, stumble, faint or fall; bereave (from the margin), cast down, be decayed, (cause to) fail, (cause, make to) fall (down, -ing), feeble, be (the) ruin(-ed, of), (be) overthrown, (cause to) stumble, × utterly, be weak.","strongs_number":"h3782"},"h3783":{"pronunciation":"kish-shaw-lone'","unicode":"כִּשָּׁלוֹן","translit":"kishshâlôwn","definition":"from {{h3782}}; properly, a tottering, i.e. ruin; fall.","strongs_number":"h3783"},"h3784":{"pronunciation":"kaw-shaf'","unicode":"כָּשַׁף","translit":"kâshaph","definition":"a primitive root; properly, to whisper a spell, i.e. to inchant or practise magic; sorcerer, (use) witch(-craft).","strongs_number":"h3784"},"h3785":{"pronunciation":"keh'-shef","unicode":"כֶּשֶׁף","translit":"kesheph","definition":"from {{h3784}}; magic; sorcery, witchcraft.","strongs_number":"h3785"},"h3786":{"pronunciation":"kash-shawf'","unicode":"כַּשָּׁף","translit":"kashshâph","definition":"from {{h3784}}; a magician; sorcerer.","strongs_number":"h3786"},"h3787":{"pronunciation":"kaw-share'","unicode":"כָּשֵׁר","translit":"kâshêr","definition":"a primitive root properly, to be straight or right; by implication, to be acceptable; also to succeed or prosper; direct, be right, prosper.","strongs_number":"h3787"},"h3788":{"pronunciation":"kish-rone'","unicode":"כִּשְׁרוֹן","translit":"kishrôwn","definition":"from {{h3787}}; success, advantage; equity, good, right.","strongs_number":"h3788"},"h3789":{"pronunciation":"kaw-thab'","unicode":"כָּתַב","translit":"kâthab","definition":"a primitive root; to grave, by implication, to write (describe, inscribe, prescribe, subscribe); describe, record, prescribe, subscribe, write(-ing, -ten).","strongs_number":"h3789"},"h3790":{"pronunciation":"keth-ab'","unicode":"כְּתַב","translit":"kᵉthab","definition":"(Aramaic) corresponding to {{h3789}}; write(-ten).","strongs_number":"h3790"},"h3791":{"pronunciation":"kaw-thawb'","unicode":"כָּתָב","translit":"kâthâb","definition":"from {{h3789}}; something written, i.e. a writing, record or book; register, scripture, writing.","strongs_number":"h3791"},"h3792":{"pronunciation":"keth-awb'","unicode":"כְּתָב","translit":"kᵉthâb","definition":"(Aramaic) corresponding to {{h3791}}; prescribing, writing(-ten).","strongs_number":"h3792"},"h3793":{"pronunciation":"keth-o'-beth","unicode":"כְּתֹבֶת","translit":"kᵉthôbeth","definition":"from {{h3789}}; a letter or other mark branded on the skin; × any (mark).","strongs_number":"h3793"},"h3794":{"pronunciation":"kit-tee'","unicode":"כִּתִּי","translit":"Kittîy","definition":"or כִּתִּיִּי; patrial from an unused name denoting Cyprus (only in the plural); a Kittite or Cypriote; hence, an islander in general, i.e. the Greeks or Romans on the shores opposite Palestine; Chittim, Kittim.","strongs_number":"h3794"},"h3795":{"pronunciation":"kaw-theeth'","unicode":"כָּתִית","translit":"kâthîyth","definition":"from {{h3807}}; beaten, i.e. pure (oil); beaten.","strongs_number":"h3795"},"h3796":{"pronunciation":"ko'-thel","unicode":"כֹּתֶל","translit":"kôthel","definition":"from an unused root meaning to compact; a wall (as gathering inmates); wall.","strongs_number":"h3796"},"h3797":{"pronunciation":"keth-al'","unicode":"כְּתַל","translit":"kᵉthal","definition":"(Aramaic) corresponding to {{h3796}}; wall.","strongs_number":"h3797"},"h3798":{"pronunciation":"kith-leesh'","unicode":"כִּתְלִישׁ","translit":"Kithlîysh","definition":"from {{h3796}} and {{h376}}; wall of a man; Kithlish, a place in Palestine; Kithlish.","strongs_number":"h3798"},"h3799":{"pronunciation":"kaw-tham'","unicode":"כָּתַם","translit":"kâtham","definition":"a primitive root; properly, to carve or engrave, i.e. (by implication) to inscribe indelibly; mark.","strongs_number":"h3799"},"h3800":{"pronunciation":"keh'-them","unicode":"כֶּתֶם","translit":"kethem","definition":"from {{h3799}}; properly, something carved out, i.e. ore; hence, gold (pure as originally mined); ((most) fine, pure) gold(-en wedge).","strongs_number":"h3800"}}