{"h3901":{"pronunciation":"law-khem'","unicode":"לָחֶם","translit":"lâchem","definition":"from {{h3898}},; battle; war.","strongs_number":"h3901"},"h3902":{"pronunciation":"lakh-mee'","unicode":"לַחְמִי","translit":"Lachmîy","definition":"from {{h3899}}; foodful; (or perhaps erroneous transcription) for {{h1022}}; Lachmi, an Israelite; or rather probably a brief form; Lahmi. See also {{h3433}}.","strongs_number":"h3902"},"h3903":{"pronunciation":"lakh-maws'","unicode":"לַחְמָס","translit":"Lachmâç","definition":"probably by erroneous transcription for לַחְמָם; from {{h3899}}; food-like; Lachmam or Lachmas, a place in Palestine; Lahmam.","strongs_number":"h3903"},"h3904":{"pronunciation":"lekh-ay-naw'","unicode":"לְחֵנָה","translit":"lᵉchênâh","definition":"(Aramaic) from an unused root of uncertain meaning; a concubine; concubine.","strongs_number":"h3904"},"h3905":{"pronunciation":"law-khats'","unicode":"לָחַץ","translit":"lâchats","definition":"a primitive root; properly, to press, i.e. (figuratively) to distress; afflict, crush, force, hold fast, oppress(-or), thrust self.","strongs_number":"h3905"},"h3906":{"pronunciation":"lakh'-ats","unicode":"לַחַץ","translit":"lachats","definition":"from {{h3905}}; distress; affliction, oppression.","strongs_number":"h3906"},"h3907":{"pronunciation":"law-khash'","unicode":"לָחַשׁ","translit":"lâchash","definition":"a primitive root; to whisper; by implication, to mumble a spell (as a magician); charmer, whisper (together).","strongs_number":"h3907"},"h3908":{"pronunciation":"lakh'-ash","unicode":"לַחַשׁ","translit":"lachash","definition":"from {{h3907}}; properly, a whisper, i.e. by implication, (in a good sense) a private prayer, (in a bad one) an incantation; concretely, an amulet; charmed, earring, enchantment, orator, prayer.","strongs_number":"h3908"},"h3909":{"pronunciation":"lawt","unicode":"לָט","translit":"lâṭ","definition":"a form of {{h3814}} or else participle from {{h3874}}; properly, covered, i.e. secret; by implication, incantation; also secrecy or (adverb) covertly; enchantment, privily, secretly, softly.","strongs_number":"h3909"},"h3910":{"pronunciation":"lote","unicode":"לֹט","translit":"lôṭ","definition":"probably from {{h3874}}; a gum (from its sticky nature), probably ladanum; myrrh.","strongs_number":"h3910"},"h3911":{"pronunciation":"let-aw-aw'","unicode":"לְטָאָה","translit":"lᵉṭâʼâh","definition":"from an unused root meaning to hide; a kind of lizard (from its covert habits); lizard.","strongs_number":"h3911"},"h3912":{"pronunciation":"let-oo-sheem'","unicode":"לְטוּשִׁם","translit":"Lᵉṭûwshim","definition":"masculine plural of passive participle of {{h3913}}; hammered (i.e. oppressed) ones; Letushim, an Arabian tribe; Letushim.","strongs_number":"h3912"},"h3913":{"pronunciation":"law-tash'","unicode":"לָטַשׁ","translit":"lâṭash","definition":"a primitive root; properly, to hammer out (an edge), i.e. to sharpen; instructer, sharp(-en), whet.","strongs_number":"h3913"},"h3914":{"pronunciation":"lo-yaw'","unicode":"לֹיָה","translit":"lôyâh","definition":"a form of {{h3880}}; a wreath; addition.","strongs_number":"h3914"},"h3915":{"pronunciation":"lah'-yil","unicode":"לַיִל","translit":"layil","definition":"or (Isaiah 21:11) לֵיל; also לַיְלָה; from the same as {{h3883}}; properly, a twist (away of the light), i.e. night; figuratively, adversity; (mid-)night (season).","strongs_number":"h3915"},"h3916":{"pronunciation":"lay-leh-yaw'","unicode":"לֵילְיָא","translit":"lêylᵉyâʼ","definition":"(Aramaic) corresponding to {{h3815}}; night.","strongs_number":"h3916"},"h3917":{"pronunciation":"lee-leeth'","unicode":"לִילִית","translit":"lîylîyth","definition":"from {{h3915}}; a night spectre; screech owl.","strongs_number":"h3917"},"h3918":{"pronunciation":"lah'-yish","unicode":"לַיִשׁ","translit":"layish","definition":"from {{h3888}} in the sense of crushing; a lion (from his destructive blows); (old) lion.","strongs_number":"h3918"},"h3919":{"pronunciation":"lah'-yish","unicode":"לַיִשׁ","translit":"Layish","definition":"the same as {{h3918}}; Laish, the name of two places in Palestine; Laish. Compare {{h3889}}.","strongs_number":"h3919"},"h3920":{"pronunciation":"law-kad'","unicode":"לָכַד","translit":"lâkad","definition":"a primitive root; to catch (in a net, trap or pit); generally, to capture or occupy; also to choose (by lot); figuratively, to cohere; × at all, catch (self), be frozen, be holden, stick together, take.","strongs_number":"h3920"},"h3921":{"pronunciation":"leh'ked","unicode":"לֶכֶד","translit":"leked","definition":"from {{h3920}}; something to capture with, i.e. a noose; being taken.","strongs_number":"h3921"},"h3922":{"pronunciation":"lay-kaw'","unicode":"לֵכָה","translit":"lêkâh","definition":"from {{h3212}}; a journey; Lekah, a place in Palestine; Lecah.","strongs_number":"h3922"},"h3923":{"pronunciation":"law-keesh'","unicode":"לָכִישׁ","translit":"Lâkîysh","definition":"from an unused root of uncertain meaning; Lakish, a place in Palestine; Lachish.","strongs_number":"h3923"},"h3924":{"pronunciation":"loo-law-aw'","unicode":"לֻלָאָה","translit":"lulâʼâh","definition":"from the same as {{h3883}}; a loop; loop.","strongs_number":"h3924"},"h3925":{"pronunciation":"law-mad'","unicode":"לָמַד","translit":"lâmad","definition":"a primitive root; properly, to goad, i.e. (by implication) to teach (the rod being an Oriental incentive); (un-) accustomed, × diligently, expert, instruct, learn, skilful, teach(-er, -ing).","strongs_number":"h3925"},"h3926":{"pronunciation":"lem-o'","unicode":"לְמוֹ","translit":"lᵉmôw","definition":"a prolonged and separable form of the prepositional prefix; to or for; at, for, to, upon.","strongs_number":"h3926"},"h3927":{"pronunciation":"lem-oo-ale'","unicode":"לְמוּאֵל","translit":"Lᵉmûwʼêl","definition":"or לְמוֹאֵל; from {{h3926}} and {{h410}}; (belonging) to God; Lemuel or Lemoel, a symbolic name of Solomon; Lemuel.","strongs_number":"h3927"},"h3928":{"pronunciation":"lim-mood'","unicode":"לִמּוּד","translit":"limmûwd","definition":"or לִמֻּד; from {{h3925}}; instructed; accustomed, disciple, learned, taught, used.","strongs_number":"h3928"},"h3929":{"pronunciation":"leh'-mek","unicode":"לֶמֶךְ","translit":"Lemek","definition":"from an unused root of uncertain meaning; Lemek, the name of two antediluvian patriarchs; Lamech.","strongs_number":"h3929"},"h3930":{"pronunciation":"lo'ah","unicode":"לֹעַ","translit":"lôaʻ","definition":"from {{h3886}}; the gullet; throat.","strongs_number":"h3930"},"h3931":{"pronunciation":"law-ab'","unicode":"לָעַב","translit":"lâʻab","definition":"a primitive root; to deride; mock.","strongs_number":"h3931"},"h3932":{"pronunciation":"law-ag'","unicode":"לָעַג","translit":"lâʻag","definition":"a primitive root; to deride; by implication (as if imitating a foreigner) to speak unintelligibly; have in derision, laugh (to scorn), mock (on), stammering.","strongs_number":"h3932"},"h3933":{"pronunciation":"lah'-ag","unicode":"לַעַג","translit":"laʻag","definition":"from {{h3932}}; derision, scoffing; derision, scorn (-ing).","strongs_number":"h3933"},"h3934":{"pronunciation":"law-ayg'","unicode":"לָעֵג","translit":"lâʻêg","definition":"from {{h3932}}; a buffoon; also a foreigner; mocker, stammering.","strongs_number":"h3934"},"h3935":{"pronunciation":"lah-daw'","unicode":"לַעְדָּה","translit":"Laʻdâh","definition":"from an unused root of uncertain meaning; Ladah, an Israelite; Laadah.","strongs_number":"h3935"},"h3936":{"pronunciation":"lah-dawn'","unicode":"לַעְדָּן","translit":"Laʻdân","definition":"from the same as {{h3935}}; Ladan, the name of two Israelites; Laadan.","strongs_number":"h3936"},"h3937":{"pronunciation":"law-az'","unicode":"לָעַז","translit":"lâʻaz","definition":"a primitive root; to speak in a foreign tongue; strange language.","strongs_number":"h3937"},"h3938":{"pronunciation":"law-at'","unicode":"לָעַט","translit":"lâʻaṭ","definition":"a primitive root; to swallow greedily; causatively, to feed; feed.","strongs_number":"h3938"},"h3939":{"pronunciation":"lah-an-aw'","unicode":"לַעֲנָה","translit":"laʻănâh","definition":"from an unused root supposed to mean to curse; wormwood (regarded as poisonous, and therefore accursed); hemlock, wormwood.","strongs_number":"h3939"},"h3940":{"pronunciation":"lap-peed'","unicode":"לַפִּיד","translit":"lappîyd","definition":"or לַפִּד; from an unused root probably meaning to shine; a flambeau, lamp or flame; (fire-) brand, (burning) lamp, lightning, torch.","strongs_number":"h3940"},"h3941":{"pronunciation":"lap-pee-doth'","unicode":"לַפִּידוֹת","translit":"Lappîydôwth","definition":"feminine plural of {{h3940}}; Lappidoth, the husband of Deborah; Lappidoth.","strongs_number":"h3941"},"h3942":{"pronunciation":"lif-nah'ee","unicode":"לִפְנַי","translit":"liphnay","definition":"from the prepositional prefix (to or for) and {{h6440}}; anterior; before.","strongs_number":"h3942"},"h3943":{"pronunciation":"law-fath'","unicode":"לָפַת","translit":"lâphath","definition":"a primitive root; properly, to bend, i.e. (by implication) to clasp; also (reflexively) to turn around or aside; take hold, turn aside (self).","strongs_number":"h3943"},"h3944":{"pronunciation":"law-tsone'","unicode":"לָצוֹן","translit":"lâtsôwn","definition":"from {{h3887}}; derision; scornful(-ning).","strongs_number":"h3944"},"h3945":{"pronunciation":"law-tsats'","unicode":"לָצַץ","translit":"lâtsats","definition":"a primitive root; to deride; scorn.","strongs_number":"h3945"},"h3946":{"pronunciation":"lak-koom'","unicode":"לַקּוּם","translit":"Laqqûwm","definition":"from an unused root thought to mean to stop up by a barricade; perhaps fortification; Lakkum, a place in Palestine; Lakum.","strongs_number":"h3946"},"h3947":{"pronunciation":"law-kakh'","unicode":"לָקַח","translit":"lâqach","definition":"a primitive root; to take (in the widest variety of applications); accept, bring, buy, carry away, drawn, fetch, get, infold, × many, mingle, place, receive(-ing), reserve, seize, send for, take (away, -ing, up), use, win.","strongs_number":"h3947"},"h3948":{"pronunciation":"leh'-kakh","unicode":"לֶקַח","translit":"leqach","definition":"from {{h3947}}; properly, something received, i.e. (mentally) instruction (whether on the part of the teacher or hearer); also (in an active and sinister sense) inveiglement; doctrine, learning, fair speech.","strongs_number":"h3948"},"h3949":{"pronunciation":"lik-khee'","unicode":"לִקְחִי","translit":"Liqchîy","definition":"from {{h3947}}; learned; Likchi, an Israelite; Likhi.","strongs_number":"h3949"},"h3950":{"pronunciation":"law-kat'","unicode":"לָקַט","translit":"lâqaṭ","definition":"a primitive root; properly, to pick up, i.e. (generally) to gather; specifically, to glean; gather (up), glean.","strongs_number":"h3950"},"h3951":{"pronunciation":"leh'-ket","unicode":"לֶקֶט","translit":"leqeṭ","definition":"from {{h3950}}; the gleaning; gleaning.","strongs_number":"h3951"},"h3952":{"pronunciation":"law-kak'","unicode":"לָקַק","translit":"lâqaq","definition":"a primitive root; to lick or lap; lap, lick.","strongs_number":"h3952"},"h3953":{"pronunciation":"law-kash'","unicode":"לָקַשׁ","translit":"lâqash","definition":"a primitive root; to gather the after crop; gather.","strongs_number":"h3953"},"h3954":{"pronunciation":"leh'-kesh","unicode":"לֶקֶשׁ","translit":"leqesh","definition":"from {{h3953}}; the after crop; latter growth.","strongs_number":"h3954"},"h3955":{"pronunciation":"lesh-ad'","unicode":"לְשַׁד","translit":"lᵉshad","definition":"from an unused root of uncertain meaning; apparently juice, i.e.; (figuratively) vigor; also a sweet or fat cake; fresh, moisture.","strongs_number":"h3955"},"h3956":{"pronunciation":"law-shone'","unicode":"לָשׁוֹן","translit":"lâshôwn","definition":"or לָשֹׁן; also (in plural) feminine לְשֹׁנָה; from {{h3960}}; the tongue (of man or animals), used literally (as the instrument of licking, eating, or speech), and figuratively (speech, an ingot, a fork of flame, a cove of water); babbler, bay,   evil speaker, language, talker, tongue, wedge.","strongs_number":"h3956"},"h3957":{"pronunciation":"lish-kaw'","unicode":"לִשְׁכָּה","translit":"lishkâh","definition":"from an unused root of uncertain meaning; a room in a building (whether for storage, eating, or lodging); chamber, parlour. Compare {{h5393}}.","strongs_number":"h3957"},"h3958":{"pronunciation":"leh'-shem","unicode":"לֶשֶׁם","translit":"leshem","definition":"from an unused root of uncertain meaning; a gem, perhaps the jacinth; ligure.","strongs_number":"h3958"},"h3959":{"pronunciation":"leh'-shem","unicode":"לֶשֶׁם","translit":"Leshem","definition":"the same as {{h3958}}; Leshem, a place in Palestine; Leshem.","strongs_number":"h3959"},"h3960":{"pronunciation":"law-shan'","unicode":"לָשַׁן","translit":"lâshan","definition":"a primitive root; properly, to lick; but used only as a denominative from {{h3956}}; to wag the tongue, i.e. to calumniate; accuse, slander.","strongs_number":"h3960"},"h3961":{"pronunciation":"lish-shawn'","unicode":"לִשָּׁן","translit":"lishshân","definition":"(Aramaic) corresponding to {{h3956}}; speech, i.e. a nation; language.","strongs_number":"h3961"},"h3962":{"pronunciation":"leh'-shah","unicode":"לֶשַׁע","translit":"Leshaʻ","definition":"from an unused root thought to mean to break through; a boiling spring; Lesha, a place probably East of the Jordan; Lasha.","strongs_number":"h3962"},"h3963":{"pronunciation":"leh'-thek","unicode":"לֶתֶךְ","translit":"lethek","definition":"from an unused root of uncertain meaning; a measure for things dry; half homer.","strongs_number":"h3963"},"h3964":{"pronunciation":"maw","unicode":"מָא","translit":"mâʼ","definition":"(Aramaic) corresponding to {{h4100}}; (as indefinitely) that; + what.","strongs_number":"h3964"},"h3965":{"pronunciation":"mah-ab-ooce'","unicode":"מַאֲבוּס","translit":"maʼăbûwç","definition":"from {{h75}}; a granary; storehouse.","strongs_number":"h3965"},"h3966":{"pronunciation":"meh-ode'","unicode":"מְאֹד","translit":"mᵉʼôd","definition":"from the same as {{h181}}; properly, vehemence, i.e. (with or without preposition) vehemently; by implication, wholly, speedily, etc. (often with other words as an intensive or superlative; especially when repeated); diligently, especially, exceeding(-ly), far, fast, good, great(-ly), × louder and louder, might(-ily, -y), (so) much, quickly, (so) sore, utterly, very (  much, sore), well.","strongs_number":"h3966"},"h3967":{"pronunciation":"may-aw'","unicode":"מֵאָה","translit":"mêʼâh","definition":"or מֵאיָה; properly, a primitive numeral; a hundred; also as a multiplicative and a fraction; hundred((-fold), -th),   sixscore.","strongs_number":"h3967"},"h3968":{"pronunciation":"may-aw'","unicode":"מֵאָה","translit":"Mêʼâh","definition":"the same as {{h3967}}; Meah, a tower in Jerusalem; Meah.","strongs_number":"h3968"},"h3969":{"pronunciation":"meh-aw'","unicode":"מְאָה","translit":"mᵉʼâh","definition":"(Aramaic) corresponding to {{h3967}}; properly, a primitive numeral; a hundred; also as a multiplicative and a fraction}; hundred.","strongs_number":"h3969"},"h3970":{"pronunciation":"mah-av-ah'ee","unicode":"מַאֲוַי","translit":"maʼăvay","definition":"from {{h183}}; a desire; desire.","strongs_number":"h3970"},"h3971":{"pronunciation":"moom","unicode":"מאוּם","translit":"mʼûwm","definition":"usually מוּם; as if passive participle from an unused root probably meaning to stain; a blemish (physically or morally); blemish, blot, spot.","strongs_number":"h3971"},"h3972":{"pronunciation":"meh-oo'-maw","unicode":"מְאוּמָה","translit":"mᵉʼûwmâh","definition":"apparently a form of {{h3971}}; properly, a speck or point, i.e. (by implication) something; with negative, nothing; fault,   no(-ught), ought, somewhat, any (no-)thing.","strongs_number":"h3972"},"h3973":{"pronunciation":"maw-oce'","unicode":"מָאוֹס","translit":"mâʼôwç","definition":"from {{h3988}}; refuse; refuse.","strongs_number":"h3973"},"h3974":{"pronunciation":"maw-ore'","unicode":"מָאוֹר","translit":"mâʼôwr","definition":"or מָאֹר; also (in plural) feminine מְאוֹרָה; or מְאֹרָה; from {{h215}}; properly, a luminous body or luminary, i.e. (abstractly) light (as an element); figuratively, brightness, i.e.cheerfulness; specifically, a chandelier; bright, light.","strongs_number":"h3974"},"h3975":{"pronunciation":"meh-oo-raw'","unicode":"מְאוּרָה","translit":"mᵉʼûwrâh","definition":"feminine passive participle of {{h215}}; something lighted, i.e. an aperture; by implication, a crevice or hole (of a serpent); den.","strongs_number":"h3975"},"h3976":{"pronunciation":"mo-zane'","unicode":"מֹאזֵן","translit":"môʼzên","definition":"from {{h239}}; (only in the dual) a pair of scales; balances.","strongs_number":"h3976"},"h3977":{"pronunciation":"mo-zane'","unicode":"מֹאזֵן","translit":"môʼzên","definition":"(Aramaic) corresponding to {{h3976}}; balances.","strongs_number":"h3977"},"h3978":{"pronunciation":"mah-ak-awl'","unicode":"מַאֲכָל","translit":"maʼăkâl","definition":"from {{h398}}; an eatable (includ. provender, flesh and fruit); food, fruit, (bake-)meat(-s), victual.","strongs_number":"h3978"},"h3979":{"pronunciation":"mah-ak-eh'-leth","unicode":"מַאֲכֶלֶת","translit":"maʼăkeleth","definition":"from {{h398}}; something to eat with, i.e. a knife; knife.","strongs_number":"h3979"},"h3980":{"pronunciation":"mah-ak-o'-leth","unicode":"מַאֲכֹלֶת","translit":"maʼăkôleth","definition":"from {{h398}}; something eaten (by fire), i.e. fuel; fuel.","strongs_number":"h3980"},"h3981":{"pronunciation":"mah-am-awts'","unicode":"מַאֲמָץ","translit":"maʼămâts","definition":"from {{h553}}; strength, i.e. (plural) resources; force.","strongs_number":"h3981"},"h3982":{"pronunciation":"mah-am-ar'","unicode":"מַאֲמַר","translit":"maʼămar","definition":"from {{h559}}; something (authoritatively) said, i.e. an edict; commandment, decree.","strongs_number":"h3982"},"h3983":{"pronunciation":"may-mar'","unicode":"מֵאמַר","translit":"mêʼmar","definition":"(Aramaic) corresponding to {{h3982}}; appointment, word.","strongs_number":"h3983"},"h3984":{"pronunciation":"mawn","unicode":"מָאן","translit":"mâʼn","definition":"(Aramaic) probably from a root corresponding to {{h579}} in the sense of an inclosure by sides; a utensil; vessel.","strongs_number":"h3984"},"h3985":{"pronunciation":"maw-ane'","unicode":"מָאֵן","translit":"mâʼên","definition":"a primitive root; to refuse; refuse, × utterly.","strongs_number":"h3985"},"h3986":{"pronunciation":"maw-ane'","unicode":"מָאֵן","translit":"mâʼên","definition":"from {{h3985}}; unwilling; refuse.","strongs_number":"h3986"},"h3987":{"pronunciation":"may-ane'","unicode":"מֵאֵן","translit":"mêʼên","definition":"from {{h3985}}; refractory; refuse.","strongs_number":"h3987"},"h3988":{"pronunciation":"maw-as'","unicode":"מָאַס","translit":"mâʼaç","definition":"a primitive root; to spurn; also (intransitively) to disappear; abhor, cast away (off), contemn, despise, disdain, (become) loathe(some), melt away, refuse, reject, reprobate, × utterly, vile person.","strongs_number":"h3988"},"h3989":{"pronunciation":"mah-af-eh'","unicode":"מַאֲפֶה","translit":"maʼăpheh","definition":"from {{h644}}; something baked, i.e. a batch; baken.","strongs_number":"h3989"},"h3990":{"pronunciation":"mah-af-ale'","unicode":"מַאֲפֵל","translit":"maʼăphêl","definition":"from the same as {{h651}}; something opaque; darkness.","strongs_number":"h3990"},"h3991":{"pronunciation":"mah-af-ay-leh-yaw'","unicode":"מַאְפֵלְיָה","translit":"maʼphêlᵉyâh","definition":"prolonged feminine of {{h3990}}; opaqueness; darkness.","strongs_number":"h3991"},"h3992":{"pronunciation":"maw-ar'","unicode":"מָאַר","translit":"mâʼar","definition":"a primitive root; to be bitter or (causatively) to embitter, i.e. be painful; fretting, picking.","strongs_number":"h3992"},"h3993":{"pronunciation":"mah-ar-awb'","unicode":"מַאֲרָב","translit":"maʼărâb","definition":"from {{h693}}; an ambuscade; lie in ambush, ambushment, lurking place, lying in wait.","strongs_number":"h3993"},"h3994":{"pronunciation":"meh-ay-raw'","unicode":"מְאֵרָה","translit":"mᵉʼêrâh","definition":"from {{h779}}; an execration; curse.","strongs_number":"h3994"},"h3995":{"pronunciation":"mib-daw-law'","unicode":"מִבְדָּלָה","translit":"mibdâlâh","definition":"from {{h914}}; a separation, i.e. (concretely) a separate place; separate.","strongs_number":"h3995"},"h3996":{"pronunciation":"maw-bo'","unicode":"מָבוֹא","translit":"mâbôwʼ","definition":"from {{h935}}; (with or without {{h8121}}); an entrance (the place or the act); specifically sunset or the west; also (adverb with preposition) towards; by which came, as cometh, in coming, as men enter into, entering, entrance into, entry, where goeth, going down,   westward. Compare {{h4126}}.","strongs_number":"h3996"},"h3997":{"pronunciation":"meb-o-aw'","unicode":"מְבוֹאָה","translit":"mᵉbôwʼâh","definition":"feminine of {{h3996}}; a haven; entry.","strongs_number":"h3997"},"h3998":{"pronunciation":"meb-oo-kaw'","unicode":"מְבוּכָה","translit":"mᵉbûwkâh","definition":"from {{h943}}; perplexity; perplexity.","strongs_number":"h3998"},"h3999":{"pronunciation":"mab-bool'","unicode":"מַבּוּל","translit":"mabbûwl","definition":"from {{h2986}} in the sense of flowing; a deluge; flood.","strongs_number":"h3999"},"h4000":{"pronunciation":"maw-bone'","unicode":"מָבוֹן","translit":"mâbôwn","definition":"from {{h995}}; instructing; taught.","strongs_number":"h4000"}}