{"h401":{"pronunciation":"oo-kawl'","unicode":"אֻכָל","translit":"ʼUkâl","definition":"or אֻכָּל; apparently from {{h398}}; devoured; Ucal, a fancy name; Ucal.","strongs_number":"h401"},"h402":{"pronunciation":"ok-law'","unicode":"אׇכְלָה","translit":"ʼoklâh","definition":"feminine of {{h401}}; food; consume, devour, eat, food, meat.","strongs_number":"h402"},"h403":{"pronunciation":"aw-kane'","unicode":"אָכֵן","translit":"ʼâkên","definition":"from {{h3559}} (compare {{h3651}}); firmly; figuratively, surely; also (adversative) but; but, certainly, nevertheless, surely, truly, verily.","strongs_number":"h403"},"h404":{"pronunciation":"aw-kaf'","unicode":"אָכַף","translit":"ʼâkaph","definition":"a primitive root; apparently meaning to curve (as with a burden); to urge; crave.","strongs_number":"h404"},"h405":{"pronunciation":"eh'-kef","unicode":"אֶכֶף","translit":"ʼekeph","definition":"from {{h404}}; a load; by implication, a stroke (others dignity); hand.","strongs_number":"h405"},"h406":{"pronunciation":"ik-kawr'","unicode":"אִכָּר","translit":"ʼikkâr","definition":"from an unused root meaning to dig; a farmer; husbandman, ploughman.","strongs_number":"h406"},"h407":{"pronunciation":"ak-shawf'","unicode":"אַכְשָׁף","translit":"ʼAkshâph","definition":"from {{h3784}}; fascination; Acshaph, a place in Palestine; Achshaph.","strongs_number":"h407"},"h408":{"pronunciation":"al","unicode":"אַל","translit":"ʼal","definition":"a negative particle (akin to {{h3808}}); not (the qualified negation, used as a deprecative); once (Job 24:25) as a noun, nothing; nay, neither, + never, no, nor, not, nothing (worth), rather than.","strongs_number":"h408"},"h409":{"pronunciation":"al","unicode":"אַל","translit":"ʼal","definition":"(Aramaic) corresponding to {{h408}}; not.","strongs_number":"h409"},"h410":{"pronunciation":"ale","unicode":"אֵל","translit":"ʼêl","definition":"shortened from {{h352}}; strength; as adjective, mighty; especially the Almighty (but used also of any deity); God (god), × goodly, × great, idol, might(-y one), power, strong. Compare names in '-el.'","strongs_number":"h410"},"h411":{"pronunciation":"ale","unicode":"אֵל","translit":"ʼêl","definition":"a demonstrative particle (but only in a plural sense); these or those; these, those. Compare {{h428}}.","strongs_number":"h411"},"h412":{"pronunciation":"ale","unicode":"אֵל","translit":"ʼêl","definition":"(Aramaic) corresponding to {{h411}}; these.","strongs_number":"h412"},"h413":{"pronunciation":"ale","unicode":"אֵל","translit":"ʼêl","definition":"(but only used in the shortened constructive form אֶל ); a primitive particle; properly, denoting motion towards, but occasionally used of a quiescent position, i.e.; near, with or among; often in general, to; about, according to, after, against, among, as for, at, because(-fore, -side), both...and, by, concerning, for, from, × hath, in(-to), near, (out) of, over, through, to(-ward), under, unto, upon, whether, with(-in).","strongs_number":"h413"},"h414":{"pronunciation":"ay-law'","unicode":"אֵלָא","translit":"ʼÊlâʼ","definition":"a variation of {{h424}}; oak; Ela, an Israelite; Elah.","strongs_number":"h414"},"h415":{"pronunciation":"ale el-o-hay' yis-rawale'","unicode":"אֵל אֱלֹהֵי יִשְׂרָאֵל","translit":"ʼÊl ʼĕlôhêy Yisrâʼêl","definition":"from {{h410}} and {{h430}} and {{h3478}}; the mighty god if Jisrael; El-Elohi-Jisrael, the title given to a consecrated spot by Jacob; Elelohe-israel.","strongs_number":"h415"},"h416":{"pronunciation":"ale bayth-ale'","unicode":"אֵל בֵּית־אֵל","translit":"ʼÊl Bêyth-ʼÊl","definition":"from {{h410}} and {{h1008}}; the God of Bethel; El-Bethel, the title given to a consecrated spot by Jacob; El-beth-el.","strongs_number":"h416"},"h417":{"pronunciation":"el-gaw-beesh'","unicode":"אֶלְגָּבִישׁ","translit":"ʼelgâbîysh","definition":"from {{h410}} and {{h1378}}; hail (as if a great pearl); great hail(-stones).","strongs_number":"h417"},"h418":{"pronunciation":"al-goom-meem'","unicode":"אַלְגּוּמִּים","translit":"ʼalgûwmmîym","definition":"by transposition for {{h484}}; sticks of algum wood; algum (trees).","strongs_number":"h418"},"h419":{"pronunciation":"el-dad'","unicode":"אֶלְדָּד","translit":"ʼEldâd","definition":"from {{h410}} and {{h1730}}; God has loved; Eldad, an Israelite; Eldad.","strongs_number":"h419"},"h420":{"pronunciation":"el-daw-aw'","unicode":"אֶלְדָּעָה","translit":"ʼEldâʻâh","definition":"from {{h410}} and {{h3045}}; God of knowledge; Eldaah, a son of Midian; Eldaah.","strongs_number":"h420"},"h421":{"pronunciation":"aw-law'","unicode":"אָלָה","translit":"ʼâlâh","definition":"a primitive root (rather identical with {{h422}} through the idea of invocation); to bewail; lament.","strongs_number":"h421"},"h422":{"pronunciation":"aw-law'","unicode":"אָלָה","translit":"ʼâlâh","definition":"a primitive root; properly, to adjure, i.e. (usually in a bad sense) imprecate; adjure, curse, swear.","strongs_number":"h422"},"h423":{"pronunciation":"aw-law'","unicode":"אָלָה","translit":"ʼâlâh","definition":"from {{h422}}; an imprecation; curse, cursing, execration, oath, swearing.","strongs_number":"h423"},"h424":{"pronunciation":"ay-law'","unicode":"אֵלָה","translit":"ʼêlâh","definition":"feminine of {{h352}}; an oak or other strong tree; elm, oak, teil-tree.","strongs_number":"h424"},"h425":{"pronunciation":"ay-law'","unicode":"אֵלָה","translit":"ʼÊlâh","definition":"the same as {{h424}}; Elah, the name of an Edomite, of four Israelites, and also of a place in Palestine; Elah.","strongs_number":"h425"},"h426":{"pronunciation":"el-aw'","unicode":"אֱלָהּ","translit":"ʼĕlâhh","definition":"(Aramaic) corresponding to {{h433}}; God; God, god.","strongs_number":"h426"},"h427":{"pronunciation":"al-law'","unicode":"אַלָּה","translit":"ʼallâh","definition":"A variation of {{h424}}; oak.","strongs_number":"h427"},"h428":{"pronunciation":"ale'-leh","unicode":"אֵלֶּה","translit":"ʼêl-leh","definition":"prolonged from {{h411}}; these or those; an-(the) other; one sort, so, some, such, them, these (same), they, this, those, thus, which, who(-m).","strongs_number":"h428"},"h429":{"pronunciation":"ale'-leh","unicode":"אֵלֶּה","translit":"ʼêlleh","definition":"(Aramaic) corresponding to {{h428}}; these.","strongs_number":"h429"},"h430":{"pronunciation":"el-o-heem'","unicode":"אֱלֹהִים","translit":"ʼĕlôhîym","definition":"plural of {{h433}}; gods in the ordinary sense; but specifically used (in the plural thus, especially with the article) of the supreme God; occasionally applied by way of deference to magistrates; and sometimes as a superlative; angels, × exceeding, God (gods) (-dess, -ly), × (very) great, judges, × mighty.","strongs_number":"h430"},"h431":{"pronunciation":"al-oo'","unicode":"אֲלוּ","translit":"ʼălûw","definition":"(Aramaic) probably prolonged from {{h412}}; lo!; behold.","strongs_number":"h431"},"h432":{"pronunciation":"il-loo'","unicode":"אִלּוּ","translit":"ʼillûw","definition":"probably from {{h408}}; nay, i.e. (softened) if; but if, yea though.","strongs_number":"h432"},"h433":{"pronunciation":"el-o'-ah","unicode":"אֱלוֹהַּ","translit":"ʼĕlôwahh","definition":"rarely (shortened) אֱלֹהַּ; probably prolonged (emphatic) from {{h410}}; a deity or the Deity; God, god. See {{h430}}.","strongs_number":"h433"},"h434":{"pronunciation":"el-ool'","unicode":"אֱלוּל","translit":"ʼĕlûwl","definition":"for {{h457}}; good for nothing; thing of nought.","strongs_number":"h434"},"h435":{"pronunciation":"el-ool'","unicode":"אֱלוּל","translit":"ʼĔlûwl","definition":"probably of foreign derivation; Elul, the sixth Jewish month; Elul.","strongs_number":"h435"},"h436":{"pronunciation":"ay-lone'","unicode":"אֵלוֹן","translit":"ʼêlôwn","definition":"prolonged from {{h352}}; an oak or other strong tree; plain. See also {{h356}}.","strongs_number":"h436"},"h437":{"pronunciation":"al-lone'","unicode":"אַלּוֹן","translit":"ʼallôwn","definition":"a variation of {{h436}}; oak.","strongs_number":"h437"},"h438":{"pronunciation":"al-lone'","unicode":"אַלּוֹן","translit":"ʼAllôwn","definition":"the same as {{h437}}; Allon, an Israelite, also a place in Palestine; Allon.","strongs_number":"h438"},"h439":{"pronunciation":"al-lone' baw-kooth'","unicode":"אַלּוֹן בָּכוּת","translit":"ʼAllôwn Bâkûwth","definition":"from {{h437}} and a variation of {{h1068}}; oak of weeping; Allon-Bakuth, a monumental tree; Allon-bachuth.","strongs_number":"h439"},"h440":{"pronunciation":"ay-lo-nee'","unicode":"אֵלוֹנִי","translit":"ʼÊlôwnîy","definition":"or rather (shortened) אֵלֹנִי; patron from {{h438}}; an Elonite or descendant (collectively) of Elon; Elonites.","strongs_number":"h440"},"h441":{"pronunciation":"al-loof'","unicode":"אַלּוּף","translit":"ʼallûwph","definition":"or (shortened) אַלֻּף; from {{h502}}; familiar; a friend, also gentle; hence, a bullock (as being tame; applied, although masculine, to a cow); and so, a chieftain (as notable, like neat cattle); captain, duke, (chief) friend, governor, guide, ox.","strongs_number":"h441"},"h442":{"pronunciation":"aw-loosh'","unicode":"אָלוּשׁ","translit":"ʼÂlûwsh","definition":"of uncertain derivation; Alush, a place in the Desert; Alush.","strongs_number":"h442"},"h443":{"pronunciation":"el-zaw-bawd'","unicode":"אֶלְזָבָד","translit":"ʼElzâbâd","definition":"from {{h410}} and {{h2064}}; God has bestowed; Elzabad, the name of two Israelites; Elzabad.","strongs_number":"h443"},"h444":{"pronunciation":"aw-lakh'","unicode":"אָלַח","translit":"ʼâlach","definition":"a primitive root; to muddle, i.e. (figuratively and intransitive) to turn (morally) corrupt; become filthy.","strongs_number":"h444"},"h445":{"pronunciation":"el-khaw-nawn'","unicode":"אֶלְחָנָן","translit":"ʼElchânân","definition":"from {{h410}} and {{h2603}}; God (is) gracious; Elchanan, an Israelite; Elkanan.","strongs_number":"h445"},"h446":{"pronunciation":"el-ee-awb'","unicode":"אֱלִיאָב","translit":"ʼĔlîyʼâb","definition":"from {{h410}} and {{h1}}; God of (his) father; Eliab, the name of six Israelites; Eliab.","strongs_number":"h446"},"h447":{"pronunciation":"el-ee-ale'","unicode":"אֱלִיאֵל","translit":"ʼĔlîyʼêl","definition":"from {{h410}} repeated; God of (his) God; Eliel, the name of nine Israelites; Eliel.","strongs_number":"h447"},"h448":{"pronunciation":"el-ee-aw-thaw'","unicode":"אֱלִיאָתָה","translit":"ʼĔlîyʼâthâh","definition":"or (contraction) אֱלִיָּתָה; from {{h410}} and {{h225}}; God of (his) consent; Eliathah, an Israelite; Eliathah.","strongs_number":"h448"},"h449":{"pronunciation":"el-ee-dawd'","unicode":"אֱלִידָד","translit":"ʼĔlîydâd","definition":"from the same as {{h419}}; God of (his) love; Elidad, an Israelite; Elidad.","strongs_number":"h449"},"h450":{"pronunciation":"el-yaw-daw'","unicode":"אֶלְיָדָע","translit":"ʼElyâdâʻ","definition":"from {{h410}} and {{h3045}}; God (is) knowing; Eljada, the name of two Israelites and of an Aramaean leader; Eliada.","strongs_number":"h450"},"h451":{"pronunciation":"al-yaw'","unicode":"אַלְיָה","translit":"ʼalyâh","definition":"from {{h422}} (in the original sense of strength); the stout part, i.e. the fat tail of the Oriental sheep; rump.","strongs_number":"h451"},"h452":{"pronunciation":"ay-lee-yaw'","unicode":"אֵלִיָּה","translit":"ʼÊlîyâh","definition":"or prolonged אֵלִיָּהוּ; from {{h410}} and {{h3050}}; God of Jehovah; Elijah, the name of the famous prophet and of two other Israelites; Elijah, Eliah.","strongs_number":"h452"},"h453":{"pronunciation":"el-ee-hoo'","unicode":"אֱלִיהוּ","translit":"ʼĔlîyhûw","definition":"or (fully) אֱלִיהוּא; from {{h410}} and {{h1931}}; God of him; Elihu, the name of one of Job's friends, and of three Israelites; Elihu.","strongs_number":"h453"},"h454":{"pronunciation":"el-ye-ho-ay-nah'ee","unicode":"אֶלְיְהוֹעֵינַי","translit":"ʼElyᵉhôwʻêynay","definition":"or (shortened) אֶלְיוֹעֵינַי; from {{h413}} and {{h3068}} and {{h5869}}; towards Jehovah (are) my eyes; Eljehoenai or Eljoenai, the name of seven Israelites; Elihoenai, Elionai.","strongs_number":"h454"},"h455":{"pronunciation":"el-yakh-baw'","unicode":"אֶלְיַחְבָּא","translit":"ʼElyachbâʼ","definition":"from {{h410}} and {{h2244}}; God will hide; Eljachba, an Israelite; Eliahbah.","strongs_number":"h455"},"h456":{"pronunciation":"el-ee-kho'-ref","unicode":"אֱלִיחֹרֶף","translit":"ʼĔlîychôreph","definition":"from {{h410}} and {{h2779}}; God of autumn; Elichoreph, an Israelite; Elihoreph.","strongs_number":"h456"},"h457":{"pronunciation":"el-eel'","unicode":"אֱלִיל","translit":"ʼĕlîyl","definition":"apparently from {{h408}}; good for nothing, by analogy vain or vanity; specifically an idol; idol, no value, thing of nought.","strongs_number":"h457"},"h458":{"pronunciation":"el-ee-meh'-lek","unicode":"אֱלִימֶלֶךְ","translit":"ʼĔlîymelek","definition":"from {{h410}} and {{h4428}}; God of (the) king; Elimelek, an Israelite; Elimelech.","strongs_number":"h458"},"h459":{"pronunciation":"il-lane'","unicode":"אִלֵּין","translit":"ʼillêyn","definition":"(Aramaic) or shorter אִלֵּן; prolonged from {{h412}}; these; the, these.","strongs_number":"h459"},"h460":{"pronunciation":"el-yaw-sawf'","unicode":"אֶלְיָסָף","translit":"ʼElyâçâph","definition":"from {{h410}} and {{h3254}}; God (is) gatherer; Eljasaph, the name of two Israelites; Eliasaph.","strongs_number":"h460"},"h461":{"pronunciation":"el-ee-eh'-zer","unicode":"אֱלִיעֶזֶר","translit":"ʼĔlîyʻezer","definition":"from {{h410}} and {{h5828}}; God of help; Eliezer, the name of a Damascene and of ten Israelites; Eliezer.","strongs_number":"h461"},"h462":{"pronunciation":"el-ee-ay-nah'ee","unicode":"אֱלִיעֵינַי","translit":"ʼĔlîyʻêynay","definition":"probably contracted for {{h454}}; Elienai, an Israelite; Elienai.","strongs_number":"h462"},"h463":{"pronunciation":"el-ee-awm'","unicode":"אֱלִיעָם","translit":"ʼĔlîyʻâm","definition":"from {{h410}} and {{h5971}}; God of (the) people; Eliam, an Israelite; Eliam.","strongs_number":"h463"},"h464":{"pronunciation":"el-ee-faz'","unicode":"אֱלִיפַז","translit":"ʼĔlîyphaz","definition":"from {{h410}} and {{h6337}}; God of gold; Eliphaz, the name of one of Job's friends, and of a son of Esau; Eliphaz.","strongs_number":"h464"},"h465":{"pronunciation":"el-ee-fawl'","unicode":"אֱלִיפָל","translit":"ʼĔlîyphâl","definition":"from {{h410}} and {{h6419}}; God of judgment; Eliphal, an Israelite; Eliphal.","strongs_number":"h465"},"h466":{"pronunciation":"el-ee-fe-lay'-hoo","unicode":"אֱלִיפְלֵהוּ","translit":"ʼĔlîyphᵉlêhûw","definition":"from {{h410}} and {{h6395}}; God of his distinction; Eliphelehu, an Israelite; Elipheleh.","strongs_number":"h466"},"h467":{"pronunciation":"el-ee-feh'-let","unicode":"אֱלִיפֶלֶט","translit":"ʼĔlîypheleṭ","definition":"or (shortened) אֱלְפֶּלֶט; from {{h410}} and {{h6405}}; God of deliverance; Eliphelet or Elpelet, the name of six Israelites; Eliphalet, Eliphelet, Elpalet.","strongs_number":"h467"},"h468":{"pronunciation":"el-ee-tsoor'","unicode":"אֱלִיצוּר","translit":"ʼĔlîytsûwr","definition":"from {{h410}} and {{h6697}}; God of (the) rock; Elitsur, an Israelite; Elizur.","strongs_number":"h468"},"h469":{"pronunciation":"el-ee-tsaw-fawn'","unicode":"אֱלִיצָפָן","translit":"ʼĔlîytsâphân","definition":"or (shortened) אֶלְצָפָן; from {{h410}} and {{h6845}}; God of treasure; Elitsaphan or Eltsaphan, an Israelite; Elizaphan, Elzaphan.","strongs_number":"h469"},"h470":{"pronunciation":"el-ee-kaw'","unicode":"אֱלִיקָא","translit":"ʼĔlîyqâʼ","definition":"from {{h410}} and {{h6958}}; God of rejection; Elika, an Israelite; Elika.","strongs_number":"h470"},"h471":{"pronunciation":"el-yaw-keem'","unicode":"אֶלְיָקִים","translit":"ʼElyâqîym","definition":"from {{h410}} and {{h6965}}; God of raising; Eljakim, the name of four Israelites; Eliakim.","strongs_number":"h471"},"h472":{"pronunciation":"el-ee-sheh'-bah","unicode":"אֱלִישֶׁבַע","translit":"ʼĔlîyshebaʻ","definition":"from {{h410}} and {{h7651}} (in the sense of {{h7650}}); God of (the) oath; Elisheba, the wife of Aaron; Elisheba.","strongs_number":"h472"},"h473":{"pronunciation":"el-ee-shaw'","unicode":"אֱלִישָׁה","translit":"ʼĔlîyshâh","definition":"probably of foreign derivation; Elishah, a son of Javan; Elishah.","strongs_number":"h473"},"h474":{"pronunciation":"el-ee-shoo'-ah","unicode":"אֱלִישׁוּעַ","translit":"ʼĔlîyshûwaʻ","definition":"from {{h410}} and {{h7769}}; God of supplication (or of riches); Elishua, the son of King David; Elishua.","strongs_number":"h474"},"h475":{"pronunciation":"el-yaw-sheeb'","unicode":"אֶלְיָשִׁיב","translit":"ʼElyâshîyb","definition":"from {{h410}} and {{h7725}}; God will restore; Eljashib, the name of six Israelites; Eliashib.","strongs_number":"h475"},"h476":{"pronunciation":"el-ee-shaw-maw'","unicode":"אֱלִישָׁמָע","translit":"ʼĔlîyshâmâʻ","definition":"from {{h410}} and {{h8085}}; God of hearing; Elishama, the name of seven Israelites; Elishama.","strongs_number":"h476"},"h477":{"pronunciation":"el-ee-shaw'","unicode":"אֱלִישָׁע","translit":"ʼĔlîyshâʻ","definition":"contracted for {{h474}}.; Elisha, the famous prophet; Elisha.","strongs_number":"h477"},"h478":{"pronunciation":"el-ee-shaw-fawt'","unicode":"אֱלִישָׁפָט","translit":"ʼĔlîyshâphâṭ","definition":"from {{h410}} and {{h8199}}; God of judgment; Elishaphat, an Israelite; Elishaphat.","strongs_number":"h478"},"h479":{"pronunciation":"il-lake'","unicode":"אִלֵּךְ","translit":"ʼillêk","definition":"(Aramaic) prolonged from {{h412}}; these; these, those.","strongs_number":"h479"},"h480":{"pronunciation":"al-le-lah'ee","unicode":"אַלְלַי","translit":"ʼalᵉlay","definition":"by reduplication from {{h421}}; alas!; woe.","strongs_number":"h480"},"h481":{"pronunciation":"aw-lam'","unicode":"אָלַם","translit":"ʼâlam","definition":"a primitive root; to tie fast; hence (of the mouth) to be tongue-tied; bind, be dumb, put to silence.","strongs_number":"h481"},"h482":{"pronunciation":"ay'-lem","unicode":"אֵלֶם","translit":"ʼêlem","definition":"from {{h481}}; silence (i.e. mute justice); congregation. Compare {{h3128}}.","strongs_number":"h482"},"h483":{"pronunciation":"il-lame'","unicode":"אִלֵּם","translit":"ʼillêm","definition":"from {{h481}}; speechless; dumb (man).","strongs_number":"h483"},"h484":{"pronunciation":"al-moog-gheem'","unicode":"אַלְמֻגִּים","translit":"ʼalmuggîym","definition":"probably of foreign derivation (used thus only in the plural); almug (i.e. probably sandle-wood) sticks; almug trees. Compare {{h418}}.","strongs_number":"h484"},"h485":{"pronunciation":"al-oom-maw'","unicode":"אֲלֻמָּה","translit":"ʼălummâh","definition":"or (masculine) אָלֻם; passive participle of {{h481}}; something bound; a sheaf; sheaf.","strongs_number":"h485"},"h486":{"pronunciation":"al-mo-dawd'","unicode":"אַלְמוֹדָד","translit":"ʼAlmôwdâd","definition":"probably of foreign derivation; Almodad, a son of Joktan; Almodad.","strongs_number":"h486"},"h487":{"pronunciation":"al-lam-meh'-lek","unicode":"אַלַּמֶּלֶךְ","translit":"ʼAllammelek","definition":"from {{h427}} and {{h4428}}; oak of (the) king; Allammelek, a place in Palestine; Alammelech.","strongs_number":"h487"},"h488":{"pronunciation":"al-mawn'","unicode":"אַלְמָן","translit":"ʼalmân","definition":"prolonged from {{h481}} in the sense of bereavement; discarded (as a divorced person); forsaken.","strongs_number":"h488"},"h489":{"pronunciation":"al-mone'","unicode":"אַלְמֹן","translit":"ʼalmôn","definition":"from {{h481}} as in {{h488}}; bereavement; widowhood.","strongs_number":"h489"},"h490":{"pronunciation":"al-maw-naw'","unicode":"אַלְמָנָה","translit":"ʼalmânâh","definition":"feminine of {{h488}}; a widow; also a desolate place; desolate house (palace), widow.","strongs_number":"h490"},"h491":{"pronunciation":"al-maw-nooth'","unicode":"אַלְמָנוּת","translit":"ʼalmânûwth","definition":"feminine of {{h488}}; concrete, a widow; abstract, widowhood; widow, widowhood.","strongs_number":"h491"},"h492":{"pronunciation":"al-mo-nee'","unicode":"אַלְמֹנִי","translit":"ʼalmônîy","definition":"from {{h489}} in the sense of concealment; some one (i.e. so and so, without giving the name of the person or place); one, and such.","strongs_number":"h492"},"h493":{"pronunciation":"el-nah'-am","unicode":"אֶלְנַעַם","translit":"ʼElnaʻam","definition":"from {{h410}} and {{h5276}}; God (is his) delight; Elnaam, an Israelite; Elnaam.","strongs_number":"h493"},"h494":{"pronunciation":"el-naw-thawn'","unicode":"אֶלְנָתָן","translit":"ʼElnâthân","definition":"from {{h410}} and {{h5414}}; God (is the) giver; Elnathan, the name of four Israelites; Elnathan.","strongs_number":"h494"},"h495":{"pronunciation":"el-law-sawr'","unicode":"אֶלָּסָר","translit":"ʼEllâçâr","definition":"probably of foreign derivation; Ellasar, an early country of Asia; Ellasar.","strongs_number":"h495"},"h496":{"pronunciation":"el-awd'","unicode":"אֶלְעָד","translit":"ʼElʻâd","definition":"from {{h410}} and {{h5749}}; God has testified; Elad, an Israelite; Elead.","strongs_number":"h496"},"h497":{"pronunciation":"el-aw-daw'","unicode":"אֶלְעָדָה","translit":"ʼElʻâdâh","definition":"from {{h410}} and {{h5710}}; God has decked; Eladah, an Israelite; Eladah.","strongs_number":"h497"},"h498":{"pronunciation":"el-oo-zah'ee","unicode":"אֶלְעוּזַי","translit":"ʼElʻûwzay","definition":"from {{h410}} and {{h5756}} (in the sense of {{h5797}}); God (is) defensive; Eluzai, an Israelite; Eluzai.","strongs_number":"h498"},"h499":{"pronunciation":"el-aw-zawr'","unicode":"אֶלְעָזָר","translit":"ʼElʻâzâr","definition":"from {{h410}} and {{h5826}}; God (is) helper; Elazar, the name of seven Israelites; Eleazar.","strongs_number":"h499"},"h500":{"pronunciation":"el-aw-lay'","unicode":"אֶלְעָלֵא","translit":"ʼElʻâlêʼ","definition":"or (more properly) אֶלְעָלֵה; from {{h410}} and {{h5927}}; God (is) going up; Elale or Elaleh, a place east of the Jordan; Elealeh.","strongs_number":"h500"}}