{"h4101":{"pronunciation":"maw","unicode":"מָה","translit":"mâh","definition":"(Aramaic) corresponding to {{h4100}}; how great (mighty), that which, what(-soever), why.","strongs_number":"h4101"},"h4102":{"pronunciation":"maw-hah'","unicode":"מָהַהּ","translit":"mâhahh","definition":"apparently a denominative from {{h4100}}; properly, to question or hesitate, i.e. (by implication) to be reluctant; delay, linger, stay selves, tarry.","strongs_number":"h4102"},"h4103":{"pronunciation":"meh-hoo-maw'","unicode":"מְהוּמָה","translit":"mᵉhûwmâh","definition":"from {{h1949}}; confusion or uproar; destruction, discomfiture, trouble, tumult, vexation, vexed.","strongs_number":"h4103"},"h4104":{"pronunciation":"meh-hoo-mawn'","unicode":"מְהוּמָן","translit":"Mᵉhûwmân","definition":"of Persian origin; Mehuman, a eunuch of Xerxes; Mehuman.","strongs_number":"h4104"},"h4105":{"pronunciation":"meh-hay-tab-ale'","unicode":"מְהֵיטַבְאֵל","translit":"Mᵉhêyṭabʼêl","definition":"from {{h3190}} (augmented) and {{h410}}; bettered of God; Mehetabel, the name of an Edomitish man and woman; Mehetabeel, Mehetabel.","strongs_number":"h4105"},"h4106":{"pronunciation":"maw-here'","unicode":"מָהִיר","translit":"mâhîyr","definition":"or מָהִר; from {{h4116}}; quick; hence, skilful; diligent, hasty, ready.","strongs_number":"h4106"},"h4107":{"pronunciation":"maw-hal'","unicode":"מָהַל","translit":"mâhal","definition":"a primitive root; properly, to cut down or reduce, i.e. by implication, to adulterate; mixed.","strongs_number":"h4107"},"h4108":{"pronunciation":"mah-lake'","unicode":"מַהְלֵךְ","translit":"mahlêk","definition":"from {{h1980}}; a walking (plural collectively), i.e. access; place to walk.","strongs_number":"h4108"},"h4109":{"pronunciation":"mah-hal-awk'","unicode":"מַהֲלָךְ","translit":"mahălâk","definition":"from {{h1980}}; a walk, i.e. a passage or a distance; journey, walk.","strongs_number":"h4109"},"h4110":{"pronunciation":"mah-hal-awl'","unicode":"מַהֲלָל","translit":"mahălâl","definition":"from {{h1984}}; fame; praise.","strongs_number":"h4110"},"h4111":{"pronunciation":"mah-hal-al-ale'","unicode":"מַהֲלַלְאֵל","translit":"Mahălalʼêl","definition":"from {{h4110}} and {{h410}}; praise of God; Mahalalel, the name of an antediluvian patriarch and of an Israelite; Mahalaleel.","strongs_number":"h4111"},"h4112":{"pronunciation":"mah-hal-oom-maw'","unicode":"מַהֲלֻמָּה","translit":"mahălummâh","definition":"from {{h1986}}; a blow; stripe, stroke.","strongs_number":"h4112"},"h4113":{"pronunciation":"mah-ham-o-raw'","unicode":"מַהֲמֹרָה","translit":"mahămôrâh","definition":"from an unused root of uncertain meaning; perhaps an abyss; deep pit.","strongs_number":"h4113"},"h4114":{"pronunciation":"mah-pay-kaw'","unicode":"מַהְפֵּכָה","translit":"mahpêkâh","definition":"from {{h2015}}; a destruction; when...overthrew, overthrow(-n).","strongs_number":"h4114"},"h4115":{"pronunciation":"mah-peh'-keth","unicode":"מַהְפֶּכֶת","translit":"mahpeketh","definition":"from {{h2015}}; a wrench, i.e. the stocks; prison, stocks.","strongs_number":"h4115"},"h4116":{"pronunciation":"maw-har'","unicode":"מָהַר","translit":"mâhar","definition":"a primitive root; properly, to be liquid or flow easily, i.e. (by implication); to hurry (in a good or a bad sense); often used (with another verb) adverbially, promptly; be carried headlong, fearful, (cause to make, in, make) haste(-n, -ily), (be) hasty, (fetch, make ready) × quickly, rash, × shortly, (be so) × soon, make speed, × speedily, × straightway, × suddenly, swift.","strongs_number":"h4116"},"h4117":{"pronunciation":"maw-har'","unicode":"מָהַר","translit":"mâhar","definition":"a primitive root (perhaps rather the same as {{h4116}} through the idea of readiness in assent); to bargain (for a wife), i.e. to wed; endow, × surely.","strongs_number":"h4117"},"h4118":{"pronunciation":"mah-hare'","unicode":"מַהֵר","translit":"mahêr","definition":"from {{h4116}}; properly, hurrying; hence (adverbially) in a hurry; hasteth, hastily, at once, quickly, soon, speedily, suddenly.","strongs_number":"h4118"},"h4119":{"pronunciation":"mo'-har","unicode":"מֹהַר","translit":"môhar","definition":"from {{h4117}}; a price (for a wife); dowry.","strongs_number":"h4119"},"h4120":{"pronunciation":"meh-hay-raw'","unicode":"מְהֵרָה","translit":"mᵉhêrâh","definition":"feminine of {{h4118}}; properly, a hurry; hence (adverbially) promptly; hastily, quickly, shortly, soon, make (with) speed(-ily), swiftly.","strongs_number":"h4120"},"h4121":{"pronunciation":"mah-har-ah'-ee","unicode":"מַהֲרַי","translit":"Mahăray","definition":"from {{h4116}}; hasty; Maharai, an Israelite; Maharai.","strongs_number":"h4121"},"h4122":{"pronunciation":"mah-hare' shaw-lawl' khawsh baz","unicode":"מַהֵר שָׁלָל חָשׁ בַּז","translit":"Mahêr Shâlâl Châsh Baz","definition":"from {{h4118}} and {{h7998}} and {{h2363}} and {{h957}}; hasting (is he (the enemy) to the) booty, swift (to the) prey; Maher-Shalal-Chash-Baz; the symbolical name of the son of Isaiah; Maher-sha-lal-bash-baz.","strongs_number":"h4122"},"h4123":{"pronunciation":"mah-hath-al-law'","unicode":"מַהֲתַלָּה","translit":"mahăthallâh","definition":"from {{h2048}}; a delusion; deceit.","strongs_number":"h4123"},"h4124":{"pronunciation":"mo-awb","unicode":"מוֹאָב","translit":"Môwʼâb","definition":"from a prolonged form of the prepositional prefix m- and {{h1}}; from (her [the mother's]) father; Moab, an incestuous son of Lot; also his territory and descendants; Moab.","strongs_number":"h4124"},"h4125":{"pronunciation":"mo-aw-bee'","unicode":"מוֹאָבִי","translit":"Môwʼâbîy","definition":"feminine מוֹאָבִיָּה; or מוֹאָבִיתxlit Môwâbîyth corrected to Môwʼâbîyth; patronymical from {{h4124}}; a Moabite or Moabitess, i.e. a descendant from Moab; (woman) of Moab, Moabite(-ish, -ss).","strongs_number":"h4125"},"h4126":{"pronunciation":"mo-baw'","unicode":"מוֹבָא","translit":"môwbâʼ","definition":"by transp. for {{h3996}}; an entrance; coming.","strongs_number":"h4126"},"h4127":{"pronunciation":"moog","unicode":"מוּג","translit":"mûwg","definition":"a primitive root; to melt, i.e. literally (to soften, flow down, disappear), or figuratively (to fear, faint); consume, dissolve, (be) faint(-hearted), melt (away), make soft.","strongs_number":"h4127"},"h4128":{"pronunciation":"mood","unicode":"מוּד","translit":"mûwd","definition":"a primitive root; to shake; measure.","strongs_number":"h4128"},"h4129":{"pronunciation":"mo-dah'","unicode":"מוֹדַע","translit":"môwdaʻ","definition":"or rather מֹדָע; from {{h3045}}; an acquaintance; kinswoman.","strongs_number":"h4129"},"h4130":{"pronunciation":"mo-dah'-ath","unicode":"מוֹדַעַת","translit":"môwdaʻath","definition":"from {{h3045}}; acquaintance; kindred.","strongs_number":"h4130"},"h4131":{"pronunciation":"mote","unicode":"מוֹט","translit":"môwṭ","definition":"a primitive root; to waver; by implication, to slip, shake, fall; be carried, cast, be out of course, be fallen in decay, × exceedingly, fall(-ing down), be (re-) moved, be ready, shake, slide, slip.","strongs_number":"h4131"},"h4132":{"pronunciation":"mote","unicode":"מוֹט","translit":"môwṭ","definition":"from {{h4131}}; a wavering, i.e. fall; by implication, a pole (as shaking); hence, a yoke (as essentially a bent pole); bar, be moved, staff, yoke.","strongs_number":"h4132"},"h4133":{"pronunciation":"mo-taw'","unicode":"מוֹטָה","translit":"môwṭâh","definition":"feminine of {{h4132}}; a pole; by implication, an ox-bow; hence, a yoke (either literal or figurative); bands, heavy, staves, yoke.","strongs_number":"h4133"},"h4134":{"pronunciation":"mook","unicode":"מוּךְ","translit":"mûwk","definition":"a primitive root; to become thin, i.e. (figuratively) be impoverished; be (waxen) poor(-er).","strongs_number":"h4134"},"h4135":{"pronunciation":"mool","unicode":"מוּל","translit":"mûwl","definition":"a primitive root; to cut short, i.e. curtail (specifically the prepuce, i.e. to circumcise); by implication, to blunt; figuratively, to destroy; circumcise(-ing), selves), cut down (in pieces), destroy, × must needs.","strongs_number":"h4135"},"h4136":{"pronunciation":"mool","unicode":"מוּל","translit":"mûwl","definition":"or מוֹל; (Deuteronomy 1:1), or מוֹאל; (Nehemiah 12:38), or מֻל; (Numbers 22:5), from {{h4135}}; properly, abrupt, i.e. a precipice; by implication, the front; used only adverbially (with prepositional prefix) opposite; (over) against, before, (fore-) front, from, (God-) ward, toward, with.","strongs_number":"h4136"},"h4137":{"pronunciation":"mo-law-daw'","unicode":"מוֹלָדָה","translit":"Môwlâdâh","definition":"from {{h3205}}; birth; Moladah, a place in Palestine; Moladah.","strongs_number":"h4137"},"h4138":{"pronunciation":"mo-leh'-deth","unicode":"מוֹלֶדֶת","translit":"môwledeth","definition":"from {{h3205}}; nativity (plural birth-place); by implication, lineage, native country; also offspring, family; begotten, born, issue, kindred, native(-ity).","strongs_number":"h4138"},"h4139":{"pronunciation":"moo-law'","unicode":"מוּלָה","translit":"mûwlâh","definition":"from {{h4135}}; circumcision; circumcision.","strongs_number":"h4139"},"h4140":{"pronunciation":"mo-leed'","unicode":"מוֹלִיד","translit":"Môwlîyd","definition":"from {{h3205}}; genitor; Molid, an Israelite; Molid.","strongs_number":"h4140"},"h4141":{"pronunciation":"moo-sawb'","unicode":"מוּסָב","translit":"mûwçâb","definition":"from {{h5437}}; a turn, i.e. circuit (of a building); winding about.","strongs_number":"h4141"},"h4142":{"pronunciation":"moo-sab-baw'","unicode":"מוּסַבָּה","translit":"mûwçabbâh","definition":"or מֻסַבָּה; feminine of {{h4141}}; a reversal, i.e. the backside (of a gem), fold (of a double-leaved door), transmutation (of a name); being changed, inclosed, be set, turning.","strongs_number":"h4142"},"h4143":{"pronunciation":"moo-sawd'","unicode":"מוּסָד","translit":"mûwçâd","definition":"from {{h3245}}; a foundation; foundation.","strongs_number":"h4143"},"h4144":{"pronunciation":"mo-sawd'","unicode":"מוֹסָד","translit":"môwçâd","definition":"from {{h3245}}; a foundation; foundation.","strongs_number":"h4144"},"h4145":{"pronunciation":"moo-saw-daw'","unicode":"מוּסָדָה","translit":"mûwçâdâh","definition":"feminine of {{h4143}}; a foundation; figuratively, an appointment; foundation, grounded. Compare {{h4328}}.","strongs_number":"h4145"},"h4146":{"pronunciation":"mo-saw-daw'","unicode":"מוֹסָדָה","translit":"môwçâdâh","definition":"or מֹסָדָה; feminine of {{h4144}}; a foundation; foundation.","strongs_number":"h4146"},"h4147":{"pronunciation":"mo-sare'","unicode":"מוֹסֵר","translit":"môwçêr","definition":"also (in plural) feminine מוֹסֵרָה; or מֹסְרָה; from {{h3256}}; properly, chastisement, i.e. (by implication) a halter; figuratively, restraint; band, bond.","strongs_number":"h4147"},"h4148":{"pronunciation":"moo-sawr'","unicode":"מוּסָר","translit":"mûwçâr","definition":"from {{h3256}}; properly, chastisement; figuratively, reproof, warning or instruction; also restraint; bond, chastening(-eth), chastisement, check, correction, discipline, doctrine, instruction, rebuke.","strongs_number":"h4148"},"h4149":{"pronunciation":"mo-say-raw'","unicode":"מוֹסֵרָה","translit":"Môwçêrâh","definition":"or (plural) מֹסְרוֹת feminine of {{h4147}}; correction or corrections; Moserah, a place in the Desert; Mosera.","strongs_number":"h4149"},"h4150":{"pronunciation":"mo-ade'","unicode":"מוֹעֵד","translit":"môwʻêd","definition":"or מֹעֵד; or (feminine) מוֹעָדָה; (2 Chronicles 8:13), from {{h3259}}; properly, an appointment, i.e. a fixed time or season; specifically, a festival; conventionally a year; by implication, an assembly (as convened for a definite purpose); technically the congregation; by extension, the place of meeting; also a signal (as appointed beforehand); appointed (sign, time), (place of, solemn) assembly, congregation, (set, solemn) feast, (appointed, due) season, solemn(-ity), synogogue, (set) time (appointed).","strongs_number":"h4150"},"h4151":{"pronunciation":"mo-awd'","unicode":"מוֹעָד","translit":"môwʻâd","definition":"from {{h3259}}; (as in {{h4150}}); properly, an assembly\tfiguratively, a troop; appointed time.","strongs_number":"h4151"},"h4152":{"pronunciation":"moo-aw-daw'","unicode":"מוּעָדָה","translit":"mûwʻâdâh","definition":"from {{h3259}}; an appointed place, i.e. asylum; appointed.","strongs_number":"h4152"},"h4153":{"pronunciation":"mo-ad-yaw'","unicode":"מוֹעַדְיָה","translit":"Môwʻadyâh","definition":"from {{h4151}} and {{h3050}}; assembly of Jah; Moadjah, an Israelite; Moadiah. Compare {{h4573}}.","strongs_number":"h4153"},"h4154":{"pronunciation":"moo-ay'-deth","unicode":"מוּעֶדֶת","translit":"mûwʻedeth","definition":"feminine passive participle of {{h4571}}; properly, made to slip, i.e. dislocated; out of joint.","strongs_number":"h4154"},"h4155":{"pronunciation":"moo-awf'","unicode":"מוּעָף","translit":"mûwʻâph","definition":"from {{h5774}}; properly, covered, i.e. dark; abstractly, obscurity, i.e. distress; dimness.","strongs_number":"h4155"},"h4156":{"pronunciation":"mo-ay-tsaw'","unicode":"מוֹעֵצָה","translit":"môwʻêtsâh","definition":"from {{h3289}}; a purpose; counsel, device.","strongs_number":"h4156"},"h4157":{"pronunciation":"moo-aw-kaw'","unicode":"מוּעָקָה","translit":"mûwʻâqâh","definition":"from {{h5781}}; pressure, i.e. (figuratively) distress; affliction.","strongs_number":"h4157"},"h4158":{"pronunciation":"mo-fah'-ath","unicode":"מוֹפַעַת","translit":"Môwphaʻath","definition":"(Jeremiah 48:21) or מֵיפַעַת; or מֵפַעַת; from {{h3313}}; illuminative; Mophaath or Mephaath, a place in Palestine; Mephaath.","strongs_number":"h4158"},"h4159":{"pronunciation":"mo-faith'","unicode":"מוֹפֵת","translit":"môwphêth","definition":"or מֹפֵת; from {{h3302}} in the sense of conspicuousness; a miracle; by implication, a token or omen; miracle, sign, wonder(-ed at).","strongs_number":"h4159"},"h4160":{"pronunciation":"moots","unicode":"מוּץ","translit":"mûwts","definition":"a primitive root; to press, i.e. (figuratively) to oppress; extortioner.","strongs_number":"h4160"},"h4161":{"pronunciation":"mo-tsaw'","unicode":"מוֹצָא","translit":"môwtsâʼ","definition":"or מֹצָאxlit môtsâ corrected to môtsâʼ; from {{h3318}}; a going forth, i.e. (the act) an egress, or (the place) an exit; hence, a source or product; specifically, dawn, the rising of the sun (the East), exportation, utterance, a gate, a fountain, a mine, a meadow (as producing grass); brought out, bud, that which came out, east, going forth, goings out, that which (thing that) is gone out, outgoing, proceeded out, spring, vein, (water-) course (springs).","strongs_number":"h4161"},"h4162":{"pronunciation":"mo-tsaw'","unicode":"מוֹצָא","translit":"môwtsâʼ","definition":"the same as {{h4161}}; Motsa, the name of two Israelites; Moza.","strongs_number":"h4162"},"h4163":{"pronunciation":"mo-tsaw-aw'","unicode":"מוֹצָאָה","translit":"môwtsâʼâh","definition":"feminine of {{h4161}}; (marg.; compare {{h6675}}); a family descent; also a sewer; draught house; going forth.","strongs_number":"h4163"},"h4164":{"pronunciation":"moo-tsak'","unicode":"מוּצַק","translit":"mûwtsaq","definition":"or מוּצָק; from {{h3332}}; narrowness; figuratively, distress; anguish, is straitened, straitness.","strongs_number":"h4164"},"h4165":{"pronunciation":"moo-tsawk'","unicode":"מוּצָק","translit":"mûwtsâq","definition":"from {{h5694}}; properly, fusion, i.e. literally, a casting (of metal); figuratively, a mass (of clay); casting, hardness.","strongs_number":"h4165"},"h4166":{"pronunciation":"moo-tsaw-kaw'","unicode":"מוּצָקָה","translit":"mûwtsâqâh","definition":"or מֻצָקָה; from {{h3332}}; properly, something poured out, i.e. a casting (of metal); by implication, a tube (as cast); when it was cast, pipe.","strongs_number":"h4166"},"h4167":{"pronunciation":"mook","unicode":"מוּק","translit":"mûwq","definition":"a primitive root; to jeer, i.e. (intens.) blaspheme; be corrupt.","strongs_number":"h4167"},"h4168":{"pronunciation":"mo-kade'","unicode":"מוֹקֵד","translit":"môwqêd","definition":"from {{h3344}}; a fire or fuel; abstractly, a conflagration; burning, hearth.","strongs_number":"h4168"},"h4169":{"pronunciation":"mo-ked-aw'","unicode":"מוֹקְדָה","translit":"môwqᵉdâh","definition":"feminine of {{h4168}}; fuel; burning.","strongs_number":"h4169"},"h4170":{"pronunciation":"mo-kashe'","unicode":"מוֹקֵשׁ","translit":"môwqêsh","definition":"or מֹקֵשׁ; from {{h3369}}; a noose (for catching animals) (literally or figuratively); by implication, a hook (for the nose); be ensnared, gin, (is) snare(-d), trap.","strongs_number":"h4170"},"h4171":{"pronunciation":"moor","unicode":"מוּר","translit":"mûwr","definition":"a primitive root; to alter; by implication, to barter, to dispose of; × at all, (ex-) change, remove.","strongs_number":"h4171"},"h4172":{"pronunciation":"mo-raw'","unicode":"מוֹרָא","translit":"môwrâʼ","definition":"or מֹרָא; or מוֹרָהxlit môrâh corrected to môwrâh; (Psalm 9:20), from {{h3372}}; fear; by implication, a fearful thing or deed; dread, (that ought to be) fear(-ed), terribleness, terror.","strongs_number":"h4172"},"h4173":{"pronunciation":"mo-rag'","unicode":"מוֹרַג","translit":"môwrag","definition":"or מֹרַג; from an unused root meaning to triturate; a threshing sledge; threshing instrument.","strongs_number":"h4173"},"h4174":{"pronunciation":"mo-rawd'","unicode":"מוֹרָד","translit":"môwrâd","definition":"from {{h3381}}; a descent; as architecture, an ornamental appendage, perhaps a festoon; going down, steep place, thin work.","strongs_number":"h4174"},"h4175":{"pronunciation":"mo-reh'","unicode":"מוֹרֶה","translit":"môwreh","definition":"from {{h3384}}; (see {{h3138}}); an archer; also teacher or teaching; also the early rain; (early) rain.","strongs_number":"h4175"},"h4176":{"pronunciation":"mo-reh'","unicode":"מוֹרֶה","translit":"Môwreh","definition":"or מֹרֶה; the same as {{h4175}}; Moreh, a Canaanite; also a hill (perhaps named from him); Moreh.","strongs_number":"h4176"},"h4177":{"pronunciation":"mo-raw'","unicode":"מוֹרָה","translit":"môwrâh","definition":"from {{h4171}} in the sense of shearing; a razor; razor.","strongs_number":"h4177"},"h4178":{"pronunciation":"mo-rawt'","unicode":"מוֹרָט","translit":"môwrâṭ","definition":"from {{h3399}}; obstinate, i.e. independent; peeled.","strongs_number":"h4178"},"h4179":{"pronunciation":"mo-ree-yaw'","unicode":"מוֹרִיָּה","translit":"Môwrîyâh","definition":"or מֹרִיָּה; from {{h7200}} and {{h3050}}; seen of Jah; Morijah, a hill in Palestine; Moriah.","strongs_number":"h4179"},"h4180":{"pronunciation":"mo-rawsh'","unicode":"מוֹרָשׁ","translit":"môwrâsh","definition":"from {{h3423}}; a possession; figuratively, delight; possession, thought.","strongs_number":"h4180"},"h4181":{"pronunciation":"mo-raw-shaw'","unicode":"מוֹרָשָׁה","translit":"môwrâshâh","definition":"feminine of {{h4180}}; a possession; heritage, inheritance, possession.","strongs_number":"h4181"},"h4182":{"pronunciation":"mo-reh'-sheth gath","unicode":"מוֹרֶשֶׁת גַּת","translit":"Môwresheth Gath","definition":"from {{h3423}} and {{h1661}}; possession of Gath; Moresheth-Gath, a place in Palestine; Moresheth-gath.","strongs_number":"h4182"},"h4183":{"pronunciation":"mo-rash-tee'","unicode":"מוֹרַשְׁתִּי","translit":"Môwrashtîy","definition":"patrial from {{h4182}}; a Morashtite or inhabitant of Moresheth-Gath; Morashthite.","strongs_number":"h4183"},"h4184":{"pronunciation":"moosh","unicode":"מוּשׁ","translit":"mûwsh","definition":"a primitive root; to touch; feel, handle.","strongs_number":"h4184"},"h4185":{"pronunciation":"moosh","unicode":"מוּשׁ","translit":"mûwsh","definition":"a primitive root (perhaps rather the same as {{h4184}} through the idea of receding by contact); to withdraw (both literally and figuratively, whether intransitive or transitive); cease, depart, go back, remove, take away.","strongs_number":"h4185"},"h4186":{"pronunciation":"mo-shawb'","unicode":"מוֹשָׁב","translit":"môwshâb","definition":"or מֹשָׁב; from {{h3427}}; a seat; figuratively, a site; abstractly, a session; by extension an abode (the place or the time); by implication, population; assembly, dwell in, dwelling(-place), wherein (that) dwelt (in), inhabited place, seat, sitting, situation, sojourning.","strongs_number":"h4186"},"h4187":{"pronunciation":"moo-shee'","unicode":"מוּשִׁי","translit":"Mûwshîy","definition":"or מֻשִּׁי; from {{h4184}}; sensitive; Mushi, a Levite; Mushi.","strongs_number":"h4187"},"h4188":{"pronunciation":"moo-shee'","unicode":"מוּשִׁי","translit":"Mûwshîy","definition":"patronymical from {{h4187}}; a Mushite (collectively) or descendants of Mushi; Mushites.","strongs_number":"h4188"},"h4189":{"pronunciation":"mo-shek-aw'","unicode":"מוֹשְׁכָה","translit":"môwshᵉkâh","definition":"act participle feminine of {{h4900}}; something drawing, i.e. (figuratively) a cord; band.","strongs_number":"h4189"},"h4190":{"pronunciation":"mo-shaw-aw'","unicode":"מוֹשָׁעָה","translit":"môwshâʻâh","definition":"from {{h3467}}; deliverance; salvation.","strongs_number":"h4190"},"h4191":{"pronunciation":"mooth","unicode":"מוּת","translit":"mûwth","definition":"a primitive root; to die (literally or figuratively); causatively, to kill; × at all, × crying, (be) dead (body, man, one), (put to, worthy of) death, destroy(-er), (cause to, be like to, must) die, kill, necro(-mancer), × must needs, slay, × surely, × very suddenly, × in (no) wise.","strongs_number":"h4191"},"h4192":{"pronunciation":"mooth","unicode":"מוּת","translit":"Mûwth","definition":"(Psalm {{h48}} or מוּת לַבֵּן; from {{h4191}} and {{h1121}} with the preposition and article interposed; 'To die for the son', probably the title of a popular song; death, Muthlabben.","strongs_number":"h4192"},"h4193":{"pronunciation":"mohth","unicode":"מוֹת","translit":"môwth","definition":"(Aramaic) corresponding to {{h4194}}; death; death.","strongs_number":"h4193"},"h4194":{"pronunciation":"maw'-veth","unicode":"מָוֶת","translit":"mâveth","definition":"from {{h4191}}; death (natural or violent); concretely, the dead, their place or state (hades); figuratively, pestilence, ruin; (be) dead(-ly), death, die(-d).","strongs_number":"h4194"},"h4195":{"pronunciation":"mo-thar'","unicode":"מוֹתָר","translit":"môwthâr","definition":"from {{h3498}}; literally gain; figuratively, superiority; plenteousness, preeminence, profit.","strongs_number":"h4195"},"h4196":{"pronunciation":"miz-bay'-akh","unicode":"מִזְבֵּחַ","translit":"mizbêach","definition":"from {{h2076}}; an altar; altar.","strongs_number":"h4196"},"h4197":{"pronunciation":"meh'-zeg","unicode":"מֶזֶג","translit":"mezeg","definition":"from an unused root meaning to mingle (water with wine); tempered wine; liquor.","strongs_number":"h4197"},"h4198":{"pronunciation":"maw-zeh'","unicode":"מָזֶה","translit":"mâzeh","definition":"from an unused root meaning to suck out; exhausted; burnt.","strongs_number":"h4198"},"h4199":{"pronunciation":"miz-zaw'","unicode":"מִזָּה","translit":"Mizzâh","definition":"probably from an unused root meaning to faint with fear; terror; Mizzah, an Edomite; Mizzah.","strongs_number":"h4199"},"h4200":{"pronunciation":"meh'-zev","unicode":"מֶזֶו","translit":"mezev","definition":"probably from an unused root meaning to gather in; a granary; garner.","strongs_number":"h4200"}}