{"h4201":{"pronunciation":"mez-oo-zaw'","unicode":"מְזוּזָה","translit":"mᵉzûwzâh","definition":"or מְזֻזָה; from the same as {{h2123}}; a door-post (as prominent); (door, side) post.","strongs_number":"h4201"},"h4202":{"pronunciation":"maw-zone'","unicode":"מָזוֹן","translit":"mâzôwn","definition":"from {{h2109}}; food; meat, victual.","strongs_number":"h4202"},"h4203":{"pronunciation":"maw-zone'","unicode":"מָזוֹן","translit":"mâzôwn","definition":"(Aramaic) corresponding to {{h4202}}; meat.","strongs_number":"h4203"},"h4204":{"pronunciation":"maw-zore'","unicode":"מָזוֹר","translit":"mâzôwr","definition":"from {{h2114}} in the sense of turning aside from truth; treachery, i.e. a plot; wound.","strongs_number":"h4204"},"h4205":{"pronunciation":"maw-zore'","unicode":"מָזוֹר","translit":"mâzôwr","definition":"or מָזֹר; from {{h2115}} in the sense of binding up; a bandage, i.e. remedy; hence, a sore (as needing a compress); bound up, wound.","strongs_number":"h4205"},"h4206":{"pronunciation":"maw-zee'-akh","unicode":"מָזִיחַ","translit":"mâzîyach","definition":"or מֵזַח; from {{h2118}}; a belt (as movable); girdle, strength.","strongs_number":"h4206"},"h4207":{"pronunciation":"maz-layg'","unicode":"מַזְלֵג","translit":"mazlêg","definition":"or (feminine) מִזְלָגָה; from an unused root meaning to draw up; a fork; fleshhook.","strongs_number":"h4207"},"h4208":{"pronunciation":"maz-zaw-law'","unicode":"מַזָּלָה","translit":"mazzâlâh","definition":"apparently from {{h5140}} in the sense of raining; a constellation, i.e. Zodiacal sign (perhaps as affecting the weather); planet. Compare {{h4216}}.","strongs_number":"h4208"},"h4209":{"pronunciation":"mez-im-maw'","unicode":"מְזִמָּה","translit":"mᵉzimmâh","definition":"from {{h2161}}; a plan, usually evil (machination), sometimes good (sagacity); (wicked) device, discretion, intent, witty invention, lewdness, mischievous (device), thought, wickedly.","strongs_number":"h4209"},"h4210":{"pronunciation":"miz-more'","unicode":"מִזְמוֹר","translit":"mizmôwr","definition":"from {{h2167}}; properly, instrumental music; by implication, a poem set to notes; psalm.","strongs_number":"h4210"},"h4211":{"pronunciation":"maz-may-raw'","unicode":"מַזְמֵרָה","translit":"mazmêrâh","definition":"from {{h2168}}; a pruning-knife; pruning-hook.","strongs_number":"h4211"},"h4212":{"pronunciation":"mez-am-mer-aw'","unicode":"מְזַמְּרָה","translit":"mᵉzammᵉrâh","definition":"from {{h2168}}; a tweezer (only in the plural); snuffers.","strongs_number":"h4212"},"h4213":{"pronunciation":"miz-awr'","unicode":"מִזְעָר","translit":"mizʻâr","definition":"from the same as {{h2191}}; fewness; by implication, as superlative diminutiveness; few, × very.","strongs_number":"h4213"},"h4214":{"pronunciation":"miz-reh'","unicode":"מִזְרֶה","translit":"mizreh","definition":"from {{h2219}}; a winnowing shovel (as scattering the chaff); fan.","strongs_number":"h4214"},"h4215":{"pronunciation":"mez-aw-reh'","unicode":"מְזָרֶה","translit":"mᵉzâreh","definition":"apparently from {{h2219}}; properly, a scatterer, i.e. the north wind (as dispersing clouds; only in plural); north.","strongs_number":"h4215"},"h4216":{"pronunciation":"maz-zaw-raw'","unicode":"מַזָּרָה","translit":"mazzârâh","definition":"apparently from {{h5144}} in the sense of distinction; some noted constellation (only in the plural), perhaps collectively, the zodiac; Mazzoroth. Compare {{h4208}}.","strongs_number":"h4216"},"h4217":{"pronunciation":"miz-rawkh'","unicode":"מִזְרָח","translit":"mizrâch","definition":"from {{h2224}}; sunrise, i.e. the east; east (side, -ward), (sun-) rising (of the sun).","strongs_number":"h4217"},"h4218":{"pronunciation":"miz-raw'","unicode":"מִזְרָע","translit":"mizrâʻ","definition":"from {{h2232}}; a planted field; thing sown.","strongs_number":"h4218"},"h4219":{"pronunciation":"miz-rawk'","unicode":"מִזְרָק","translit":"mizrâq","definition":"from {{h2236}}; a bowl (as if for sprinkling); bason, bowl.","strongs_number":"h4219"},"h4220":{"pronunciation":"may'-akh","unicode":"מֵחַ","translit":"mêach","definition":"from {{h4229}} in the sense of greasing; fat; figuratively, rich; fatling (one).","strongs_number":"h4220"},"h4221":{"pronunciation":"mo'-akh","unicode":"מֹחַ","translit":"môach","definition":"from the same as {{h4220}}; fat, i.e. marrow; marrow.","strongs_number":"h4221"},"h4222":{"pronunciation":"maw-khaw'","unicode":"מָחָא","translit":"mâchâʼ","definition":"a primitive root; to rub or strike the hands together (in exultation); clap.","strongs_number":"h4222"},"h4223":{"pronunciation":"mekh-aw'","unicode":"מְחָא","translit":"mᵉchâʼ","definition":"(Aramaic) corresponding to {{h4222}}; to strike in pieces; also to arrest; specifically to impale; hang, smite, stay.","strongs_number":"h4223"},"h4224":{"pronunciation":"makh-ab-ay'","unicode":"מַחֲבֵא","translit":"machăbêʼ","definition":"or מַחֲבֹא; from {{h2244}}; a refuge; hiding (lurking) place.","strongs_number":"h4224"},"h4225":{"pronunciation":"makh-beh'-reth","unicode":"מַחְבֶּרֶת","translit":"machbereth","definition":"from {{h2266}}; a junction, i.e. seam or sewed piece; coupling.","strongs_number":"h4225"},"h4226":{"pronunciation":"mekh-ab-ber-aw'","unicode":"מְחַבְּרָה","translit":"mᵉchabbᵉrâh","definition":"from {{h2266}}; a joiner, i.e. brace or cramp; coupling, joining.","strongs_number":"h4226"},"h4227":{"pronunciation":"makh-ab-ath'","unicode":"מַחֲבַת","translit":"machăbath","definition":"from the same as {{h2281}}; a pan for baking in; pan.","strongs_number":"h4227"},"h4228":{"pronunciation":"makh-ag-o'-reth","unicode":"מַחֲגֹרֶת","translit":"machăgôreth","definition":"from {{h2296}}; a girdle; girding.","strongs_number":"h4228"},"h4229":{"pronunciation":"maw-khaw'","unicode":"מָחָה","translit":"mâchâh","definition":"a primitive root; properly, to stroke or rub; by implication, to erase; also to smooth (as if with oil), i.e. grease or make fat; also to touch, i.e. reach to; abolish, blot out, destroy, full of marrow, put out, reach unto, × utterly, wipe (away, out).","strongs_number":"h4229"},"h4230":{"pronunciation":"mekk-oo-gaw'","unicode":"מְחוּגָה","translit":"mᵉchûwgâh","definition":"from {{h2328}}; an instrument for marking a circle, i.e. compasses; compass.","strongs_number":"h4230"},"h4231":{"pronunciation":"maw-khoze'","unicode":"מָחוֹז","translit":"mâchôwz","definition":"from an unused root meaning to enclose; a harbor (as shut in by the shore); haven.","strongs_number":"h4231"},"h4232":{"pronunciation":"mekh-oo-yaw-ale'","unicode":"מְחוּיָאֵל","translit":"Mᵉchûwyâʼêl","definition":"or מְחִיּיָאֵל; from {{h4229}} and {{h410}}; smitten of God; Mechujael or Mechijael, an antediluvian patriarch; Mehujael.","strongs_number":"h4232"},"h4233":{"pronunciation":"makh-av-eem'","unicode":"מַחֲוִים","translit":"Machăvîym","definition":"apparently a patrial, but from an unknown place (in the plural only for a singular); a Machavite or inhabitant of some place named Machaveh; Mahavite.","strongs_number":"h4233"},"h4234":{"pronunciation":"maw-khole'","unicode":"מָחוֹל","translit":"mâchôwl","definition":"from {{h2342}}; a (round) dance; dance(-cing).","strongs_number":"h4234"},"h4235":{"pronunciation":"maw-khole'","unicode":"מָחוֹל","translit":"Mâchôwl","definition":"the same as {{h4234}}; dancing; Machol, an Israelite; Mahol.","strongs_number":"h4235"},"h4236":{"pronunciation":"makh-az-eh'","unicode":"מַחֲזֶה","translit":"machăzeh","definition":"from {{h2372}}; a vision; vision.","strongs_number":"h4236"},"h4237":{"pronunciation":"mekh-ez-aw'","unicode":"מֶחֱזָה","translit":"mechĕzâh","definition":"from {{h2372}}; a window; light.","strongs_number":"h4237"},"h4238":{"pronunciation":"makh-az-ee-oth'","unicode":"מַחֲזִיאוֹת","translit":"Machăzîyʼôwth","definition":"feminine plural from {{h2372}}; visions; Machazioth, an Israelite; Mahazioth.","strongs_number":"h4238"},"h4239":{"pronunciation":"mekh-ee'","unicode":"מְחִי","translit":"mᵉchîy","definition":"from {{h4229}}; a stroke, i.e. battering-ram; engines.","strongs_number":"h4239"},"h4240":{"pronunciation":"mek-ee-daw'","unicode":"מְחִידָא","translit":"Mᵉchîydâʼ","definition":"from {{h2330}}; junction; Mechida, one of the Nethinim; Mehida.","strongs_number":"h4240"},"h4241":{"pronunciation":"mikh-yaw'","unicode":"מִחְיָה","translit":"michyâh","definition":"from {{h2421}}; preservation of life; hence, sustenance; also the live flesh, i.e. the quick; preserve life, quick, recover selves, reviving, sustenance, victuals.","strongs_number":"h4241"},"h4242":{"pronunciation":"mekk-eer'","unicode":"מְחִיר","translit":"mᵉchîyr","definition":"from an unused root meaning to buy; price, payment, wages; gain, hire, price, sold, worth.","strongs_number":"h4242"},"h4243":{"pronunciation":"mekh-eer'","unicode":"מְחִיר","translit":"Mᵉchîyr","definition":"the same as {{h4242}}; price; Mechir, an Israelite; Mehir.","strongs_number":"h4243"},"h4244":{"pronunciation":"makh-law'","unicode":"מַחְלָה","translit":"Machlâh","definition":"from {{h2470}}; sickness; Machlah, the name apparently of two Israelitesses; Mahlah.","strongs_number":"h4244"},"h4245":{"pronunciation":"makh-al-eh'","unicode":"מַחֲלֶה","translit":"machăleh","definition":"or (feminine) מַחֲלָה; from {{h2470}}; sickness; disease, infirmity, sickness.","strongs_number":"h4245"},"h4246":{"pronunciation":"mek-o-law'","unicode":"מְחֹלָה","translit":"mᵉchôlâh","definition":"feminine of {{h4234}}; a dance; company, dances(-cing).","strongs_number":"h4246"},"h4247":{"pronunciation":"mekh-il-law'","unicode":"מְחִלָּה","translit":"mᵉchillâh","definition":"from {{h2490}}; a cavern (as if excavated); cave.","strongs_number":"h4247"},"h4248":{"pronunciation":"makh-lone'","unicode":"מַחְלוֹן","translit":"Machlôwn","definition":"from {{h2470}}; sick; Machlon, an Israelite; Mahlon.","strongs_number":"h4248"},"h4249":{"pronunciation":"makh-lee'","unicode":"מַחְלִי","translit":"Machlîy","definition":"from {{h2470}}; sick; Machli, the name of two Israelites; Mahli.","strongs_number":"h4249"},"h4250":{"pronunciation":"makh-lee'","unicode":"מַחְלִי","translit":"Machlîy","definition":"patronymical from {{h4249}}; a Machlite or (collectively) descendants of Machli; Mahlites.","strongs_number":"h4250"},"h4251":{"pronunciation":"makh-loo'-ee","unicode":"מַחְלֻי","translit":"machluy","definition":"from {{h2470}}; a disease; disease.","strongs_number":"h4251"},"h4252":{"pronunciation":"makh-al-awf'","unicode":"מַחֲלָף","translit":"machălâph","definition":"from {{h2498}}; a (sacrificial) knife (as gliding through the flesh); knife.","strongs_number":"h4252"},"h4253":{"pronunciation":"makh-law-faw'","unicode":"מַחְלָפָה","translit":"machlâphâh","definition":"from {{h2498}}; a ringlet of hair (as gliding over each other); lock.","strongs_number":"h4253"},"h4254":{"pronunciation":"makh-al-aw-tsaw'","unicode":"מַחֲלָצָה","translit":"machălâtsâh","definition":"from {{h2502}}; a mantle (as easily drawn off); changeable suit of apparel, change of raiment.","strongs_number":"h4254"},"h4255":{"pronunciation":"makh-lek-aw'","unicode":"מַחְלְקָה","translit":"machlᵉqâh","definition":"(Aramaic) corresponding to {{h4256}}; a section (of the Levites); course.","strongs_number":"h4255"},"h4256":{"pronunciation":"makh-al-o'-keth","unicode":"מַחֲלֹקֶת","translit":"machălôqeth","definition":"from {{h2505}}; a section (of Levites, people or soldiers); company, course, division, portion. See also {{h5555}}.","strongs_number":"h4256"},"h4257":{"pronunciation":"makh-al-ath'","unicode":"מַחֲלַת","translit":"machălath","definition":"from {{h2470}}; sickness; 'Machalath', probably the title (initial word) of a popular song; Mahalath.","strongs_number":"h4257"},"h4258":{"pronunciation":"makh-al-ath'","unicode":"מַחֲלַת","translit":"Machălath","definition":"the same as {{h4257}}; sickness; Machalath, the name of an Ishmaelitess and of an Israelitess; Mahalath.","strongs_number":"h4258"},"h4259":{"pronunciation":"mekh-o-law-thee'","unicode":"מְחֹלָתִי","translit":"Mᵉchôlâthîy","definition":"patrial from {{h65}}; a Mecholathite or inhabitant of Abel-Mecholah; Mecholathite.","strongs_number":"h4259"},"h4260":{"pronunciation":"makh-am-aw-aw'","unicode":"מַחֲמָאָה","translit":"machămâʼâh","definition":"a denominative from {{h2529}}; something buttery (i.e. unctuous and pleasant), as (figuratively) flattery; × than butter.","strongs_number":"h4260"},"h4261":{"pronunciation":"makh-mawd'","unicode":"מַחְמָד","translit":"machmâd","definition":"from {{h2530}}; delightful; hence, a delight, i.e. object of affection or desire; beloved, desire, goodly, lovely, pleasant (thing).","strongs_number":"h4261"},"h4262":{"pronunciation":"makh-mood'","unicode":"מַחְמֻד","translit":"machmud","definition":"or מַחְמוּד; from {{h2530}}; desired; hence, a valuable; pleasant thing.","strongs_number":"h4262"},"h4263":{"pronunciation":"makh-mawl'","unicode":"מַחְמָל","translit":"machmâl","definition":"from {{h2550}}; (by paronomasia with {{h4261}}) delight; properly, sympathy; pitieth.","strongs_number":"h4263"},"h4264":{"pronunciation":"makh-an-eh'","unicode":"מַחֲנֶה","translit":"machăneh","definition":"from {{h2583}}; an encampment (of travellers or troops); hence, an army, whether literal (of soldiers) or figurative (of dancers, angels, cattle, locusts, stars; or even the sacred courts); army, band, battle, camp, company, drove, host, tents.","strongs_number":"h4264"},"h4265":{"pronunciation":"makh-an-ay'-dawn","unicode":"מַחֲנֵה־דָן","translit":"Machănêh-Dân","definition":"from {{h4264}} and {{h1835}}; camp of Dan; Machaneh-Dan, a place in Palestine; Mahaneh-dan.","strongs_number":"h4265"},"h4266":{"pronunciation":"makh-an-ah'-yim","unicode":"מַחֲנַיִם","translit":"Machănayim","definition":"dual of {{h4264}}; double camp; Machanajim, a place in Palestine; Mahanaim.","strongs_number":"h4266"},"h4267":{"pronunciation":"makh-an-ak'","unicode":"מַחֲנַק","translit":"machănaq","definition":"from {{h2614}}; choking; strangling.","strongs_number":"h4267"},"h4268":{"pronunciation":"makh-as-eh'","unicode":"מַחֲסֶה","translit":"machăçeh","definition":"or מַחְסֶה; from {{h2620}}; a shelter (literally or figuratively); hope, (place of) refuge, shelter, trust.","strongs_number":"h4268"},"h4269":{"pronunciation":"makh-sohm'","unicode":"מַחְסוֹם","translit":"machçôwm","definition":"from {{h2629}}; a muzzle; bridle.","strongs_number":"h4269"},"h4270":{"pronunciation":"makh-sore'","unicode":"מַחְסוֹר","translit":"machçôwr","definition":"or מַחְסֹר; from {{h2637}}; deficiency; hence, impoverishment; lack, need, penury, poor, poverty, want.","strongs_number":"h4270"},"h4271":{"pronunciation":"makh-say-yaw'","unicode":"מַחְסֵיָה","translit":"Machçêyâh","definition":"from {{h4268}} and {{h3050}}; refuge of (i.e. in) Jah; Machsejah, an Israelite; Maaseiah.","strongs_number":"h4271"},"h4272":{"pronunciation":"maw-khats'","unicode":"מָחַץ","translit":"mâchats","definition":"a primitive root; to dash asunder; by implication, to crush, smash or violently plunge; figuratively, to subdue or destroy; dip, pierce (through), smite (through), strike through, wound.","strongs_number":"h4272"},"h4273":{"pronunciation":"makh'-ats","unicode":"מַחַץ","translit":"machats","definition":"from {{h4272}}; a contusion; stroke.","strongs_number":"h4273"},"h4274":{"pronunciation":"makh-tsabe'","unicode":"מַחְצֵב","translit":"machtsêb","definition":"from {{h2672}}; properly, a hewing; concretely, a quarry; hewed(-n).","strongs_number":"h4274"},"h4275":{"pronunciation":"mekh-ets-aw'","unicode":"מֶחֱצָה","translit":"mechĕtsâh","definition":"from {{h2673}}; a halving; half.","strongs_number":"h4275"},"h4276":{"pronunciation":"makh-ats-eeth'","unicode":"מַחֲצִית","translit":"machătsîyth","definition":"from {{h2673}}; a halving or the middle; half (so much), mid(-day).","strongs_number":"h4276"},"h4277":{"pronunciation":"maw-khak'","unicode":"מָחַק","translit":"mâchaq","definition":"a primitive root; to crush; smite off.","strongs_number":"h4277"},"h4278":{"pronunciation":"mekh-kawr'","unicode":"מֶחְקָר","translit":"mechqâr","definition":"from {{h2713}}; properly, scrutinized, i.e. (by implication) a recess; deep place.","strongs_number":"h4278"},"h4279":{"pronunciation":"maw-khar'","unicode":"מָחָר","translit":"mâchâr","definition":"probably from {{h309}}; properly, deferred, i.e. the morrow; usually (adverbially) tomorrow; indefinitely, hereafter; time to come, tomorrow.","strongs_number":"h4279"},"h4280":{"pronunciation":"makh-ar-aw-aw'","unicode":"מַחֲרָאָה","translit":"machărâʼâh","definition":"from the same as {{h2716}}; a sink; draught house.","strongs_number":"h4280"},"h4281":{"pronunciation":"makh-ar-ay-shaw'","unicode":"מַחֲרֵשָׁה","translit":"machărêshâh","definition":"from {{h2790}}; probably a pick-axe; mattock.","strongs_number":"h4281"},"h4282":{"pronunciation":"makh-ar-eh'-sheth","unicode":"מַחֲרֶשֶׁת","translit":"machăresheth","definition":"from {{h2790}}; probably a hoe; share.","strongs_number":"h4282"},"h4283":{"pronunciation":"mokh-or-awth'","unicode":"מׇחֳרָת","translit":"mochŏrâth","definition":"or מׇחֳרָתָם; (1 Samuel 30:17), feminine from the same as {{h4279}}; the morrow or (adverbially) tomorrow; morrow, next day.","strongs_number":"h4283"},"h4284":{"pronunciation":"makh-ash-aw-baw'","unicode":"מַחֲשָׁבָה","translit":"machăshâbâh","definition":"or מַחֲשֶׁבֶת; from {{h2803}}; a contrivance, i.e. (concretely) a texture, machine, or (abstractly) intention, plan (whether bad, a plot; or good, advice); cunning (work), curious work, device(-sed), imagination, invented, means, purpose, thought.","strongs_number":"h4284"},"h4285":{"pronunciation":"makh-shawk'","unicode":"מַחְשָׁךְ","translit":"machshâk","definition":"from {{h2821}}; darkness; concretely, a dark place; dark(-ness, place).","strongs_number":"h4285"},"h4286":{"pronunciation":"makh-sofe'","unicode":"מַחְשֹׂף","translit":"machsôph","definition":"from {{h2834}}; a peeling; made appear.","strongs_number":"h4286"},"h4287":{"pronunciation":"makh'-ath","unicode":"מַחַת","translit":"Machath","definition":"probably from {{h4229}}; erasure; Machath, the name of two Israelites; Mahath.","strongs_number":"h4287"},"h4288":{"pronunciation":"mekh-it-taw'","unicode":"מְחִתָּה","translit":"mᵉchittâh","definition":"from {{h2846}}; properly, a dissolution; concretely, a ruin, or (abstractly) consternation; destruction, dismaying, ruin, terror.","strongs_number":"h4288"},"h4289":{"pronunciation":"makh-taw'","unicode":"מַחְתָּה","translit":"machtâh","definition":"the same as {{h4288}} in the sense of removal; a pan for live coals; censer, firepan, snuffdish.","strongs_number":"h4289"},"h4290":{"pronunciation":"makh-teh'-reth","unicode":"מַחְתֶּרֶת","translit":"machtereth","definition":"from {{h2864}}; a burglary; figuratively, unexpected examination; breaking up, secret search.","strongs_number":"h4290"},"h4291":{"pronunciation":"met-aw'","unicode":"מְטָא","translit":"mᵉṭâʼ","definition":"(Aramaic) or מְטָה; (Aramaic), apparently corresponding to {{h4672}} in the intransitive sense of being found present; to arrive, extend or happen; come, reach.","strongs_number":"h4291"},"h4292":{"pronunciation":"mat-at-ay'","unicode":"מַטְאֲטֵא","translit":"maṭʼăṭêʼ","definition":"apparently a denominative from {{h2916}}; a broom (as removing dirt (compare English 'to dust', i.e. remove dust)); besom.","strongs_number":"h4292"},"h4293":{"pronunciation":"mat-bay'-akh","unicode":"מַטְבֵּחַ","translit":"maṭbêach","definition":"from {{h2873}}; slaughter; slaughter.","strongs_number":"h4293"},"h4294":{"pronunciation":"mat-teh'","unicode":"מַטֶּה","translit":"maṭṭeh","definition":"or (feminine) מַטָּה; from {{h5186}}; a branch (as extending); figuratively, a tribe; also a rod, whether for chastising (figuratively, correction), ruling (a sceptre), throwing (a lance), or walking (a staff; figuratively, a support of life, e.g. bread); rod, staff, tribe.","strongs_number":"h4294"},"h4295":{"pronunciation":"mat'-taw","unicode":"מַטָּה","translit":"maṭṭâh","definition":"from {{h5786}} with directive enclitic appended; downward, below or beneath; often adverbially with or without prefixes; beneath, down(-ward), less, very low, under(-neath).","strongs_number":"h4295"},"h4296":{"pronunciation":"mit-taw'","unicode":"מִטָּה","translit":"miṭṭâh","definition":"from {{h5186}}; a bed (as extended) for sleeping or eating; by analogy, a sofa, litter or bier; bed(-chamber), bier.","strongs_number":"h4296"},"h4297":{"pronunciation":"moot-teh'","unicode":"מֻטֶּה","translit":"muṭṭeh","definition":"from {{h5186}}; a stretching, i.e. distortion (figuratively, iniquity); perverseness.","strongs_number":"h4297"},"h4298":{"pronunciation":"moot-taw'","unicode":"מֻטָּה","translit":"muṭṭâh","definition":"from {{h5186}}; expansion; stretching out.","strongs_number":"h4298"},"h4299":{"pronunciation":"mat-veh'","unicode":"מַטְוֶה","translit":"maṭveh","definition":"from {{h2901}}; something spun; spun.","strongs_number":"h4299"},"h4300":{"pronunciation":"met-eel'","unicode":"מְטִיל","translit":"mᵉṭîyl","definition":"from {{h2904}} in the sense of hammering out; an iron bar (as forged); bar.","strongs_number":"h4300"}}