{"h4301":{"pronunciation":"mat-mone'","unicode":"מַטְמוֹן","translit":"maṭmôwn","definition":"or מַטְמֹן; or מַטְמֻן; from {{h2934}}; a secret storehouse; hence, a secreted valuable (buried); generally money; hidden riches, (hid) treasure(-s).","strongs_number":"h4301"},"h4302":{"pronunciation":"mat-taw'","unicode":"מַטָּע","translit":"maṭṭâʻ","definition":"from {{h5193}}; something planted, i.e. the place (a garden or vineyard), or the thing (a plant, figuratively or men); by implication, the act, planting; plant(-ation, -ing).","strongs_number":"h4302"},"h4303":{"pronunciation":"mat-am'","unicode":"מַטְעַם","translit":"maṭʻam","definition":"or (feminine) מַטְעַמָּה; from {{h2938}}; a delicacy; dainty (meat), savoury meat.","strongs_number":"h4303"},"h4304":{"pronunciation":"mit-pakh'-ath","unicode":"מִטְפַּחַת","translit":"miṭpachath","definition":"from {{h2946}}; a wide cloak (for a woman); vail, wimple.","strongs_number":"h4304"},"h4305":{"pronunciation":"maw-tar'","unicode":"מָטַר","translit":"mâṭar","definition":"a primitive root; to rain; (cause to) rain (upon).","strongs_number":"h4305"},"h4306":{"pronunciation":"maw-tawr'","unicode":"מָטַר","translit":"mâṭar","definition":"from {{h4305}}; rain; rain.","strongs_number":"h4306"},"h4307":{"pronunciation":"mat-taw-raw'","unicode":"מַטָּרָא","translit":"maṭṭârâʼ","definition":"or מַטָּרָה; from {{h5201}}; a jail (as a guard-house); also an aim (as being closely watched); mark, prison.","strongs_number":"h4307"},"h4308":{"pronunciation":"mat-rade'","unicode":"מַטְרֵד","translit":"Maṭrêd","definition":"from {{h2956}}; propulsive; Matred, an Edomitess; Matred.","strongs_number":"h4308"},"h4309":{"pronunciation":"mat-ree'","unicode":"מַטְרִי","translit":"Maṭrîy","definition":"from {{h4305}}; rainy; Matri, an Israelite; Matri.","strongs_number":"h4309"},"h4310":{"pronunciation":"me","unicode":"מִי","translit":"mîy","definition":"an interrogative pronoun of persons, as {{h4100}} is of things,; who? (occasionally, by a peculiar idiom, of things); also (indefinitely) whoever; often used in oblique construction with prefix or suffix; any (man), × he, × him,   O that! what, which, who(-m, -se, -soever),   would to God.","strongs_number":"h4310"},"h4311":{"pronunciation":"may-deb-aw'","unicode":"מֵידְבָא","translit":"Mêydᵉbâʼ","definition":"from {{h4325}} and {{h1679}}; water of quiet; Medeba, a place in Palestine; Medeba.","strongs_number":"h4311"},"h4312":{"pronunciation":"may-dawd'","unicode":"מֵידָד","translit":"Mêydâd","definition":"from {{h3032}} in the sense of loving; affectionate; Medad, an Israelite; Medad.","strongs_number":"h4312"},"h4313":{"pronunciation":"may hah'-ee-yar-kone'","unicode":"מֵי הַיַּרְקוֹן","translit":"Mêy hay-Yarqôwn","definition":"from {{h4325}} and {{h3420}} with the art. interposed; water of the yellowness; Me-haj-Jarkon, a place in Palestine; Me-jarkon.","strongs_number":"h4313"},"h4314":{"pronunciation":"may zaw-hawb'","unicode":"מֵי זָהָב","translit":"Mêy Zâhâb","definition":"from {{h4325}} and {{h2091}}, water of gold; Me-Zahab, an Edomite; Mezahab.","strongs_number":"h4314"},"h4315":{"pronunciation":"may-tawb'","unicode":"מֵיטָב","translit":"mêyṭâb","definition":"from {{h3190}}; the best part; best.","strongs_number":"h4315"},"h4316":{"pronunciation":"mee-kaw'","unicode":"מִיכָא","translit":"Mîykâʼ","definition":"a variation for {{h4318}}; Mica, the name of two Israelites; Micha.","strongs_number":"h4316"},"h4317":{"pronunciation":"me-kaw-ale'","unicode":"מִיכָאֵל","translit":"Mîykâʼêl","definition":"from {{h4310}} and (the prefix derivative from) {{h3588}} and {{h410}}; who (is) like God?; Mikael, the name of an archangel and of nine Israelites; Michael.","strongs_number":"h4317"},"h4318":{"pronunciation":"mee-kaw'","unicode":"מִיכָה","translit":"Mîykâh","definition":"an abbreviated form of {{h4320}}; Micah, the name of seven Israelites; Micah, Micaiah, Michah.","strongs_number":"h4318"},"h4319":{"pronunciation":"me-kaw'-hoo","unicode":"מִיכָהוּ","translit":"Mîykâhûw","definition":"a contr. for {{h4321}}; Mikehu, an Israelite prophet; Micaiah (2 Chronicles 18:8).","strongs_number":"h4319"},"h4320":{"pronunciation":"me-kaw-yaw'","unicode":"מִיכָיָה","translit":"Mîykâyâh","definition":"from {{h4310}} and (the prefix derivative from) {{h3588}} and {{h3050}}; who (is) like Jah?; Micajah, the name of two Israelites; Micah, Michaiah. Compare {{h4318}}.","strongs_number":"h4320"},"h4321":{"pronunciation":"me-kaw-yeh-hoo'","unicode":"מִיכָיְהוּ","translit":"Mîykâyᵉhûw","definition":"or מִכָיְהוּ; (Jeremiah 36:11), abbreviated form for {{h4322}}; Mikajah, the name of three Israelites; Micah, Micaiah, Michaiah.","strongs_number":"h4321"},"h4322":{"pronunciation":"me-kaw-yaw'-hoo","unicode":"מִיכָיָהוּ","translit":"Mîykâyâhûw","definition":"for {{h4320}}; Mikajah, the name of an Israelite and an Israelitess; Michaiah.","strongs_number":"h4322"},"h4323":{"pronunciation":"me-kawl'","unicode":"מִיכָל","translit":"mîykâl","definition":"from {{h3201}}; properly, a container, i.e. a streamlet; brook.","strongs_number":"h4323"},"h4324":{"pronunciation":"me-kawl'","unicode":"מִיכָל","translit":"Mîykâl","definition":"apparently the same as {{h4323}}; revulet; Mikal, Saul's daughter; Michal.","strongs_number":"h4324"},"h4325":{"pronunciation":"mah'-yim","unicode":"מַיִם","translit":"mayim","definition":"dual of a primitive noun (but used in a singular sense); water; figuratively, juice; by euphemism, urine, semen; piss, wasting, water(-ing, (-course, -flood, -spring)).","strongs_number":"h4325"},"h4326":{"pronunciation":"me-yaw-meem'","unicode":"מִיָּמִן","translit":"Mîyâmin","definition":"a form for {{h4509}}; Mijamin, the name of three Israelites; Miamin, Mijamin.","strongs_number":"h4326"},"h4327":{"pronunciation":"meen","unicode":"מִין","translit":"mîyn","definition":"from an unused root meaning to portion out; a sort, i.e. species; kind. Compare {{h4480}}.","strongs_number":"h4327"},"h4328":{"pronunciation":"meh-yoos-saw-daw'","unicode":"מְיֻסָּדָה","translit":"mᵉyuççâdâh","definition":"properly, feminine passive participle of {{h3245}}; something founded, i.e. a foundation; foundation.","strongs_number":"h4328"},"h4329":{"pronunciation":"may-sawk'","unicode":"מֵיסָךְ","translit":"mêyçâk","definition":"from {{h5526}}; a portico (as covered); covert.","strongs_number":"h4329"},"h4330":{"pronunciation":"meets","unicode":"מִיץ","translit":"mîyts","definition":"from {{h4160}}; pressure; churning, forcing, wringing.","strongs_number":"h4330"},"h4331":{"pronunciation":"may-shaw'","unicode":"מֵישָׁא","translit":"Mêyshâʼ","definition":"from {{h4185}}; departure; Mesha, a place in Arabia; also an Israelite; Mesha.","strongs_number":"h4331"},"h4332":{"pronunciation":"mee-shaw-ale'","unicode":"מִישָׁאֵל","translit":"Mîyshâʼêl","definition":"from {{h4310}} and {{h410}} with the abbreviated form insep. relatively (see {{h834}}) interposed; who (is) what God (is) ?; Mishael, the name of three Israelites; Mishael.","strongs_number":"h4332"},"h4333":{"pronunciation":"mee-shaw-ale'","unicode":"מִישָׁאֵל","translit":"Mîyshâʼêl","definition":"(Aramaic) corresponding to {{h4332}}; Mishael, an Israelite; Mishael.","strongs_number":"h4333"},"h4334":{"pronunciation":"mee-shore'","unicode":"מִישׁוֹר","translit":"mîyshôwr","definition":"or מִישֹׁר; from {{h3474}}; a level, i.e. a plain (often used (with the article prefix) as a proper name of certain districts); figuratively, concord; also straightness, i.e. (figuratively) justice (sometimes adverbially, justly); equity, even place, plain, right(-eously), (made) straight, uprightness.","strongs_number":"h4334"},"h4335":{"pronunciation":"may-shak'","unicode":"מֵישַׁךְ","translit":"Mêyshak","definition":"borrowed from {{h4336}}; Meshak, an Israelite; Meshak.","strongs_number":"h4335"},"h4336":{"pronunciation":"may-shak'","unicode":"מֵישַׁךְ","translit":"Mêyshak","definition":"(Aramaic) of foreign origin and doubtful significance; name of {{h4333}}; Meshak, the Babylonian; Meshak.","strongs_number":"h4336"},"h4337":{"pronunciation":"may-shah'","unicode":"מֵישָׁע","translit":"Mêyshâʻ","definition":"from {{h3467}}; safety; Mesha, an Israelite; Mesha.","strongs_number":"h4337"},"h4338":{"pronunciation":"may-shaw'","unicode":"מֵישַׁע","translit":"Mêyshaʻ","definition":"a variation for {{h4337}}; safety; Mesha, a Moabite; Mesha.","strongs_number":"h4338"},"h4339":{"pronunciation":"may-shawr'","unicode":"מֵישָׁר","translit":"mêyshâr","definition":"from {{h3474}}; evenness, i.e. (figuratively) prosperity or concord; also straightness, i.e. (figuratively) rectitude (only in plural with singular sense; often adverbially); agreement, aright, that are equal, equity, (things that are) right(-eously, things), sweetly, upright(-ly, -ness).","strongs_number":"h4339"},"h4340":{"pronunciation":"may-thar'","unicode":"מֵיתָר","translit":"mêythâr","definition":"from {{h3498}}; (compare {{h3499}}); a cord (of a tent); or the string (of a bow); cord, string.","strongs_number":"h4340"},"h4341":{"pronunciation":"mak-obe'","unicode":"מַכְאֹב","translit":"makʼôb","definition":"sometimes מַכְאוֹב; also (feminine Isaiah 53:3) מַכְאֹבָה; from {{h3510}}; anguish or (figuratively) affliction; grief, pain, sorrow.","strongs_number":"h4341"},"h4342":{"pronunciation":"mak-beer'","unicode":"מַכְבִּיר","translit":"makbîyr","definition":"transitive participle of {{h3527}}; plenty; abundance.","strongs_number":"h4342"},"h4343":{"pronunciation":"mak-bay-naw'","unicode":"מַכְבֵּנָא","translit":"Makbênâʼ","definition":"from the same as {{h3522}}; knoll; Macbena, a place in Palestine settled by him; Machbenah.","strongs_number":"h4343"},"h4344":{"pronunciation":"mak-ban-nah'-ee","unicode":"מַכְבַּנַּי","translit":"Makbannay","definition":"patrial from {{h4343}}; a Macbannite or native of Macbena; Machbanai.","strongs_number":"h4344"},"h4345":{"pronunciation":"mak-bare'","unicode":"מַכְבֵּר","translit":"makbêr","definition":"from {{h3527}} in the sense of covering (compare {{h3531}}); a grate; grate.","strongs_number":"h4345"},"h4346":{"pronunciation":"mak-bawr'","unicode":"מַכְבָּר","translit":"makbâr","definition":"from {{h3527}} in the sense of covering; (compare {{h4345}}); a cloth (as netted); thick cloth.","strongs_number":"h4346"},"h4347":{"pronunciation":"mak-kaw'","unicode":"מַכָּה","translit":"makkâh","definition":"or (masculine) מַכֶּה; (plural only) from {{h5221}}; a blow (in 2 Chronicles 2:10, of the flail); by implication, a wound; figuratively, carnage, also pestilence; beaten, blow, plague, slaughter, smote, × sore, stripe, stroke, wound(-ed).","strongs_number":"h4347"},"h4348":{"pronunciation":"mik-vaw'","unicode":"מִכְוָה","translit":"mikvâh","definition":"from {{h3554}}; a burn; that burneth, burning.","strongs_number":"h4348"},"h4349":{"pronunciation":"maw-kone'","unicode":"מָכוֹן","translit":"mâkôwn","definition":"from {{h3559}}; properly, a fixture, i.e. a basis; generally a place, especially as an abode; foundation, habitation, (dwelling-, settled) place.","strongs_number":"h4349"},"h4350":{"pronunciation":"mek-o-naw'","unicode":"מְכוֹנָה","translit":"mᵉkôwnâh","definition":"or מְכֹנָה; feminine of {{h4349}}; a pedestal, also a spot; base.","strongs_number":"h4350"},"h4351":{"pronunciation":"mek-oo-raw'","unicode":"מְכוּרָה","translit":"mᵉkûwrâh","definition":"or מְכֹרָה; from the same as {{h3564}} in the sense of dipping; origin (as if a mine); birth, habitation, nativity.","strongs_number":"h4351"},"h4352":{"pronunciation":"maw-kee'","unicode":"מָכִי","translit":"Mâkîy","definition":"probably from {{h4134}}; pining; Maki, an Israelite; Machi.","strongs_number":"h4352"},"h4353":{"pronunciation":"maw-keer'","unicode":"מָכִיר","translit":"Mâkîyr","definition":"from {{h4376}}; salesman; Makir, an Israelite; Machir.","strongs_number":"h4353"},"h4354":{"pronunciation":"maw-kee-ree'","unicode":"מָכִירִי","translit":"Mâkîyrîy","definition":"patronymical from {{h4353}}; a Makirite or descendant of Makir; of Machir.","strongs_number":"h4354"},"h4355":{"pronunciation":"maw-kak'","unicode":"מָכַךְ","translit":"mâkak","definition":"a primitive root; to tumble (in ruins); figuratively, to perish; be brought low, decay.","strongs_number":"h4355"},"h4356":{"pronunciation":"mik-law-aw'","unicode":"מִכְלָאָה","translit":"miklâʼâh","definition":"or מִכְלָה; from {{h3607}}; a pen (for flocks); (sheep-)fold. Compare {{h4357}}.","strongs_number":"h4356"},"h4357":{"pronunciation":"mik-law'","unicode":"מִכְלָה","translit":"miklâh","definition":"from {{h3615}}; completion (in plural concrete adverbial, wholly); perfect. Compare {{h4356}}.","strongs_number":"h4357"},"h4358":{"pronunciation":"mik-lole'","unicode":"מִכְלוֹל","translit":"miklôwl","definition":"from {{h3634}}; perfection (i.e. concrete adverbial, splendidly); most gorgeously, all sorts.","strongs_number":"h4358"},"h4359":{"pronunciation":"mik-lawl'","unicode":"מִכְלָל","translit":"miklâl","definition":"from {{h3634}}; perfection (of beauty); perfection.","strongs_number":"h4359"},"h4360":{"pronunciation":"mik-lool'","unicode":"מִכְלֻל","translit":"miklul","definition":"from {{h3634}}; something perfect, i.e. a splendid garment; all sorts.","strongs_number":"h4360"},"h4361":{"pronunciation":"mak-ko'-leth","unicode":"מַכֹּלֶת","translit":"makkôleth","definition":"from {{h398}}; nourishment; food.","strongs_number":"h4361"},"h4362":{"pronunciation":"mik-man'","unicode":"מִכְמַן","translit":"mikman","definition":"from the same as {{h3646}} in the sense of hiding; treasure (as hidden); treasure.","strongs_number":"h4362"},"h4363":{"pronunciation":"mik-maws'","unicode":"מִכְמָס","translit":"Mikmâç","definition":"(Ezra 2:2 or מִכְמָשׁ; or מִכְמַשׁ; (Nehemiah 11:31), from {{h3647}}; hidden; Mikmas or Mikmash, a place in Palestine; Mikmas, Mikmash.","strongs_number":"h4363"},"h4364":{"pronunciation":"mak-mawr'","unicode":"מַכְמָר","translit":"makmâr","definition":"or מִכְמֹר; from {{h3648}} in the sense of blackening by heat; a (hunter's) net (as dark from concealment); net.","strongs_number":"h4364"},"h4365":{"pronunciation":"mik-meh'-reth","unicode":"מִכְמֶרֶת","translit":"mikmereth","definition":"or מִכְמֹרֶת; feminine of {{h4364}}; a (fisher's) net; drag, net.","strongs_number":"h4365"},"h4366":{"pronunciation":"mik-meth-awth'","unicode":"מִכְמְתָת","translit":"Mikmᵉthâth","definition":"apparently from an unused root meaning to hide; concealment; Mikmethath, a place in Palestine; Michmethath.","strongs_number":"h4366"},"h4367":{"pronunciation":"mak-nad-bah'-ee","unicode":"מַכְנַדְבַי","translit":"Maknadbay","definition":"from {{h4100}} and {{h5068}} with a particle interposed; what (is) like (a) liberal (man) ?; Maknadbai, an Israelite; Machnadebai.","strongs_number":"h4367"},"h4368":{"pronunciation":"mek-o-naw'","unicode":"מְכֹנָה","translit":"Mᵉkônâh","definition":"the same as {{h4350}}; a base; Mekonah, a place in Palestine; Mekonah.","strongs_number":"h4368"},"h4369":{"pronunciation":"mek-oo-naw'","unicode":"מְכֻנָה","translit":"mᵉkunâh","definition":"the same as {{h4350}}; a spot; base.","strongs_number":"h4369"},"h4370":{"pronunciation":"mik-nawce'","unicode":"מִכְנָס","translit":"miknâç","definition":"from {{h3647}} in the sense of hiding; (only in dual) drawers (from concealing the private parts); breeches.","strongs_number":"h4370"},"h4371":{"pronunciation":"meh'-kes","unicode":"מֶכֶס","translit":"mekeç","definition":"probably from an unused root meaning to enumerate; an assessment (as based upon a census); tribute.","strongs_number":"h4371"},"h4372":{"pronunciation":"mik-seh'","unicode":"מִכְסֶה","translit":"mikçeh","definition":"from {{h3680}}; a covering, i.e. weatherboarding; covering.","strongs_number":"h4372"},"h4373":{"pronunciation":"mik-saw'","unicode":"מִכְסָה","translit":"mikçâh","definition":"feminine of {{h4371}}; an enumeration; by implication, a valuation; number, worth.","strongs_number":"h4373"},"h4374":{"pronunciation":"mek-as-seh'","unicode":"מְכַסֶּה","translit":"mᵉkaççeh","definition":"from {{h3680}}; a covering, i.e. garment; specifically, a coverlet (for a bed), an awning (from the sun); also the omentum (as covering the intestines); clothing, to cover, that which covereth.","strongs_number":"h4374"},"h4375":{"pronunciation":"mak-pay-law'","unicode":"מַכְפֵּלָה","translit":"Makpêlâh","definition":"from {{h3717}}; a fold; Makpelah, a place in Palestine; Machpelah.","strongs_number":"h4375"},"h4376":{"pronunciation":"maw-kar'","unicode":"מָכַר","translit":"mâkar","definition":"a primitive root; to sell, literally (as merchandise, a daughter in marriage, into slavery), or figuratively (to surrender); × at all, sell (away, -er, self).","strongs_number":"h4376"},"h4377":{"pronunciation":"meh'-ker","unicode":"מֶכֶר","translit":"meker","definition":"from {{h4376}}; merchandise; also value; pay, price, ware.","strongs_number":"h4377"},"h4378":{"pronunciation":"mak-kawr'","unicode":"מַכָּר","translit":"makkâr","definition":"from {{h5234}}; an acquaintance; acquaintance.","strongs_number":"h4378"},"h4379":{"pronunciation":"mik-reh'","unicode":"מִכְרֶה","translit":"mikreh","definition":"from {{h3738}}; a pit (for salt); (salt-) pit.","strongs_number":"h4379"},"h4380":{"pronunciation":"mek-ay-raw'","unicode":"מְכֵרָה","translit":"mᵉkêrâh","definition":"probably from the same as {{h3564}} in the sense of stabbing; a sword; habitation.","strongs_number":"h4380"},"h4381":{"pronunciation":"mik-ree'","unicode":"מִכְרִי","translit":"Mikrîy","definition":"from {{h4376}}; salesman; Mikri, an Israelite; Michri.","strongs_number":"h4381"},"h4382":{"pronunciation":"mek-ay-raw-thee'","unicode":"מְכֵרָתִי","translit":"Mᵉkêrâthîy","definition":"patrial from an unused name (the same as {{h4380}}) of a place in Palestine; a Mekerathite, or inhabitant of Mekerah; Mecherathite.","strongs_number":"h4382"},"h4383":{"pronunciation":"mik-shole'","unicode":"מִכְשׁוֹל","translit":"mikshôwl","definition":"or מִכְשֹׁל; masculine from {{h3782}}; a stumbling-block, literally or figuratively (obstacle, enticement (specifically an idol), scruple); caused to fall, offence, × (no-) thing offered, ruin, stumbling-block.","strongs_number":"h4383"},"h4384":{"pronunciation":"mak-shay-law'","unicode":"מַכְשֵׁלָה","translit":"makshêlâh","definition":"feminine from {{h3782}}; a stumbling-block, but only figuratively (fall, enticement [idol]); ruin, stumbling-block.","strongs_number":"h4384"},"h4385":{"pronunciation":"mik-tawb'","unicode":"מִכְתָּב","translit":"miktâb","definition":"from {{h3789}}; a thing written, the characters, or a document (letter, copy, edict, poem); writing.","strongs_number":"h4385"},"h4386":{"pronunciation":"mek-it-taw'","unicode":"מְכִתָּה","translit":"mᵉkittâh","definition":"from {{h3807}}; a fracture; bursting.","strongs_number":"h4386"},"h4387":{"pronunciation":"mik-tawm'","unicode":"מִכְתָּם","translit":"miktâm","definition":"from {{h3799}}; an engraving, i.e. (techn.) a poem; Michtam.","strongs_number":"h4387"},"h4388":{"pronunciation":"mak-taysh'","unicode":"מַכְתֵּשׁ","translit":"maktêsh","definition":"from {{h3806}}; a mortar; by analogy, a socket (of a tooth); hollow place, mortar.","strongs_number":"h4388"},"h4389":{"pronunciation":"mak-taysh'","unicode":"מַכְתֵּשׁ","translit":"Maktêsh","definition":"the same as {{h4388}}; dell; the Maktesh, a place in Jerusalem; Maktesh.","strongs_number":"h4389"},"h4390":{"pronunciation":"maw-lay'","unicode":"מָלֵא","translit":"mâlêʼ","definition":"or מָלָא; (Esther 7:5), a primitive root; to fill or (intransitively) be full of, in a wide application (literally and figuratively); accomplish, confirm,   consecrate, be at an end, be expired, be fenced, fill, fulfil, (be, become, × draw, give in, go) full(-ly, -ly set, tale), (over-) flow, fulness, furnish, gather (selves, together), presume, replenish, satisfy, set, space, take a (hand-) full,   have wholly.","strongs_number":"h4390"},"h4391":{"pronunciation":"mel-aw'","unicode":"מְלָא","translit":"mᵉlâʼ","definition":"(Aramaic) corresponding to {{h4390}}; to fill; fill, be full.","strongs_number":"h4391"},"h4392":{"pronunciation":"maw-lay'","unicode":"מָלֵא","translit":"mâlêʼ","definition":"from {{h4390}}; full (literally or figuratively) or filling (literally); also (concretely) fulness; adverbially, fully; × she that was with child, fill(-ed, -ed with), full(-ly), multitude, as is worth.","strongs_number":"h4392"},"h4393":{"pronunciation":"mel-o'","unicode":"מְלֹא","translit":"mᵉlôʼ","definition":"rarely מְלוֹא; or מְלוֹ; (Ezekiel 41:8), from {{h4390}}; fulness (literally or figuratively); × all along, × all that is (there-) in, fill, (× that whereof...was) full, fulness, (hand-) full, multitude.","strongs_number":"h4393"},"h4394":{"pronunciation":"mil-loo'","unicode":"מִלֻּא","translit":"milluʼ","definition":"from {{h4390}}; a fulfilling (only in plural), i.e. (literally) a setting (of gems), or (technically) consecration (also concretely, a dedicatory sacrifice); consecration, be set.","strongs_number":"h4394"},"h4395":{"pronunciation":"mel-ay-aw'","unicode":"מְלֵאָה","translit":"mᵉlêʼâh","definition":"feminine of {{h4392}}; something fulfilled, i.e. abundance (of produce); (first of ripe) fruit, fulness.","strongs_number":"h4395"},"h4396":{"pronunciation":"mil-loo-aw'","unicode":"מִלֻּאָה","translit":"milluʼâh","definition":"feminine of {{h4394}}; a filling, i.e. setting (of gems); enclosing, setting.","strongs_number":"h4396"},"h4397":{"pronunciation":"mal-awk'","unicode":"מֲלְאָךְ","translit":"mălʼâk","definition":"from an unused root meaning to despatch as a deputy; a messenger; specifically, of God, i.e. an angel (also a prophet, priest or teacher); ambassador, angel, king, messenger.","strongs_number":"h4397"},"h4398":{"pronunciation":"mal-ak'","unicode":"מַלְאַךְ","translit":"malʼak","definition":"(Aramaic) corresponding to {{h4397}}; an angel; angel.","strongs_number":"h4398"},"h4399":{"pronunciation":"mel-aw-kaw'","unicode":"מְלָאכָה","translit":"mᵉlâʼkâh","definition":"from the same as {{h4397}}; properly, deputyship, i.e. ministry; generally, employment (never servile) or work (abstractly or concretely); also property (as the result of labor); business,   cattle,   industrious, occupation, (  -pied),   officer, thing (made), use, (manner of) work((-man), -manship).","strongs_number":"h4399"},"h4400":{"pronunciation":"mal-ak-ooth'","unicode":"מַלְאֲכוּת","translit":"malʼăkûwth","definition":"from the same as {{h4397}}; a message; message.","strongs_number":"h4400"}}