{"h4501":{"pronunciation":"men-o-raw'","unicode":"מְנוֹרָה","translit":"mᵉnôwrâh","definition":"or מְנֹרָה; feminine of {{h4500}} (in the original sense of {{h5216}}); a chandelier; candlestick.","strongs_number":"h4501"},"h4502":{"pronunciation":"min-ez-awr'","unicode":"מִנְּזָר","translit":"minnᵉzâr","definition":"from {{h5144}}; a prince; crowned.","strongs_number":"h4502"},"h4503":{"pronunciation":"min-khaw'","unicode":"מִנְחָה","translit":"minchâh","definition":"from an unused root meaning to apportion, i.e. bestow; a donation; euphemistically, tribute; specifically a sacrificial offering (usually bloodless and voluntary); gift, oblation, (meat) offering, present, sacrifice.","strongs_number":"h4503"},"h4504":{"pronunciation":"min-khaw'","unicode":"מִנְחָה","translit":"minchâh","definition":"(Aramaic) corresponding to {{h4503}}; a sacrificial offering; oblation, meat offering.","strongs_number":"h4504"},"h4505":{"pronunciation":"men-akh-ame'","unicode":"מְנַחֵם","translit":"Mᵉnachêm","definition":"from {{h5162}}; comforter; Menachem, an Israelite; Menahem.","strongs_number":"h4505"},"h4506":{"pronunciation":"maw-nakh'-ath","unicode":"מָנַחַת","translit":"Mânachath","definition":"from {{h5117}}; rest; Manachath, the name of an Edomite and of a place in Moab; Manahath.","strongs_number":"h4506"},"h4507":{"pronunciation":"men-ee'","unicode":"מְנִי","translit":"Mᵉnîy","definition":"from {{h4487}}; the Apportioner, i.e. Fate (as an idol); number.","strongs_number":"h4507"},"h4508":{"pronunciation":"min-nee'","unicode":"מִנִּי","translit":"Minnîy","definition":"of foreign derivation; Minni, an Armenian province; Minni.","strongs_number":"h4508"},"h4509":{"pronunciation":"min-yaw-meen'","unicode":"מִנְיָמִין","translit":"Minyâmîyn","definition":"from {{h4480}} and {{h3225}}; from (the) right hand; Minjamin, the name of two Israelites; Miniamin. Compare {{h4326}}.","strongs_number":"h4509"},"h4510":{"pronunciation":"min-yawn'","unicode":"מִנְיָן","translit":"minyân","definition":"(Aramaic) from {{h4483}}; enumeration; number.","strongs_number":"h4510"},"h4511":{"pronunciation":"min-neeth'","unicode":"מִנִּית","translit":"Minnîyth","definition":"from the same as {{h4482}}; enumeration; Minnith, a place East of the Jordan; Minnith.","strongs_number":"h4511"},"h4512":{"pronunciation":"min-leh'","unicode":"מִנְלֶה","translit":"minleh","definition":"from {{h5239}}; completion, i.e. (in produce) wealth; perfection.","strongs_number":"h4512"},"h4513":{"pronunciation":"maw-nah'","unicode":"מָנַע","translit":"mânaʻ","definition":"a primitive root; to debar (negatively or positively) from benefit or injury; deny, keep (back), refrain, restrain, withhold.","strongs_number":"h4513"},"h4514":{"pronunciation":"man-ool'","unicode":"מַנְעוּל","translit":"manʻûwl","definition":"or מַנְעֻל; from {{h5274}}; a bolt; lock.","strongs_number":"h4514"},"h4515":{"pronunciation":"man-awl'","unicode":"מִנְעָל","translit":"minʻâl","definition":"from {{h5274}}; a bolt; shoe.","strongs_number":"h4515"},"h4516":{"pronunciation":"man-am'","unicode":"מַנְעַם","translit":"manʻam","definition":"from {{h5276}}; a delicacy; dainty.","strongs_number":"h4516"},"h4517":{"pronunciation":"men-ah-ah'","unicode":"מְנַעְנַע","translit":"mᵉnaʻnaʻ","definition":"from {{h5128}}; a sistrum (so called from its rattling sound); cornet.","strongs_number":"h4517"},"h4518":{"pronunciation":"men-ak-keeth'","unicode":"מְנַקִּית","translit":"mᵉnaqqîyth","definition":"from {{h5352}}; a sacrificial basin (for holding blood); bowl.","strongs_number":"h4518"},"h4519":{"pronunciation":"men-ash-sheh'","unicode":"מְנַשֶּׁה","translit":"Mᵉnashsheh","definition":"from {{h5382}}; causing to forget; Menashsheh, a grandson of Jacob, also the tribe descended from him, and its territory; Manasseh.","strongs_number":"h4519"},"h4520":{"pronunciation":"men-ash-shee'","unicode":"מְנַשִּׁי","translit":"Mᵉnashshîy","definition":"from {{h4519}}; a Menashshite or descendant of Menashsheh; of Manasseh, Manassites.","strongs_number":"h4520"},"h4521":{"pronunciation":"men-awth'","unicode":"מְנָת","translit":"mᵉnâth","definition":"from {{h4487}}; an allotment (by courtesy, law or providence); portion.","strongs_number":"h4521"},"h4522":{"pronunciation":"mas","unicode":"מַס","translit":"maç","definition":"or מִס; from {{h4549}}; properly, a burden (as causing to faint), i.e. a tax in the form of forced labor; discomfited, levy, task(-master), tribute(-tary).","strongs_number":"h4522"},"h4523":{"pronunciation":"mawce","unicode":"מָס","translit":"mâç","definition":"from {{h4549}}; fainting, i.e. (figuratively) disconsolate; is afflicted.","strongs_number":"h4523"},"h4524":{"pronunciation":"may-sab'","unicode":"מֵסַב","translit":"mêçab","definition":"plural masculine מְסִבִּים; or feminine מְסִבּוֹת; from {{h5437}}; a divan (as enclosing the room); abstractly (adverbial) around; that compass about, (place) round about, at table.","strongs_number":"h4524"},"h4525":{"pronunciation":"mas-gare'","unicode":"מַסְגֵּר","translit":"maçgêr","definition":"from {{h5462}}; a fastener, i.e. (of a person) a smith, (of a thing) a prison; prison, smith.","strongs_number":"h4525"},"h4526":{"pronunciation":"mis-gheh'-reth","unicode":"מִסְגֶּרֶת","translit":"miçgereth","definition":"from {{h5462}}; something enclosing, i.e. a margin (of a region, of a panel); concretely, a stronghold; border, close place, hole.","strongs_number":"h4526"},"h4527":{"pronunciation":"mas-sad'","unicode":"מַסַּד","translit":"maççad","definition":"from {{h3245}}; a foundation; foundation.","strongs_number":"h4527"},"h4528":{"pronunciation":"mis-der-ohn'","unicode":"מִסְדְּרוֹן","translit":"miçdᵉrôwn","definition":"from the same as {{h5468}}; a colonnade or internal portico (from its rows of pillars); porch.","strongs_number":"h4528"},"h4529":{"pronunciation":"maw-saw'","unicode":"מָסָה","translit":"mâçâh","definition":"a primitive root; to dissolve; make to consume away, (make to) melt, water.","strongs_number":"h4529"},"h4530":{"pronunciation":"mis-saw'","unicode":"מִסָּה","translit":"miççâh","definition":"from {{h4549}} (in the sense of flowing); abundance, i.e. (adverbially) liberally; tribute.","strongs_number":"h4530"},"h4531":{"pronunciation":"mas-saw'","unicode":"מַסָּה","translit":"maççâh","definition":"from {{h5254}}; a testing, of men (judicial) or of God (querulous); temptation, trial.","strongs_number":"h4531"},"h4532":{"pronunciation":"mas-saw'","unicode":"מַסָּה","translit":"Maççâh","definition":"the same as {{h4531}}; Massah, a place in the Desert; Massah.","strongs_number":"h4532"},"h4533":{"pronunciation":"mas-veh'","unicode":"מַסְוֶה","translit":"maçveh","definition":"apparently from an unused root meaning to cover; a veil; vail.","strongs_number":"h4533"},"h4534":{"pronunciation":"mes-oo-kaw'","unicode":"מְסוּכָה","translit":"mᵉçûwkâh","definition":"for {{h4881}}; a hedge; thorn hedge.","strongs_number":"h4534"},"h4535":{"pronunciation":"mas-sawkh'","unicode":"מַסָּח","translit":"maççâch","definition":"from {{h5255}} in the sense of staving off; a cordon, (adverbially) or (as a) military barrier; broken down.","strongs_number":"h4535"},"h4536":{"pronunciation":"mis-khawr'","unicode":"מִסְחָר","translit":"miçchâr","definition":"from {{h5503}}; trade; traffic.","strongs_number":"h4536"},"h4537":{"pronunciation":"maw-sak'","unicode":"מָסַךְ","translit":"mâçak","definition":"a primitive root; to mix, especially wine (with spices); mingle.","strongs_number":"h4537"},"h4538":{"pronunciation":"meh'-sek","unicode":"מֶסֶךְ","translit":"meçek","definition":"from {{h4537}}; a mixture, i.e. of wine with spices; mixture.","strongs_number":"h4538"},"h4539":{"pronunciation":"maw-sawk'","unicode":"מָסָךְ","translit":"mâçâk","definition":"from {{h5526}}; a cover, i.e. veil; covering, curtain, hanging.","strongs_number":"h4539"},"h4540":{"pronunciation":"mes-ook-kaw'","unicode":"מְסֻכָּה","translit":"mᵉçukkâh","definition":"from {{h5526}}; a covering, i.e. garniture; covering.","strongs_number":"h4540"},"h4541":{"pronunciation":"mas-say-kaw'","unicode":"מַסֵּכָה","translit":"maççêkâh","definition":"from {{h5258}}; properly, a pouring over, i.e. fusion of metal (especially a cast image); by implication, a libation, i.e. league; concretely a coverlet (as if poured out); covering, molten (image), vail.","strongs_number":"h4541"},"h4542":{"pronunciation":"mis-kane'","unicode":"מִסְכֵּן","translit":"miçkên","definition":"from {{h5531}}; indigent; poor (man).","strongs_number":"h4542"},"h4543":{"pronunciation":"mis-ken-aw'","unicode":"מִסְכְּנָה","translit":"miçkᵉnâh","definition":"by transp. from {{h3664}}; a magazine; store(-house), treasure.","strongs_number":"h4543"},"h4544":{"pronunciation":"mis-kay-nooth'","unicode":"מִסְכֵּנֻת","translit":"miçkênuth","definition":"from {{h4542}}; indigence; scarceness.","strongs_number":"h4544"},"h4545":{"pronunciation":"mas-seh'-keth","unicode":"מַסֶּכֶת","translit":"maççeketh","definition":"from {{h5259}} in the sense of spreading out; something expanded, i.e. the warp in a loom (as stretched out to receive the woof); web.","strongs_number":"h4545"},"h4546":{"pronunciation":"mes-il-law'","unicode":"מְסִלָּה","translit":"mᵉçillâh","definition":"from {{h5549}}; a thoroughfare (as turnpiked), literally or figuratively; specifically a viaduct, a staircase; causeway, course, highway, path, terrace.","strongs_number":"h4546"},"h4547":{"pronunciation":"mas-lool'","unicode":"מַסְלוּל","translit":"maçlûwl","definition":"from {{h5549}}; a thoroughfare (as turnpiked); highway.","strongs_number":"h4547"},"h4548":{"pronunciation":"mas-mare'","unicode":"מַסְמֵר","translit":"maçmêr","definition":"or מִסְמֵר; also (feminine) מַסְמְרָה; or מִסְמְרָה; or even מַשְׂמְרָה; (Ecclesiastes 12:11), from {{h5568}}; a peg (as bristling from the surface); nail.","strongs_number":"h4548"},"h4549":{"pronunciation":"maw-sas'","unicode":"מָסַס","translit":"mâçaç","definition":"a primitive root; to liquefy; figuratively, to waste (with disease), to faint (with fatigue, fear or grief); discourage, faint, be loosed, melt (away), refuse, × utterly.","strongs_number":"h4549"},"h4550":{"pronunciation":"mas-sah'","unicode":"מַסַּע","translit":"maççaʻ","definition":"from {{h5265}}; a departure (from striking the tents), i.e. march (not necessarily a single day's travel); by implication, a station (or point of departure); journey(-ing).","strongs_number":"h4550"},"h4551":{"pronunciation":"mas-saw'","unicode":"מַסָּע","translit":"maççâʻ","definition":"from {{h5265}} in the sense of projecting; a missile (spear or arrow); also a quarry (whence stones are, as it were, ejected); before it was brought, dart.","strongs_number":"h4551"},"h4552":{"pronunciation":"mis-awd'","unicode":"מִסְעָד","translit":"miçʻâd","definition":"' from {{h5582}}; a balustrade (for stairs); pillar.","strongs_number":"h4552"},"h4553":{"pronunciation":"mis-pade'","unicode":"מִסְפֵּד","translit":"miçpêd","definition":"from {{h5594}}; a lamentation; lamentation, one mourneth, mourning, wailing.","strongs_number":"h4553"},"h4554":{"pronunciation":"mis-po'","unicode":"מִסְפּוֹא","translit":"miçpôwʼ","definition":"from an unused root meaning to collect; fodder; provender.","strongs_number":"h4554"},"h4555":{"pronunciation":"mis-paw-khaw'","unicode":"מִסְפָּחָה","translit":"miçpâchâh","definition":"from {{h5596}}; a veil (as spread out); kerchief.","strongs_number":"h4555"},"h4556":{"pronunciation":"mis-pakh'-ath","unicode":"מִסְפַּחַת","translit":"miçpachath","definition":"from {{h5596}}; scruf (as spreading over the surface); scab.","strongs_number":"h4556"},"h4557":{"pronunciation":"mis-pawr'","unicode":"מִסְפָּר","translit":"miçpâr","definition":"from {{h5608}}; a number, definite (arithmetical) or indefinite (large, innumerable; small, a few); also (abstractly) narration; abundance, account, × all, × few, (in-) finite, (certain) number(-ed), tale, telling,   time.","strongs_number":"h4557"},"h4558":{"pronunciation":"mis-pawr'","unicode":"מִסְפָּר","translit":"Miçpâr","definition":"the same as {{h4457}}; number; Mispar, an Israelite; Mizpar. Compare {{h4559}}.","strongs_number":"h4558"},"h4559":{"pronunciation":"mis-peh'-reth","unicode":"מִסְפֶּרֶת","translit":"Miçpereth","definition":"feminine of {{h4437}}; enumeration; Mispereth, an Israelite; Mispereth. Compare {{h4458}}.","strongs_number":"h4559"},"h4560":{"pronunciation":"maw-sar'","unicode":"מָסַר","translit":"mâçar","definition":"a primitive root; to sunder, i.e. (transitively) set apart, or (reflex.) apostatize; commit, deliver.","strongs_number":"h4560"},"h4561":{"pronunciation":"mo-sawr'","unicode":"מֹסָר","translit":"môçâr","definition":"from {{h3256}}; admonition; instruction.","strongs_number":"h4561"},"h4562":{"pronunciation":"maw-so'-reth","unicode":"מָסֹרֶת","translit":"mâçôreth","definition":"from {{h631}}; a band; bond.","strongs_number":"h4562"},"h4563":{"pronunciation":"mis-tore'","unicode":"מִסְתּוֹר","translit":"miçtôwr","definition":"from {{h5641}}; a refuge; covert.","strongs_number":"h4563"},"h4564":{"pronunciation":"mas-tare'","unicode":"מַסְתֵּר","translit":"maçtêr","definition":"from {{h5641}}; properly, a hider, i.e. (abstractly) a hiding, i.e. aversion; hid.","strongs_number":"h4564"},"h4565":{"pronunciation":"mis-tawr'","unicode":"מִסְתָּר","translit":"miçtâr","definition":"from {{h5641}}; properly, a concealer, i.e. a covert; secret(-ly, place).","strongs_number":"h4565"},"h4566":{"pronunciation":"mah-bawd'","unicode":"מַעְבָּד","translit":"maʻbâd","definition":"from {{h5647}}; an act; work.","strongs_number":"h4566"},"h4567":{"pronunciation":"mah-bawd'","unicode":"מַעְבָד","translit":"maʻbâd","definition":"(Aramaic) corresponding to {{h4566}}; an act; work.","strongs_number":"h4567"},"h4568":{"pronunciation":"mah-ab-eh'","unicode":"מַעֲבֶה","translit":"maʻăbeh","definition":"from {{h5666}}; properly, compact (part of soil), i.e. loam; clay.","strongs_number":"h4568"},"h4569":{"pronunciation":"mah-ab-awr'","unicode":"מַעֲבָר","translit":"maʻăbâr","definition":"or feminine מַעֲבָרָה; from {{h5674}}; a crossing-place (of a river, a ford; of a mountain, a pass); abstractly, a transit, i.e. (figuratively) overwhelming; ford, place where...pass, passage.","strongs_number":"h4569"},"h4570":{"pronunciation":"mah-gawl'","unicode":"מַעְגָּל","translit":"maʻgâl","definition":"or feminine מַעְגָּלָה; from the same as {{h5696}}; a track (literally or figuratively); also a rampart (as circular); going, path, trench, way(-side).","strongs_number":"h4570"},"h4571":{"pronunciation":"maw-ad'","unicode":"מָעַד","translit":"mâʻad","definition":"a primitive root; to waver; make to shake, slide, slip.","strongs_number":"h4571"},"h4572":{"pronunciation":"mah-ad-ah'-ee","unicode":"מַעֲדַי","translit":"Maʻăday","definition":"from {{h5710}}; ornamental; Maadai, an Israelite; Maadai.","strongs_number":"h4572"},"h4573":{"pronunciation":"mah-ad-yaw'","unicode":"מַעֲדְיָה","translit":"Maʻădyâh","definition":"from {{h5710}} and {{h3050}}; ornament of Jah; Maadjah, an Israelite; Maadiah. Compare {{h4153}}.","strongs_number":"h4573"},"h4574":{"pronunciation":"mah-ad-awn'","unicode":"מַעֲדָן","translit":"maʻădân","definition":"or (feminine) מַעֲדַנָּה; from {{h5727}}; a delicacy or (abstractly) pleasure (adverbially, cheerfully); dainty, delicately, delight.","strongs_number":"h4574"},"h4575":{"pronunciation":"mah-ad-an-naw'","unicode":"מַעֲדַנָּה","translit":"maʻădannâh","definition":"by transitive from {{h6029}}; a bond, i.e. group; influence.","strongs_number":"h4575"},"h4576":{"pronunciation":"mah-dare'","unicode":"מַעְדֵּר","translit":"maʻdêr","definition":"from {{h5737}}; a (weeding) hoe; mattock.","strongs_number":"h4576"},"h4577":{"pronunciation":"meh-aw'","unicode":"מְעָה","translit":"mᵉʻâh","definition":"(Aramaic) or מְעָא; (Aramaic), corresponding to {{h4578}}; only in plural the bowels; belly.","strongs_number":"h4577"},"h4578":{"pronunciation":"may-aw'","unicode":"מֵעֶה","translit":"mêʻeh","definition":"from an unused root probably meaning to be soft; used only in plural the intestines, or (collectively) the abdomen, figuratively, sympathy; by implication, a vest; by extension the stomach, the uterus (or of men, the seat of generation), the heart (figuratively); belly, bowels, × heart, womb.","strongs_number":"h4578"},"h4579":{"pronunciation":"may-aw'","unicode":"מֵעָה","translit":"mêʻâh","definition":"feminine of {{h4578}}; the belly, i.e. (figuratively) interior; gravel.","strongs_number":"h4579"},"h4580":{"pronunciation":"maw-ogue'","unicode":"מָעוֹג","translit":"mâʻôwg","definition":"from {{h5746}}; also with {{h3934}} a table-buffoon, i.e.; a cake of bread; parasite; cake, feast.","strongs_number":"h4580"},"h4581":{"pronunciation":"maw-oze'","unicode":"מָעוֹז","translit":"mâʻôwz","definition":"(also מָעוּז ); or מָעֹז (also מָעֻז; from {{h5810}}; a fortified place; figuratively, a defence; force, fort(-ress), rock, strength(-en), (× most) strong (hold).","strongs_number":"h4581"},"h4582":{"pronunciation":"maw-oke'","unicode":"מָעוֹךְ","translit":"Mâʻôwk","definition":"from {{h4600}}; oppressed; Maok, a Philistine; Maoch.","strongs_number":"h4582"},"h4583":{"pronunciation":"maw-ohn'","unicode":"מָעוֹן","translit":"mâʻôwn","definition":"or מָעִין; (1 Chronicles 4:41), from the same as {{h5772}}; an abode, of God (the Tabernacle or the Temple), men (their home) or animals (their lair); hence, a retreat (asylum); den, dwelling((-) place), habitation.","strongs_number":"h4583"},"h4584":{"pronunciation":"maw-ohn'","unicode":"מָעוֹן","translit":"Mâʻôwn","definition":"the same as {{h4583}}; a residence; Maon, the name of an Israelite and of a place in Palestine; Maon, Maonites. Compare {{h1010}}, {{h4586}}.","strongs_number":"h4584"},"h4585":{"pronunciation":"meh-o-naw'","unicode":"מְעוֹנָה","translit":"mᵉʻôwnâh","definition":"or מְעֹנָה; feminine of {{h4583}}, and meaning the same; den, habitation, (dwelling) place, refuge.","strongs_number":"h4585"},"h4586":{"pronunciation":"meh-oo-nee'","unicode":"מְעוּנִי","translit":"Mᵉʻûwnîy","definition":"or מְעִינִי; probably patrial from {{h4584}}; a Meunite, or inhabitant of Maon (only in plural); Mehunim(-s), Meunim.","strongs_number":"h4586"},"h4587":{"pronunciation":"meh-o-no-thah'-ee","unicode":"מְעוֹנֹתַי","translit":"Mᵉʻôwnôthay","definition":"plural of {{h4585}}; habitative; Meonothai, an Israelite; Meonothai.","strongs_number":"h4587"},"h4588":{"pronunciation":"maw-off'","unicode":"מָעוּף","translit":"mâʻûwph","definition":"from {{h5774}} in the sense of covering with shade (compare {{h4155}}); darkness; dimness.","strongs_number":"h4588"},"h4589":{"pronunciation":"maw-ore'","unicode":"מָעוֹר","translit":"mâʻôwr","definition":"from {{h5783}}; nakedness, i.e. (in plural) the pudenda; nakedness.","strongs_number":"h4589"},"h4590":{"pronunciation":"mah-az-yaw'","unicode":"מַעַזְיָה","translit":"Maʻazyâh","definition":"or מַעַזְיָהוּ; probably from {{h5756}} (in the sense of protection) and {{h3050}}; rescue of Jah; Maazjah, the name of two Israelites; Maaziah.","strongs_number":"h4590"},"h4591":{"pronunciation":"maw-at'","unicode":"מָעַט","translit":"mâʻaṭ","definition":"a primitive root; properly, to pare off, i.e. lessen; intransitively, to be (or causatively, to make) small or few (or figuratively, ineffective); suffer to decrease, diminish, (be, × borrow a, give, make) few (in number, -ness), gather least (little), be (seem) little, (× give the) less, be minished, bring to nothing.","strongs_number":"h4591"},"h4592":{"pronunciation":"meh-at'","unicode":"מְעַט","translit":"mᵉʻaṭ","definition":"or מְעָט; from {{h4591}}; a little or few (often adverbial or comparative); almost (some, very) few(-er, -est), lightly, little (while), (very) small (matter, thing), some, soon, × very.","strongs_number":"h4592"},"h4593":{"pronunciation":"maw-ote'","unicode":"מָעֹט","translit":"mâʻôṭ","definition":"passive adjective of {{h4591}}; thinned (as to the edge), i.e. sharp; wrapped up.","strongs_number":"h4593"},"h4594":{"pronunciation":"mah-at-eh'","unicode":"מַעֲטֶה","translit":"maʻăṭeh","definition":"from {{h5844}}; a vestment; garment.","strongs_number":"h4594"},"h4595":{"pronunciation":"mah-at-aw-faw'","unicode":"מַעֲטָפָה","translit":"maʻăṭâphâh","definition":"from {{h5848}}; a cloak; mantle.","strongs_number":"h4595"},"h4596":{"pronunciation":"meh-ee'","unicode":"מְעִי","translit":"mᵉʻîy","definition":"from {{h5753}}; (compare {{h5856}}); a pile of rubbish (as contorted), i.e. a ruin; heap.","strongs_number":"h4596"},"h4597":{"pronunciation":"maw-ah'-ee","unicode":"מָעַי","translit":"Mâʻay","definition":"probably from {{h4578}}; sympathetic; Maai, an Israelite; Maai.","strongs_number":"h4597"},"h4598":{"pronunciation":"meh-eel'","unicode":"מְעִיל","translit":"mᵉʻîyl","definition":"from {{h4603}} in the sense of covering; a robe (i.e. upper and outer garment); cloke, coat, mantle, robe.","strongs_number":"h4598"},"h4599":{"pronunciation":"mah-yawn'","unicode":"מַעְיָן","translit":"maʻyân","definition":"or מַעְיְנוֹ; (Psalm 114:8), or (feminine) מַעְיָנָה; from {{h5869}} (as a denominative in the sense of a spring); a fountain (also collectively), figuratively, a source (of satisfaction); fountain, spring, well.","strongs_number":"h4599"},"h4600":{"pronunciation":"maw-ak'","unicode":"מָעַךְ","translit":"mâʻak","definition":"a primitive root; to press, i.e. to pierce, emasculate, handle; bruised, stuck, be pressed.","strongs_number":"h4600"}}