{"h501":{"pronunciation":"el-aw-saw'","unicode":"אֶלְעָשָׂה","translit":"ʼElʻâsâh","definition":"from {{h410}} and {{h6213}}; God has made; Elasah, the name of four Israelites; Elasah, Eleasah.","strongs_number":"h501"},"h502":{"pronunciation":"aw-lof'","unicode":"אָלַף","translit":"ʼâlaph","definition":"a primitive root, to associate with; hence, to learn (and causatively to teach); learn, teach, utter.","strongs_number":"h502"},"h503":{"pronunciation":"aw-laf'","unicode":"אָלַף","translit":"ʼâlaph","definition":"denominative from {{h505}}; causative, to make a thousandfold; bring forth thousands.","strongs_number":"h503"},"h504":{"pronunciation":"eh'-lef","unicode":"אֶלֶף","translit":"ʼeleph","definition":"from {{h502}}; a family; also (from the sense of yoking or taming) an ox or cow; family, kine, oxen.","strongs_number":"h504"},"h505":{"pronunciation":"eh'-lef","unicode":"אֶלֶף","translit":"ʼeleph","definition":"prop, the same as {{h504}}; hence (the ox's head being the first letter of the alphabet, and this eventually used as a numeral) a thousand; thousand.","strongs_number":"h505"},"h506":{"pronunciation":"al-af'","unicode":"אֲלַף","translit":"ʼălaph","definition":"(Aramaic) or אֶלֶף; (Aramaic), corresponding to {{h505}}; thousand.","strongs_number":"h506"},"h507":{"pronunciation":"eh'-lef","unicode":"אֶלֶף","translit":"ʼEleph","definition":"the same as {{h505}}; Eleph, a place in Palestine; Eleph.","strongs_number":"h507"},"h508":{"pronunciation":"el-pah'-al","unicode":"אֶלְפַּעַל","translit":"ʼElpaʻal","definition":"from {{h410}} and {{h6466}}; God (is) act; Elpaal, an Israelite; Elpaal.","strongs_number":"h508"},"h509":{"pronunciation":"aw-lats'","unicode":"אָלַץ","translit":"ʼâlats","definition":"a primitive root; to press; urge.","strongs_number":"h509"},"h510":{"pronunciation":"al-koom'","unicode":"אַלְקוּם","translit":"ʼalqûwm","definition":"probably from {{h408}} and {{h6965}}; a non-rising (i.e. resistlessness); no rising up.","strongs_number":"h510"},"h511":{"pronunciation":"el-kaw-naw'","unicode":"אֶלְקָנָה","translit":"ʼElqânâh","definition":"from {{h410}} and {{h7069}}; God has obtained; Elkanah, the name of several Israelites; Elkanah.","strongs_number":"h511"},"h512":{"pronunciation":"el-ko-shee'","unicode":"אֶלְקֹשִׁי","translit":"ʼElqôshîy","definition":"patrial from a name of uncertain derivation; an Elkoshite or native of Elkosh; Elkoshite.","strongs_number":"h512"},"h513":{"pronunciation":"el-to-lad'","unicode":"אֶלְתּוֹלַד","translit":"ʼEltôwlad","definition":"probably from {{h410}} and a masculine form of {{h8435}} (compare {{h8434}}); God (is) generator; Eltolad, a place in Palestine; Eltolad.","strongs_number":"h513"},"h514":{"pronunciation":"el-te-kay'","unicode":"אֶלְתְּקֵא","translit":"ʼEltᵉqêʼ","definition":"or (more properly) אֶלְתְּקֵה; of uncertain derivation; Eltekeh or Elteke, a place in Palestine; Eltekeh.","strongs_number":"h514"},"h515":{"pronunciation":"el-te-kone'","unicode":"אֶלְתְּקֹן","translit":"ʼEltᵉqôn","definition":"from {{h410}} and {{h8626}}; God (is) straight; Eltekon, a place in Palestine; Eltekon.","strongs_number":"h515"},"h516":{"pronunciation":"al tash-kayth'","unicode":"אַל תַּשְׁחֵת","translit":"ʼAl tashchêth","definition":"from {{h408}} and {{h7843}}; 'Thou must not destroy'; probably the opening words to a popular song; Al-taschith.","strongs_number":"h516"},"h517":{"pronunciation":"ame","unicode":"אֵם","translit":"ʼêm","definition":"a primitive word; a mother (as the bond of the family); in a wide sense (both literally and figuratively [like father]); dam, mother, × parting.","strongs_number":"h517"},"h518":{"pronunciation":"eem","unicode":"אִם","translit":"ʼim","definition":"a primitive particle; used very widely as demonstrative, lo!; interrogative, whether?; or conditional, if, although; also Oh that!, when; hence, as a negative, not; (and, can-, doubtless, if, that) (not), + but, either, + except, + more(-over if, than), neither, nevertheless, nor, oh that, or, + save (only, -ing), seeing, since, sith, + surely (no more, none, not), though, + of a truth, + unless, + verily, when, whereas, whether, while, + yet.","strongs_number":"h518"},"h519":{"pronunciation":"aw-maw'","unicode":"אָמָה","translit":"ʼâmâh","definition":"apparently a primitive word; a maid-servant or female slave; (hand-) bondmaid(-woman), maid(-servant).","strongs_number":"h519"},"h520":{"pronunciation":"am-maw'","unicode":"אַמָּה","translit":"ʼammâh","definition":"prolonged from {{h517}}; properly, a mother (i.e. unit of measure, or the fore-arm (below the elbow), i.e. a cubit; also a door-base (as a bond of the entrance); cubit, + hundred (by exchange for {{h3967}}), measure, post.","strongs_number":"h520"},"h521":{"pronunciation":"am-maw'","unicode":"אַמָּה","translit":"ʼammâh","definition":"(Aramaic) corresponding to {{h520}}; cubit.","strongs_number":"h521"},"h522":{"pronunciation":"am-maw'","unicode":"אַמָּה","translit":"ʼAmmâh","definition":"the same as {{h520}}; Ammah, a hill in Palestine; Ammah.","strongs_number":"h522"},"h523":{"pronunciation":"oom-maw'","unicode":"אֻמַּה","translit":"ʼummah","definition":"from the same as {{h517}}; a collection, i.e. community of persons; nation, people.","strongs_number":"h523"},"h524":{"pronunciation":"oom-maw'","unicode":"אֻמָּה","translit":"ʼummâh","definition":"(Aramaic) corresponding to {{h523}}; nation.","strongs_number":"h524"},"h525":{"pronunciation":"aw-mone'","unicode":"אָמוֹן","translit":"ʼâmôwn","definition":"from {{h539}}, probably in the sense of training; like {{h542}}; skilled, i.e. an architect; one brought up.","strongs_number":"h525"},"h526":{"pronunciation":"aw-mone'","unicode":"אָמוֹן","translit":"ʼÂmôwn","definition":"the same as {{h525}}; Amon, the name of three Israelites; Amon.","strongs_number":"h526"},"h527":{"pronunciation":"aw-mone'","unicode":"אָמוֹן","translit":"ʼâmôwn","definition":"a variation for {{h1995}}; a throng of people; multitude.","strongs_number":"h527"},"h528":{"pronunciation":"aw-mone'","unicode":"אָמוֹן","translit":"ʼÂmôwn","definition":"of Egyptian derivation; used only as an adjunct of {{h4996}}; Amon (i.e. Ammon or Amn), a deity of Egypt; multitude, populous.","strongs_number":"h528"},"h529":{"pronunciation":"ay-moon'","unicode":"אֵמוּן","translit":"ʼêmûwn","definition":"from {{h539}}; established, i.e. (figuratively) trusty; also (abstractly) trustworthiness; faith(-ful), truth.","strongs_number":"h529"},"h530":{"pronunciation":"em-oo-naw'","unicode":"אֱמוּנָה","translit":"ʼĕmûwnâh","definition":"or (shortened) אֱמֻנָה; feminine of {{h529}}; literally firmness; figuratively security; morally fidelity; faith(-ful, -ly, -ness, (man)), set office, stability, steady, truly, truth, verily.","strongs_number":"h530"},"h531":{"pronunciation":"aw-mohts'","unicode":"אָמוֹץ","translit":"ʼÂmôwts","definition":"from {{h553}}; strong; Amots, an Israelite; Amoz.","strongs_number":"h531"},"h532":{"pronunciation":"aw-mee'","unicode":"אָמִי","translit":"ʼÂmîy","definition":"an abbreviated form for {{h526}}; Ami, an Israelite; Ami.","strongs_number":"h532"},"h533":{"pronunciation":"am-meets'","unicode":"אַמִּיץ","translit":"ʼammîyts","definition":"or (shortened) אַמִּץ; from {{h553}}; strong or (abstractly) strength; courageous, mighty, strong (one).","strongs_number":"h533"},"h534":{"pronunciation":"aw-meer'","unicode":"אָמִיר","translit":"ʼâmîyr","definition":"apparently from {{h559}} (in the sense of self-exaltation); a summit (of a tree or mountain); bough, branch.","strongs_number":"h534"},"h535":{"pronunciation":"aw-mal'","unicode":"אָמַל","translit":"ʼâmal","definition":"a primitive root; to droop; by implication to be sick, to mourn; languish, be weak, wax feeble.","strongs_number":"h535"},"h536":{"pronunciation":"oom-lal'","unicode":"אֻמְלַל","translit":"ʼumlal","definition":"from {{h535}}; sick; weak.","strongs_number":"h536"},"h537":{"pronunciation":"am-ay-lawl'","unicode":"אֲמֵלָל","translit":"ʼămêlâl","definition":"from {{h535}}; languid; feeble.","strongs_number":"h537"},"h538":{"pronunciation":"am-awm'","unicode":"אֲמָם","translit":"ʼĂmâm","definition":"from {{h517}}; gathering-spot; Amam, a place in Palestine; Amam.","strongs_number":"h538"},"h539":{"pronunciation":"aw-man'","unicode":"אָמַן","translit":"ʼâman","definition":"a primitive root; (Isaiah 30:21; interchangeable with {{h541}}, to go to the right hand); properly, to build up or support; to foster as a parent or nurse; figuratively to render (or be) firm or faithful, to trust or believe, to be permanent or quiet; morally to be true or certain; hence, assurance, believe, bring up, establish,   fail, be faithful (of long continuance, stedfast, sure, surely, trusty, verified), nurse, (-ing father), (put), trust, turn to the right.","strongs_number":"h539"},"h540":{"pronunciation":"am-an'","unicode":"אֲמַן","translit":"ʼăman","definition":"(Aramaic) corresponding to {{h539}}; believe, faithful, sure.","strongs_number":"h540"},"h541":{"pronunciation":"aw-man'","unicode":"אָמַן","translit":"ʼâman","definition":"denominative from {{h3225}}; to take the right hand road; turn to the right. See {{h539}}.","strongs_number":"h541"},"h542":{"pronunciation":"aw-mawn'","unicode":"אָמָן","translit":"ʼâmân","definition":"from {{h539}} (in the sense of training); an expert; cunning workman.","strongs_number":"h542"},"h543":{"pronunciation":"aw-mane'","unicode":"אָמֵן","translit":"ʼâmên","definition":"from {{h539}}; sure; abstract, faithfulness; adverb, truly; Amen, so be it, truth.","strongs_number":"h543"},"h544":{"pronunciation":"oh-men'","unicode":"אֹמֶן","translit":"ʼômen","definition":"from {{h539}}; verity; truth.","strongs_number":"h544"},"h545":{"pronunciation":"om-naw'","unicode":"אׇמְנָה","translit":"ʼomnâh","definition":"feminine of {{h544}} (in the specific sense of training); tutelage; brought up.","strongs_number":"h545"},"h546":{"pronunciation":"om-naw'","unicode":"אׇמְנָה","translit":"ʼomnâh","definition":"feminine form of {{h544}} (in its usual sense); adverb, surely; indeed.","strongs_number":"h546"},"h547":{"pronunciation":"om-me-naw'","unicode":"אֹמְנָה","translit":"ʼômᵉnâh","definition":"feminine active participle of {{h544}} (in the original sense of supporting); a column; pillar.","strongs_number":"h547"},"h548":{"pronunciation":"am-aw-naw'","unicode":"אֲמָנָה","translit":"ʼămânâh","definition":"feminine of {{h543}}; something fixed, i.e. a covenant. an allowance; certain portion, sure.","strongs_number":"h548"},"h549":{"pronunciation":"am-aw-naw'","unicode":"אֲמָנָה","translit":"ʼĂmânâh","definition":"the same as {{h548}}; Amanah, a mountain near Damascus; Amana.","strongs_number":"h549"},"h550":{"pronunciation":"am-nohn'","unicode":"אַמְנוֹן","translit":"ʼAmnôwn","definition":"or אֲמִינוֹן; from {{h539}}; faithful; Amnon (or Aminon), a son of David; Amnon.","strongs_number":"h550"},"h551":{"pronunciation":"om-nawm'","unicode":"אׇמְנָם","translit":"ʼomnâm","definition":"adverb from {{h544}}; verily; indeed, no doubt, surely, (it is, of a) true(-ly, -th).","strongs_number":"h551"},"h552":{"pronunciation":"oom-nawm'","unicode":"אֻמְנָם","translit":"ʼumnâm","definition":"an orthographical variation of {{h551}}; in (very) deed; of a surety.","strongs_number":"h552"},"h553":{"pronunciation":"aw-mats'","unicode":"אָמַץ","translit":"ʼâmats","definition":"a primitive root; to be alert, physically (on foot) or mentally (in courage); confirm, be courageous (of good courage, stedfastly minded, strong, stronger), establish, fortify, harden, increase, prevail, strengthen (self), make strong (obstinate, speed).","strongs_number":"h553"},"h554":{"pronunciation":"aw-mohts'","unicode":"אָמֹץ","translit":"ʼâmôts","definition":"probably from {{h553}}; of a strong color, i.e. red (others fleet); bay.","strongs_number":"h554"},"h555":{"pronunciation":"o'-mets","unicode":"אֹמֶץ","translit":"ʼômets","definition":"from {{h553}}; strength; stronger.","strongs_number":"h555"},"h556":{"pronunciation":"am-tsaw'","unicode":"אַמְצָה","translit":"ʼamtsâh","definition":"from {{h553}}; force; strength.","strongs_number":"h556"},"h557":{"pronunciation":"am-tsee'","unicode":"אַמְצִי","translit":"ʼAmtsîy","definition":"from {{h553}}; strong; Amtsi, an Israelite; Amzi.","strongs_number":"h557"},"h558":{"pronunciation":"am-ats-yaw'","unicode":"אֲמַצְיָה","translit":"ʼĂmatsyâh","definition":"or אֲמַצְיָהוּ; from {{h553}} and {{h3050}}; strength of Jah; Amatsjah, the name of four Israelites; Amaziah.","strongs_number":"h558"},"h559":{"pronunciation":"aw-mar'","unicode":"אָמַר","translit":"ʼâmar","definition":"a primitive root; to say (used with great latitude); answer, appoint, avouch, bid, boast self, call, certify, challenge, charge,   (at the, give) command(-ment), commune, consider, declare, demand, × desire, determine, × expressly, × indeed, × intend, name, × plainly, promise, publish, report, require, say, speak (against, of), × still, × suppose, talk, tell, term, × that is, × think, use (speech), utter, × verily, × yet.","strongs_number":"h559"},"h560":{"pronunciation":"am-ar'","unicode":"אֲמַר","translit":"ʼămar","definition":"(Aramaic) corresponding to {{h559}}; command, declare, say, speak, tell.","strongs_number":"h560"},"h561":{"pronunciation":"ay'-mer","unicode":"אֵמֶר","translit":"ʼêmer","definition":"from {{h559}}; something said; answer, × appointed unto him, saying, speech, word.","strongs_number":"h561"},"h562":{"pronunciation":"o'-mer","unicode":"אֹמֶר","translit":"ʼômer","definition":"the same as {{h561}}; promise, speech, thing, word.","strongs_number":"h562"},"h563":{"pronunciation":"im-mar'","unicode":"אִמַּר","translit":"ʼimmar","definition":"(Aramaic) perhaps from {{h560}} (in the sense of bringing forth); a lamb; lamb.","strongs_number":"h563"},"h564":{"pronunciation":"im-mare'","unicode":"אִמֵּר","translit":"ʼImmêr","definition":"from {{h559}}; talkative; Immer, the name of five Israelites; Immer.","strongs_number":"h564"},"h565":{"pronunciation":"im-raw'","unicode":"אִמְרָה","translit":"ʼimrâh","definition":"or אֶמְרָה; feminine of {{h561}}, and meaning the same; commandment, speech, word.","strongs_number":"h565"},"h566":{"pronunciation":"im-ree'","unicode":"אִמְרִי","translit":"ʼImrîy","definition":"from {{h564}}; Imri, the name of two Israelites; Imri.","strongs_number":"h566"},"h567":{"pronunciation":"em-o-ree'","unicode":"אֱמֹרִי","translit":"ʼĔmôrîy","definition":"probably a patronymic from an unused name derived from {{h559}} in the sense of publicity, i.e. prominence; thus, a mountaineer; an Emorite, one of the Canaanitish tribes; Amorite.","strongs_number":"h567"},"h568":{"pronunciation":"am-ar-yaw'","unicode":"אֲמַרְיָה","translit":"ʼĂmaryâh","definition":"or prolonged אֲמַרְיָהוּ; from {{h559}} and {{h3050}}; Jah has said (i.e. promised); Amarjah, the name of nine Israelites; Amariah.","strongs_number":"h568"},"h569":{"pronunciation":"am-raw-fel'","unicode":"אַמְרָפֶל","translit":"ʼAmrâphel","definition":"of uncertain (perhaps foreign) derivation; Amraphel, a king of Shinar; Amraphel.","strongs_number":"h569"},"h570":{"pronunciation":"eh'-mesh","unicode":"אֶמֶשׁ","translit":"ʼemesh","definition":"time past, i.e.; yesterday or last night; former time, yesterday(-night)","strongs_number":"h570"},"h571":{"pronunciation":"eh'-meth","unicode":"אֶמֶת","translit":"ʼemeth","definition":"contracted from {{h539}}; stability; (figuratively) certainty, truth, trustworthiness; assured(-ly), establishment, faithful, right, sure, true (-ly, -th), verity.","strongs_number":"h571"},"h572":{"pronunciation":"am-takh'-ath","unicode":"אַמְתַּחַת","translit":"ʼamtachath","definition":"from {{h4969}}; properly, something expansive, i.e. a bag; sack.","strongs_number":"h572"},"h573":{"pronunciation":"am-it-tah'ee","unicode":"אֲמִתַּי","translit":"ʼĂmittay","definition":"from {{h571}}; veracious; Amittai, an Israelite; Amittai.","strongs_number":"h573"},"h574":{"pronunciation":"em-taw-nee'","unicode":"אֵמְתָּנִי","translit":"ʼêmᵉtânîy","definition":"(Aramaic) from a root corresponding to that of {{h4975}}; well-loined (i.e. burly) or mighty; terrible.","strongs_number":"h574"},"h575":{"pronunciation":"awn","unicode":"אָן","translit":"ʼân","definition":"or אָנָה; contracted from {{h370}}; where?; hence, whither?, when?; also hither and thither; any (no) whither, now, where, whither(-soever).","strongs_number":"h575"},"h576":{"pronunciation":"an-aw'","unicode":"אֲנָא","translit":"ʼănâʼ","definition":"(Aramaic) or אֲנָה; (Aramaic), corresponding to {{h589}}; I; I, as for me.","strongs_number":"h576"},"h577":{"pronunciation":"awn-naw'","unicode":"אָנָּא","translit":"ʼânnâʼ","definition":"or אָנָּה; apparent contracted from {{h160}} and {{h4994}}; oh now!; I (me) beseech (pray) thee, O.","strongs_number":"h577"},"h578":{"pronunciation":"aw-naw'","unicode":"אָנָה","translit":"ʼânâh","definition":"a primitive root; to groan; lament, mourn.","strongs_number":"h578"},"h579":{"pronunciation":"aw-naw'","unicode":"אָנָה","translit":"ʼânâh","definition":"a primitive root (perhaps rather identical with {{h578}} through the idea of contraction in anguish); to approach; hence, to meet in various senses; befall, deliver, happen, seek a quarrel.","strongs_number":"h579"},"h580":{"pronunciation":"an-oo'","unicode":"אֲנוּ","translit":"ʼănûw","definition":"contracted for {{h587}}; we; we.","strongs_number":"h580"},"h581":{"pronunciation":"in-noon'","unicode":"אִנּוּן","translit":"ʼinnûwn","definition":"(Aramaic) or (feminine) אִנִּיןlemma אֵנִּין first vowel, corrected to אִנִּין; (Aramaic), corresponding to {{h1992}}; they; × are, them, these.","strongs_number":"h581"},"h582":{"pronunciation":"en-oshe'","unicode":"אֱנוֹשׁ","translit":"ʼĕnôwsh","definition":"from {{h605}}; properly, a mortal (and thus differing from the more dignified {{h120}}); hence, a man in general (singly or collectively); another, × (blood-) thirsty, certain, chap(-man); divers, fellow, × in the flower of their age, husband, (certain, mortal) man, people, person, servant, some (× of them),   stranger, those,   their trade. It is often unexpressed in the English versions, especially when used in apposition with another word. Compare {{h376}}.","strongs_number":"h582"},"h583":{"pronunciation":"en-ohsh'","unicode":"אֱנוֹשׁ","translit":"ʼĔnôwsh","definition":"the same as {{h582}}; Enosh, a son of Seth; Enos.","strongs_number":"h583"},"h584":{"pronunciation":"aw-nakh'","unicode":"אָנַח","translit":"ʼânach","definition":"a primitive root; to sigh; groan, mourn, sigh.","strongs_number":"h584"},"h585":{"pronunciation":"an-aw-khaw'","unicode":"אֲנָחָה","translit":"ʼănâchâh","definition":"from {{h584}}; sighing; groaning, mourn, sigh.","strongs_number":"h585"},"h586":{"pronunciation":"an-akh'-naw","unicode":"אֲנַחְנָא","translit":"ʼănachnâʼ","definition":"(Aramaic) or אֲנַחְנָה; (Aramaic), corresponding to {{h587}}; we; we.","strongs_number":"h586"},"h587":{"pronunciation":"an-akh'-noo","unicode":"אֲנַחְנוּ","translit":"ʼănachnûw","definition":"apparently from {{h595}}; we; ourselves, us, we.","strongs_number":"h587"},"h588":{"pronunciation":"an-aw-kha-rawth'","unicode":"אֲנָחֲרָת","translit":"ʼĂnâchărâth","definition":"probably from the same root as {{h5170}}; a gorge or narrow pass; Anacharath, a place in Palestine; Anaharath.","strongs_number":"h588"},"h589":{"pronunciation":"an-ee'","unicode":"אֲנִי","translit":"ʼănîy","definition":"contracted from {{h595}}; I; I, (as for) me, mine, myself, we, × which, × who.","strongs_number":"h589"},"h590":{"pronunciation":"on-ee'","unicode":"אֳנִי","translit":"ʼŏnîy","definition":"probably from {{h579}} (in the sense of conveyance); a ship or (collectively) a fleet; galley, navy (of ships).","strongs_number":"h590"},"h591":{"pronunciation":"on-ee-yaw'","unicode":"אֳנִיָּה","translit":"ʼŏnîyâh","definition":"feminine of {{h590}}; a ship; ship(-men).","strongs_number":"h591"},"h592":{"pronunciation":"an-ee-yaw'","unicode":"אֲנִיָּה","translit":"ʼănîyâh","definition":"from {{h578}}; groaning; lamentation, sorrow.","strongs_number":"h592"},"h593":{"pronunciation":"an-ee-awm'","unicode":"אֲנִיעָם","translit":"ʼĂnîyʻâm","definition":"from {{h578}} and {{h5971}}; groaning of (the) people; Aniam, an Israelite; Aniam.","strongs_number":"h593"},"h594":{"pronunciation":"an-awk'","unicode":"אֲנָךְ","translit":"ʼănâk","definition":"probably from an unused root meaning to be narrow; according to most a plumb-line, and to others a hook; plumb-line","strongs_number":"h594"},"h595":{"pronunciation":"aw-no-kee'","unicode":"אָנֹכִי","translit":"ʼânôkîy","definition":"sometimes, אָנֹכִי; a primitive pronoun; I; I, me, × which.","strongs_number":"h595"},"h596":{"pronunciation":"aw-nan'","unicode":"אָנַן","translit":"ʼânan","definition":"a primitive root; to mourn, i.e. complain; complain.","strongs_number":"h596"},"h597":{"pronunciation":"aw-nas'","unicode":"אָנַס","translit":"ʼânaç","definition":"to insist; compel.","strongs_number":"h597"},"h598":{"pronunciation":"an-as'","unicode":"אֲנַס","translit":"ʼănaç","definition":"(Aramaic) corresponding to {{h597}}; figuratively, to distress; trouble.","strongs_number":"h598"},"h599":{"pronunciation":"aw-naf'","unicode":"אָנַף","translit":"ʼânaph","definition":"a primitive root; to breathe hard, i.e. be enraged; be angry (displeased).","strongs_number":"h599"},"h600":{"pronunciation":"an-af'","unicode":"אֲנַף","translit":"ʼănaph","definition":"(Aramaic) corresponding to {{h639}} (only in the plural as a singular); the face; face, visage.","strongs_number":"h600"}}