{"h5001":{"pronunciation":"naw-am'","unicode":"נָאַם","translit":"nâʼam","definition":"a primitive root; properly, to whisper, i.e. (by implication) to utter as an oracle; say.","strongs_number":"h5001"},"h5002":{"pronunciation":"neh-oom'","unicode":"נְאֻם","translit":"nᵉʼum","definition":"from {{h5001}}; an oracle; (hath) said, saith.","strongs_number":"h5002"},"h5003":{"pronunciation":"naw-af'","unicode":"נָאַף","translit":"nâʼaph","definition":"a primitive root; to commit adultery; figuratively, to apostatize; adulterer(-ess), commit(-ing) adultery, woman that breaketh wedlock.","strongs_number":"h5003"},"h5004":{"pronunciation":"nee-oof'","unicode":"נִאֻף","translit":"niʼuph","definition":"from {{h5003}}; adultery; adultery.","strongs_number":"h5004"},"h5005":{"pronunciation":"nah-af-oof'","unicode":"נַאֲפוּף","translit":"naʼăphûwph","definition":"from {{h5003}}; adultery; adultery.","strongs_number":"h5005"},"h5006":{"pronunciation":"naw-ats'","unicode":"נָאַץ","translit":"nâʼats","definition":"a primitive root; to scorn; or (in Ecclesiastes 12:5), by interchange for {{h5132}}, to bloom; abhor, (give occasion to) blaspheme, contemn, despise, flourish, × great, provoke.","strongs_number":"h5006"},"h5007":{"pronunciation":"neh-aw-tsaw'","unicode":"נְאָצָה","translit":"nᵉʼâtsâh","definition":"or נֶאָצָה; from {{h5006}}; scorn; blasphemy.","strongs_number":"h5007"},"h5008":{"pronunciation":"naw-ak'","unicode":"נָאַק","translit":"nâʼaq","definition":"a primitive root; to groan; groan.","strongs_number":"h5008"},"h5009":{"pronunciation":"neh-aw-kaw'","unicode":"נְאָקָה","translit":"nᵉʼâqâh","definition":"from {{h5008}}; a groan; groaning.","strongs_number":"h5009"},"h5010":{"pronunciation":"naw-ar'","unicode":"נָאַר","translit":"nâʼar","definition":"a primitive root; to reject; abhor, make void.","strongs_number":"h5010"},"h5011":{"pronunciation":"nobe","unicode":"נֹב","translit":"Nôb","definition":"the same as {{h5108}}; fruit; Nob, a place in Palestine; Nob.","strongs_number":"h5011"},"h5012":{"pronunciation":"naw-baw'","unicode":"נָבָא","translit":"nâbâʼ","definition":"a primitive root; to prophesy, i.e. speak (or sing) by inspiration (in prediction or simple discourse); prophesy(-ing), make self a prophet.","strongs_number":"h5012"},"h5013":{"pronunciation":"neb-aw'","unicode":"נְבָא","translit":"nᵉbâʼ","definition":"(Aramaic) corresponding to {{h5012}}; prophesy.","strongs_number":"h5013"},"h5014":{"pronunciation":"naw-bab'","unicode":"נָבַב","translit":"nâbab","definition":"a primitive root; to pierce; to be hollow, or (figuratively) foolish; hollow, vain.","strongs_number":"h5014"},"h5015":{"pronunciation":"neb-o'","unicode":"נְבוֹ","translit":"Nᵉbôw","definition":"probably of foreign derivation; Nebo, the name of a Babylonian deity, also of a mountain in Moab, and of a place in Palestine; Nebo.","strongs_number":"h5015"},"h5016":{"pronunciation":"neb-oo-aw'","unicode":"נְבוּאָה","translit":"nᵉbûwʼâh","definition":"from {{h5012}}; a prediction (spoken or written); prophecy.","strongs_number":"h5016"},"h5017":{"pronunciation":"neb-oo-aw","unicode":"נְבוּאָה","translit":"nᵉbûwʼâh","definition":"(Aramaic) corresponding to {{h5016}}; inspired teaching; prophesying.","strongs_number":"h5017"},"h5018":{"pronunciation":"neb-oo-zar-ad-awn'","unicode":"נְבוּזַרְאֲדָן","translit":"Nᵉbûwzarʼădân","definition":"of foreign origin; Nebuzaradan, a Babylonian general; Nebuzaradan.","strongs_number":"h5018"},"h5019":{"pronunciation":"neb-oo-kad-nets-tsar'","unicode":"נְבוּכַדְנֶאצַּר","translit":"Nᵉbûwkadneʼtstsar","definition":"or נְבֻּכַדְנֶאצַּר; (2 Kings 24:1,10), or נְבוּכַדְנֶצַּר; (Esther 2:6; Daniel 1:18), or נְבוּכַדְרֶאצַּר; or נְבוּכַדְרֶאצּוֹר; (Ezra 2:1; Jeremiah 49:28), or foreign derivation; Nebukadnetstsar (or -retstsar, or -retstsor), king of Babylon; Nebuchadnezzar, Nebuchadrezzar.","strongs_number":"h5019"},"h5020":{"pronunciation":"neb-oo-kad-nets-tsar'","unicode":"נְבוּכַדְנֶצַּר","translit":"Nᵉbûwkadnetstsar","definition":"(Aramaic) corresponding to {{h5019}}; Nebuchadnezzar.","strongs_number":"h5020"},"h5021":{"pronunciation":"neb-oo-shaz-bawn'","unicode":"נְבוּשַׁזְבָּן","translit":"Nᵉbûwshazbân","definition":"of foreign derivation; Nebushazban, Nebuchadnezzar's chief eunuch; Nebushazban.","strongs_number":"h5021"},"h5022":{"pronunciation":"naw-both'","unicode":"נָבוֹת","translit":"Nâbôwth","definition":"feminine plural from the same as {{h5011}}; fruits; Naboth, an Israelite; Naboth.","strongs_number":"h5022"},"h5023":{"pronunciation":"neb-iz-baw'","unicode":"נְבִזְבָּה","translit":"nᵉbizbâh","definition":"(Aramaic) of uncertain derivation; a largess; reward.","strongs_number":"h5023"},"h5024":{"pronunciation":"naw-bakh'","unicode":"נָבַח","translit":"nâbach","definition":"a primitive root; to bark (as a dog); bark.","strongs_number":"h5024"},"h5025":{"pronunciation":"no'-bach","unicode":"נֹבַח","translit":"Nôbach","definition":"from {{h5024}}; a bark; Nobach, the name of an Israelite, and of a place East of the Jordan; Nobah.","strongs_number":"h5025"},"h5026":{"pronunciation":"nib-khaz'","unicode":"נִבְחַז","translit":"Nibchaz","definition":"of foreign origin; Nibchaz, a deity of the Avites; Nibhaz.","strongs_number":"h5026"},"h5027":{"pronunciation":"naw-bat'","unicode":"נָבַט","translit":"nâbaṭ","definition":"a primitive root; to scan, i.e. look intently at; by implication, to regard with pleasure, favor or care; (cause to) behold, consider, look (down), regard, have respect, see.","strongs_number":"h5027"},"h5028":{"pronunciation":"neb-awt'","unicode":"נְבָט","translit":"Nᵉbâṭ","definition":"from {{h5027}}; regard; Nebat, the father of Jeroboam I; Nebat.","strongs_number":"h5028"},"h5029":{"pronunciation":"neb-ee'","unicode":"נְבִיא","translit":"nᵉbîyʼ","definition":"(Aramaic) corresponding to {{h5030}}; a prophet; prophet.","strongs_number":"h5029"},"h5030":{"pronunciation":"naw-bee'","unicode":"נָבִיא","translit":"nâbîyʼ","definition":"from {{h5012}}; a prophet or (generally) inspired man; prophecy, that prophesy, prophet.","strongs_number":"h5030"},"h5031":{"pronunciation":"neb-ee-yaw'","unicode":"נְבִיאָה","translit":"nᵉbîyʼâh","definition":"feminine of {{h5030}}; a prophetess or (generally) inspired woman; by implication, a poetess; by association a prophet's wife; prophetess.","strongs_number":"h5031"},"h5032":{"pronunciation":"neb-aw-yoth'","unicode":"נְבָיוֹת","translit":"Nᵉbâyôwth","definition":"or נְבָיֹת; feminine plural from {{h5107}}; fruitfulnesses; Nebajoth, a son of Ismael, and the country settled by him; Nebaioth, Nebajoth.","strongs_number":"h5032"},"h5033":{"pronunciation":"nay'-bek","unicode":"נֵבֶךְ","translit":"nêbek","definition":"from an unused root meaning to burst forth; a fountain; spring.","strongs_number":"h5033"},"h5034":{"pronunciation":"naw-bale'","unicode":"נָבֵל","translit":"nâbêl","definition":"a primitive root; to wilt; generally, to fall away, fail, faint; figuratively, to be foolish or (morally) wicked; causatively, to despise, disgrace; disgrace, dishounour, lightly esteem, fade (away, -ing), fall (down, -ling, off), do foolishly, come to nought, × surely, make vile, wither.","strongs_number":"h5034"},"h5035":{"pronunciation":"neh'-bel","unicode":"נֶבֶל","translit":"nebel","definition":"or נֵבֶל; from {{h5034}}; a skin-bag for liquids (from collapsing when empty); hence, a vase (as similar in shape when full); also a lyre (as having a body of like form); bottle, pitcher, psaltery, vessel, viol.","strongs_number":"h5035"},"h5036":{"pronunciation":"naw-bawl'","unicode":"נָבָל","translit":"nâbâl","definition":"from {{h5034}}; stupid; wicked (especially impious); fool(-ish, -ish man, -ish woman), vile person.","strongs_number":"h5036"},"h5037":{"pronunciation":"naw-bawl'","unicode":"נָבָל","translit":"Nâbâl","definition":"the same as {{h5036}}; dolt; Nabal, an Israelite; Nabal.","strongs_number":"h5037"},"h5038":{"pronunciation":"neb-ay-law'","unicode":"נְבֵלָה","translit":"nᵉbêlâh","definition":"from {{h5034}}; a flabby thing, i.e. a carcase or carrion (human or bestial, often collectively); figuratively, an idol; (dead) body, (dead) carcase, dead of itself, which died, (beast) that (which) dieth of itself.","strongs_number":"h5038"},"h5039":{"pronunciation":"neb-aw-law'","unicode":"נְבָלָה","translit":"nᵉbâlâh","definition":"feminine of {{h5036}}; foolishness, i.e. (morally) wickedness; concretely, a crime; by extension, punishment; folly, vile, villany.","strongs_number":"h5039"},"h5040":{"pronunciation":"nab-looth'","unicode":"נַבְלוּת","translit":"nablûwth","definition":"from {{h5036}}; properly, disgrace, i.e. the (female) pudenda; lewdness.","strongs_number":"h5040"},"h5041":{"pronunciation":"neb-al-lawt'","unicode":"נְבַלָּט","translit":"Nᵉballâṭ","definition":"apparently from {{h5036}} and {{h3909}}; foolish secrecy; Neballat, a place in Palestine; Neballat.","strongs_number":"h5041"},"h5042":{"pronunciation":"naw-bah'","unicode":"נָבַע","translit":"nâbaʻ","definition":"a primitive root; to gush forth; figuratively, to utter (good or bad words); specifically, to emit (a foul odor); belch out, flowing, pour out, send forth, utter (abundantly).","strongs_number":"h5042"},"h5043":{"pronunciation":"neb-reh-shaw'","unicode":"נֶבְרְשָׁא","translit":"nebrᵉshâʼ","definition":"(Aramaic) from an unused root meaning to shine; a light; plural (collectively) a chandelier; candlestick.","strongs_number":"h5043"},"h5044":{"pronunciation":"nib-shawn'","unicode":"נִבְשָׁן","translit":"Nibshân","definition":"of uncertain derivation; Nibshan, a place in Palestine; Nibshan.","strongs_number":"h5044"},"h5045":{"pronunciation":"neh'-gheb","unicode":"נֶגֶב","translit":"negeb","definition":"from an unused root meaning to be parched; the south (from its drought); specifically, the Negeb or southern district of Judah, occasionally, Egypt (as south to Palestine); south (country, side, -ward).","strongs_number":"h5045"},"h5046":{"pronunciation":"naw-gad'","unicode":"נָגַד","translit":"nâgad","definition":"a primitive root; properly, to front, i.e. stand boldly out opposite; by implication (causatively), to manifest; figuratively, to announce (always by word of mouth to one present); specifically, to expose, predict, explain, praise; bewray, × certainly, certify, declare(-ing), denounce, expound, × fully, messenger, plainly, profess, rehearse, report, shew (forth), speak, × surely, tell, utter.","strongs_number":"h5046"},"h5047":{"pronunciation":"neg-ad'","unicode":"נְגַד","translit":"nᵉgad","definition":"(Aramaic) corresponding to {{h5046}}; to flow (through the idea of clearing the way); issue.","strongs_number":"h5047"},"h5048":{"pronunciation":"neh'-ghed","unicode":"נֶגֶד","translit":"neged","definition":"from {{h5046}}; a front, i.e. part opposite; specifically a counterpart, or mate; usually (adverbial, especially with preposition) over against or before; about, (over) against, × aloof, × far (off), × from, over, presence, × other side, sight, × to view.","strongs_number":"h5048"},"h5049":{"pronunciation":"neh'-ghed","unicode":"נֶגֶד","translit":"neged","definition":"(Aramaic) corresponding to {{h5048}}; opposite; toward.","strongs_number":"h5049"},"h5050":{"pronunciation":"naw-gah'","unicode":"נָגַהּ","translit":"nâgahh","definition":"a primitive root; to glitter; causatively, to illuminate; (en-) lighten, (cause to) shine.","strongs_number":"h5050"},"h5051":{"pronunciation":"no'-gah","unicode":"נֹגַהּ","translit":"nôgahh","definition":"from {{h5050}}; brilliancy (literally or figuratively); bright(-ness), light, (clear) shining.","strongs_number":"h5051"},"h5052":{"pronunciation":"no'-gah","unicode":"נֹגַהּ","translit":"Nôgahh","definition":"the same as {{h5051}}; Nogah, a son of David; Nogah.","strongs_number":"h5052"},"h5053":{"pronunciation":"no'-gah","unicode":"נֹגַהּ","translit":"nôgahh","definition":"(Aramaic) corresponding to {{h5051}}; dawn; morning.","strongs_number":"h5053"},"h5054":{"pronunciation":"neg-o-haw'","unicode":"נְגֹהָה","translit":"nᵉgôhâh","definition":"feminine of {{h5051}}; splendor; brightness.","strongs_number":"h5054"},"h5055":{"pronunciation":"naw-gakh'","unicode":"נָגַח","translit":"nâgach","definition":"a primitive root; to butt with the horns; figuratively, to war against; gore, push (down, -ing).","strongs_number":"h5055"},"h5056":{"pronunciation":"nag-gawkh'","unicode":"נַגָּח","translit":"naggâch","definition":"from {{h5055}}; butting, i.e. vicious; used (wont) to push.","strongs_number":"h5056"},"h5057":{"pronunciation":"naw-gheed'","unicode":"נָגִיד","translit":"nâgîyd","definition":"or נָגִד; from {{h5046}}; a commander (as occupying the front), civil, military or religious; generally (abstractly, plural), honorable themes; captain, chief, excellent thing, (chief) governor, leader, noble, prince, (chief) ruler.","strongs_number":"h5057"},"h5058":{"pronunciation":"neg-ee-naw'","unicode":"נְגִינָה","translit":"nᵉgîynâh","definition":"or נְגִינַת; (Psalm 61:title), from {{h5059}}; properly, instrumental music; by implication, a stringed instrument; by extension, a poem set to music; specifically, an epigram; stringed instrument, musick, Neginoth (plural), song.","strongs_number":"h5058"},"h5059":{"pronunciation":"naw-gan'","unicode":"נָגַן","translit":"nâgan","definition":"a primitive root; properly, to thrum, i.e. beat a tune with the fingers; expectation. to play on a stringed instrument; hence (generally), to make music; player on instruments, sing to the stringed instruments, melody, ministrel, play(-er, -ing).","strongs_number":"h5059"},"h5060":{"pronunciation":"naw-gah'","unicode":"נָגַע","translit":"nâgaʻ","definition":"a primitive root; properly, to touch, i.e. lay the hand upon (for any purpose; euphemistically, to lie with a woman); by implication, to reach (figuratively, to arrive, acquire); violently, to strike (punish, defeat, destroy, etc.); beat, (× be able to) bring (down), cast, come (nigh), draw near (nigh), get up, happen, join, near, plague, reach (up), smite, strike, touch.","strongs_number":"h5060"},"h5061":{"pronunciation":"neh'-gah","unicode":"נֶגַע","translit":"negaʻ","definition":"from {{h5060}}; a blow (figuratively, infliction); also (by implication) a spot (concretely, a leprous person or dress); plague, sore, stricken, stripe, stroke, wound.","strongs_number":"h5061"},"h5062":{"pronunciation":"naw-gaf'","unicode":"נָגַף","translit":"nâgaph","definition":"a primitive root; to push, gore, defeat, stub (the toe), inflict (a disease); beat, dash, hurt, plague, slay, smite (down), strike, stumble, × surely, put to the worse.","strongs_number":"h5062"},"h5063":{"pronunciation":"neh'-ghef","unicode":"נֶגֶף","translit":"negeph","definition":"from {{h5062}}; a trip (of the foot); figuratively, an infliction (of disease); plague, stumbling.","strongs_number":"h5063"},"h5064":{"pronunciation":"naw-gar'","unicode":"נָגַר","translit":"nâgar","definition":"a primitive root; to flow; figuratively, to stretch out; causatively, to pour out or down; figuratively, to deliver over; fall, flow away, pour down (out), run, shed, spilt, trickle down.","strongs_number":"h5064"},"h5065":{"pronunciation":"naw-gas'","unicode":"נָגַשׂ","translit":"nâgas","definition":"a primitive root; to drive (an animal, a workman, a debtor, an army); by implication, to tax, harass, tyrannize; distress, driver, exact(-or), oppress(-or), × raiser of taxes, taskmaster.","strongs_number":"h5065"},"h5066":{"pronunciation":"naw-gash'","unicode":"נָגַשׁ","translit":"nâgash","definition":"a primitive root; to be or come (causatively, bring) near (for any purpose); euphemistically, to lie with a woman; as an enemy, to attack; religious to worship; causatively, to present; figuratively, to adduce an argument; by reversal, to stand back; (make to) approach (nigh), bring (forth, hither, near), (cause to) come (hither, near, nigh), give place, go hard (up), (be, draw, go) near (nigh), offer, overtake, present, put, stand.","strongs_number":"h5066"},"h5067":{"pronunciation":"nade","unicode":"נֵד","translit":"nêd","definition":"from {{h5110}} in the sense of piling up; a mound, i.e. wave; heap.","strongs_number":"h5067"},"h5068":{"pronunciation":"naw-dab'","unicode":"נָדַב","translit":"nâdab","definition":"a primitive root; to impel; hence, to volunteer (as a soldier), to present spontaneously; offer freely, be (give, make, offer self) willing(-ly).","strongs_number":"h5068"},"h5069":{"pronunciation":"ned-ab'","unicode":"נְדַב","translit":"nᵉdab","definition":"(Aramaic) corresponding to {{h5068}}; be (or give) liberal(-ly); (be minded of...own) freewill (offering), offer freely (willingly).","strongs_number":"h5069"},"h5070":{"pronunciation":"naw-dawb'","unicode":"נָדָב","translit":"Nâdâb","definition":"from {{h5068}}; liberal; Nadab, the name of four Israelites; Nadab.","strongs_number":"h5070"},"h5071":{"pronunciation":"ned-aw-baw'","unicode":"נְדָבָה","translit":"nᵉdâbâh","definition":"from {{h5068}}; properly (abstractly) spontaneity, or (adjectively) spontaneous; also (concretely) a spontaneous or (by inference, in plural) abundant gift; free(-will) offering, freely, plentiful, voluntary(-ily, offering), willing(-ly), offering).","strongs_number":"h5071"},"h5072":{"pronunciation":"ned-ab-yaw'","unicode":"נְדַבְיָה","translit":"Nᵉdabyâh","definition":"from {{h5068}} and {{h3050}}; largess of Jah; Nedabjah, an Israelite; Nedabiah.","strongs_number":"h5072"},"h5073":{"pronunciation":"nid-bawk'","unicode":"נִדְבָּךְ","translit":"nidbâk","definition":"(Aramaic) from a root meaning to stick; a layer (of building materials); row.","strongs_number":"h5073"},"h5074":{"pronunciation":"naw-dad'","unicode":"נָדַד","translit":"nâdad","definition":"a primitive root; properly, to wave to and fro (rarely to flap up and down); figuratively, to rove, flee, or (causatively) to drive away; chase (away), × could not, depart, flee (× apace, away), (re-) move, thrust away, wander (abroad, -er, -ing).","strongs_number":"h5074"},"h5075":{"pronunciation":"ned-ad'","unicode":"נְדַד","translit":"nᵉdad","definition":"(Aramaic) corresponding to {{h5074}}; to depart; go from.","strongs_number":"h5075"},"h5076":{"pronunciation":"naw-dood'","unicode":"נָדֻד","translit":"nâdud","definition":"passive participle of {{h5074}}; properly, tossed; abstractly, a rolling (on the bed); tossing to and fro.","strongs_number":"h5076"},"h5077":{"pronunciation":"naw-daw'","unicode":"נָדָה","translit":"nâdâh","definition":"or נָדָא; (2 Kings 17:21), a primitive root; properly, to toss; figuratively, to exclude, i.e. banish, postpone, prohibit; cast out, drive, put far away.","strongs_number":"h5077"},"h5078":{"pronunciation":"nay'-deh","unicode":"נֵדֶה","translit":"nêdeh","definition":"from {{h5077}} in the sense of freely flinging money; a bounty (for prostitution); gifts.","strongs_number":"h5078"},"h5079":{"pronunciation":"nid-daw'","unicode":"נִדָּה","translit":"niddâh","definition":"from {{h5074}}; properly, rejection; by implication, impurity, especially personal (menstruation) or moral (idolatry, incest); × far, filthiness, × flowers, menstruous (woman), put apart, × removed (woman), separation, set apart, unclean(-ness, thing, with filthiness).","strongs_number":"h5079"},"h5080":{"pronunciation":"naw-dakh'","unicode":"נָדַח","translit":"nâdach","definition":"a primitive root; to push off; used in a great variety of applications, literally and figuratively (to expel, mislead, strike, inflict, etc.); banish, bring, cast down (out), chase, compel, draw away, drive (away, out, quite), fetch a stroke, force, go away, outcast, thrust away (out), withdraw.","strongs_number":"h5080"},"h5081":{"pronunciation":"naw-deeb'","unicode":"נָדִיב","translit":"nâdîyb","definition":"from {{h5068}}; properly, voluntary, i.e. generous; hence, magnanimous; as noun, a grandee (sometimes a tyrant); free, liberal (things), noble, prince, willing (hearted).","strongs_number":"h5081"},"h5082":{"pronunciation":"ned-ee-baw'","unicode":"נְדִיבָה","translit":"nᵉdîybâh","definition":"feminine of {{h5081}}; properly, nobility, i.e. reputation; soul.","strongs_number":"h5082"},"h5083":{"pronunciation":"naw-dawn'","unicode":"נָדָן","translit":"nâdân","definition":"probably from an unused root meaning to give; a present (for prostitution); gift.","strongs_number":"h5083"},"h5084":{"pronunciation":"naw-dawn'","unicode":"נָדָן","translit":"nâdân","definition":"of uncertain derivation; a sheath (of a sword); sheath.","strongs_number":"h5084"},"h5085":{"pronunciation":"nid-neh'","unicode":"נִדְנֶה","translit":"nidneh","definition":"(Aramaic) from the same as {{h5084}}; a sheath; figuratively, the body (as the receptacle of the soul); body.","strongs_number":"h5085"},"h5086":{"pronunciation":"naw-daf'","unicode":"נָדַף","translit":"nâdaph","definition":"a primitive root; to shove asunder, i.e. disperse; drive (away, to and fro), thrust down, shaken, tossed to and fro.","strongs_number":"h5086"},"h5087":{"pronunciation":"naw-dar'","unicode":"נָדַר","translit":"nâdar","definition":"a primitive root; to promise (pos., to do or give something to God); (make a) vow.","strongs_number":"h5087"},"h5088":{"pronunciation":"neh'-der","unicode":"נֶדֶר","translit":"neder","definition":"or נֵדֶר; from {{h5087}}; a promise (to God); also (concretely) a thing promised; vow(-ed).","strongs_number":"h5088"},"h5089":{"pronunciation":"no'-ah","unicode":"נֹהַּ","translit":"nôahh","definition":"from an unused root meaning to lament; lamentation; wailing.","strongs_number":"h5089"},"h5090":{"pronunciation":"naw-hag'","unicode":"נָהַג","translit":"nâhag","definition":"a primitive root; to drive forth (a person, an animal or chariot), i.e. lead, carry away; reflexively, to proceed (i.e. impel or guide oneself); also (from the panting induced by effort), to sigh; acquaint, bring (away), carry away, drive (away), lead (away, forth), (be) guide, lead (away, forth).","strongs_number":"h5090"},"h5091":{"pronunciation":"naw-haw'","unicode":"נָהָה","translit":"nâhâh","definition":"a primitive root; to groan, i.e. bewail; hence (through the idea of crying aloud), to assemble (as if on proclamation); lament, wail.","strongs_number":"h5091"},"h5092":{"pronunciation":"neh-hee'","unicode":"נְהִי","translit":"nᵉhîy","definition":"from {{h5091}}; an elegy; lamentation, wailing.","strongs_number":"h5092"},"h5093":{"pronunciation":"nih-yaw'","unicode":"נִהְיָה","translit":"nihyâh","definition":"feminine of {{h5092}}; lamentation; doleful.","strongs_number":"h5093"},"h5094":{"pronunciation":"neh-heere'","unicode":"נְהִיר","translit":"nᵉhîyr","definition":"(Aramaic) or נְהִירוּ; (Aramaic), from the same as {{h5105}}; illumination, i.e. (figuratively) wisdom; light.","strongs_number":"h5094"},"h5095":{"pronunciation":"naw-hal'","unicode":"נָהַל","translit":"nâhal","definition":"a primitive root; properly, to run with a sparkle, i.e. flow; hence (transitively), to conduct, and (by inference) to protect, sustain; carry, feed, guide, lead (gently, on).","strongs_number":"h5095"},"h5096":{"pronunciation":"nah-hal-awl'","unicode":"נַהֲלָל","translit":"Nahălâl","definition":"or נַהֲלֹל; the same as {{h5097}}; Nahalal or Nahalol, a place in Palestine; Nahalal, Nahallal, Nahalol.","strongs_number":"h5096"},"h5097":{"pronunciation":"nah-hal-ole'","unicode":"נַהֲלֹל","translit":"nahălôl","definition":"from {{h5095}}; pasture; bush.","strongs_number":"h5097"},"h5098":{"pronunciation":"naw-ham'","unicode":"נָהַם","translit":"nâham","definition":"a primitive root; to growl; mourn, roar(-ing).","strongs_number":"h5098"},"h5099":{"pronunciation":"nah'-ham","unicode":"נַהַם","translit":"naham","definition":"from {{h5098}}; a snarl; roaring.","strongs_number":"h5099"},"h5100":{"pronunciation":"neh-haw-maw'","unicode":"נְהָמָה","translit":"nᵉhâmâh","definition":"feminine of {{h5099}}; snarling; disquietness, roaring.","strongs_number":"h5100"}}