{"h5201":{"pronunciation":"naw-tar'","unicode":"נָטַר","translit":"nâṭar","definition":"a primitive root; to guard; figuratively, to cherish (anger); bear grudge, keep(-er), reserve.","strongs_number":"h5201"},"h5202":{"pronunciation":"net-ar'","unicode":"נְטַר","translit":"nᵉṭar","definition":"(Aramaic) corresponding to {{h5201}}; to retain; keep.","strongs_number":"h5202"},"h5203":{"pronunciation":"naw-tash'","unicode":"נָטַשׁ","translit":"nâṭash","definition":"a primitive root; properly, to pound, i.e. smite; by implication (as if beating out, and thus expanding) to disperse; also, to thrust off, down, out or upon (inclusively, reject, let alone, permit, remit, etc.); cast off, drawn, let fall, forsake, join (battle), leave (off), lie still, loose, spread (self) abroad, stretch out, suffer.","strongs_number":"h5203"},"h5204":{"pronunciation":"nee","unicode":"נִי","translit":"nîy","definition":"a doubtful word; apparently from {{h5091}}; lamentation; wailing.","strongs_number":"h5204"},"h5205":{"pronunciation":"need","unicode":"נִיד","translit":"nîyd","definition":"from {{h5110}}; motion (of the lips in speech); moving.","strongs_number":"h5205"},"h5206":{"pronunciation":"nee-daw'","unicode":"נִידָה","translit":"nîydâh","definition":"feminine of {{h5205}}; removal, i.e. exile; removed.","strongs_number":"h5206"},"h5207":{"pronunciation":"nee-kho'-akh","unicode":"נִיחוֹחַ","translit":"nîychôwach","definition":"or נִיחֹחַ; from {{h5117}}; properly, restful, i.e. pleasant; abstractly, delight; sweet (odour).","strongs_number":"h5207"},"h5208":{"pronunciation":"nee-kho'-akh","unicode":"נִיחוֹחַ","translit":"nîychôwach","definition":"(Aramaic) or נִיחֹחַ; (shorter) (Aramaic), corresponding to {{h5207}}; pleasure; sweet odour (savour).","strongs_number":"h5208"},"h5209":{"pronunciation":"neen","unicode":"נִין","translit":"nîyn","definition":"from {{h5125}}; progeny; son.","strongs_number":"h5209"},"h5210":{"pronunciation":"nee-nev-ay'","unicode":"נִינְוֵה","translit":"Nîynᵉvêh","definition":"of foreign origin; Nineveh, the capital of Assyria; Nineveh.","strongs_number":"h5210"},"h5211":{"pronunciation":"neece","unicode":"נִיס","translit":"nîyç","definition":"from {{h5127}}; fugitive; that fleeth.","strongs_number":"h5211"},"h5212":{"pronunciation":"nee-sawn'","unicode":"נִיסָן","translit":"Nîyçân","definition":"probably of foreign origin; Nisan, the first month of the Jewish sacred year; Nisan.","strongs_number":"h5212"},"h5213":{"pronunciation":"nee-tsotes'","unicode":"נִיצוֹץ","translit":"nîytsôwts","definition":"from {{h5340}}; a spark; spark.","strongs_number":"h5213"},"h5214":{"pronunciation":"neer","unicode":"נִיר","translit":"nîyr","definition":"a root probably identical with that of {{h5216}}, through the idea of the gleam of a fresh furrow; to till the soil; break up.","strongs_number":"h5214"},"h5215":{"pronunciation":"neer","unicode":"נִיר","translit":"nîyr","definition":"or נִר; from {{h5214}}; properly, plowing, i.e. (concretely) freshly plowed land; fallow ground, plowing, tillage.","strongs_number":"h5215"},"h5216":{"pronunciation":"neer","unicode":"נִיר","translit":"nîyr","definition":"or נִר; also נֵיר; or נֵר; or (feminine) נֵרָה; from a primitive root (see {{h5214}}; {{h5135}}) properly, meaning to glisten; a lamp (i.e. the burner) or light (literally or figuratively); candle, lamp, light.","strongs_number":"h5216"},"h5217":{"pronunciation":"naw-kaw'","unicode":"נָכָא","translit":"nâkâʼ","definition":"a primitive root; to smite, i.e. drive away; be viler.","strongs_number":"h5217"},"h5218":{"pronunciation":"naw-kay'","unicode":"נָכֵא","translit":"nâkêʼ","definition":"or נָכָא; from {{h5217}}; smitten, i.e. (figuratively) afflicted; broken, stricken, wounded.","strongs_number":"h5218"},"h5219":{"pronunciation":"nek-ohth'","unicode":"נְכֹאת","translit":"nᵉkôʼth","definition":"from {{h5218}}; properly, a smiting, i.e. (concretely) an aromatic gum (perhaps styrax) (as powdered); spicery(-ces).","strongs_number":"h5219"},"h5220":{"pronunciation":"neh'-ked","unicode":"נֶכֶד","translit":"neked","definition":"from an unused root meaning to propagate; offspring; nephew, son's son.","strongs_number":"h5220"},"h5221":{"pronunciation":"naw-kaw'","unicode":"נָכָה","translit":"nâkâh","definition":"a primitive root; to strike (lightly or severely, literally or figuratively); beat, cast forth, clap, give (wounds), × go forward, × indeed, kill, make (slaughter), murderer, punish, slaughter, slay(-er, -ing), smite(-r, -ing), strike, be stricken, (give) stripes, × surely, wound.","strongs_number":"h5221"},"h5222":{"pronunciation":"nay-keh'","unicode":"נֵכֶה","translit":"nêkeh","definition":"from {{h5221}}; a smiter, i.e. (figuratively) traducer; abject.","strongs_number":"h5222"},"h5223":{"pronunciation":"naw-keh'","unicode":"נָכֶה","translit":"nâkeh","definition":"; smitten, i.e. (literally) maimed, or (figuratively) dejected; contrite, lame.","strongs_number":"h5223"},"h5224":{"pronunciation":"nek-o'","unicode":"נְכוֹ","translit":"Nᵉkôw","definition":"probably of Egyptian origin; Neko, an Egyptian king; Necho. Compare {{h6549}}.","strongs_number":"h5224"},"h5225":{"pronunciation":"naw-kone'","unicode":"נָכוֹן","translit":"Nâkôwn","definition":"from {{h3559}}; prepared; Nakon, probably an Israelite; Nachon.","strongs_number":"h5225"},"h5226":{"pronunciation":"nay'-kakh","unicode":"נֵכַח","translit":"nêkach","definition":"from an unused root meaning to be straightforward; properly, the fore part; used adverbially, opposite; before, over against.","strongs_number":"h5226"},"h5227":{"pronunciation":"no'-kakh","unicode":"נֹכַח","translit":"nôkach","definition":"from the same as {{h5226}}; properly, the front part; used adverbially (especially with preposition), opposite, in front of, forward, in behalf of; (over) against, before, direct(-ly), for, right (on).","strongs_number":"h5227"},"h5228":{"pronunciation":"naw-ko'-akh","unicode":"נָכֹחַ","translit":"nâkôach","definition":"from the same as {{h5226}}; straightforward, i.e. (figuratively), equitable, correct, or (abstractly), integrity; plain, right, uprightness.","strongs_number":"h5228"},"h5229":{"pronunciation":"nek-o-khaw'","unicode":"נְכֹחָה","translit":"nᵉkôchâh","definition":"feminine of {{h5228}}; properly, straightforwardness, i.e. (figuratively) integrity, or (concretely) a truth; equity, right (thing), uprightness.","strongs_number":"h5229"},"h5230":{"pronunciation":"naw-kal'","unicode":"נָכַל","translit":"nâkal","definition":"a primitive root; to defraud, i.e. act treacherously; beguile, conspire, deceiver, deal subtilly.","strongs_number":"h5230"},"h5231":{"pronunciation":"nay'-kel","unicode":"נֵכֶל","translit":"nêkel","definition":"from {{h5230}}; deceit; wile.","strongs_number":"h5231"},"h5232":{"pronunciation":"nek-as'","unicode":"נְכַס","translit":"nᵉkaç","definition":"(Aramaic) corresponding to {{h5233}}; goods.","strongs_number":"h5232"},"h5233":{"pronunciation":"neh'-kes","unicode":"נֶכֶס","translit":"nekeç","definition":"from an unused root meaning to accumulate; treasure; riches, wealth.","strongs_number":"h5233"},"h5234":{"pronunciation":"naw-kar'","unicode":"נָכַר","translit":"nâkar","definition":"a primitive root; properly, to scrutinize, i.e. look intently at; hence (with recognition implied), to acknowledge, be acquainted with, care for, respect, revere, or (with suspicion implied), to disregard, ignore, be strange toward, reject, resign, dissimulate (as if ignorant or disowning); acknowledge, × could, deliver, discern, dissemble, estrange, feign self to be another, know, take knowledge (notice), perceive, regard, (have) respect, behave (make) self strange(-ly).","strongs_number":"h5234"},"h5235":{"pronunciation":"neh'-ker","unicode":"נֶכֶר","translit":"neker","definition":"or נֹכֶר; from {{h5234}}; something strange, i.e. unexpected calamity; strange.","strongs_number":"h5235"},"h5236":{"pronunciation":"nay-kawr'","unicode":"נֵכָר","translit":"nêkâr","definition":"' from {{h5234}}; foreign, or (concretely) a foreigner, or (abstractly) heathendom; alien, strange (  -er).","strongs_number":"h5236"},"h5237":{"pronunciation":"nok-ree'","unicode":"נׇכְרִי","translit":"nokrîy","definition":"from {{h5235}} (second form); strange, in a variety of degrees and applications (foreign, non-relative, adulterous, different, wonderful); alien, foreigner, outlandish, strange(-r, woman).","strongs_number":"h5237"},"h5238":{"pronunciation":"nek-oth'","unicode":"נְכֹת","translit":"nᵉkôth","definition":"probably for {{h5219}}; spicery, i.e. (generally) valuables; precious things.","strongs_number":"h5238"},"h5239":{"pronunciation":"naw-law'","unicode":"נָלָה","translit":"nâlâh","definition":"apparently a primitive root; to complete; make an end.","strongs_number":"h5239"},"h5240":{"pronunciation":"nem-ib-zeh'","unicode":"נְמִבְזֶה","translit":"nᵉmibzeh","definition":"from {{h959}},; despised; vile.","strongs_number":"h5240"},"h5241":{"pronunciation":"nem-oo-ale'","unicode":"נְמוּאֵל","translit":"Nᵉmûwʼêl","definition":"apparently for {{h3223}}; Nemuel, the name of two Israelites; Nemuel.","strongs_number":"h5241"},"h5242":{"pronunciation":"nem-oo-ay-lee'","unicode":"נְמוּאֵלִי","translit":"Nᵉmûwʼêlîy","definition":"from {{h5241}}; a Nemuelite, or descendant of Nemuel; Nemuelite.","strongs_number":"h5242"},"h5243":{"pronunciation":"naw-mal'","unicode":"נָמַל","translit":"nâmal","definition":"a primitive root; to become clipped or (specifically) circumcised; (branch to) be cut down (off), circumcise.","strongs_number":"h5243"},"h5244":{"pronunciation":"nem-aw-law'","unicode":"נְמָלָה","translit":"nᵉmâlâh","definition":"feminine from {{h5243}}; an ant (probably from its almost bisected form); ant.","strongs_number":"h5244"},"h5245":{"pronunciation":"nem-ar'","unicode":"נְמַר","translit":"nᵉmar","definition":"(Aramaic) corresponding to {{h5246}}; leopard.","strongs_number":"h5245"},"h5246":{"pronunciation":"naw-mare'","unicode":"נָמֵר","translit":"nâmêr","definition":"from an unused root meaning properly, to filtrate, i.e. be limpid (comp {{h5247}} and {{h5249}}); and thus to spot or stain as if by dripping; a leopard (from its stripes); leopard.","strongs_number":"h5246"},"h5247":{"pronunciation":"nim-raw'","unicode":"נִמְרָה","translit":"Nimrâh","definition":"from the same as {{h5246}}; clear water; Nimrah, a place East of the Jordan; Nimrah. See also {{h1039}}, {{h5249}}.","strongs_number":"h5247"},"h5248":{"pronunciation":"nim-rode'","unicode":"נִמְרוֹד","translit":"Nimrôwd","definition":"or נִמְרֹד; probably of foreign origin; Nimrod, a son of Cush; Nimrod.","strongs_number":"h5248"},"h5249":{"pronunciation":"nim-reem'","unicode":"נִמְרִים","translit":"Nimrîym","definition":"plural of a masculine corresponding to {{h5247}}; clear waters; Nimrim, a place East of the Jordan; Nimrim. Compare {{h1039}}.","strongs_number":"h5249"},"h5250":{"pronunciation":"nim-shee'","unicode":"נִמְשִׁי","translit":"Nimshîy","definition":"probably from {{h4871}}; extricated; Nimshi, the (grand-) father of Jehu; Nimshi.","strongs_number":"h5250"},"h5251":{"pronunciation":"nace","unicode":"נֵס","translit":"nêç","definition":"from {{h5264}}; a flag; also a sail; by implication, a flagstaff; generally a signal; figuratively, a token; banner, pole, sail, (en-) sign, standard.","strongs_number":"h5251"},"h5252":{"pronunciation":"nes-ib-baw'","unicode":"נְסִבָּה","translit":"nᵉçibbâh","definition":"feminine participle passive of {{h5437}}; properly, an environment, i.e. circumstance or turn of affairs; cause.","strongs_number":"h5252"},"h5253":{"pronunciation":"naw-sag'","unicode":"נָסַג","translit":"nâçag","definition":"a primitive root; to retreat; departing away, remove, take (hold), turn away.","strongs_number":"h5253"},"h5254":{"pronunciation":"naw-saw'","unicode":"נָסָה","translit":"nâçâh","definition":"a primitive root; to test; by implication, to attempt; adventure, assay, prove, tempt, try.","strongs_number":"h5254"},"h5255":{"pronunciation":"naw-sakh'","unicode":"נָסַח","translit":"nâçach","definition":"a primitive root; to tear away; destroy, pluck, root.","strongs_number":"h5255"},"h5256":{"pronunciation":"nes-akh'","unicode":"נְסַח","translit":"nᵉçach","definition":"(Aramaic) corresponding to {{h5255}}; pull down.","strongs_number":"h5256"},"h5257":{"pronunciation":"nes-eek'","unicode":"נְסִיךְ","translit":"nᵉçîyk","definition":"from {{h5258}}; properly, something poured out, i.e. a libation; also a molten image; by implication, a prince (as anointed); drink offering, duke, prince(-ipal).","strongs_number":"h5257"},"h5258":{"pronunciation":"naw-sak'","unicode":"נָסַךְ","translit":"nâçak","definition":"a primitive root; to pour out, especially a libation, or to cast (metal); by analogy, to anoint a king; cover, melt, offer, (cause to) pour (out), set (up).","strongs_number":"h5258"},"h5259":{"pronunciation":"naw-sak'","unicode":"נָסַךְ","translit":"nâçak","definition":"a primitive root (probably identical with {{h5258}} through the idea of fusion); to interweave, i.e. (figuratively) to overspread; that is spread.","strongs_number":"h5259"},"h5260":{"pronunciation":"nes-ak'","unicode":"נְסַךְ","translit":"nᵉçak","definition":"(Aramaic) corresponding to {{h5258}}; to pour out a libation; offer.","strongs_number":"h5260"},"h5261":{"pronunciation":"nes-ak'","unicode":"נְסַךְ","translit":"nᵉçak","definition":"(Aramaic) corresponding to {{h5262}}; a libation; drink offering.","strongs_number":"h5261"},"h5262":{"pronunciation":"neh'-sek","unicode":"נֶסֶךְ","translit":"neçek","definition":"or נֵסֶךְ; from {{h5258}}; a libation; also a cast idol; cover, drink offering, molten image.","strongs_number":"h5262"},"h5263":{"pronunciation":"naw-sas'","unicode":"נָסַס","translit":"nâçaç","definition":"a primitive root; to wane, i.e. be sick; faint.","strongs_number":"h5263"},"h5264":{"pronunciation":"naw-sas'","unicode":"נָסַס","translit":"nâçaç","definition":"a primitive root; to gleam from afar, i.e. to be conspicuous as a signal; or rather perhaps a denominative from {{h5251}} (and identical with {{h5263}}, through the idea of a flag as fluttering in the wind); to raise a beacon; lift up as an ensign.","strongs_number":"h5264"},"h5265":{"pronunciation":"naw-sah'","unicode":"נָסַע","translit":"nâçaʻ","definition":"a primitive root; properly, to pull up, especially the tent-pins, i.e. start on a journey; cause to blow, bring, get, (make to) go (away, forth, forward, onward, out), (take) journey, march, remove, set aside (forward), × still, be on his (go their) way.","strongs_number":"h5265"},"h5266":{"pronunciation":"naw-sak'","unicode":"נָסַק","translit":"nâçaq","definition":"a primitive root; to go up; ascend.","strongs_number":"h5266"},"h5267":{"pronunciation":"nes-ak'","unicode":"נְסַק","translit":"nᵉçaq","definition":"(Aramaic) corresponding to {{h5266}}; take up.","strongs_number":"h5267"},"h5268":{"pronunciation":"nis-roke'","unicode":"נִסְרֹךְ","translit":"Niçrôk","definition":"of foreign origin; Nisrok, a Babylonian idol; Nisroch.","strongs_number":"h5268"},"h5269":{"pronunciation":"nay-aw'","unicode":"נֵעָה","translit":"Nêʻâh","definition":"from {{h5128}}; motion; Neah, a place in Palestine; Neah.","strongs_number":"h5269"},"h5270":{"pronunciation":"no-aw'","unicode":"נֹעָה","translit":"Nôʻâh","definition":"from {{h5128}}; movement; Noah, an Israelitess; Noah.","strongs_number":"h5270"},"h5271":{"pronunciation":"naw-oor'","unicode":"נָעוּר","translit":"nâʻûwr","definition":"or נָעֻר; and (feminine) נְעֻרָה; properly, passive participle from {{h5288}} as denominative; (only in plural collective or emphatic form) youth, the state (juvenility) or the persons (young people); childhood, youth.","strongs_number":"h5271"},"h5272":{"pronunciation":"neh-ee-ale'","unicode":"נְעִיאֵל","translit":"Nᵉʻîyʼêl","definition":"from {{h5128}} and {{h410}}; moved of God; Neiel, a place in Palestine; Neiel.","strongs_number":"h5272"},"h5273":{"pronunciation":"naw-eem'","unicode":"נָעִים","translit":"nâʻîym","definition":"from {{h5276}}; delightful (objective or subjective, literal or figurative); pleasant(-ure), sweet.","strongs_number":"h5273"},"h5274":{"pronunciation":"naw-al'","unicode":"נָעַל","translit":"nâʻal","definition":"a primitive root; also denominative from {{h5275}}; properly, to fasten up, i.e. with a bar or cord; hence, to sandal, i.e. furnish with slippers; bolt, inclose, lock, shoe, shut up.","strongs_number":"h5274"},"h5275":{"pronunciation":"nah'-al","unicode":"נַעַל","translit":"naʻal","definition":"or (feminine) נַעֲלָה; from {{h5274}}; properly, a sandal tongue; by extension a sandal or slipper (sometimes as a symbol of occupancy, a refusal to marry, or of something valueless); dryshod, (pair of) shoe((-latchet), -s).","strongs_number":"h5275"},"h5276":{"pronunciation":"naw-ame'","unicode":"נָעֵם","translit":"nâʻêm","definition":"a primitive root; to be agreeable (literally or figuratively); pass in beauty, be delight, be pleasant, be sweet.","strongs_number":"h5276"},"h5277":{"pronunciation":"nah'-am","unicode":"נַעַם","translit":"Naʻam","definition":"from {{h5276}}; pleasure; Naam, an Israelite; Naam.","strongs_number":"h5277"},"h5278":{"pronunciation":"no'-am","unicode":"נֹעַם","translit":"nôʻam","definition":"from {{h5276}}; agreeableness, i.e. delight, suitableness, splendor or grace; beauty, pleasant(-ness).","strongs_number":"h5278"},"h5279":{"pronunciation":"nah-am-aw'","unicode":"נַעֲמָה","translit":"Naʻămâh","definition":"feminine of {{h5277}}; pleasantness; Naamah, the name of an antediluvian woman, of an Ammonitess, and of a place in Palestine; Naamah.","strongs_number":"h5279"},"h5280":{"pronunciation":"nah-am-ee'","unicode":"נַעֲמִי","translit":"Naʻămîy","definition":"patronymic from {{h5283}}; a Naamanite, or descendant of Naaman (collectively); Naamites.","strongs_number":"h5280"},"h5281":{"pronunciation":"no-om-ee'","unicode":"נׇעֳמִי","translit":"Noʻŏmîy","definition":"from {{h5278}}; pleasant; Noömi, an Israelitess; Naomi.","strongs_number":"h5281"},"h5282":{"pronunciation":"nah-am-awn'","unicode":"נַעֲמָן","translit":"naʻămân","definition":"from {{h5276}}; pleasantness (plural as concrete); pleasant.","strongs_number":"h5282"},"h5283":{"pronunciation":"nah-am-awn'","unicode":"נַעֲמָן","translit":"Naʻămân","definition":"the same as {{h5282}}; Naaman, the name of an Israelite and of a Damascene; Naaman.","strongs_number":"h5283"},"h5284":{"pronunciation":"nah-am-aw-thee'","unicode":"נַעֲמָתִי","translit":"Naʻămâthîy","definition":"patrial from a place corresponding in name (but not identical) with {{h5279}}; a Naamathite, or inhabitant of Naamah; Naamathite.","strongs_number":"h5284"},"h5285":{"pronunciation":"nah-ats-oots'","unicode":"נַעֲצוּץ","translit":"naʻătsûwts","definition":"from an unused root meaning to prick; probably a brier; by implication, a thicket of thorny bushes; thorn.","strongs_number":"h5285"},"h5286":{"pronunciation":"naw-ar'","unicode":"נָעַר","translit":"nâʻar","definition":"a primitive root; to growl; yell.","strongs_number":"h5286"},"h5287":{"pronunciation":"naw-ar'","unicode":"נָעַר","translit":"nâʻar","definition":"a primitive root (probably identical with {{h5286}}, through the idea of the rustling of mane, which usually accompanies the lion's roar); to tumble about; shake (off, out, self), overthrow, toss up and down.","strongs_number":"h5287"},"h5288":{"pronunciation":"nah'-ar","unicode":"נַעַר","translit":"naʻar","definition":"from {{h5287}}; (concretely) a boy (as active), from the age of infancy to adolescence; by implication, a servant; also (by interch. of sex), a girl (of similar latitude in age); babe, boy, child, damsel (from the margin), lad, servant, young (man).","strongs_number":"h5288"},"h5289":{"pronunciation":"nah'-ar","unicode":"נַעַר","translit":"naʻar","definition":"from {{h5287}} in its derivative sense of tossing about; a wanderer; young one.","strongs_number":"h5289"},"h5290":{"pronunciation":"no'-ar","unicode":"נֹעַר","translit":"nôʻar","definition":"from {{h5287}}; (compare {{h5288}}); (abstractly) boyhood; child, youth.","strongs_number":"h5290"},"h5291":{"pronunciation":"nah-ar-aw'","unicode":"נַעֲרָה","translit":"naʻărâh","definition":"feminine of {{h5288}}; a girl (from infancy to adolescence); damsel, maid(-en), young (woman).","strongs_number":"h5291"},"h5292":{"pronunciation":"nah-ar-aw'","unicode":"נַעֲרָה","translit":"Naʻărâh","definition":"the same as {{h5291}}; Naarah, the name of an Israelitess, and of a place in Palestine; Naarah, Naarath.","strongs_number":"h5292"},"h5293":{"pronunciation":"nah-ar-ah'-ee","unicode":"נַעֲרַי","translit":"Naʻăray","definition":"from {{h5288}}; youthful; Naarai, an Israelite; Naarai.","strongs_number":"h5293"},"h5294":{"pronunciation":"neh-ar-yaw'","unicode":"נְעַרְיָה","translit":"Nᵉʻaryâh","definition":"from {{h5288}} and {{h3050}}; servant of Jah; Nearjah, the name of two Israelites; Neariah.","strongs_number":"h5294"},"h5295":{"pronunciation":"nah-ar-awn'","unicode":"נַעֲרָן","translit":"Naʻărân","definition":"from {{h5288}}; juvenile; Naaran, a place in Palestine; Naaran.","strongs_number":"h5295"},"h5296":{"pronunciation":"neh-o'-reth","unicode":"נְעֹרֶת","translit":"nᵉʻôreth","definition":"from {{h5287}}; something shaken out, i.e. tow (as the refuse of flax); tow.","strongs_number":"h5296"},"h5297":{"pronunciation":"nofe","unicode":"נֹף","translit":"Nôph","definition":"a variation of {{h4644}}; Noph, the capital of Upper Egypt; Noph.","strongs_number":"h5297"},"h5298":{"pronunciation":"neh'-feg","unicode":"נֶפֶג","translit":"Nepheg","definition":"from an unused root probably meaning to spring forth; a sprout; Nepheg, the name of two Israelites; Nepheg.","strongs_number":"h5298"},"h5299":{"pronunciation":"naw-faw'","unicode":"נָפָה","translit":"nâphâh","definition":"from {{h5130}} in the sense of lifting; a sieve; border, coast, region, sieve.","strongs_number":"h5299"},"h5300":{"pronunciation":"nef-oo-shes-eem'","unicode":"נְפוּשְׁסִים","translit":"Nᵉphûwshᵉçîym","definition":"for {{h5304}}; Nephushesim, a Temple-servant; Nephisesim (from the margin).","strongs_number":"h5300"}}