{"h5301":{"pronunciation":"naw-fakh'","unicode":"נָפַח","translit":"nâphach","definition":"a primitive root; to puff, in various applications (literally, to inflate, blow hard, scatter, kindle, expire; figuratively, to disesteem); blow, breath, give up, cause to lose (life), seething, snuff.","strongs_number":"h5301"},"h5302":{"pronunciation":"no'-fakh","unicode":"נֹפַח","translit":"Nôphach","definition":"from {{h5301}}; a gust; Nophach, a place in Moab; Nophah.","strongs_number":"h5302"},"h5303":{"pronunciation":"nef-eel'","unicode":"נְפִיל","translit":"nᵉphîyl","definition":"or נְפִל; from {{h5307}}; properly, a feller, i.e. a bully or tyrant; giant.","strongs_number":"h5303"},"h5304":{"pronunciation":"nef-ee-seem'","unicode":"נְפִיסִים","translit":"Nᵉphîyçîym","definition":"plural from an unused root meaning to scatter; expansions; Nephisim, a Temple-servant; Nephusim (from the margin).","strongs_number":"h5304"},"h5305":{"pronunciation":"naw-feesh'","unicode":"נָפִישׁ","translit":"Nâphîysh","definition":"from {{h5314}}; refreshed; Naphish, a son of Ishmael, and his posterity; Naphish.","strongs_number":"h5305"},"h5306":{"pronunciation":"no'-fek","unicode":"נֹפֶךְ","translit":"nôphek","definition":"from an unused root meaning to glisten; shining; a gem, probably the garnet; emerald.","strongs_number":"h5306"},"h5307":{"pronunciation":"naw-fal'","unicode":"נָפַל","translit":"nâphal","definition":"a primitive root; to fall, in a great variety of applications (intransitive or causative, literal or figurative); be accepted, cast (down, self, (lots), out), cease, die, divide (by lot), (let) fail, (cause to, let, make, ready to) fall (away, down, -en, -ing), fell(-ing), fugitive, have (inheritance), inferior, be judged (by mistake for {{h6419}}), lay (along), (cause to) lie down, light (down), be (× hast) lost, lying, overthrow, overwhelm, perish, present(-ed, -ing), (make to) rot, slay, smite out, × surely, throw down.","strongs_number":"h5307"},"h5308":{"pronunciation":"nef-al'","unicode":"נְפַל","translit":"nᵉphal","definition":"(Aramaic) corresponding to {{h5307}}; fall (down), have occasion.","strongs_number":"h5308"},"h5309":{"pronunciation":"neh'-fel","unicode":"נֶפֶל","translit":"nephel","definition":"or נֵפֶל; from {{h5307}}; something fallen, i.e. an abortion; untimely birth.","strongs_number":"h5309"},"h5310":{"pronunciation":"naw-fats'","unicode":"נָפַץ","translit":"nâphats","definition":"a primitive root; to dash to pieces, or scatter; be beaten in sunder, break (in pieces), broken, dash (in pieces), cause to be discharged, dispersed, be overspread, scatter.","strongs_number":"h5310"},"h5311":{"pronunciation":"neh'-fets","unicode":"נֶפֶץ","translit":"nephets","definition":"from {{h5310}}; a storm (as dispersing); scattering.","strongs_number":"h5311"},"h5312":{"pronunciation":"nef-ak'","unicode":"נְפַק","translit":"nᵉphaq","definition":"(Aramaic) a primitive root; to issue; causatively, to bring out; come (go, take) forth (out).","strongs_number":"h5312"},"h5313":{"pronunciation":"nif-kaw'","unicode":"נִפְקָא","translit":"niphqâʼ","definition":"(Aramaic) from {{h5312}}; an outgo, i.e. expense; expense.","strongs_number":"h5313"},"h5314":{"pronunciation":"naw-fash'","unicode":"נָפַשׁ","translit":"nâphash","definition":"a primitive root; to breathe; passively, to be breathed upon , i.e. (figuratively) refreshed (as if by a current of air); (be) refresh selves (-ed).","strongs_number":"h5314"},"h5315":{"pronunciation":"neh'-fesh","unicode":"נֶפֶשׁ","translit":"nephesh","definition":"from {{h5314}}; properly, a breathing creature, i.e. animal of (abstractly) vitality; used very widely in a literal, accommodated or figurative sense (bodily or mental); any, appetite, beast, body, breath, creature, × dead(-ly), desire, × (dis-) contented, × fish, ghost,   greedy, he, heart(-y), (hath, × jeopardy of) life (× in jeopardy), lust, man, me, mind, mortally, one, own, person, pleasure, (her-, him-, my-, thy-) self, them (your) -selves,   slay, soul,   tablet, they, thing, (× she) will, × would have it.","strongs_number":"h5315"},"h5316":{"pronunciation":"neh'-feth","unicode":"נֶפֶת","translit":"nepheth","definition":"for {{h5299}}; a height; country.","strongs_number":"h5316"},"h5317":{"pronunciation":"no'-feth","unicode":"נֹפֶת","translit":"nôpheth","definition":"from {{h5130}} in the sense of shaking to pieces; a dripping i.e. of honey (from the comb); honeycomb.","strongs_number":"h5317"},"h5318":{"pronunciation":"nef-to'-akh","unicode":"נֶפְתּוֹחַ","translit":"Nephtôwach","definition":"from {{h6605}}; opened, i.e. a spring; Nephtoach, a place in Palestine; Neptoah.","strongs_number":"h5318"},"h5319":{"pronunciation":"naf-tool'","unicode":"נַפְתּוּל","translit":"naphtûwl","definition":"from {{h6617}}; properly, wrestled; but used (in the plural) transitively, a struggle; wrestling.","strongs_number":"h5319"},"h5320":{"pronunciation":"naf-too-kheem","unicode":"נַפְתֻּחִים","translit":"Naphtuchîym","definition":"plural of foreign origin,; Naphtuchim, an Egyptian tribe; Naptuhim.","strongs_number":"h5320"},"h5321":{"pronunciation":"naf-taw-lee'","unicode":"נַפְתָּלִי","translit":"Naphtâlîy","definition":"from {{h6617}}; my wrestling; Naphtali, a son of Jacob, with the tribe descended from him, and its territory; Naphtali.","strongs_number":"h5321"},"h5322":{"pronunciation":"nayts","unicode":"נֵץ","translit":"nêts","definition":"from {{h5340}}; a flower (from its brilliancy); also a hawk (from it flashing speed); blossom, hawk.","strongs_number":"h5322"},"h5323":{"pronunciation":"naw-tsaw'","unicode":"נָצָא","translit":"nâtsâʼ","definition":"a primitive root; to go away; flee.","strongs_number":"h5323"},"h5324":{"pronunciation":"naw-tsab'","unicode":"נָצַב","translit":"nâtsab","definition":"a primitive root; to station, in various applications (literally or figuratively); appointed, deputy, erect, establish, × Huzzah (by mistake for a proper name), lay, officer, pillar, present, rear up, set (over, up), settle, sharpen, establish, (make to) stand(-ing, still, up, upright), best state.","strongs_number":"h5324"},"h5325":{"pronunciation":"nits-twawb'","unicode":"נִצָּב","translit":"nitstsâb","definition":"passive participle of {{h5324}}; fixed, i.e. a handle; haft.","strongs_number":"h5325"},"h5326":{"pronunciation":"nits-baw'","unicode":"נִצְבָּה","translit":"nitsbâh","definition":"(Aramaic) from a root corresponding to {{h5324}}; fixedness, i.e. firmness; strength.","strongs_number":"h5326"},"h5327":{"pronunciation":"naw-tsaw'","unicode":"נָצָה","translit":"nâtsâh","definition":"a primitive root; properly, to go forth, i.e. (by implication) to be expelled, and (consequently) desolate; causatively, to lay waste; also (specifically), to quarrel; be laid waste, runinous, strive (together).","strongs_number":"h5327"},"h5328":{"pronunciation":"nits-tsaw'","unicode":"נִצָּה","translit":"nitstsâh","definition":"feminine of {{h5322}}; a blossom; flower.","strongs_number":"h5328"},"h5329":{"pronunciation":"naw-tsakh'","unicode":"נָצַח","translit":"nâtsach","definition":"a primitive root;\talso as denominative from {{h5331}}; properly, to glitter from afar, i.e. to be eminent (as a superintendent, especially of the Temple services and its music); to be permanent; excel, chief musician (singer), oversee(-r), set forward.","strongs_number":"h5329"},"h5330":{"pronunciation":"nets-akh'","unicode":"נְצַח","translit":"nᵉtsach","definition":"(Aramaic) corresponding to {{h5329}}; to become chief; be preferred.","strongs_number":"h5330"},"h5331":{"pronunciation":"neh'-tsakh","unicode":"נֶצַח","translit":"netsach","definition":"or נֵצַח; from {{h5329}}; properly, a goal, i.e. the bright object at a distance travelled towards; hence (figuratively), splendor, or (subjectively) truthfulness, or (objectively) confidence; but usually (adverbially), continually (i.e. to the most distant point of view); alway(-s), constantly, end, (  n-) ever(more), perpetual, strength, victory.","strongs_number":"h5331"},"h5332":{"pronunciation":"nay'-tsakh","unicode":"נֵצַח","translit":"Nêtsach","definition":"probably identical with {{h5331}}, through the idea of brilliancy of color; juice of the grape (as blood red); blood, strength.","strongs_number":"h5332"},"h5333":{"pronunciation":"nets-eeb'","unicode":"נְצִיב","translit":"nᵉtsîyb","definition":"or נְצִב; from {{h5324}}; something stationary, i.e. a prefect, a military post, a statue; garrison, officer, pillar.","strongs_number":"h5333"},"h5334":{"pronunciation":"nets-eeb'","unicode":"נְצִיב","translit":"Nᵉtsîyb","definition":"the same as {{h5333}}; station; Netsib, a place in Palestine; Nezib.","strongs_number":"h5334"},"h5335":{"pronunciation":"nets-ee'-akh","unicode":"נְצִיחַ","translit":"nᵉtsîyach","definition":"from {{h5329}}; conspicuous; Netsiach, a Temple-servant; Neziah.","strongs_number":"h5335"},"h5336":{"pronunciation":"naw-tsere'","unicode":"נָצִיר","translit":"nâtsîyr","definition":"from {{h5341}}; properly, conservative; but used passively, delivered; preserved.","strongs_number":"h5336"},"h5337":{"pronunciation":"naw-tsal'","unicode":"נָצַל","translit":"nâtsal","definition":"a primitive root; to snatch away, whether in a good or a bad sense; × at all, defend, deliver (self), escape, × without fail, part, pluck, preserve, recover, rescue, rid, save, spoil, strip, × surely, take (out).","strongs_number":"h5337"},"h5338":{"pronunciation":"nets-al'","unicode":"נְצַל","translit":"nᵉtsal","definition":"(Aramaic) corresponding to {{h5337}}; to extricate; deliver, rescue.","strongs_number":"h5338"},"h5339":{"pronunciation":"nits-tsawn'","unicode":"נִצָּן","translit":"nitstsân","definition":"from {{h5322}}; a blossom; flower.","strongs_number":"h5339"},"h5340":{"pronunciation":"naw-tsats'","unicode":"נָצַץ","translit":"nâtsats","definition":"a primitive root; to glare, i.e. be bright-colored; sparkle.","strongs_number":"h5340"},"h5341":{"pronunciation":"naw-tsar'","unicode":"נָצַר","translit":"nâtsar","definition":"a primitive root; to guard, in a good sense (to protect, maintain, obey, etc.) or a bad one (to conceal, etc.); besieged, hidden thing, keep(-er, -ing), monument, observe, preserve(-r), subtil, watcher(-man).","strongs_number":"h5341"},"h5342":{"pronunciation":"nay'-tser","unicode":"נֵצֶר","translit":"nêtser","definition":"from {{h5341}} in the sense of greenness as a striking color; a shoot; figuratively, a descendant; branch.","strongs_number":"h5342"},"h5343":{"pronunciation":"nek-ay'","unicode":"נְקֵא","translit":"nᵉqêʼ","definition":"(Aramaic) from a root corresponding to {{h5352}}; clean; pure.","strongs_number":"h5343"},"h5344":{"pronunciation":"naw-kab'","unicode":"נָקַב","translit":"nâqab","definition":"a primitive root; to puncture, literally (to perforate, with more or less violence) or figuratively (to specify, designate, libel); appoint, blaspheme, bore, curse, express, with holes, name, pierce, strike through.","strongs_number":"h5344"},"h5345":{"pronunciation":"neh'keb","unicode":"נֶקֶב","translit":"neqeb","definition":"a bezel (for a gem); pipe.","strongs_number":"h5345"},"h5346":{"pronunciation":"neh'-keb","unicode":"נֶקֶב","translit":"Neqeb","definition":"the same as {{h5345}}; dell; Nekeb, a place in Palestine; Nekeb.","strongs_number":"h5346"},"h5347":{"pronunciation":"nek-ay-baw'","unicode":"נְקֵבָה","translit":"nᵉqêbâh","definition":"from {{h5344}}; female (from the sexual form); female.","strongs_number":"h5347"},"h5348":{"pronunciation":"naw-kode'","unicode":"נָקֹד","translit":"nâqôd","definition":"from an unused root meaning to mark (by puncturing or branding); spotted; speckled.","strongs_number":"h5348"},"h5349":{"pronunciation":"no-kade'","unicode":"נֹקֵד","translit":"nôqêd","definition":"active participle from the same as {{h5348}}; a spotter (of sheep or cattle), i.e. the owner or tender (who thus marks them); herdman, sheepmaster.","strongs_number":"h5349"},"h5350":{"pronunciation":"nik-kood'","unicode":"נִקֻּד","translit":"niqqud","definition":"from the same as {{h5348}}; a crumb (as broken to spots); also a biscuit (as pricked); cracknel, mouldy.","strongs_number":"h5350"},"h5351":{"pronunciation":"ned-ood-daw'","unicode":"נְקֻדָּה","translit":"nᵉquddâh","definition":"feminine of {{h5348}}; a boss; stud.","strongs_number":"h5351"},"h5352":{"pronunciation":"naw-kaw'","unicode":"נָקָה","translit":"nâqâh","definition":"a primitive root; to be (or make) clean (literally or figuratively); by implication (in an adverse sense) to be bare, i.e. extirpated; acquit × at all, × altogether, be blameless, cleanse, (be) clear(-ing), cut off, be desolate, be free, be (hold) guiltless, be (hold) innocent, × by no means, be quit, be (leave) unpunished, × utterly, × wholly.","strongs_number":"h5352"},"h5353":{"pronunciation":"nek-o-daw'","unicode":"נְקוֹדָא","translit":"Nᵉqôwdâʼ","definition":"feminine of {{h5348}} (in the figurative sense of marked); distinction; Nekoda, a Temple-servant; Nekoda.","strongs_number":"h5353"},"h5354":{"pronunciation":"naw-kat'","unicode":"נָקַט","translit":"nâqaṭ","definition":"a primitive root; to loathe; weary.","strongs_number":"h5354"},"h5355":{"pronunciation":"naw-kee'","unicode":"נָקִי","translit":"nâqîy","definition":"or נָקִיא; (Joel 4:19; Jonah 1:14), from {{h5352}}; innocent; blameless, clean, clear, exempted, free, guiltless, innocent, quit.","strongs_number":"h5355"},"h5356":{"pronunciation":"nik-kaw-yone'","unicode":"נִקָּיוֹן","translit":"niqqâyôwn","definition":"or נִקָּיֹן; from {{h5352}}; clearness (literally or figuratively); cleanness, innocency.","strongs_number":"h5356"},"h5357":{"pronunciation":"naw-keek'","unicode":"נָקִיק","translit":"nâqîyq","definition":"from an unused root meaning to bore; a cleft; hole.","strongs_number":"h5357"},"h5358":{"pronunciation":"naw-kam'","unicode":"נָקַם","translit":"nâqam","definition":"a primitive root; to grudge, i.e. avenge or punish; avenge(-r, self), punish, revenge (self), × surely, take vengeance.","strongs_number":"h5358"},"h5359":{"pronunciation":"naw-kawm'","unicode":"נָקָם","translit":"nâqâm","definition":"from {{h5358}}; revenge; avenged, quarrel, vengeance.","strongs_number":"h5359"},"h5360":{"pronunciation":"nek-aw-maw'","unicode":"נְקָמָה","translit":"nᵉqâmâh","definition":"feminine of {{h5359}}; avengement, whether the act or the passion; avenge, revenge(-ing), vengeance.","strongs_number":"h5360"},"h5361":{"pronunciation":"naw-kah'","unicode":"נָקַע","translit":"nâqaʻ","definition":"a primitive root; to feel aversion; be alienated.","strongs_number":"h5361"},"h5362":{"pronunciation":"naw-kaf'","unicode":"נָקַף","translit":"nâqaph","definition":"a primitive root; to strike with more or less violence (beat, fell, corrode); by implication (of attack) to knock together, i.e. surround or circulate; compass (about, -ing), cut down, destroy, go round (about), inclose, round.","strongs_number":"h5362"},"h5363":{"pronunciation":"no'-kef","unicode":"נֹקֶף","translit":"nôqeph","definition":"from {{h5362}}; a threshing (of olives); shaking.","strongs_number":"h5363"},"h5364":{"pronunciation":"nik-paw'","unicode":"נִקְפָּה","translit":"niqpâh","definition":"from {{h5362}}; probably a rope (as encircling); rent.","strongs_number":"h5364"},"h5365":{"pronunciation":"naw-kar'","unicode":"נָקַר","translit":"nâqar","definition":"a primitive root; to bore (penetrate, quarry); dig, pick out, pierce, put (thrust) out.","strongs_number":"h5365"},"h5366":{"pronunciation":"nek-aw-raw'","unicode":"נְקָרָה","translit":"nᵉqârâh","definition":"from {{h5365}}; a fissure; cleft, clift.","strongs_number":"h5366"},"h5367":{"pronunciation":"naw-kash'","unicode":"נָקַשׁ","translit":"nâqash","definition":"a primitive root; to entrap (with a noose), literally or figuratively; catch (lay a) snare.","strongs_number":"h5367"},"h5368":{"pronunciation":"nek-ash'","unicode":"נְקַשׁ","translit":"nᵉqash","definition":"(Aramaic) corresponding to {{h5367}}; used in the sense of {{h5362}}; to knock; smote.","strongs_number":"h5368"},"h5369":{"pronunciation":"nare","unicode":"נֵר","translit":"Nêr","definition":"the same as {{h5216}}; lamp; Ner, an Israelite; Ner.","strongs_number":"h5369"},"h5370":{"pronunciation":"nare-gal'","unicode":"נֵרְגַּל","translit":"Nêrᵉgal","definition":"of foreign origin; Nergal, a Cuthite deity; Nergal.","strongs_number":"h5370"},"h5371":{"pronunciation":"nare-gal' shar-eh'-tser","unicode":"נֵרְגַּל שַׁרְאֶצֶר","translit":"Nêrᵉgal Sharʼetser","definition":"from {{h5370}} and {{h8272}}; Nergal-Sharetser, the name of two Babylonians; Nergal-sharezer.","strongs_number":"h5371"},"h5372":{"pronunciation":"neer-gawn'","unicode":"נִרְגָּן","translit":"nirgân","definition":"from an unused root meaning to roll to pieces; a slanderer; talebearer, whisperer.","strongs_number":"h5372"},"h5373":{"pronunciation":"nayrd","unicode":"נֵרְדְּ","translit":"nêrd","definition":"of foreign origin; nard, an aromatic; spikenard.","strongs_number":"h5373"},"h5374":{"pronunciation":"nay-ree-yaw'","unicode":"נֵרִיָּה","translit":"Nêrîyâh","definition":"or נֵרִיָּהוּ; from {{h5216}} and {{h3050}}; light of Jah; Nerijah, an Israelite; Neriah.","strongs_number":"h5374"},"h5375":{"pronunciation":"naw-saw'","unicode":"נָשָׂא","translit":"nâsâʼ","definition":"or נָסָה; (Psalm 4:6 [7]), a primitive root; to lift, in a great variety of applications, literal and figurative, absolute and relative; accept, advance, arise, (able to, (armor), suffer to) bear(-er, up), bring (forth), burn, carry (away), cast, contain, desire, ease, exact, exalt (self), extol, fetch, forgive, furnish, further, give, go on, help, high, hold up, honorable (  man), lade, lay, lift (self) up, lofty, marry, magnify, × needs, obtain, pardon, raise (up), receive, regard, respect, set (up), spare, stir up,   swear, take (away, up), × utterly, wear, yield.","strongs_number":"h5375"},"h5376":{"pronunciation":"nes-aw'","unicode":"נְשָׂא","translit":"nᵉsâʼ","definition":"(Aramaic) corresponding to {{h5375}}; carry away, make insurrection, take.","strongs_number":"h5376"},"h5377":{"pronunciation":"naw-shaw'","unicode":"נָשָׁא","translit":"nâshâʼ","definition":"a primitive root; to lead astray, i.e. (mentally) to delude, or (morally) to seduce; beguile, deceive, × greatly, × utterly.","strongs_number":"h5377"},"h5378":{"pronunciation":"naw-shaw'","unicode":"נָשָׁא","translit":"nâshâʼ","definition":"a primitive root (perhaps identical with {{h5377}}, through the idea of imposition); to lend on interest; by implication, to dun for debt; × debt, exact, giver of usury.","strongs_number":"h5378"},"h5379":{"pronunciation":"nis-sayth'","unicode":"נִשֵּׂאת","translit":"nissêʼth","definition":"passive participle feminine of {{h5375}}; something taken, i.e. a present; gift.","strongs_number":"h5379"},"h5380":{"pronunciation":"naw-shab'","unicode":"נָשַׁב","translit":"nâshab","definition":"a primitive root; to blow; by implication, to disperse; (cause to) blow, drive away.","strongs_number":"h5380"},"h5381":{"pronunciation":"naw-sag'","unicode":"נָשַׂג","translit":"nâsag","definition":"a primitive root; to reach (literally or figuratively); ability, be able, attain (unto), (be able to, can) get, lay at, put, reach, remove, wax rich, × surely, (over-) take (hold of, on, upon).","strongs_number":"h5381"},"h5382":{"pronunciation":"naw-shaw'","unicode":"נָשָׁה","translit":"nâshâh","definition":"a primitive root; to forget; figuratively, to neglect; causatively, to remit, remove; forget, deprive, exact.","strongs_number":"h5382"},"h5383":{"pronunciation":"naw-shaw'","unicode":"נָשָׁה","translit":"nâshâh","definition":"a primitive root (rather identical with {{h5382}}, in the sense of {{h5378}}); to lend or (by reciprocity) borrow on security or interest; creditor, exact, extortioner, lend, usurer, lend on (taker on) usury.","strongs_number":"h5383"},"h5384":{"pronunciation":"naw-sheh'","unicode":"נָשֶׁה","translit":"nâsheh","definition":"from {{h5382}}, in the sense of failure; rheumatic or crippled (from the incident to Jacob); which shrank.","strongs_number":"h5384"},"h5385":{"pronunciation":"nes-oo-aw'","unicode":"נְשׂוּאָה","translit":"nᵉsûwʼâh","definition":"or rather, נְשֻׂאָה; feminine. passive participle of {{h5375}}; something borne, i.e. a load; carriage.","strongs_number":"h5385"},"h5386":{"pronunciation":"nesh-ee'","unicode":"נְשִׁי","translit":"nᵉshîy","definition":"from {{h5383}}; a debt; debt.","strongs_number":"h5386"},"h5387":{"pronunciation":"naw-see'","unicode":"נָשִׂיא","translit":"nâsîyʼ","definition":"or נָשִׂא; from {{h5375}}; properly, an exalted one, i.e. a king or sheik; also a rising mist; captain, chief, cloud, governor, prince, ruler, vapour.","strongs_number":"h5387"},"h5388":{"pronunciation":"nesh-ee-yaw'","unicode":"נְשִׁיָּה","translit":"nᵉshîyâh","definition":"from {{h5382}}; oblivion; forgetfulness.","strongs_number":"h5388"},"h5389":{"pronunciation":"naw-sheen'","unicode":"נָשִׁין","translit":"nâshîyn","definition":"(Aramaic) irregular plural feminine of {{h606}}; women.","strongs_number":"h5389"},"h5390":{"pronunciation":"nesh-ee-kaw'","unicode":"נְשִׁיקָה","translit":"nᵉshîyqâh","definition":"from {{h5401}}; a kiss; kiss.","strongs_number":"h5390"},"h5391":{"pronunciation":"naw-shak'","unicode":"נָשַׁךְ","translit":"nâshak","definition":"a primitive root; to strike with a sting (as a serpent); figuratively, to oppress with interest on a loan; bite, lend upon usury.","strongs_number":"h5391"},"h5392":{"pronunciation":"neh'-shek","unicode":"נֶשֶׁךְ","translit":"neshek","definition":"from {{h5391}}; interest on a debt; usury.","strongs_number":"h5392"},"h5393":{"pronunciation":"nish-kaw'","unicode":"נִשְׁכָּה","translit":"nishkâh","definition":"for {{h3957}}; a cell; chamber.","strongs_number":"h5393"},"h5394":{"pronunciation":"naw-shal'","unicode":"נָשַׁל","translit":"nâshal","definition":"a primitive root; to pluck off, i.e. divest, eject or drop; cast (out), drive, loose, put off (out), slip.","strongs_number":"h5394"},"h5395":{"pronunciation":"naw-sham'","unicode":"נָשַׁם","translit":"nâsham","definition":"a primitive root; properly, to blow away, i.e. destroy; destroy.","strongs_number":"h5395"},"h5396":{"pronunciation":"nish-maw'","unicode":"נִשְׁמָא","translit":"nishmâʼ","definition":"(Aramaic) corresponding to {{h5397}}; vital breath; breath.","strongs_number":"h5396"},"h5397":{"pronunciation":"nesh-aw-maw'","unicode":"נְשָׁמָה","translit":"nᵉshâmâh","definition":"from {{h5395}}; a puff, i.e. wind, angry or vital breath, divine inspiration, intellect. or (concretely) an animal; blast, (that) breath(-eth), inspiration, soul, spirit.","strongs_number":"h5397"},"h5398":{"pronunciation":"naw-shaf'","unicode":"נָשַׁף","translit":"nâshaph","definition":"a primitive root; to breeze, i.e. blow up fresh (as the wind); blow.","strongs_number":"h5398"},"h5399":{"pronunciation":"neh'-shef","unicode":"נֶשֶׁף","translit":"nesheph","definition":"from {{h5398}}; properly, a breeze, i.e. (by implication) dusk (when the evening breeze prevails); dark, dawning of the day (morning), night, twilight.","strongs_number":"h5399"},"h5400":{"pronunciation":"naw-sak'","unicode":"נָשַׂק","translit":"nâsaq","definition":"a primitive root; to catch fire; burn, kindle.","strongs_number":"h5400"}}