{"h5401":{"pronunciation":"naw-shak'","unicode":"נָשַׁק","translit":"nâshaq","definition":"a primitive root (identical with {{h5400}}, through the idea of fastening up; compare {{h2388}}, {{h2836}}); to kiss, literally or figuratively (touch); also (as a mode of attachment), to equip with weapons; armed (men), rule, kiss, that touched.","strongs_number":"h5401"},"h5402":{"pronunciation":"neh'-shek","unicode":"נֶשֶׁק","translit":"nesheq","definition":"or נֵשֶׁק; from {{h5401}}; military equipment, i.e. (collectively) arms (offensive or defensive), or (concretely) an arsenal; armed men, armour(-y), battle, harness, weapon.","strongs_number":"h5402"},"h5403":{"pronunciation":"nesh-ar'","unicode":"נְשַׁר","translit":"nᵉshar","definition":"(Aramaic) corresponding to {{h5404}}; an eagle; eagle.","strongs_number":"h5403"},"h5404":{"pronunciation":"neh'-sher","unicode":"נֶשֶׁר","translit":"nesher","definition":"from an unused root meaning to lacerate; the eagle (or other large bird of prey); eagle.","strongs_number":"h5404"},"h5405":{"pronunciation":"naw-shath'","unicode":"נָשַׁת","translit":"nâshath","definition":"a primitive root; properly, to eliminate, i.e. (intransitively) to dry up; fail.","strongs_number":"h5405"},"h5406":{"pronunciation":"nish-tev-awn'","unicode":"נִשְׁתְּוָן","translit":"nishtᵉvân","definition":"probably of Persian origin; an epistle; letter.","strongs_number":"h5406"},"h5407":{"pronunciation":"nish-tev-awn'","unicode":"נִשְׁתְּוָן","translit":"nishtᵉvân","definition":"(Aramaic) corresponding to {{h5406}}; letter.","strongs_number":"h5407"},"h5408":{"pronunciation":"naw-thakh'","unicode":"נָתַח","translit":"nâthach","definition":"a primitive root; to dismember; cut (in pieces), divide, hew in pieces.","strongs_number":"h5408"},"h5409":{"pronunciation":"nay'-thakh","unicode":"נֵתַח","translit":"nêthach","definition":"from {{h5408}}; a fragment; part, piece.","strongs_number":"h5409"},"h5410":{"pronunciation":"naw-theeb'","unicode":"נָתִיב","translit":"nâthîyb","definition":"or (feminine) נְתִיבָה; or נְתִבָה; (Jeremiah 6:16), from an unused root meaning to tramp; a (beaten) track; path(-way), × travel(-ler), way.","strongs_number":"h5410"},"h5411":{"pronunciation":"naw-theen'","unicode":"נָתִין","translit":"Nâthîyn","definition":"or נָתוּן (Ezra 8:17), (the proper form as passive participle), from {{h5414}}; one given, i.e. (in the plural only); the Nethinim, or Temple-servants (as given to that duty); Nethinims.","strongs_number":"h5411"},"h5412":{"pronunciation":"netheen'","unicode":"נְתִין","translit":"Nᵉthîyn","definition":"(Aramaic) corresponding to {{h5411}}; Nethinims.","strongs_number":"h5412"},"h5413":{"pronunciation":"naw-thak'","unicode":"נָתַךְ","translit":"nâthak","definition":"a primitive root; to flow forth (literally or figuratively); by implication, to liquify; drop, gather (together), melt, pour (forth, out).","strongs_number":"h5413"},"h5414":{"pronunciation":"naw-than'","unicode":"נָתַן","translit":"nâthan","definition":"a primitive root; to give, used with greatest latitude of application (put, make, etc.); add, apply, appoint, ascribe, assign, × avenge, × be (healed), bestow, bring (forth, hither), cast, cause, charge, come, commit, consider, count,   cry, deliver (up), direct, distribute, do, × doubtless, × without fail, fasten, frame, × get, give (forth, over, up), grant, hang (up), × have, × indeed, lay (unto charge, up), (give) leave, lend, let (out),   lie, lift up, make,   O that, occupy, offer, ordain, pay, perform, place, pour, print, × pull, put (forth), recompense, render, requite, restore, send (out), set (forth), shew, shoot forth (up),   sing,   slander, strike, (sub-) mit, suffer, × surely, × take, thrust, trade, turn, utter,   weep,   willingly,   withdraw,   would (to) God, yield.","strongs_number":"h5414"},"h5415":{"pronunciation":"neth-an'","unicode":"נְתַן","translit":"nᵉthan","definition":"(Aramaic) corresponding to {{h5414}}; give; bestow, give pay.","strongs_number":"h5415"},"h5416":{"pronunciation":"naw-thawn'","unicode":"נָתָן","translit":"Nâthân","definition":"from {{h5414}}; given; Nathan, the name of five Israelites; Nathan.","strongs_number":"h5416"},"h5417":{"pronunciation":"neth-an-ale'","unicode":"נְתַנְאֵל","translit":"Nᵉthanʼêl","definition":"from {{h5414}} and {{h410}}; given of God; Nethanel, the name of ten Israelites; Nethaneel.","strongs_number":"h5417"},"h5418":{"pronunciation":"neth-an-yaw'","unicode":"נְתַנְיָה","translit":"Nᵉthanyâh","definition":"or נְתַנְיָהוּ; from {{h5414}} and {{h3050}}; given of Jah; Nethanjah, the name of four Israelites; Nethaniah.","strongs_number":"h5418"},"h5419":{"pronunciation":"neth-an' meh'-lek","unicode":"נְתַן־מֶלֶךְ","translit":"Nᵉthan-Melek","definition":"from {{h5414}} and {{h4428}}; given of (the) king; Nethan-Melek, an Israelite; Nathanmelech.","strongs_number":"h5419"},"h5420":{"pronunciation":"naw-thas'","unicode":"נָתַס","translit":"nâthâç","definition":"a primitive root; to tear up; mar.","strongs_number":"h5420"},"h5421":{"pronunciation":"naw-thah'","unicode":"נָתַע","translit":"nâthaʻ","definition":"for {{h5422}}; to tear out; break.","strongs_number":"h5421"},"h5422":{"pronunciation":"naw-thats'","unicode":"נָתַץ","translit":"nâthats","definition":"a primitive root; to tear down; beat down, break down (out), cast down, destroy, overthrow, pull down, throw down.","strongs_number":"h5422"},"h5423":{"pronunciation":"naw-thak'","unicode":"נָתַק","translit":"nâthaq","definition":"a primitive root; to tear off; break (off), burst, draw (away), lift up, pluck (away, off), pull (out), root out.","strongs_number":"h5423"},"h5424":{"pronunciation":"neh'-thek","unicode":"נֶתֶק","translit":"netheq","definition":"from {{h5423}}; scurf; (dry) scall.","strongs_number":"h5424"},"h5425":{"pronunciation":"naw-thar'","unicode":"נָתַר","translit":"nâthar","definition":"a primitive root; to jump, i.e. be violently agitated; causatively, to terrify, shake off, untie; drive asunder, leap, (let) loose, × make, move, undo.","strongs_number":"h5425"},"h5426":{"pronunciation":"neth-ar'","unicode":"נְתַר","translit":"nᵉthar","definition":"(Aramaic) corresponding to {{h5425}}; shake off.","strongs_number":"h5426"},"h5427":{"pronunciation":"neh'-ther","unicode":"נֶתֶר","translit":"nether","definition":"from {{h5425}}; mineral potash (so called from effervescing with acid); nitre.","strongs_number":"h5427"},"h5428":{"pronunciation":"naw-thash'","unicode":"נָתַשׁ","translit":"nâthash","definition":"a primitive root; to tear away; destroy, forsake, pluck (out, up, by the roots), pull up, root out (up), × utterly. s","strongs_number":"h5428"},"h5429":{"pronunciation":"seh-aw'","unicode":"סְאָה","translit":"çᵉʼâh","definition":"from an unused root meaning to define; a seah, or certain measure (as determinative) for grain; measure.","strongs_number":"h5429"},"h5430":{"pronunciation":"seh-own'","unicode":"סְאוֹן","translit":"çᵉʼôwn","definition":"from {{h5431}}; perhaps a military boot (as a protection from mud); battle.","strongs_number":"h5430"},"h5431":{"pronunciation":"saw-an'","unicode":"סָאַן","translit":"çâʼan","definition":"a primitive root; to be miry; used only as denominative from {{h5430}}; to shoe, i.e. (active participle) a soldier shod; warrior.","strongs_number":"h5431"},"h5432":{"pronunciation":"sah-seh-aw'","unicode":"סַאסְּאָה","translit":"çaʼçᵉʼâh","definition":"for {{h5429}}; measurement, i.e. moderation; measure.","strongs_number":"h5432"},"h5433":{"pronunciation":"saw-baw'","unicode":"סָבָא","translit":"çâbâʼ","definition":"a primitive root; to quaff to satiety, i.e. become tipsy; drunkard, fill self, Sabean, (wine-) bibber.","strongs_number":"h5433"},"h5434":{"pronunciation":"seb-aw'","unicode":"סְבָא","translit":"Çᵉbâʼ","definition":"of foreign origin; Seba, a son of Cush, and the country settled by him; Seba.","strongs_number":"h5434"},"h5435":{"pronunciation":"so'-beh","unicode":"סֹבֶא","translit":"çôbeʼ","definition":"from {{h5433}}; potation, concretely (wine), or abstractly (carousal); drink, drunken, wine.","strongs_number":"h5435"},"h5436":{"pronunciation":"seb-aw-ee'","unicode":"סְבָאִי","translit":"Çᵉbâʼîy","definition":"patrial from {{h5434}}; a Sebaite, or inhabitant of Seba; Sabean.","strongs_number":"h5436"},"h5437":{"pronunciation":"saw-bab'","unicode":"סָבַב","translit":"çâbab","definition":"a primitive root; to revolve, surround, or border; used in various applications, literally and figuratively; bring, cast, fetch, lead, make, walk, × whirl, × round about, be about on every side, apply, avoid, beset (about), besiege, bring again, carry (about), change, cause to come about, × circuit, (fetch a) compass (about, round), drive, environ, × on every side, beset (close, come, compass, go, stand) round about, inclose, remove, return, set, sit down, turn (self) (about, aside, away, back).","strongs_number":"h5437"},"h5438":{"pronunciation":"sib-baw'","unicode":"סִבָּה","translit":"çibbâh","definition":"from {{h5437}}; a (providential) turn (of affairs); cause.","strongs_number":"h5438"},"h5439":{"pronunciation":"saw-beeb'","unicode":"סָבִיב","translit":"çâbîyb","definition":"or (feminine) סְבִיבָה; from {{h5437}}; (as noun) a circle, neighbour, or environs; but chiefly (as adverb, with or without preposition) around; (place, round) about, circuit, compass, on every side.","strongs_number":"h5439"},"h5440":{"pronunciation":"saw-bak'","unicode":"סָבַךְ","translit":"çâbak","definition":"a primitive root; to entwine; fold together, wrap.","strongs_number":"h5440"},"h5441":{"pronunciation":"so'-bek","unicode":"סֹבֶךְ","translit":"çôbek","definition":"from {{h5440}}; a copse; thicket.","strongs_number":"h5441"},"h5442":{"pronunciation":"seb-awk'","unicode":"סְבָךְ","translit":"çᵉbâk","definition":"from {{h5440}},; a copse; thick(-et).","strongs_number":"h5442"},"h5443":{"pronunciation":"sab-bek-aw'","unicode":"סַבְּכָא","translit":"çabbᵉkâʼ","definition":"(Aramaic) or שַׂבְּכָא; (Aramaic), from a root corresponding to {{h5440}}; a lyre; sackbut.","strongs_number":"h5443"},"h5444":{"pronunciation":"sib-bek-ah'-ee","unicode":"סִבְּכַי","translit":"Çibbᵉkay","definition":"from {{h5440}}; copse-like; Sibbecai, an Israelite; Sibbecai, Sibbechai.","strongs_number":"h5444"},"h5445":{"pronunciation":"saw-bal'","unicode":"סָבַל","translit":"çâbal","definition":"a primitive root; to carry (literally or figuratively), or (reflexively) be burdensome; specifically, to be gravid; bear, be a burden, carry, strong to labour.","strongs_number":"h5445"},"h5446":{"pronunciation":"seb-al'","unicode":"סְבַל","translit":"çᵉbal","definition":"(Aramaic) corresponding to {{h5445}}; to erect; strongly laid.","strongs_number":"h5446"},"h5447":{"pronunciation":"say'-bel","unicode":"סֵבֶל","translit":"çêbel","definition":"from {{h5445}}; a load (literally or figuratively); burden, charge.","strongs_number":"h5447"},"h5448":{"pronunciation":"so'-bel","unicode":"סֹבֶל","translit":"çôbel","definition":"(only in the form סֻבָּל; from {{h5445}}; load (figuratively); burden.","strongs_number":"h5448"},"h5449":{"pronunciation":"sab-bawl'","unicode":"סַבָּל","translit":"çabbâl","definition":"from {{h5445}}; a porter; (to bear, bearer of) burden(-s).","strongs_number":"h5449"},"h5450":{"pronunciation":"seb-aw-law'","unicode":"סְבָלָה","translit":"çᵉbâlâh","definition":"from {{h5447}}; porterage; burden.","strongs_number":"h5450"},"h5451":{"pronunciation":"sib-bo'-leth","unicode":"סִבֹּלֶת","translit":"çibbôleth","definition":"for {{h7641}}; an ear of grain; Sibboleth.","strongs_number":"h5451"},"h5452":{"pronunciation":"seb-ar'","unicode":"סְבַר","translit":"çᵉbar","definition":"(Aramaic) a primitive root; to bear in mind, i.e. hope; think.","strongs_number":"h5452"},"h5453":{"pronunciation":"sib-rah'-yim","unicode":"סִבְרַיִם","translit":"Çibrayim","definition":"dual from a root corresponding to {{h5452}}; double hope; Sibrajim, a place in Syria; Sibraim.","strongs_number":"h5453"},"h5454":{"pronunciation":"sab-taw'","unicode":"סַבְתָּא","translit":"Çabtâʼ","definition":"or סַבְתָּה; probably of foreign derivation; Sabta or Sabtah, the name of a son of Cush, and the country occupied by his posterity; Sabta, Sabtah.","strongs_number":"h5454"},"h5455":{"pronunciation":"sab-tek-aw'","unicode":"סַבְתְּכָא","translit":"Çabtᵉkâʼ","definition":"probably of foreign derivation; Sabteca, the name of a son of Cush, and the region settled by him; Sabtecha, Sabtechah.","strongs_number":"h5455"},"h5456":{"pronunciation":"saw-gad'","unicode":"סָגַד","translit":"çâgad","definition":"a primitive root; to prostrate oneself (in homage); fall down.","strongs_number":"h5456"},"h5457":{"pronunciation":"seg-eed'","unicode":"סְגִד","translit":"çᵉgid","definition":"(Aramaic) corresponding to {{h5456}}; worship.","strongs_number":"h5457"},"h5458":{"pronunciation":"seg-ore'","unicode":"סְגוֹר","translit":"çᵉgôwr","definition":"from {{h5462}}; properly, shut up, i.e. the breast (as enclosing the heart); also gold (as generally shut up safely); caul, gold.","strongs_number":"h5458"},"h5459":{"pronunciation":"seg-ool-law'","unicode":"סְגֻלָּה","translit":"çᵉgullâh","definition":"feminine passive participle of an unused root meaning to shut up; wealth (as closely shut up); jewel, peculiar (treasure), proper good, special.","strongs_number":"h5459"},"h5460":{"pronunciation":"seg-an'","unicode":"סְגַן","translit":"çᵉgan","definition":"(Aramaic) corresponding to {{h5461}}; governor.","strongs_number":"h5460"},"h5461":{"pronunciation":"saw-gawn'","unicode":"סָגָן","translit":"çâgân","definition":"from an unused root meaning to superintend; a præfect of a province; prince, ruler.","strongs_number":"h5461"},"h5462":{"pronunciation":"saw-gar'","unicode":"סָגַר","translit":"çâgar","definition":"a primitive root; to shut up; figuratively, to surrender; close up, deliver (up), give over (up), inclose, × pure, repair, shut (in, self, out, up, up together), stop, × straitly.","strongs_number":"h5462"},"h5463":{"pronunciation":"seg-ar'","unicode":"סְגַר","translit":"çᵉgar","definition":"(Aramaic) corresponding to {{h5462}}; shut up.","strongs_number":"h5463"},"h5464":{"pronunciation":"sag-reed'","unicode":"סַגְרִיד","translit":"çagrîyd","definition":"probably from {{h5462}} in the sense of sweeping away; a pouring rain; very rainy.","strongs_number":"h5464"},"h5465":{"pronunciation":"sad","unicode":"סַד","translit":"çad","definition":"from an unused root meaning to stop; the stocks; stocks.","strongs_number":"h5465"},"h5466":{"pronunciation":"saw-deen'","unicode":"סָדִין","translit":"çâdîyn","definition":"from an unused root meaning to envelop; a wrapper, i.e. shirt; fine linen, sheet.","strongs_number":"h5466"},"h5467":{"pronunciation":"sed-ome'","unicode":"סְדֹם","translit":"Çᵉdôm","definition":"from an unused root meaning to scorch; burnt (i.e. volcanic or bituminous) district; Sedom, a place near the Dead Sea; Sodom.","strongs_number":"h5467"},"h5468":{"pronunciation":"seh'-der","unicode":"סֶדֶר","translit":"çeder","definition":"from an unused root meaning to arrange; order; order.","strongs_number":"h5468"},"h5469":{"pronunciation":"cah'-har","unicode":"סַהַר","translit":"çahar","definition":"from an unused root meaning to be round; roundness; round.","strongs_number":"h5469"},"h5470":{"pronunciation":"so'-har","unicode":"סֹהַר","translit":"çôhar","definition":"from the same as {{h5469}}; a dungeon (as surrounded by walls); prison.","strongs_number":"h5470"},"h5471":{"pronunciation":"so","unicode":"סוֹא","translit":"Çôwʼ","definition":"of foreign derivation; So, an Egyptian king; So.","strongs_number":"h5471"},"h5472":{"pronunciation":"soog","unicode":"סוּג","translit":"çûwg","definition":"a primitive root; properly, to flinch, i.e. (by implication) to go back, literally (to retreat) or figuratively (to apostatize); backslider, drive, go back, turn (away, back).","strongs_number":"h5472"},"h5473":{"pronunciation":"soog","unicode":"סוּג","translit":"çûwg","definition":"a primitive root (probably rather identical with {{h5472}} through the idea of shrinking from a hedge; compare {{h7735}}); to hem in, i.e. bind; set about.","strongs_number":"h5473"},"h5474":{"pronunciation":"soo-gar'","unicode":"סוּגַר","translit":"çûwgar","definition":"from {{h5462}}; an inclosure, i.e. cage (for an animal); ward.","strongs_number":"h5474"},"h5475":{"pronunciation":"sode","unicode":"סוֹד","translit":"çôwd","definition":"from {{h3245}}; a session, i.e. company of persons (in close deliberation); by implication, intimacy, consultation, a secret; assembly, consel, inward, secret (counsel).","strongs_number":"h5475"},"h5476":{"pronunciation":"so-dee'","unicode":"סוֹדִי","translit":"Çôwdîy","definition":"from {{h5475}}; a confidant; Sodi, an Israelite; Sodi.","strongs_number":"h5476"},"h5477":{"pronunciation":"soo'-akh","unicode":"סוּחַ","translit":"Çûwach","definition":"from an unused root meaning to wipe away; sweeping; Suach, an Israelite; Suah.","strongs_number":"h5477"},"h5478":{"pronunciation":"soo-khaw'","unicode":"סוּחָה","translit":"çûwchâh","definition":"from the same as {{h5477}}; something swept away, i.e. filth; torn.","strongs_number":"h5478"},"h5479":{"pronunciation":"so-tah'-ee","unicode":"סוֹטַי","translit":"Çôwṭay","definition":"from {{h7750}}; roving; Sotai, one of the Nethinim; Sotai.","strongs_number":"h5479"},"h5480":{"pronunciation":"sook","unicode":"סוּךְ","translit":"çûwk","definition":"a primitive root; properly, to smear over (with oil), i.e. anoint; anoint (self), × at all.","strongs_number":"h5480"},"h5481":{"pronunciation":"soom-po-neh-yaw'","unicode":"סוּמְפּוֹנְיָה","translit":"çûwmᵉpôwnᵉyâh","definition":"(Aramaic) or סוּמְפֹּנְיָה; (Aramaic), or סִיפֹנְיָא; (Daniel 3:10) (Aramaic), of Greek origin; a bagpipe (with a double pipe); dulcimer.","strongs_number":"h5481"},"h5482":{"pronunciation":"sev-ay-nay'","unicode":"סְוֵנֵה","translit":"Çᵉvênêh","definition":"(rather to be written סְוֵנָה; for סְוֵן; i.e to Seven); of Egyptian derivation; Seven, a place in Upper Egypt; Syene.","strongs_number":"h5482"},"h5483":{"pronunciation":"soos","unicode":"סוּס","translit":"çûwç","definition":"or סֻס; from an unused root meaning to skip (properly, for joy); a horse (as leaping); also a swallow (from its rapid flight); crane, horse (-back, -hoof). Compare {{h6571}}.","strongs_number":"h5483"},"h5484":{"pronunciation":"soo-saw'","unicode":"סוּסָה","translit":"çûwçâh","definition":"feminine of {{h5483}}; a mare; company of horses.","strongs_number":"h5484"},"h5485":{"pronunciation":"soo-see'","unicode":"סוּסִי","translit":"Çûwçîy","definition":"from {{h5483}}; horse-like; Susi, an Israelite; Susi.","strongs_number":"h5485"},"h5486":{"pronunciation":"soof","unicode":"סוּף","translit":"çûwph","definition":"a primitive root; to snatch away, i.e. terminate; consume, have an end, perish, × be utterly.","strongs_number":"h5486"},"h5487":{"pronunciation":"soof","unicode":"סוּף","translit":"çûwph","definition":"(Aramaic) corresponding to {{h5486}}; to come to an end; consume, fulfill.","strongs_number":"h5487"},"h5488":{"pronunciation":"soof","unicode":"סוּף","translit":"çûwph","definition":"probably of Egyptian origin; a reed, especially the papyrus; flag, Red (sea), weed. Compare {{h5489}}.","strongs_number":"h5488"},"h5489":{"pronunciation":"soof","unicode":"סוּף","translit":"Çûwph","definition":"for {{h5488}} (by ellipsis of {{h3220}}); the Reed (Sea); Red Sea.","strongs_number":"h5489"},"h5490":{"pronunciation":"sofe","unicode":"סוֹף","translit":"çôwph","definition":"from {{h5486}}; a termination; conclusion, end, hinder participle","strongs_number":"h5490"},"h5491":{"pronunciation":"sofe","unicode":"סוֹף","translit":"çôwph","definition":"(Aramaic) corresponding to {{h5490}}; end.","strongs_number":"h5491"},"h5492":{"pronunciation":"soo-faw'","unicode":"סוּפָה","translit":"çûwphâh","definition":"from {{h5486}}; a hurricane; Red Sea, storm, tempest, whirlwind, Red sea.","strongs_number":"h5492"},"h5493":{"pronunciation":"soor","unicode":"סוּר","translit":"çûwr","definition":"or שׂוּר; (Hosea 9:12), a primitive root; to turn off (literally or figuratively); be(-head), bring, call back, decline, depart, eschew, get (you), go (aside), × grievous, lay away (by), leave undone, be past, pluck away, put (away, down), rebel, remove (to and fro), revolt, × be sour, take (away, off), turn (aside, away, in), withdraw, be without.","strongs_number":"h5493"},"h5494":{"pronunciation":"soor","unicode":"סוּר","translit":"çûwr","definition":"probably passive participle of {{h5493}}; turned off, i.e. deteriorated; degenerate.","strongs_number":"h5494"},"h5495":{"pronunciation":"soor","unicode":"סוּר","translit":"Çûwr","definition":"the same as {{h5494}}; Sur, a gate of the temple; Sur.","strongs_number":"h5495"},"h5496":{"pronunciation":"sooth","unicode":"סוּת","translit":"çûwth","definition":"perhaps denominative from {{h7898}}; properly, to prick, i.e. (figuratively) stimulate; by implication, to seduce; entice, move, persuade, provoke, remove, set on, stir up, take away.","strongs_number":"h5496"},"h5497":{"pronunciation":"sooth","unicode":"סוּת","translit":"çûwth","definition":"probably from the same root as {{h4533}}; covering, i.e. clothing; clothes.","strongs_number":"h5497"},"h5498":{"pronunciation":"saw-khab'","unicode":"סָחַב","translit":"çâchab","definition":"a primitive root; to trail along; draw (out), tear.","strongs_number":"h5498"},"h5499":{"pronunciation":"seh-khaw-baw'","unicode":"סְחָבָה","translit":"çᵉchâbâh","definition":"from {{h5498}}; a rag; cast clout.","strongs_number":"h5499"},"h5500":{"pronunciation":"saw-khaw'","unicode":"סָחָה","translit":"çâchâh","definition":"a primitive root; to sweep away; scrape.","strongs_number":"h5500"}}