{"h5601":{"pronunciation":"sap-peer'","unicode":"סַפִּיר","translit":"çappîyr","definition":"from {{h5608}}; a gem (perhaps used for scratching other substances), probably the sapphire; sapphire.","strongs_number":"h5601"},"h5602":{"pronunciation":"say'-fel","unicode":"סֵפֶל","translit":"çêphel","definition":"from an unused root meaning to depress; a basin (as deepened out); bowl, dish.","strongs_number":"h5602"},"h5603":{"pronunciation":"saw-fan'","unicode":"סָפַן","translit":"çâphan","definition":"a primitive root; to hide by covering; specifically, to roof (passive participle as noun, a roof) or wainscot; figuratively, to reserve; cieled, cover, seated.","strongs_number":"h5603"},"h5604":{"pronunciation":"sip-poon'","unicode":"סִפֻּן","translit":"çippun","definition":"from {{h5603}}; a wainscot; ceiling.","strongs_number":"h5604"},"h5605":{"pronunciation":"saw-faf'","unicode":"סָפַף","translit":"çâphaph","definition":"a primitive root; properly, to snatch away, i.e. terminate; but used only as denominative from {{h5592}} (in the sense of a vestibule),; to wait at the threshold; be a doorkeeper.","strongs_number":"h5605"},"h5606":{"pronunciation":"saw-fak'","unicode":"סָפַק","translit":"çâphaq","definition":"or שָׂפַק; (1 Kings 20:10; Job 27:23; Isaiah 2:6), a primitive root; to clap the hands (in token of compact, derision, grief, indignation, or punishment); by implication of satisfaction, to be enough; by implication of excess, to vomit; clap, smite, strike, suffice, wallow.","strongs_number":"h5606"},"h5607":{"pronunciation":"say'-fek","unicode":"סֵפֶק","translit":"çêpheq","definition":"or שֶׂפֶק; (Job 20:22; Job 36:18), from {{h5606}}; chastisement; also satiety; stroke, sufficiency.","strongs_number":"h5607"},"h5608":{"pronunciation":"saw-far'","unicode":"סָפַר","translit":"çâphar","definition":"a primitive root; properly, to score with a mark as a tally or record, i.e. (by implication) to inscribe, and also to enumerate; intensively, to recount, i.e. celebrate; commune, (ac-) count; declare, number,   penknife, reckon, scribe, shew forth, speak, talk, tell (out), writer.","strongs_number":"h5608"},"h5609":{"pronunciation":"sef-ar'","unicode":"סְפַר","translit":"çᵉphar","definition":"(Aramaic) from a root corresponding to {{h5608}}; a book; book, roll.","strongs_number":"h5609"},"h5610":{"pronunciation":"sef-awr'","unicode":"סְפָר","translit":"çᵉphâr","definition":"from {{h5608}}; a census; numbering.","strongs_number":"h5610"},"h5611":{"pronunciation":"sef-awr'","unicode":"סְפָר","translit":"Çᵉphâr","definition":"the same as {{h5610}}; Sephar, a place in Arabia; Sephar.","strongs_number":"h5611"},"h5612":{"pronunciation":"say'-fer","unicode":"סֵפֶר","translit":"çêpher","definition":"or (feminine) סִפְרָה; (Psalm 56:8 ({{h9}})), from {{h5608}}; properly, writing (the art or a document); by implication, a book; bill, book, evidence, × learn(-ed) (-ing), letter, register, scroll.","strongs_number":"h5612"},"h5613":{"pronunciation":"saw-fare'","unicode":"סָפֵר","translit":"çâphêr","definition":"(Aramaic) from the same as {{h5609}}; a scribe (secular or sacred); scribe.","strongs_number":"h5613"},"h5614":{"pronunciation":"sef-aw-rawd'","unicode":"סְפָרָד","translit":"Çᵉphârâd","definition":"of foreign derivation; Sepharad, a region of Assyria; Sepharad.","strongs_number":"h5614"},"h5615":{"pronunciation":"sef-o-raw'","unicode":"סְפֹרָה","translit":"çᵉphôrâh","definition":"from {{h5608}}; a numeration; number.","strongs_number":"h5615"},"h5616":{"pronunciation":"sef-ar-vee'","unicode":"סְפַרְוִי","translit":"Çᵉpharvîy","definition":"patrial from {{h5617}}; a Sepharvite or inhabitant of Sepharvain; Sepharvite.","strongs_number":"h5616"},"h5617":{"pronunciation":"sef-ar-vah'-yim","unicode":"סְפַרְוַיִם","translit":"Çᵉpharvayim","definition":"(dual); or סְפָרִים; of foreign derivation; Sepharvajim or Sepharim; Sepharvaim.","strongs_number":"h5617"},"h5618":{"pronunciation":"so-feh'-reth","unicode":"סֹפֶרֶת","translit":"Çôphereth","definition":"feminine active participle of {{h5608}}; a scribe (properly, female); Sophereth, a temple servant; Sophereth.","strongs_number":"h5618"},"h5619":{"pronunciation":"saw-kal'","unicode":"סָקַל","translit":"çâqal","definition":"a primitive root; properly, to be weighty; but used only in the sense of lapidation or its contrary (as if a delapidation); (cast, gather out, throw) stone(-s), × surely.","strongs_number":"h5619"},"h5620":{"pronunciation":"sar","unicode":"סַר","translit":"çar","definition":"contracted from {{h5637}}; peevish; heavy, sad.","strongs_number":"h5620"},"h5621":{"pronunciation":"saw-rawb'","unicode":"סָרָב","translit":"çârâb","definition":"from an unused root meaning to sting; a thistle; brier.","strongs_number":"h5621"},"h5622":{"pronunciation":"sar-bal'","unicode":"סַרְבַּל","translit":"çarbal","definition":"(Aramaic) of uncertain derivation; a cloak; coat.","strongs_number":"h5622"},"h5623":{"pronunciation":"sar-gone'","unicode":"סַרְגּוֹן","translit":"Çargôwn","definition":"of foreign derivation; Sargon, an Assyrian king; Sargon.","strongs_number":"h5623"},"h5624":{"pronunciation":"seh'-red","unicode":"סֶרֶד","translit":"Çered","definition":"from a primitive root meaning to tremble; trembling; Sered, an Israelite; Sered.","strongs_number":"h5624"},"h5625":{"pronunciation":"sar-dee'","unicode":"סַרְדִּי","translit":"Çardîy","definition":"patron from {{h5624}}; a Seredite (collectively) or descendants of Sered; Sardites.","strongs_number":"h5625"},"h5626":{"pronunciation":"see-raw'","unicode":"סִרָה","translit":"Çirâh","definition":"from {{h5493}}; departure; Sirah, a cistern so-called; Sirah. See also {{h5518}}.","strongs_number":"h5626"},"h5627":{"pronunciation":"saw-raw'","unicode":"סָרָה","translit":"çârâh","definition":"from {{h5493}}; apostasy, crime; figuratively, remission; × continual, rebellion, revolt(-ed), turn away, wrong.","strongs_number":"h5627"},"h5628":{"pronunciation":"saw-rakh'","unicode":"סָרַח","translit":"çârach","definition":"a primitive root; to extend (even to excess); exceeding, hand, spread, stretch self, banish.","strongs_number":"h5628"},"h5629":{"pronunciation":"seh'-rakh","unicode":"סֶרַח","translit":"çerach","definition":"from {{h5628}}; a redundancy; remnant.","strongs_number":"h5629"},"h5630":{"pronunciation":"sir-yone'","unicode":"סִרְיֹן","translit":"çiryôn","definition":"for {{h8302}}; a coat of mail; brigandine.","strongs_number":"h5630"},"h5631":{"pronunciation":"saw-reece'","unicode":"סָרִיס","translit":"çârîyç","definition":"or סָרִס; from an unused root meaning to castrate; a eunuch; by implication, valet (especially of the female apartments), and thus, a minister of state; chamberlain, eunuch, officer. Compare {{h7249}}.","strongs_number":"h5631"},"h5632":{"pronunciation":"saw-rake'","unicode":"סָרֵךְ","translit":"çârêk","definition":"(Aramaic) of foreign origin; an emir; president.","strongs_number":"h5632"},"h5633":{"pronunciation":"seh'-ren","unicode":"סֶרֶן","translit":"çeren","definition":"from an unused root of uncertain meaning; an axle; figuratively, a peer; lord, plate.","strongs_number":"h5633"},"h5634":{"pronunciation":"sar-ap-paw'","unicode":"סַרְעַפָּה","translit":"çarʻappâh","definition":"for {{h5589}}; a twig; bough.","strongs_number":"h5634"},"h5635":{"pronunciation":"saw-raf'","unicode":"סָרַף","translit":"çâraph","definition":"a primitive root; to cremate, i.e. to be (near) of kin (such being privileged to kindle the pyre); burn.","strongs_number":"h5635"},"h5636":{"pronunciation":"sar-pawd'","unicode":"סַרְפָּד","translit":"çarpâd","definition":"from {{h5635}}; a nettle (as stinging like a burn); brier.","strongs_number":"h5636"},"h5637":{"pronunciation":"saw-rar'","unicode":"סָרַר","translit":"çârar","definition":"a primitive root; to turn away, i.e. (morally) be refractory; × away, backsliding, rebellious, revolter(-ing), slide back, stubborn, withdrew.","strongs_number":"h5637"},"h5638":{"pronunciation":"seth-awv'","unicode":"סְתָו","translit":"çᵉthâv","definition":"from an unused root meaning to hide; winter (as the dark season); winter.","strongs_number":"h5638"},"h5639":{"pronunciation":"seth-oor'","unicode":"סְתוּר","translit":"Çᵉthûwr","definition":"from {{h5641}}; hidden; Sethur, an Israelite; Sethur.","strongs_number":"h5639"},"h5640":{"pronunciation":"saw-tham'","unicode":"סָתַם","translit":"çâtham","definition":"or שָׂתַם; (Numbers 24:15), a primitive root; to stop up; by implication, to repair; figuratively, to keep secret; closed up, hidden, secret, shut out (up), stop.","strongs_number":"h5640"},"h5641":{"pronunciation":"saw-thar'","unicode":"סָתַר","translit":"çâthar","definition":"a primitive root; to hide (by covering), literally or figuratively; be absent, keep close, conceal, hide (self), (keep) secret, × surely.","strongs_number":"h5641"},"h5642":{"pronunciation":"seth-ar'","unicode":"סְתַר","translit":"çᵉthar","definition":"(Aramaic) corresponding to {{h5641}}; to conceal; figuratively, to demolish; destroy, secret thing.","strongs_number":"h5642"},"h5643":{"pronunciation":"say'-ther","unicode":"סֵתֶר","translit":"çêther","definition":"or (feminine) סִתְרָה; (Deuteronomy 32:38), from {{h5641}}; a cover (in a good or a bad, a literal or a figurative sense); backbiting, covering, covert, × disguise(-th), hiding place, privily, protection, secret(-ly, place).","strongs_number":"h5643"},"h5644":{"pronunciation":"sith-ree'","unicode":"סִתְרִי","translit":"Çithrîy","definition":"from {{h5643}}; protective; Sithri, an Israelite,; Zithri.","strongs_number":"h5644"},"h5645":{"pronunciation":"awb","unicode":"עָב","translit":"ʻâb","definition":"(masculine and feminine); from {{h5743}}; properly, an envelope, i.e. darkness (or density, 2 Chronicles 4:17); specifically, a (scud) cloud; also a copse; clay, (thick) cloud, × thick, thicket. Compare {{h5672}}.","strongs_number":"h5645"},"h5646":{"pronunciation":"awb","unicode":"עָב","translit":"ʻâb","definition":"or עֹב; from an unused root meaning to cover; properly, equivalent to {{h5645}}; but used only as an architectural term,; an architrave (as shading the pillars); thick (beam, plant).","strongs_number":"h5646"},"h5647":{"pronunciation":"aw-bad'","unicode":"עָבַד","translit":"ʻâbad","definition":"a primitive root; to work (in any sense); by implication, to serve, till, (causatively) enslave, etc.; × be, keep in bondage, be bondmen, bond-service, compel, do, dress, ear, execute,   husbandman, keep, labour(-ing man, bring to pass, (cause to, make to) serve(-ing, self), (be, become) servant(-s), do (use) service, till(-er), transgress (from margin), (set a) work, be wrought, worshipper,","strongs_number":"h5647"},"h5648":{"pronunciation":"ab-bad'","unicode":"עֲבַד","translit":"ʻăbad","definition":"(Aramaic) corresponding to {{h5647}}; to do, make, prepare, keep, etc.; × cut, do, execute, go on, make, move, work.","strongs_number":"h5648"},"h5649":{"pronunciation":"ab-bad'","unicode":"עֲבַד","translit":"ʻăbad","definition":"(Aramaic) from {{h5648}}; a servant; servant.","strongs_number":"h5649"},"h5650":{"pronunciation":"eh'-bed","unicode":"עֶבֶד","translit":"ʻebed","definition":"from {{h5647}}; a servant; × bondage, bondman, (bond-) servant, (man-) servant.","strongs_number":"h5650"},"h5651":{"pronunciation":"eh'-bed","unicode":"עֶבֶד","translit":"ʻEbed","definition":"the same as {{h5650}}; Ebed, the name of two Israelites; Ebed.","strongs_number":"h5651"},"h5652":{"pronunciation":"ab-awd'","unicode":"עֲבָד","translit":"ʻăbâd","definition":"from {{h5647}}; a deed; work.","strongs_number":"h5652"},"h5653":{"pronunciation":"ab-daw'","unicode":"עַבְדָּא","translit":"ʻAbdâʼ","definition":"from {{h5647}}; work; Abda, the name of two Israelites; Abda","strongs_number":"h5653"},"h5654":{"pronunciation":"o-bade' ed-ome'","unicode":"עֹבֵד אֱדוֹם","translit":"ʻÔbêd ʼĔdôwm","definition":"from the active participle of {{h5647}} and {{h123}}; worker of Edom; Obed-Edom, the name of five Israelites; Obed-edom.","strongs_number":"h5654"},"h5655":{"pronunciation":"ab-deh-ale'","unicode":"עַבְדְּאֵל","translit":"ʻAbdᵉʼêl","definition":"from {{h5647}} and {{h410}}; serving God; Abdeel, an Israelite; Abdeel. Compare {{h5661}}.","strongs_number":"h5655"},"h5656":{"pronunciation":"ab-o-daw'","unicode":"עֲבֹדָה","translit":"ʻăbôdâh","definition":"or עֲבוֹדָה; from {{h5647}}; work of any kind; act, bondage,   bondservant, effect, labour, ministering(-try), office, service(-ile, -itude), tillage, use, work, × wrought.","strongs_number":"h5656"},"h5657":{"pronunciation":"ab-ood-daw'","unicode":"עֲבֻדָּה","translit":"ʻăbuddâh","definition":"passive participle of {{h5647}}; something wrought, i.e. (concretely) service; household, store of servants.","strongs_number":"h5657"},"h5658":{"pronunciation":"ab-dohn'","unicode":"עַבְדוֹן","translit":"ʻAbdôwn","definition":"from {{h5647}}; servitude; Abdon, the name of a place in Palestine and of four Israelites; Abdon. Compare {{h5683}}.","strongs_number":"h5658"},"h5659":{"pronunciation":"ab-dooth'","unicode":"עַבְדוּת","translit":"ʻabdûwth","definition":"from {{h5647}}; servitude; bondage.","strongs_number":"h5659"},"h5660":{"pronunciation":"ab-dee'","unicode":"עַבְדִּי","translit":"ʻAbdîy","definition":"from {{h5647}}; serviceable; Abdi, the name of two Israelites; Abdi.","strongs_number":"h5660"},"h5661":{"pronunciation":"ab-dee-ale'","unicode":"עַבְדִיאֵל","translit":"ʻAbdîyʼêl","definition":"from {{h5650}} and {{h410}}; servant of God; Abdiel, an Israelite; Abdiel. Compare {{h5655}}.","strongs_number":"h5661"},"h5662":{"pronunciation":"o-bad-yaw'","unicode":"עֹבַדְיָה","translit":"ʻÔbadyâh","definition":"or עֹבַדְיָהוּ; active participle of {{h5647}} and {{h3050}}; serving Jah; Obadjah, the name of thirteen Israelites; Obadiah.","strongs_number":"h5662"},"h5663":{"pronunciation":"eh'-bed meh'-lek","unicode":"עֶבֶד מֶלֶךְ","translit":"ʻEbed Melek","definition":"from {{h5650}} and {{h4428}}; servant of a king; Ebed-Melek, a eunuch of Zedekeah; Ebed-melech.","strongs_number":"h5663"},"h5664":{"pronunciation":"ab-ade' neg-o'","unicode":"עֲבֵד נְגוֹ","translit":"ʻĂbêd Nᵉgôw","definition":"the same as {{h5665}}; Abed-Nego, the Babylonian name of one of Daniel's companions; Abed-nego.","strongs_number":"h5664"},"h5665":{"pronunciation":"ab-ade' neg-o'","unicode":"עֲבֵד נְגוֹא","translit":"ʻĂbêd Nᵉgôwʼ","definition":"(Aramaic) of foreign origin; Abed-Nego, the name of Azariah; Abed-nego.","strongs_number":"h5665"},"h5666":{"pronunciation":"aw-baw'","unicode":"עָבָה","translit":"ʻâbâh","definition":"a primitive root; to be dense; be (grow) thick(-er).","strongs_number":"h5666"},"h5667":{"pronunciation":"ab-ote'","unicode":"עֲבוֹט","translit":"ʻăbôwṭ","definition":"or עֲבֹט; from {{h5670}}; a pawn; pledge.","strongs_number":"h5667"},"h5668":{"pronunciation":"aw-boor'","unicode":"עָבוּר","translit":"ʻâbûwr","definition":"or עָבֻר; passive participle of {{h5674}}; properly, crossed, i.e. (abstractly) transit; used only adverbially, on account of, in order that; because of, for (...'s sake), (intent) that, to.","strongs_number":"h5668"},"h5669":{"pronunciation":"aw-boor'","unicode":"עָבוּר","translit":"ʻâbûwr","definition":"the same as {{h5668}}; passed, i.e. kept over; used only of stored grain; old corn.","strongs_number":"h5669"},"h5670":{"pronunciation":"aw-bat'","unicode":"עָבַט","translit":"ʻâbaṭ","definition":"a primitive root; to pawn; causatively, to lend (on security); figuratively, to entangle; borrow, break (ranks), fetch (a pledge), lend, × surely.","strongs_number":"h5670"},"h5671":{"pronunciation":"ab-teet'","unicode":"עַבְטִיט","translit":"ʻabṭîyṭ","definition":"from {{h5670}}; something pledged, i.e. (collectively) pawned goods; thick clay (by a false etym.).","strongs_number":"h5671"},"h5672":{"pronunciation":"ab-ee'","unicode":"עֲבִי","translit":"ʻăbîy","definition":"or עֳבִי]; from {{h5666}}; density, i.e. depth or width; thick(-ness). Compare {{h5645}}.","strongs_number":"h5672"},"h5673":{"pronunciation":"ab-ee-daw'","unicode":"עֲבִידָה","translit":"ʻăbîydâh","definition":"(Aramaic) from {{h5648}}; labor or business; affairs, service, work.","strongs_number":"h5673"},"h5674":{"pronunciation":"aw-bar'","unicode":"עָבַר","translit":"ʻâbar","definition":"a primitive root; to cross over; used very widely of any transition (literal or figurative; transitive, intransitive, intensive, causative); specifically, to cover (in copulation); alienate, alter, × at all, beyond, bring (over, through), carry over, (over-) come (on, over), conduct (over), convey over, current, deliver, do away, enter, escape, fail, gender, get over, (make) go (away, beyond, by, forth, his way, in, on, over, through), have away (more), lay, meddle, overrun, make partition, (cause to, give, make to, over) pass(-age, along, away, beyond, by, -enger, on, out, over, through), (cause to, make)   proclaim(-amation), perish, provoke to anger, put away, rage,   raiser of taxes, remove, send over, set apart,   shave, cause to (make) sound, × speedily, × sweet smelling, take (away), (make to) transgress(-or), translate, turn away, (way-) faring man, be wrath.","strongs_number":"h5674"},"h5675":{"pronunciation":"ab-ar'","unicode":"עֲבַר","translit":"ʻăbar","definition":"(Aramaic) corresponding to {{h5676}}; beyond, this side.","strongs_number":"h5675"},"h5676":{"pronunciation":"ay'-ber","unicode":"עֵבֶר","translit":"ʻêber","definition":"from {{h5674}}; properly, a region across; but used only adverbially (with or without a preposition) on the opposite side (especially of the Jordan; ususally meaning the east); × against, beyond, by, × from, over, passage, quarter, (other, this) side, straight.","strongs_number":"h5676"},"h5677":{"pronunciation":"ay'-ber","unicode":"עֵבֵר","translit":"ʻÊbêr","definition":"the same as {{h5676}}; Eber, the name of two patriarchs and four Israelites; Eber, Heber.","strongs_number":"h5677"},"h5678":{"pronunciation":"eb-raw'","unicode":"עֶבְרָה","translit":"ʻebrâh","definition":"feminine of {{h5676}}; an outburst of passion; anger, rage, wrath.","strongs_number":"h5678"},"h5679":{"pronunciation":"ab-aw-raw'","unicode":"עֲבָרָה","translit":"ʻăbârâh","definition":"from {{h5674}}; a crossing-place; ferry, plain (from the margin).","strongs_number":"h5679"},"h5680":{"pronunciation":"ib-ree'","unicode":"עִבְרִי","translit":"ʻIbrîy","definition":"patronymic from {{h5677}}; an Eberite (i.e. Hebrew) or descendant of Eber; Hebrew(-ess, woman).","strongs_number":"h5680"},"h5681":{"pronunciation":"ib-ree'","unicode":"עִבְרִי","translit":"ʻIbrîy","definition":"the same as {{h5680}}; Ibri, an Israelite; Ibri.","strongs_number":"h5681"},"h5682":{"pronunciation":"ab-aw-reem'","unicode":"עֲבָרִים","translit":"ʻĂbârîym","definition":"plural of {{h5676}}; regions beyond; Abarim, a place in Palestine; Abarim, passages.","strongs_number":"h5682"},"h5683":{"pronunciation":"eb-rone'","unicode":"עֶבְרֹן","translit":"ʻEbrôn","definition":"from {{h5676}}; transitional; Ebron, a place in Palestine; Hebron. Perhaps a clerical error for {{h5658}}.","strongs_number":"h5683"},"h5684":{"pronunciation":"eb-raw-naw'","unicode":"עֶבְרֹנָה","translit":"ʻEbrônâh","definition":"feminine of {{h5683}}; Ebronah, place in the Desert; Ebronah.","strongs_number":"h5684"},"h5685":{"pronunciation":"aw-bash'","unicode":"עָבַשׁ","translit":"ʻâbash","definition":"a primitive root; to dry up; be rotten.","strongs_number":"h5685"},"h5686":{"pronunciation":"aw-bath'","unicode":"עָבַת","translit":"ʻâbath","definition":"a primitive root; to interlace, i.e. (figuratively) to pervert; wrap up.","strongs_number":"h5686"},"h5687":{"pronunciation":"aw-both'","unicode":"עָבֹת","translit":"ʻâbôth","definition":"or עָבוֹת; from {{h5686}}; intwined, i.e. dense; thick.","strongs_number":"h5687"},"h5688":{"pronunciation":"ab-oth'","unicode":"עֲבֹת","translit":"ʻăbôth","definition":"or עֲבוֹת; or (feminine) עֲבֹתָה; the same as {{h5687}}; something intwined, i.e. a string, wreath or foliage; band, cord, rope, thick bough (branch), wreathen (chain).","strongs_number":"h5688"},"h5689":{"pronunciation":"aw-gab'","unicode":"עֲגַב","translit":"ʻăgab","definition":"a primitive root; to breathe after, i.e. to love (sensually); dote, lover.","strongs_number":"h5689"},"h5690":{"pronunciation":"eh'-gheb","unicode":"עֶגֶב","translit":"ʻegeb","definition":"from {{h5689}}; love (concretely), i.e. amative words; much love, very lovely.","strongs_number":"h5690"},"h5691":{"pronunciation":"ag-aw-baw'","unicode":"עֲגָבָה","translit":"ʻăgâbâh","definition":"from {{h5689}}; love (abstractly), i.e. amorousness; inordinate love.","strongs_number":"h5691"},"h5692":{"pronunciation":"oog-gaw'","unicode":"עֻגָּה","translit":"ʻuggâh","definition":"from {{h5746}}; an ashcake (as round); cake (upon the hearth).","strongs_number":"h5692"},"h5693":{"pronunciation":"aw-goor'","unicode":"עָגוּר","translit":"ʻâgûwr","definition":"passive part (but with active sense) of an unused root meaning to twitter; probably the swallow; swallow.","strongs_number":"h5693"},"h5694":{"pronunciation":"aw-gheel'","unicode":"עָגִיל","translit":"ʻâgîyl","definition":"from the same as {{h5696}}; something round, i.e. a ring (for the ears); earring.","strongs_number":"h5694"},"h5695":{"pronunciation":"ay-ghel","unicode":"עֵגֶל","translit":"ʻêgel","definition":"from the same as {{h5696}}; a (male) calf (as frisking round), especially one nearly grown (i.e. a steer); bullock, calf.","strongs_number":"h5695"},"h5696":{"pronunciation":"aw-gole'","unicode":"עָגֹל","translit":"ʻâgôl","definition":"or עָגוֹל; from an unused root meaning to revolve,; circular; round.","strongs_number":"h5696"},"h5697":{"pronunciation":"eg-law'","unicode":"עֶגְלָה","translit":"ʻeglâh","definition":"feminine of {{h5695}}; a (female) calf, especially one nearly grown (i.e. a heifer); calf, cow, heifer.","strongs_number":"h5697"},"h5698":{"pronunciation":"eg-law'","unicode":"עֶגְלָה","translit":"ʻEglâh","definition":"the same as {{h5697}}; Eglah, a wife of David; Eglah.","strongs_number":"h5698"},"h5699":{"pronunciation":"ag-aw-law'","unicode":"עֲגָלָה","translit":"ʻăgâlâh","definition":"from the same as {{h5696}}; something revolving, i.e. a wheeled vehicle; cart, chariot, wagon","strongs_number":"h5699"},"h5700":{"pronunciation":"eg-lawn'","unicode":"עֶגְלוֹן","translit":"ʻEglôwn","definition":"from {{h5695}}; vituline; Eglon, the name of a place in Palestine and of a Moabitish king; Eglon.","strongs_number":"h5700"}}