{"h5701":{"pronunciation":"aw-gam'","unicode":"עָגַם","translit":"ʻâgam","definition":"a primitive root; to be sad; grieve.","strongs_number":"h5701"},"h5702":{"pronunciation":"aw-gan'","unicode":"עָגַן","translit":"ʻâgan","definition":"a primitive root; to debar, i.e. from marriage; stay.","strongs_number":"h5702"},"h5703":{"pronunciation":"ad","unicode":"עַד","translit":"ʻad","definition":"from {{h5710}}; properly, a (peremptory) terminus, i.e. (by implication) duration, in the sense of advance or perpetuity (substantially as a noun, either with or without a preposition); eternity, ever(-lasting, -more), old, perpetually,   world without end.","strongs_number":"h5703"},"h5704":{"pronunciation":"ad","unicode":"עַד","translit":"ʻad","definition":"properly, the same as {{h5703}} (used as a preposition, adverb or conjunction; especially with a preposition); as far (or long, or much) as, whether of space (even unto) or time (during, while, until) or degree (equally with); against, and, as, at, before, by (that), even (to), for(-asmuch as), (hither-) to,   how long, into, as long (much) as, (so) that, till, toward, until, when, while, (  as) yet.","strongs_number":"h5704"},"h5705":{"pronunciation":"ad","unicode":"עַד","translit":"ʻad","definition":"(Aramaic) corresponding to {{h5704}}; × and, at, for, (hither-) to, on till, (un-) to, until, within.","strongs_number":"h5705"},"h5706":{"pronunciation":"ad","unicode":"עַד","translit":"ʻad","definition":"the same as {{h5703}} in the sense of the aim of an attack; booty; prey.","strongs_number":"h5706"},"h5707":{"pronunciation":"ayd","unicode":"עֵד","translit":"ʻêd","definition":"contracted from {{h5749}}; concretely, a witness; abstractly, testimony; specifically, a recorder, i.e. prince; witness.","strongs_number":"h5707"},"h5708":{"pronunciation":"ayd","unicode":"עֵד","translit":"ʻêd","definition":"from an unused root meaning to set a period (compare {{h5710}}, {{h5749}}); the menstrual flux (as periodical); by implication (in plural) soiling; filthy.","strongs_number":"h5708"},"h5709":{"pronunciation":"ad-aw'","unicode":"עֲדָא","translit":"ʻădâʼ","definition":"(Aramaic) or עֲדָה; (Aramaic), corresponding to {{h5710}}; alter, depart, pass (away), remove, take (away).","strongs_number":"h5709"},"h5710":{"pronunciation":"aw-daw'","unicode":"עָדָה","translit":"ʻâdâh","definition":"a primitive root; to advance, i.e. pass on or continue; causatively, to remove; specifically, to bedeck (i.e. bring an ornament upon); adorn, deck (self), pass by, take away.","strongs_number":"h5710"},"h5711":{"pronunciation":"aw-daw'","unicode":"עָדָה","translit":"ʻÂdâh","definition":"from {{h5710}}; ornament; Adah, the name of two women; Adah.","strongs_number":"h5711"},"h5712":{"pronunciation":"ay-daw'","unicode":"עֵדָה","translit":"ʻêdâh","definition":"feminine of {{h5707}} in the original sense of fixture; a stated assemblage (specifically, a concourse, or generally, a family or crowd); assembly, company, congregation, multitude, people, swarm. Compare {{h5713}}.","strongs_number":"h5712"},"h5713":{"pronunciation":"ay-daw'","unicode":"עֵדָה","translit":"ʻêdâh","definition":"feminine of {{h5707}} in its techn. sense; testimony; testimony, witness. Compare {{h5712}}.","strongs_number":"h5713"},"h5714":{"pronunciation":"id-do'","unicode":"עִדּוֹ","translit":"ʻIddôw","definition":"or עִדּוֹא; or עִדִּיא; from {{h5710}}; timely; Iddo (or Iddi), the name of five Israelites; Iddo. Compare {{h3035}}, {{h3260}}.","strongs_number":"h5714"},"h5715":{"pronunciation":"ay-dooth'","unicode":"עֵדוּת","translit":"ʻêdûwth","definition":"feminine of {{h5707}}; testimony; testimony, witness.","strongs_number":"h5715"},"h5716":{"pronunciation":"ad-ee'","unicode":"עֲדִי","translit":"ʻădîy","definition":"from {{h5710}} in the sense of trappings; finery; generally an outfit; specifically, a headstall; × excellent, mouth, ornament.","strongs_number":"h5716"},"h5717":{"pronunciation":"ad-ee-ale'","unicode":"עֲדִיאֵל","translit":"ʻĂdîyʼêl","definition":"from {{h5716}} and {{h410}}; ornament of God; Adiel, the name of three Israelites; Adiel.","strongs_number":"h5717"},"h5718":{"pronunciation":"ad-aw-yaw'","unicode":"עֲדָיָה","translit":"ʻĂdâyâh","definition":"or עֲדָיָהוּ; from {{h5710}} and {{h3050}}; Jah has adorned; Adajah, the name of eight Israelites; Adaiah.","strongs_number":"h5718"},"h5719":{"pronunciation":"aw-deen'","unicode":"עָדִין","translit":"ʻâdîyn","definition":"from {{h5727}}; voluptuous; given to pleasures.","strongs_number":"h5719"},"h5720":{"pronunciation":"aw-deen'","unicode":"עָדִין","translit":"ʻÂdîyn","definition":"the same as {{h5719}}; Adin, the name of two Israelites; Adin.","strongs_number":"h5720"},"h5721":{"pronunciation":"ad-ee-naw'","unicode":"עֲדִינָא","translit":"ʻĂdîynâʼ","definition":"from {{h5719}}; effeminacy; Adina, an Israelite; Adina.","strongs_number":"h5721"},"h5722":{"pronunciation":"ad-ee-no'","unicode":"עֲדִינוֹ","translit":"ʻădîynôw","definition":"probably from {{h5719}} in the original sense of slender (i.e. a spear); his spear; Adino.","strongs_number":"h5722"},"h5723":{"pronunciation":"ad-ee-thah'-yim","unicode":"עֲדִיתַיִם","translit":"ʻĂdîythayim","definition":"dual of a feminine of {{h5706}}; double prey; Adithajim, a place in Palestine; Adithaim.","strongs_number":"h5723"},"h5724":{"pronunciation":"ad-lah'-ee","unicode":"עַדְלַי","translit":"ʻAdlay","definition":"probably from an unused root of uncertain meaning; Adlai, an Israelite; Adlai.","strongs_number":"h5724"},"h5725":{"pronunciation":"ad-ool-lawm'","unicode":"עֲדֻלָּם","translit":"ʻĂdullâm","definition":"probably from the passive participle of the same as {{h5724}}; Adullam, a place in Palestine; Adullam.","strongs_number":"h5725"},"h5726":{"pronunciation":"ad-ool-law-mee'","unicode":"עֲדֻלָּמִי","translit":"ʻĂdullâmîy","definition":"patrial from {{h5725}}; an Adullamite or native of Adullam; Adullamite.","strongs_number":"h5726"},"h5727":{"pronunciation":"aw-dan'","unicode":"עָדַן","translit":"ʻâdan","definition":"a primitive root; to be soft or pleasant; figuratively and reflexively, to live voluptuously; delight self.","strongs_number":"h5727"},"h5728":{"pronunciation":"ad-en'","unicode":"עֲדֶן","translit":"ʻăden","definition":"or עֲדֶנָּה; from {{h5704}} and {{h2004}}; till now; yet.","strongs_number":"h5728"},"h5729":{"pronunciation":"eh'-den","unicode":"עֶדֶן","translit":"ʻEden","definition":"from {{h5727}}; pleasure; Eden, a place in Mesopotamia; Eden.","strongs_number":"h5729"},"h5730":{"pronunciation":"ay'-den","unicode":"עֵדֶן","translit":"ʻêden","definition":"or (feminine) עֶדְנָה; from {{h5727}}; pleasure; delicate, delight, pleasure. See also {{h1040}}.","strongs_number":"h5730"},"h5731":{"pronunciation":"ay'-den","unicode":"עֵדֶן","translit":"ʻÊden","definition":"the same as {{h5730}} (masculine); Eden, the region of Adam's home; Eden.","strongs_number":"h5731"},"h5732":{"pronunciation":"id-dawn'","unicode":"עִדָּן","translit":"ʻiddân","definition":"(Aramaic) from a root corresponding to that of {{h5708}}; a set time; technically, a year; time.","strongs_number":"h5732"},"h5733":{"pronunciation":"ad-naw'","unicode":"עַדְנָא","translit":"ʻAdnâʼ","definition":"from {{h5727}}; pleasure; Adna, the name of two Israelites; Adna.","strongs_number":"h5733"},"h5734":{"pronunciation":"ad-naw'","unicode":"עַדְנָה","translit":"ʻAdnâh","definition":"from {{h5727}}; pleasure; Adnah, the name of two Israelites; Adnah.","strongs_number":"h5734"},"h5735":{"pronunciation":"ad-aw-daw'","unicode":"עֲדְעָדָה","translit":"ʻĂdʻâdâh","definition":"from {{h5712}}; festival; Adadah, a place in Palestine; Adadah.","strongs_number":"h5735"},"h5736":{"pronunciation":"aw-daf'","unicode":"עֲדַף","translit":"ʻădaph","definition":"a primitive root; to be (causatively have) redundant; be more, odd number, be (have) over (and above), overplus, remain.","strongs_number":"h5736"},"h5737":{"pronunciation":"aw-dar'","unicode":"עֲדַר","translit":"ʻădar","definition":"a primitive root; to arrange, as a battle, a vineyard (to hoe); hence, to muster and so to miss (or find wanting); dig, fail, keep (rank), lack.","strongs_number":"h5737"},"h5738":{"pronunciation":"eh'-der","unicode":"עֶדֶר","translit":"ʻEder","definition":"from {{h5737}}; an arrangement (i.e. drove); Eder, an Israelite; Ader.","strongs_number":"h5738"},"h5739":{"pronunciation":"ay'-der","unicode":"עֵדֶר","translit":"ʻêder","definition":"from {{h5737}}; an arrangement, i.e. muster (of animals); drove, flock, herd.","strongs_number":"h5739"},"h5740":{"pronunciation":"ay'-der","unicode":"עֵדֶר","translit":"ʻÊder","definition":"the same as {{h5739}}; Eder, the name of an Israelite and of two places in Palestine; Edar, Eder.","strongs_number":"h5740"},"h5741":{"pronunciation":"ad-ree-ale'","unicode":"עַדְרִיאֵל","translit":"ʻAdrîyʼêl","definition":"from {{h5739}} and {{h410}}; flock of God; Adriel, an Israelite; Adriel.","strongs_number":"h5741"},"h5742":{"pronunciation":"aw-dawsh'","unicode":"עָדָשׁ","translit":"ʻâdâsh","definition":"from an unused root of uncertain meaning; a lentil; lentile.","strongs_number":"h5742"},"h5743":{"pronunciation":"oob","unicode":"עוּב","translit":"ʻûwb","definition":"a primitive root; to be dense or dark, i.e. to becloud; cover with a cloud.","strongs_number":"h5743"},"h5744":{"pronunciation":"o-bade'","unicode":"עוֹבֵד","translit":"ʻÔwbêd","definition":"active participle of {{h5647}}; serving; Obed, the name of five Israelites; Obed.","strongs_number":"h5744"},"h5745":{"pronunciation":"o-bawl'","unicode":"עוֹבָל","translit":"ʻÔwbâl","definition":"of foreign derivation; Obal, a son of Joktan; Obal.","strongs_number":"h5745"},"h5746":{"pronunciation":"oog","unicode":"עוּג","translit":"ʻûwg","definition":"a primitive root; properly, to gyrate; but used only as a denominative from {{h5692}},; to bake (round cakes on the hearth); bake.","strongs_number":"h5746"},"h5747":{"pronunciation":"ogue","unicode":"עוֹג","translit":"ʻÔwg","definition":"probably from {{h5746}}; round; Og, a king of Bashan; Og.","strongs_number":"h5747"},"h5748":{"pronunciation":"oo-gawb'","unicode":"עוּגָב","translit":"ʻûwgâb","definition":"or עֻגָּב; from {{h5689}} in the original sense of breathing; a reed-instrument of music; organ.","strongs_number":"h5748"},"h5749":{"pronunciation":"ood","unicode":"עוּד","translit":"ʻûwd","definition":"a primitive root; to duplicate or repeat; by implication, to protest, testify (as by reiteration); intensively, to encompass, restore (as a sort of reduplication); admonish, charge, earnestly, lift up, protest, call (take) to record, relieve, rob, solemnly, stand upright, testify, give warning, (bear, call to, give, take to) witness.","strongs_number":"h5749"},"h5750":{"pronunciation":"ode","unicode":"עוֹד","translit":"ʻôwd","definition":"or עֹד; from {{h5749}}; properly, iteration or continuance; used only adverbially (with or without preposition), again, repeatedly, still, more; again, × all life long, at all, besides, but, else, further(-more), henceforth, (any) longer, (any) more(-over), × once, since, (be) still, when, (good, the) while (having being), (as, because, whether, while) yet (within).","strongs_number":"h5750"},"h5751":{"pronunciation":"ode","unicode":"עוֹד","translit":"ʻôwd","definition":"(Aramaic) corresponding to {{h5750}}; while.","strongs_number":"h5751"},"h5752":{"pronunciation":"o-dade'","unicode":"עוֹדֵד","translit":"ʻÔwdêd","definition":"or עֹדֵד; from {{h5749}}; reiteration; Oded, the name of two Israelites; Oded.","strongs_number":"h5752"},"h5753":{"pronunciation":"aw-vaw'","unicode":"עָוָה","translit":"ʻâvâh","definition":"a primitive root; to crook, literally or figuratively; do amiss, bow down, make crooked, commit iniquity, pervert, (do) perverse(-ly), trouble, × turn, do wickedly, do wrong.","strongs_number":"h5753"},"h5754":{"pronunciation":"av-vaw'","unicode":"עַוָּה","translit":"ʻavvâh","definition":"intensive from {{h5753}} abbreviated; overthrow; × overturn.","strongs_number":"h5754"},"h5755":{"pronunciation":"iv-vaw'","unicode":"עִוָּה","translit":"ʻIvvâh","definition":"or עַוָּא; (2 Kings 17:24), for {{h5754}}; Ivvah or Avva, a region of Assyria; Ava, Ivah.","strongs_number":"h5755"},"h5756":{"pronunciation":"ooz","unicode":"עוּז","translit":"ʻûwz","definition":"a primitive root; to be strong; causatively, to strengthen, i.e. (figuratively) to save (by flight); gather (self, self to flee), retire.","strongs_number":"h5756"},"h5757":{"pronunciation":"av-vee'","unicode":"עַוִּי","translit":"ʻAvvîy","definition":"patrial from {{h5755}}; an Avvite or native of Avvah (only plural); Avims, Avites.","strongs_number":"h5757"},"h5758":{"pronunciation":"iv-yaw'","unicode":"עִוְיָא","translit":"ʻivyâʼ","definition":"(Aramaic) from a root corresponding to {{h5753}}; perverseness; iniquity.","strongs_number":"h5758"},"h5759":{"pronunciation":"av-eel'","unicode":"עֲוִיל","translit":"ʻăvîyl","definition":"from {{h5764}}; a babe; young child, little one.","strongs_number":"h5759"},"h5760":{"pronunciation":"av-eel'","unicode":"עֲוִיל","translit":"ʻăvîyl","definition":"from {{h5765}}; perverse (morally); ungodly.","strongs_number":"h5760"},"h5761":{"pronunciation":"av-veem'","unicode":"עַוִּים","translit":"ʻAvvîym","definition":"plural of {{h5757}}; Avvim (as inhabited by Avvites), a place in Palestine (with the article prefix); Avim.","strongs_number":"h5761"},"h5762":{"pronunciation":"av-veeth'","unicode":"עֲוִית","translit":"ʻĂvîyth","definition":"or perhaps (עַיּוֹת (as if plural of {{h5857}}) (עַיוּת; from {{h5753}}; ruin; Avvith (or Avvoth), a place in Palestine; Avith.","strongs_number":"h5762"},"h5763":{"pronunciation":"ool","unicode":"עוּל","translit":"ʻûwl","definition":"a primitive root; to suckle, i.e. give milk; milch, (ewe great) with young.","strongs_number":"h5763"},"h5764":{"pronunciation":"ool","unicode":"עוּל","translit":"ʻûwl","definition":"from {{h5763}}; a babe; sucking child, infant.","strongs_number":"h5764"},"h5765":{"pronunciation":"aw-val'","unicode":"עֲוַל","translit":"ʻăval","definition":"a primitive root; to distort (morally); deal unjustly, unrighteous.","strongs_number":"h5765"},"h5766":{"pronunciation":"eh'-vel","unicode":"עֶוֶל","translit":"ʻevel","definition":"or עָוֶל; and (feminine) עַוְלָה; or עוֹלָה; or עֹלָה; from {{h5765}}; (moral) evil; iniquity, perverseness, unjust(-ly), unrighteousness(-ly); wicked(-ness).","strongs_number":"h5766"},"h5767":{"pronunciation":"av-vawl'","unicode":"עַוָּל","translit":"ʻavvâl","definition":"intensive from {{h5765}}; evil (morally); unjust, unrighteous, wicked.","strongs_number":"h5767"},"h5768":{"pronunciation":"o-lale'","unicode":"עוֹלֵל","translit":"ʻôwlêl","definition":"or עֹלָל; from {{h5763}}; a suckling; babe, (young) child, infant, little one.","strongs_number":"h5768"},"h5769":{"pronunciation":"o-lawm'","unicode":"עוֹלָם","translit":"ʻôwlâm","definition":"or עֹלָם; from {{h5956}}; properly, concealed, i.e. the vanishing point; generally, time out of mind (past or future), i.e. (practically) eternity; frequentatively, adverbial (especially with prepositional prefix) always; alway(-s), ancient (time), any more, continuance, eternal, (for, (n-)) ever(-lasting, -more, of old), lasting, long (time), (of) old (time), perpetual, at any time, (beginning of the) world (  without end). Compare {{h5331}}, {{h5703}}.","strongs_number":"h5769"},"h5770":{"pronunciation":"aw-van'","unicode":"עָוַן","translit":"ʻâvan","definition":"denominative from {{h5869}}; to watch (with jealosy); eye.","strongs_number":"h5770"},"h5771":{"pronunciation":"aw-vone'","unicode":"עָוֺן","translit":"ʻâvôn","definition":"or עָווֹן; (2 Kings 7:9; Psalm 51:5 [7]), from {{h5753}}; perversity, i.e. (moral) evil; fault, iniquity, mischeif, punishment (of iniquity), sin.","strongs_number":"h5771"},"h5772":{"pronunciation":"o-naw'","unicode":"עוֹנָה","translit":"ʻôwnâh","definition":"from an unused root apparently meaning to dwell together; (sexual) cohabitation; duty of marriage.","strongs_number":"h5772"},"h5773":{"pronunciation":"av-eh'","unicode":"עַוְעֶה","translit":"ʻavʻeh","definition":"from {{h5753}}; perversity; × perverse.","strongs_number":"h5773"},"h5774":{"pronunciation":"oof","unicode":"עוּף","translit":"ʻûwph","definition":"a primitive root; to cover (with wings or obscurity); hence (as denominative from {{h5775}}); to fly; also (by implication of dimness) to faint (from the darkness of swooning); brandish, be (wax) faint, flee away, fly (away), × set, shine forth, weary.","strongs_number":"h5774"},"h5775":{"pronunciation":"ofe","unicode":"עוֹף","translit":"ʻôwph","definition":"from {{h5774}}; a bird (as covered with feathers, or rather as covering with wings), often collectively; bird, that flieth, flying, fowl.","strongs_number":"h5775"},"h5776":{"pronunciation":"ofe","unicode":"עוֹף","translit":"ʻôwph","definition":"(Aramaic) corresponding to {{h5775}}; fowl.","strongs_number":"h5776"},"h5777":{"pronunciation":"o-feh'-reth","unicode":"עוֹפֶרֶת","translit":"ʻôwphereth","definition":"or עֹפֶרֶת; feminine participle active of {{h6080}}; lead (from its dusty color); lead.","strongs_number":"h5777"},"h5778":{"pronunciation":"o-fah'-ee","unicode":"עוֹפַי","translit":"ʻÔwphay","definition":"from {{h5775}}; birdlike; Ephai, an Israelite; Ephai (from margin).","strongs_number":"h5778"},"h5779":{"pronunciation":"oots","unicode":"עוּץ","translit":"ʻûwts","definition":"a primitive root; to consult; take advice ((counsel) together).","strongs_number":"h5779"},"h5780":{"pronunciation":"oots","unicode":"עוּץ","translit":"ʻÛwts","definition":"apparently from {{h5779}}; consultation; Uts, a son of Aram, also a Seirite, and the regions settled by them.; Uz.","strongs_number":"h5780"},"h5781":{"pronunciation":"ook","unicode":"עוּק","translit":"ʻûwq","definition":"a primitive root; to pack; be pressed.","strongs_number":"h5781"},"h5782":{"pronunciation":"oor","unicode":"עוּר","translit":"ʻûwr","definition":"a primitive root (rather identical with through the idea of opening the eyes); to wake (literally or figuratively); (a-) wake(-n, up), lift up (self), × master, raise (up), stir up (self).","strongs_number":"h5782"},"h5783":{"pronunciation":"oor","unicode":"עוּר","translit":"ʻûwr","definition":"a primitive root; to (be) bare; be made naked.","strongs_number":"h5783"},"h5784":{"pronunciation":"oor","unicode":"עוּר","translit":"ʻûwr","definition":"(Aramaic); chaff (as the naked husk); chaff.","strongs_number":"h5784"},"h5785":{"pronunciation":"ore","unicode":"עוֹר","translit":"ʻôwr","definition":"from {{h5783}}; skin (as naked); by implication, hide, leather; hide, leather, skin.","strongs_number":"h5785"},"h5786":{"pronunciation":"aw-var'","unicode":"עָוַר","translit":"ʻâvar","definition":"a primitive root (rather denominatively from {{h5785}} through the idea of a film over the eyes); to blind; blind, put out. See also {{h5895}}.","strongs_number":"h5786"},"h5787":{"pronunciation":"iv-vare'","unicode":"עִוֵּר","translit":"ʻivvêr","definition":"intensive from {{h5786}}; blind (literally or figuratively); blind (men, people).","strongs_number":"h5787"},"h5788":{"pronunciation":"iv-vaw-rone'","unicode":"עִוָּרוֹן","translit":"ʻivvârôwn","definition":"and (feminine) עַוֶּרֶת; from {{h5787}}; blindness; blind(-ness).","strongs_number":"h5788"},"h5789":{"pronunciation":"oosh","unicode":"עוּשׁ","translit":"ʻûwsh","definition":"a primitive root; to hasten; assemble self.","strongs_number":"h5789"},"h5790":{"pronunciation":"ooth","unicode":"עוּת","translit":"ʻûwth","definition":"for {{h5789}}; to hasten, i.e. succor; speak in season.","strongs_number":"h5790"},"h5791":{"pronunciation":"aw-vath'","unicode":"עָוַת","translit":"ʻâvath","definition":"a primitive root; to wrest; bow self, (make) crooked., falsifying, overthrow, deal perversely, pervert, subvert, turn upside down.","strongs_number":"h5791"},"h5792":{"pronunciation":"av-vaw-thaw'","unicode":"עַוָּתָה","translit":"ʻavvâthâh","definition":"from {{h5791}}; oppression; wrong.","strongs_number":"h5792"},"h5793":{"pronunciation":"oo-thah'-ee","unicode":"עוּתַי","translit":"ʻÛwthay","definition":"from {{h5790}}; succoring; Uthai, the name of two Israelites; Uthai.","strongs_number":"h5793"},"h5794":{"pronunciation":"az","unicode":"עַז","translit":"ʻaz","definition":"from {{h5810}}; strong, vehement, harsh; fierce,   greedy, mighty, power, roughly, strong.","strongs_number":"h5794"},"h5795":{"pronunciation":"aze","unicode":"עֵז","translit":"ʻêz","definition":"from {{h5810}}; a she-goat (as strong), but masculine in plural (which also is used elliptically for goat's hair); (she) goat, kid.","strongs_number":"h5795"},"h5796":{"pronunciation":"aze","unicode":"עֵז","translit":"ʻêz","definition":"(Aramaic) corresponding to {{h5795}}; goat.","strongs_number":"h5796"},"h5797":{"pronunciation":"oze","unicode":"עֹז","translit":"ʻôz","definition":"or (fully) עוֹז; from {{h5810}}; strength in various applications (force, security, majesty, praise); boldness, loud, might, power, strength, strong.","strongs_number":"h5797"},"h5798":{"pronunciation":"ooz-zaw'","unicode":"עֻזָּא","translit":"ʻUzzâʼ","definition":"or עֻזָּה; feminine of {{h5797}}; strength; Uzza or Uzzah, the name of five Israelites; Uzza, Uzzah.","strongs_number":"h5798"},"h5799":{"pronunciation":"az-aw-zale'","unicode":"עֲזָאזֵל","translit":"ʻăzâʼzêl","definition":"from {{h5795}} and {{h235}}; goat of departure; the scapegoat; scapegoat.","strongs_number":"h5799"},"h5800":{"pronunciation":"aw-zab'","unicode":"עָזַב","translit":"ʻâzab","definition":"a primitive root; to loosen, i.e. relinquish, permit, etc.; commit self, fail, forsake, fortify, help, leave (destitute, off), refuse, × surely.","strongs_number":"h5800"}}