{"h5901":{"pronunciation":"ee-ree'","unicode":"עִירִי","translit":"ʻÎyrîy","definition":"from {{h5892}}; urbane; Iri, an Israelite; Iri.","strongs_number":"h5901"},"h5902":{"pronunciation":"ee-rawm'","unicode":"עִירָם","translit":"ʻÎyrâm","definition":"from {{h5892}}; city-wise; Iram, an Idumaean; Iram.","strongs_number":"h5902"},"h5903":{"pronunciation":"ay-rome'","unicode":"עֵירֹם","translit":"ʻêyrôm","definition":"or עֵרֹם; from {{h6191}}; nudity; naked(-ness).","strongs_number":"h5903"},"h5904":{"pronunciation":"eer naw-khawsh'","unicode":"עִיר נָחָשׁ","translit":"ʻÎyr Nâchâsh","definition":"from {{h5892}} and {{h5175}}; city of a serpent; Ir-Nachash, a place in Palestine; Irnahash.","strongs_number":"h5904"},"h5905":{"pronunciation":"eer sheh'-mesh","unicode":"עִיר שֶׁמֶשׁ","translit":"ʻÎyr Shemesh","definition":"from {{h5892}} and {{h8121}}; city of the sun; Ir-Shemesh, a place in Palestine; Irshemesh.","strongs_number":"h5905"},"h5906":{"pronunciation":"ah'-yish","unicode":"עַיִשׁ","translit":"ʻAyish","definition":"or עָשׁ; from {{h5789}}; the constellation of the Great Bear (perhaps from its migration through the heavens); Arcturus.","strongs_number":"h5906"},"h5907":{"pronunciation":"ak-bore'","unicode":"עַכְבּוֹר","translit":"ʻAkbôwr","definition":"probably for {{h5909}}; Akbor, the name of an Idumaean and of two Israelites; Achbor.","strongs_number":"h5907"},"h5908":{"pronunciation":"ak-kaw-beesh'","unicode":"עַכָּבִישׁ","translit":"ʻakkâbîysh","definition":"probably from an unused root in the literal sense of entangling; a spider (as weaving a network); spider.","strongs_number":"h5908"},"h5909":{"pronunciation":"ak-bawr'","unicode":"עַכְבָּר","translit":"ʻakbâr","definition":"probably from the same as {{h5908}} in the secondary sense of attacking; a mouse (as nibbling); mouse.","strongs_number":"h5909"},"h5910":{"pronunciation":"ak-ko'","unicode":"עַכּוֹ","translit":"ʻAkkôw","definition":"apparently from an unused root meaning to hem in; Akko (from its situation on a bay); Accho.","strongs_number":"h5910"},"h5911":{"pronunciation":"aw-kore'","unicode":"עָכוֹר","translit":"ʻÂkôwr","definition":"from {{h5916}}; troubled; Akor, the name of a place in Palestine; Achor.","strongs_number":"h5911"},"h5912":{"pronunciation":"aw-kawn'","unicode":"עָכָן","translit":"ʻÂkân","definition":"from an unused root meaning to trouble; troublesome; Akan, an Israelite; Achan. Compare {{h5917}}.","strongs_number":"h5912"},"h5913":{"pronunciation":"aw-kas'","unicode":"עָכַס","translit":"ʻâkaç","definition":"a primitive root; properly, to tie, specifically, with fetters; but used only as denominative from {{h5914}}; to put on anklets; make a tinkling ornament.","strongs_number":"h5913"},"h5914":{"pronunciation":"eh'-kes","unicode":"עֶכֶס","translit":"ʻekeç","definition":"from {{h5913}}; a fetter; hence, an anklet; stocks, tinkling ornament.","strongs_number":"h5914"},"h5915":{"pronunciation":"ak-saw'","unicode":"עַכְסָה","translit":"ʻAkçâh","definition":"feminine of {{h5914}}; anklet; Aksah, an Israelitess; Achsah.","strongs_number":"h5915"},"h5916":{"pronunciation":"aw-kar'","unicode":"עָכַר","translit":"ʻâkar","definition":"a primitive root; properly, to roil water; figuratively, to disturb or affict; trouble, stir.","strongs_number":"h5916"},"h5917":{"pronunciation":"aw-kawr'","unicode":"עָכָר","translit":"ʻÂkâr","definition":"from {{h5916}}; troublesome; Akar, an Israelite; Achar. Compare {{h5912}}.","strongs_number":"h5917"},"h5918":{"pronunciation":"ok-rawn'","unicode":"עׇכְרָן","translit":"ʻOkrân","definition":"from {{h5916}}; muddler; Okran, an Israelite; Ocran.","strongs_number":"h5918"},"h5919":{"pronunciation":"ak-shoob'","unicode":"עַכְשׁוּב","translit":"ʻakshûwb","definition":"probably from an unused root meaning to coil; an asp (from lurking coiled up); adder.","strongs_number":"h5919"},"h5920":{"pronunciation":"al","unicode":"עַל","translit":"ʻal","definition":"from {{h5927}}; properly, the top; specifically, the Highest (i.e. God); also (adverb) aloft, to Jehovah; above, high, most High.","strongs_number":"h5920"},"h5921":{"pronunciation":"al","unicode":"עַל","translit":"ʻal","definition":"properly, the same as {{h5920}} used as a preposition (in the singular or plural often with prefix, or as conjunction with a particle following); above, over, upon, or against (yet always in this last relation with a downward aspect) in a great variety of applications; above, according to(-ly), after, (as) against, among, and, × as, at, because of, beside (the rest of), between, beyond the time, × both and, by (reason of), × had the charge of, concerning for, in (that), (forth, out) of, (from) (off), (up-) on, over, than, through(-out), to, touching, × with.","strongs_number":"h5921"},"h5922":{"pronunciation":"al","unicode":"עַל","translit":"ʻal","definition":"(Aramaic) corresponding to {{h5921}}; about, against, concerning, for, (there-) fore, from, in, × more, of, (there-, up-) on, (in-) to,   why with.","strongs_number":"h5922"},"h5923":{"pronunciation":"ole","unicode":"עֹל","translit":"ʻôl","definition":"or עוֹל; from {{h5953}}; a yoke (as imposed on the neck), literally or figuratively; yoke.","strongs_number":"h5923"},"h5924":{"pronunciation":"ale-law'","unicode":"עֵלָּא","translit":"ʻêllâʼ","definition":"(Aramaic) from {{h5922}}; above; over.","strongs_number":"h5924"},"h5925":{"pronunciation":"ool-law'","unicode":"עֻלָּא","translit":"ʻUllâʼ","definition":"feminine of {{h5923}}; burden; Ulla, an Israelite; Ulla.","strongs_number":"h5925"},"h5926":{"pronunciation":"il-layg'","unicode":"עִלֵּג","translit":"ʻillêg","definition":"from an unused root meaning to stutter; stuttering; stammerer.","strongs_number":"h5926"},"h5927":{"pronunciation":"aw-law'","unicode":"עָלָה","translit":"ʻâlâh","definition":"a primitive root; to ascend, intransitively (be high) or actively (mount); used in a great variety of senses, primary and secondary, literal and figurative; arise (up), (cause to) ascend up, at once, break (the day) (up), bring (up), (cause to) burn, carry up, cast up,   shew, climb (up), (cause to, make to) come (up), cut off, dawn, depart, exalt, excel, fall, fetch up, get up, (make to) go (away, up); grow (over) increase, lay, leap, levy, lift (self) up, light, (make) up, × mention, mount up, offer, make to pay,   perfect, prefer, put (on), raise, recover, restore, (make to) rise (up), scale, set (up), shoot forth (up), (begin to) spring (up), stir up, take away (up), work.","strongs_number":"h5927"},"h5928":{"pronunciation":"al-law'","unicode":"עֲלָה","translit":"ʻălâh","definition":"(Aramaic) corresponding to {{h5930}}; a holocaust; burnt offering.","strongs_number":"h5928"},"h5929":{"pronunciation":"aw-leh'","unicode":"עָלֶה","translit":"ʻâleh","definition":"from {{h5927}}; a leaf (as coming up on a tree); collectively, foliage; branch, leaf.","strongs_number":"h5929"},"h5930":{"pronunciation":"o-law'","unicode":"עֹלָה","translit":"ʻôlâh","definition":"or עוֹלָה; feminine active participle of {{h5927}}; a step or (collectively, stairs, as ascending); usually a holocaust (as going up in smoke); ascent, burnt offering (sacrifice), go up to. See also {{h5766}}.","strongs_number":"h5930"},"h5931":{"pronunciation":"il-law'","unicode":"עִלָּה","translit":"ʻillâh","definition":"(Aramaic) feminine from a root corresponding to {{h5927}}; a pretext (as arising artificially); occasion.","strongs_number":"h5931"},"h5932":{"pronunciation":"al-vaw'","unicode":"עַלְוָה","translit":"ʻalvâh","definition":"for {{h5766}}; moral perverseness; iniquity.","strongs_number":"h5932"},"h5933":{"pronunciation":"al-vaw'","unicode":"עַלְוָה","translit":"ʻAlvâh","definition":"or עַליָה; the same as {{h5932}}; Alvah or Aljah, an Idumaean; Aliah, Alvah.","strongs_number":"h5933"},"h5934":{"pronunciation":"aw-loom'","unicode":"עָלוּם","translit":"ʻâlûwm","definition":"passive participle of {{h5956}} in the denominative sense of {{h5958}}; (only in plural as abstract) adolescence; figuratively, vigor; youth.","strongs_number":"h5934"},"h5935":{"pronunciation":"al-vawn'","unicode":"עַלְוָן","translit":"ʻAlvân","definition":"or עַלְיָן; from {{h5927}}; lofty; Alvan or Aljan, an Idumaean; Alian, Alvan.","strongs_number":"h5935"},"h5936":{"pronunciation":"al-oo-kaw'","unicode":"עֲלוּקָה","translit":"ʻălûwqâh","definition":"feminine passive participle of an unused root meaning to suck; the leech; horse-leech.","strongs_number":"h5936"},"h5937":{"pronunciation":"aw-laz'","unicode":"עָלַז","translit":"ʻâlaz","definition":"a primitive root; to jump for joy, i.e. exult; be joyful, rejoice, triumph.","strongs_number":"h5937"},"h5938":{"pronunciation":"aw-laze'","unicode":"עָלֵז","translit":"ʻâlêz","definition":"from {{h5937}}; exultant; that rejoiceth.","strongs_number":"h5938"},"h5939":{"pronunciation":"al-aw-taw'","unicode":"עֲלָטָה","translit":"ʻălâṭâh","definition":"feminine from an unused root meaning to cover; dusk; dark, twilight.","strongs_number":"h5939"},"h5940":{"pronunciation":"el-ee'","unicode":"עֱלִי","translit":"ʻĕlîy","definition":"from {{h5927}}; a pestle (as lifted); pestle.","strongs_number":"h5940"},"h5941":{"pronunciation":"ay-lee'","unicode":"עֵלִי","translit":"ʻÊlîy","definition":"from {{h5927}}; lofty; Eli, an Israelite highpriest; Eli.","strongs_number":"h5941"},"h5942":{"pronunciation":"il-lee'","unicode":"עִלִּי","translit":"ʻillîy","definition":"from {{h5927}}; high; i.e. comparative; upper.","strongs_number":"h5942"},"h5943":{"pronunciation":"il-lah'-ee","unicode":"עִלַּי","translit":"ʻillay","definition":"(Aramaic) corresponding to {{h5942}}; supreme (i.e. God); (most) high.","strongs_number":"h5943"},"h5944":{"pronunciation":"al-ee-yaw'","unicode":"עֲלִיָּה","translit":"ʻălîyâh","definition":"feminine from {{h5927}}; something lofty, i.e. a stair-way; also a second-story room (or even one on the roof); figuratively, the sky; ascent, (upper) chamber, going up, loft, parlour.","strongs_number":"h5944"},"h5945":{"pronunciation":"el-yone'","unicode":"עֶלְיוֹן","translit":"ʻelyôwn","definition":"from {{h5927}}; an elevation, i.e. (adj.) lofty (compar.); as title, the Supreme; (Most, on) high(-er, -est), upper(-most).","strongs_number":"h5945"},"h5946":{"pronunciation":"el-yone'","unicode":"עֶלְיוֹן","translit":"ʻelyôwn","definition":"(Aramaic) corresponding to {{h5945}}; the Supreme; Most high.","strongs_number":"h5946"},"h5947":{"pronunciation":"al-leez'","unicode":"עַלִּיז","translit":"ʻallîyz","definition":"from {{h5937}}; exultant; joyous, (that) rejoice(-ing)","strongs_number":"h5947"},"h5948":{"pronunciation":"al-eel'","unicode":"עֲלִיל","translit":"ʻălîyl","definition":"from {{h5953}} in the sense of completing; probably a crucible (as working over the metal); furnace.","strongs_number":"h5948"},"h5949":{"pronunciation":"al-ee-law'","unicode":"עֲלִילָה","translit":"ʻălîylâh","definition":"or עֲלִלָה; from {{h5953}} in the sense of effecting; an exploit (of God), or a performance (of man, often in a bad sense); by implication, an opportunity; act(-ion), deed, doing, invention, occasion, work.","strongs_number":"h5949"},"h5950":{"pronunciation":"al-ee-lee-yaw'","unicode":"עֲלִילִיָּה","translit":"ʻălîylîyâh","definition":"for {{h5949}}; (miraculous) execution; work.","strongs_number":"h5950"},"h5951":{"pronunciation":"al-ee-tsooth'","unicode":"עֲלִיצוּת","translit":"ʻălîytsûwth","definition":"from {{h5970}}; exultation; rejoicing.","strongs_number":"h5951"},"h5952":{"pronunciation":"al-leeth'","unicode":"עַלִּית","translit":"ʻallîyth","definition":"from {{h5927}}; a second-story room; chamber. Compare {{h5944}}.","strongs_number":"h5952"},"h5953":{"pronunciation":"aw-lal'","unicode":"עָלַל","translit":"ʻâlal","definition":"a primitive root; to effect thoroughly; specifically, to glean (also figuratively); by implication (in a bad sense) to overdo, i.e. maltreat, be saucy to, pain, impose (also literal); abuse, affect, × child, defile, do, glean, mock, practise, thoroughly, work (wonderfully).","strongs_number":"h5953"},"h5954":{"pronunciation":"al-al'","unicode":"עֲלַל","translit":"ʻălal","definition":"(Aramaic) corresponding to {{h5953}} (in the sense of thrusting oneself in),; to enter; causatively, to introduce; bring in, come in, go in.","strongs_number":"h5954"},"h5955":{"pronunciation":"o-lay-law'","unicode":"עֹלֵלָה","translit":"ʻôlêlâh","definition":"feminine active participle of {{h5953}}; only in plural gleanings; by extension gleaning-time; (gleaning) (of the) grapes, grapegleanings.","strongs_number":"h5955"},"h5956":{"pronunciation":"aw-lam'","unicode":"עָלַם","translit":"ʻâlam","definition":"a primitive root; to veil from sight, i.e. conceal (literally or figuratively); × any ways, blind, dissembler, hide (self), secret (thing).","strongs_number":"h5956"},"h5957":{"pronunciation":"aw-lam'","unicode":"עָלַם","translit":"ʻâlam","definition":"(Aramaic) corresponding to {{h5769}}; remote time, i.e. the future or past indefinitely; often adverb, forever; for (n-)ever (lasting), old.","strongs_number":"h5957"},"h5958":{"pronunciation":"eh'-lem","unicode":"עֶלֶם","translit":"ʻelem","definition":"from {{h5956}}; (compare {{h5959}}); properly, something kept out of sight, i.e. a lad; young man, stripling.","strongs_number":"h5958"},"h5959":{"pronunciation":"al-maw'","unicode":"עַלְמָה","translit":"ʻalmâh","definition":"feminine of {{h5958}}; a lass (as veiled or private); damsel, maid, virgin.","strongs_number":"h5959"},"h5960":{"pronunciation":"al-mone'","unicode":"עַלְמוֹן","translit":"ʻAlmôwn","definition":"from {{h5956}}; hidden; See also {{h5963}}.; Almon, a place in Palestine","strongs_number":"h5960"},"h5961":{"pronunciation":"al-aw-moth'","unicode":"עֲלָמוֹת","translit":"ʻĂlâmôwth","definition":"plural of {{h5959}}; properly, girls, i.e. the soprano or female voice, perhaps falsetto; Alamoth.","strongs_number":"h5961"},"h5962":{"pronunciation":"al-mee'","unicode":"עַלְמִי","translit":"ʻAlmîy","definition":"(Aramaic) patrial from a name corresponding to {{h5867}} contracted; an Elamite or inhabitant of Elam; Elamite.","strongs_number":"h5962"},"h5963":{"pronunciation":"al-mone' dib-lawthaw'-yem-aw","unicode":"עַלְמֹן דִּבְלָתָיְמָה","translit":"ʻAlmôn Diblâthâyᵉmâh","definition":"from the same as {{h5960}} and the dual of {{h1960}} (compare {{h1015}}) with enclitic of direction; Almon towards Diblathajim; Almon-Diblathajemah, a place in Moab; Almondilathaim.","strongs_number":"h5963"},"h5964":{"pronunciation":"aw-leh'-meth","unicode":"עָלֶמֶת","translit":"ʻÂlemeth","definition":"from {{h5956}}; a covering; Alemeth, the name of a place in Palestine and of two Israelites; Alameth, Alemeth.","strongs_number":"h5964"},"h5965":{"pronunciation":"aw-las'","unicode":"עָלַס","translit":"ʻâlaç","definition":"a primitive root; to leap for joy, i.e. exult, wave joyously; × peacock, rejoice, solace self.","strongs_number":"h5965"},"h5966":{"pronunciation":"aw-lah'","unicode":"עָלַע","translit":"ʻâlaʻ","definition":"a primitive root; to sip up; suck up.","strongs_number":"h5966"},"h5967":{"pronunciation":"al-ah'","unicode":"עֲלַע","translit":"ʻălaʻ","definition":"(Aramaic) corresponding to {{h6763}}; a rib; rib.","strongs_number":"h5967"},"h5968":{"pronunciation":"aw-laf'","unicode":"עָלַף","translit":"ʻâlaph","definition":"a primitive root; to veil or cover; figuratively, to be languid; faint, overlaid, wrap self.","strongs_number":"h5968"},"h5969":{"pronunciation":"ool-peh'","unicode":"עֻלְפֶּה","translit":"ʻulpeh","definition":"from {{h5968}}; an envelope, i.e. (figuratively) mourning; fainted.","strongs_number":"h5969"},"h5970":{"pronunciation":"aw-lats'","unicode":"עָלַץ","translit":"ʻâlats","definition":"a primitive root; to jump for joy, i.e. exult; be joyful, rejoice, triumph.","strongs_number":"h5970"},"h5971":{"pronunciation":"am","unicode":"עַם","translit":"ʻam","definition":"from {{h6004}}; a people (as a congregated unit); specifically, a tribe (as those of Israel); hence (collectively) troops or attendants; figuratively, a flock; folk, men, nation, people.","strongs_number":"h5971"},"h5972":{"pronunciation":"am","unicode":"עַם","translit":"ʻam","definition":"(Aramaic) corresponding to {{h5971}}; people.","strongs_number":"h5972"},"h5973":{"pronunciation":"eem","unicode":"עִם","translit":"ʻim","definition":"from {{h6004}}; adverb or preposition, with (i.e. in conjunction with), in varied applications; specifically, equally with; often with prepositional prefix (and then usually unrepresented in English); accompanying, against, and, as (× long as), before, beside, by (reason of), for all, from (among, between), in, like, more than, of, (un-) to, with(-al).","strongs_number":"h5973"},"h5974":{"pronunciation":"eem","unicode":"עִם","translit":"ʻim","definition":"(Aramaic) corresponding to {{h5973}}; by, from, like, to(-ward), with.","strongs_number":"h5974"},"h5975":{"pronunciation":"aw-mad'","unicode":"עָמַד","translit":"ʻâmad","definition":"a primitive root; to stand, in various relations (literal and figurative, intransitive and transitive); abide (behind), appoint, arise, cease, confirm, continue, dwell, be employed, endure, establish, leave, make, ordain, be (over), place, (be) present (self), raise up, remain, repair,   serve, set (forth, over, -tle, up), (make to, make to be at a, with-) stand (by, fast, firm, still, up), (be at a) stay (up), tarry.","strongs_number":"h5975"},"h5976":{"pronunciation":"aw-mad'","unicode":"עָמַד","translit":"ʻâmad","definition":"for {{h4571}}; to shake; be at a stand.","strongs_number":"h5976"},"h5977":{"pronunciation":"o'-med","unicode":"עֹמֶד","translit":"ʻômed","definition":"from {{h5975}}; a spot (as being fixed); place, (  where) stood, upright.","strongs_number":"h5977"},"h5978":{"pronunciation":"im-mawd'","unicode":"עִמָּד","translit":"ʻimmâd","definition":"prolonged for {{h5973}}; along with; against, by, from, + me, + mine, of, + that I take, unto, upon, with(-in.)","strongs_number":"h5978"},"h5979":{"pronunciation":"em-daw'","unicode":"עֶמְדָּה","translit":"ʻemdâh","definition":"from {{h5975}}; a station, i.e. domicile; standing.","strongs_number":"h5979"},"h5980":{"pronunciation":"oom-maw'","unicode":"עֻמָּה","translit":"ʻummâh","definition":"from {{h6004}}; conjunction, i.e. society; mostly adverb or preposition (with prepositional prefix), near, beside, along with; (over) against, at, beside, hard by, in points.","strongs_number":"h5980"},"h5981":{"pronunciation":"oom-maw'","unicode":"עֻמָּה","translit":"ʻUmmâh","definition":"the same as {{h5980}}; association; Ummah, a place in Palestine; Ummah.","strongs_number":"h5981"},"h5982":{"pronunciation":"am-mood'","unicode":"עַמּוּד","translit":"ʻammûwd","definition":"or עַמֻּד; from {{h5975}}; a column (as standing); also a stand, i.e. platform; × apiece, pillar.","strongs_number":"h5982"},"h5983":{"pronunciation":"am-mone'","unicode":"עַמּוֹן","translit":"ʻAmmôwn","definition":"from {{h5971}}; tribal, i.e. inbred; Ammon, a son of Lot; also his posterity and their country; Ammon, Ammonites.","strongs_number":"h5983"},"h5984":{"pronunciation":"am-mo-nee'","unicode":"עַמּוֹנִי","translit":"ʻAmmôwnîy","definition":"patronymically from {{h5983}}; an Ammonite or (the adjective) Ammonitish; Ammonite(-s).","strongs_number":"h5984"},"h5985":{"pronunciation":"am-mo-neeth'","unicode":"עַמּוֹנִית","translit":"ʻAmmôwnîyth","definition":"feminine of {{h5984}}; an Ammonitess; Ammonite(-ss).","strongs_number":"h5985"},"h5986":{"pronunciation":"aw-moce'","unicode":"עָמוֹס","translit":"ʻÂmôwç","definition":"from {{h6006}}; burdensome; Amos, an Israelite prophet; Amos.","strongs_number":"h5986"},"h5987":{"pronunciation":"aw-moke'","unicode":"עָמוֹק","translit":"ʻÂmôwq","definition":"from {{h6009}}; deep; Amok, an Israelite; Amok.","strongs_number":"h5987"},"h5988":{"pronunciation":"am-mee-ale'","unicode":"עַמִּיאֵל","translit":"ʻAmmîyʼêl","definition":"from {{h5971}} and {{h410}}; people of God; Ammiel, the name of three or four Israelites; Ammiel.","strongs_number":"h5988"},"h5989":{"pronunciation":"am-mee-hood'","unicode":"עַמִּיהוּד","translit":"ʻAmmîyhûwd","definition":"from {{h5971}} and {{h1935}}; people of splendor; Ammihud, the name of three Israelites; Ammihud.","strongs_number":"h5989"},"h5990":{"pronunciation":"am-mee-zaw-bawd'","unicode":"עַמִּיזָבָד","translit":"ʻAmmîyzâbâd","definition":"from {{h5971}} and {{h2064}}; people of endowment; Ammizabad, an Israelite; Ammizabad.","strongs_number":"h5990"},"h5991":{"pronunciation":"am-mee-khoor'","unicode":"עַמִּיחוּר","translit":"ʻAmmîychûwr","definition":"from {{h5971}} and {{h2353}}; people of nobility; Ammichur, a Syrian prince; Ammihud (from the margin).","strongs_number":"h5991"},"h5992":{"pronunciation":"am-mee-naw-dawb'","unicode":"עַמִּינָדָב","translit":"ʻAmmîynâdâb","definition":"from {{h5971}} and {{h5068}}; people of liberality; Amminadab, the name of four Israelites; Amminadab.","strongs_number":"h5992"},"h5993":{"pronunciation":"am-mee' naw-deeb'","unicode":"עַמִּי נָדִיב","translit":"ʻAmmîy Nâdîyb","definition":"from {{h5971}} and {{h5081}}; my people (is) liberal; Ammi-Nadib, probably an Israelite; Amminadib.","strongs_number":"h5993"},"h5994":{"pronunciation":"am-eek'","unicode":"עֲמִיק","translit":"ʻămîyq","definition":"(Aramaic) corresponding to {{h6012}}; profound, i.e. unsearchable; deep.","strongs_number":"h5994"},"h5995":{"pronunciation":"aw-meer'","unicode":"עָמִיר","translit":"ʻâmîyr","definition":"from {{h6014}}; a bunch of grain; handful, sheaf.","strongs_number":"h5995"},"h5996":{"pronunciation":"am-mee-shad-dah'ee","unicode":"עַמִּישַׁדַּי","translit":"ʻAmmîyshadday","definition":"from {{h5971}} and {{h7706}}; people of (the) Almighty; Ammishaddai, an Israelite; Ammishaddai.","strongs_number":"h5996"},"h5997":{"pronunciation":"aw-meeth'","unicode":"עָמִית","translit":"ʻâmîyth","definition":"from a primitive root meaning to associate; companionship; hence (concretely) a comrade or kindred man; another, fellow, neighbour.","strongs_number":"h5997"},"h5998":{"pronunciation":"aw-mal'","unicode":"עָמַל","translit":"ʻâmal","definition":"a primitive root; to toil, i.e. work severely and with irksomeness; (take) labour (in).","strongs_number":"h5998"},"h5999":{"pronunciation":"aw-mawl'","unicode":"עָמָל","translit":"ʻâmâl","definition":"from {{h5998}}; toil, i.e. wearing effort; hence, worry, whether of body or mind; grievance(-vousness), iniquity, labour, mischief, miserable(-sery), pain(-ful), perverseness, sorrow, toil, travail, trouble, wearisome, wickedness.","strongs_number":"h5999"},"h6000":{"pronunciation":"aw-mawl'","unicode":"עָמָל","translit":"ʻÂmâl","definition":"the same as {{h5999}}; Amal, an Israelite; Amal.","strongs_number":"h6000"}}