{"h6101":{"pronunciation":"aw-tsal'","unicode":"עָצַל","translit":"ʻâtsal","definition":"a primitive root; to lean idly, i.e. to be indolent or slack; be slothful.","strongs_number":"h6101"},"h6102":{"pronunciation":"aw-tsale'","unicode":"עָצֵל","translit":"ʻâtsêl","definition":"from {{h6101}}; indolent; slothful, sluggard.","strongs_number":"h6102"},"h6103":{"pronunciation":"ats-law'","unicode":"עַצְלָה","translit":"ʻatslâh","definition":"feminine of {{h6102}}; (as abstractly) indolence; slothfulness.","strongs_number":"h6103"},"h6104":{"pronunciation":"ats-looth'","unicode":"עַצְלוּת","translit":"ʻatslûwth","definition":"from {{h6101}}; indolence; idleness.","strongs_number":"h6104"},"h6105":{"pronunciation":"aw-tsam'","unicode":"עָצַם","translit":"ʻâtsam","definition":"a primitive root; also denominatively (from {{h6106}}); to bind fast, i.e. close (the eyes); intransitively, to be (causatively, make) powerful or numerous; to crunch the bones; break the bones, close, be great, be increased, be (wax) mighty(-ier), be more, shut, be(-come, make) strong(-er).","strongs_number":"h6105"},"h6106":{"pronunciation":"eh'tsem","unicode":"עֶצֶם","translit":"ʻetsem","definition":"from {{h6105}}; a bone (as strong); by extension, the body; figuratively, the substance, i.e. (as pron.) selfsame; body, bone, × life, (self-) same, strength, × very.","strongs_number":"h6106"},"h6107":{"pronunciation":"eh'-tsem","unicode":"עֶצֶם","translit":"ʻEtsem","definition":"the same as {{h6106}}; bone; Etsem, a place in Palestine; Azem, Ezem.","strongs_number":"h6107"},"h6108":{"pronunciation":"o'-tsem","unicode":"עֹצֶם","translit":"ʻôtsem","definition":"from {{h6105}}; power; hence, body; might, strong, substance.","strongs_number":"h6108"},"h6109":{"pronunciation":"ots-maw'","unicode":"עׇצְמָה","translit":"ʻotsmâh","definition":"feminine of {{h6108}}; powerfulness; by extension, numerousness; abundance, strength.","strongs_number":"h6109"},"h6110":{"pronunciation":"ats-tsoo-maw'","unicode":"עַצֻּמָה","translit":"ʻatstsumâh","definition":"feminine of {{h6099}}; a bulwark, i.e. (figuratively) argument; strong.","strongs_number":"h6110"},"h6111":{"pronunciation":"ats-mone'","unicode":"עַצְמוֹן","translit":"ʻAtsmôwn","definition":"or עַצְמֹן; from {{h6107}}; bone-like; Atsmon, a place near Palestine; Azmon.","strongs_number":"h6111"},"h6112":{"pronunciation":"ay'-tsen","unicode":"עֵצֶן","translit":"ʻêtsen","definition":"from an unused root meaning to be sharp or strong; a spear; Eznite (from the margin).","strongs_number":"h6112"},"h6113":{"pronunciation":"aw-tsar'","unicode":"עָצָר","translit":"ʻâtsâr","definition":"a primitive root; to inclose; by analogy, to hold back; also to maintain, rule, assemble; × be able, close up, detain, fast, keep (self close, still), prevail, recover, refrain, × reign, restrain, retain, shut (up), slack, stay, stop, withhold (self).","strongs_number":"h6113"},"h6114":{"pronunciation":"eh'-tser","unicode":"עֶצֶר","translit":"ʻetser","definition":"from {{h6113}}; restraint; magistrate.","strongs_number":"h6114"},"h6115":{"pronunciation":"o'-tser","unicode":"עֹצֶר","translit":"ʻôtser","definition":"from {{h6113}}; closure; also constraint; × barren, oppression, × prison.","strongs_number":"h6115"},"h6116":{"pronunciation":"ats-aw-raw'","unicode":"עֲצָרָה","translit":"ʻătsârâh","definition":"or עֲצֶרֶת; from {{h6113}}; an assembly, especially on a festival or holiday; (solemn) assembly (meeting).","strongs_number":"h6116"},"h6117":{"pronunciation":"aw-kab'","unicode":"עָקַב","translit":"ʻâqab","definition":"a primitive root; properly, to swell out or up; used only as denominative from {{h6119}},; to seize by the heel; figuratively, to circumvent (as if tripping up the heels); also to restrain (as if holding by the heel); take by the heel, stay, supplant, × utterly.","strongs_number":"h6117"},"h6118":{"pronunciation":"ay'-keb","unicode":"עֵקֶב","translit":"ʻêqeb","definition":"from {{h6117}} in the sense of {{h6119}}; a heel, i.e. (figuratively) the last of anything (used adverbially, for ever); also result, i.e. compensation; and so (adverb with preposition or relatively) on account of; × because, by, end, for, if, reward.","strongs_number":"h6118"},"h6119":{"pronunciation":"aw-kabe'","unicode":"עָקֵב","translit":"ʻâqêb","definition":"or (feminine) עִקְּבָה; from {{h6117}}; a heel (as protuberant); hence, a track; figuratively, the rear (of an army); heel, (horse-) hoof, last, lier in wait (by mistake for {{h6120}}), (foot-) step.","strongs_number":"h6119"},"h6120":{"pronunciation":"aw-kabe'","unicode":"עָקֵב","translit":"ʻâqêb","definition":"from {{h6117}} in its denominative sense; a lier in wait; heel (by mistake for {{h6119}}).","strongs_number":"h6120"},"h6121":{"pronunciation":"aw-kobe'","unicode":"עָקֹב","translit":"ʻâqôb","definition":"from {{h6117}}; in the original sense, a knoll (as swelling up); in the denominative sense; (transitive) fraudulent or (intransitive) tracked; crooked, deceitful, polluted.","strongs_number":"h6121"},"h6122":{"pronunciation":"ok-baw'","unicode":"עׇקְבָה","translit":"ʻoqbâh","definition":"feminine of an unused form from {{h6117}} meaning a trick; trickery; subtilty.","strongs_number":"h6122"},"h6123":{"pronunciation":"aw-kad'","unicode":"עָקַד","translit":"ʻâqad","definition":"a primitive root; to tie with thongs; bind.","strongs_number":"h6123"},"h6124":{"pronunciation":"aw-kode'","unicode":"עָקֹד","translit":"ʻâqôd","definition":"from {{h6123}}; striped (with bands); ring straked.","strongs_number":"h6124"},"h6125":{"pronunciation":"aw-kaw'","unicode":"עָקָה","translit":"ʻâqâh","definition":"from {{h5781}}; constraint; oppression.","strongs_number":"h6125"},"h6126":{"pronunciation":"ak-koob'","unicode":"עַקּוּב","translit":"ʻAqqûwb","definition":"from {{h6117}}; insidious; Akkub, the name of five Israelites; Akkub.","strongs_number":"h6126"},"h6127":{"pronunciation":"aw-kal'","unicode":"עָקַל","translit":"ʻâqal","definition":"a primitive root; to wrest; wrong.","strongs_number":"h6127"},"h6128":{"pronunciation":"ak-al-kal'","unicode":"עֲקַלְקַל","translit":"ʻăqalqal","definition":"from {{h6127}}; winding; by(-way), crooked way.","strongs_number":"h6128"},"h6129":{"pronunciation":"ak-al-law-thone'","unicode":"עֲקַלָּתוֹן","translit":"ʻăqallâthôwn","definition":"from {{h6127}}; tortuous; crooked.","strongs_number":"h6129"},"h6130":{"pronunciation":"aw-kawn'","unicode":"עָקָן","translit":"ʻÂqân","definition":"from an unused root meaning to twist; tortuous; Akan, an Idummaean; Akan. Compare {{h3292}}.","strongs_number":"h6130"},"h6131":{"pronunciation":"aw-kar'","unicode":"עָקַר","translit":"ʻâqar","definition":"a primitive root; to pluck up (especially by the roots); specifically, to hamstring; figuratively, to exterminate; dig down, hough, pluck up, root up.","strongs_number":"h6131"},"h6132":{"pronunciation":"ak-ar'","unicode":"עֲקַר","translit":"ʻăqar","definition":"(Aramaic) corresponding to {{h6131}}; pluck up by the roots.","strongs_number":"h6132"},"h6133":{"pronunciation":"ay'-ker","unicode":"עֵקֶר","translit":"ʻêqer","definition":"from {{h6131}}; figuratively, a transplanted person, i.e. naturalized citizen; stock.","strongs_number":"h6133"},"h6134":{"pronunciation":"ay'-ker","unicode":"עֵקֶר","translit":"ʻÊqer","definition":"the same as {{h6133}}; Eker, an Israelite; Eker.","strongs_number":"h6134"},"h6135":{"pronunciation":"aw-kawr'","unicode":"עָקָר","translit":"ʻâqâr","definition":"from {{h6131}}; sterile (as if extirpated in the generative organs); (× male or female) barren (woman).","strongs_number":"h6135"},"h6136":{"pronunciation":"ik-kar'","unicode":"עִקַּר","translit":"ʻiqqar","definition":"(Aramaic) from {{h6132}}; a stock; stump.","strongs_number":"h6136"},"h6137":{"pronunciation":"ak-rawb'","unicode":"עַקְרָב","translit":"ʻaqrâb","definition":"of uncertain derivation; a scorpion; figuratively, a scourge or knotted whip; scorpion.","strongs_number":"h6137"},"h6138":{"pronunciation":"ek-rone'","unicode":"עֶקְרוֹן","translit":"ʻEqrôwn","definition":"from {{h6131}}; eradication; Ekron, a place in Palestine; Ekron.","strongs_number":"h6138"},"h6139":{"pronunciation":"ek-ro-nee'","unicode":"עֶקְרוֹנִי","translit":"ʻEqrôwnîy","definition":"or עֶקְרֹנִי; patrial from {{h6138}}; an Ekronite or inhabitant of Ekron; Ekronite.","strongs_number":"h6139"},"h6140":{"pronunciation":"aw-kash'","unicode":"עָקַשׁ","translit":"ʻâqash","definition":"a primitive root; to knot or distort; figuratively, to pervert (act or declare perverse); make crooked, (prove, that is) perverse(-rt).","strongs_number":"h6140"},"h6141":{"pronunciation":"ik-kashe'","unicode":"עִקֵּשׁ","translit":"ʻiqqêsh","definition":"from {{h6140}}; distorted; hence, false; crooked, froward, perverse.","strongs_number":"h6141"},"h6142":{"pronunciation":"ik-kashe'","unicode":"עִקֵּשׁ","translit":"ʻIqqêsh","definition":"the same as {{h6141}}; perverse; Ikkesh, an Israelite; Ikkesh.","strongs_number":"h6142"},"h6143":{"pronunciation":"ik-kesh-ooth'","unicode":"עִקְּשׁוּת","translit":"ʻiqqᵉshûwth","definition":"from {{h6141}}; perversity; × froward.","strongs_number":"h6143"},"h6144":{"pronunciation":"awr","unicode":"עָר","translit":"ʻÂr","definition":"the same as {{h5892}}; a city; Ar, a place in Moab; Ar.","strongs_number":"h6144"},"h6145":{"pronunciation":"awr","unicode":"עָר","translit":"ʻâr","definition":"from {{h5782}}; a foe (as watchful for mischief); enemy.","strongs_number":"h6145"},"h6146":{"pronunciation":"awr","unicode":"עָר","translit":"ʻâr","definition":"(Aramaic) corresponding to {{h6145}}; enemy.","strongs_number":"h6146"},"h6147":{"pronunciation":"ayr","unicode":"עֵר","translit":"ʻÊr","definition":"from {{h5782}}; watchful; Er, the name of two Israelites; Er.","strongs_number":"h6147"},"h6148":{"pronunciation":"aw-rab'","unicode":"עָרַב","translit":"ʻârab","definition":"a primitive root; to braid, i.e. intermix; technically, to traffic (as if by barter); also or give to be security (as a kind of exchange); engage, (inter-) meddle (with), mingle (self), mortgage, occupy, give pledges, be(-come, put in) surety, undertake.","strongs_number":"h6148"},"h6149":{"pronunciation":"aw-rabe'","unicode":"עָרֵב","translit":"ʻârêb","definition":"a primitive root (rather identical with {{h6148}} through the idea of close association); to be agreeable; be pleasant(-ing), take pleasure in, be sweet.","strongs_number":"h6149"},"h6150":{"pronunciation":"aw-rab'","unicode":"עָרַב","translit":"ʻârab","definition":"a primitive root (rather identical with {{h6148}} through the idea of covering with a texture); to grow dusky at sundown; be darkened, (toward) evening.","strongs_number":"h6150"},"h6151":{"pronunciation":"ar-ab'","unicode":"עֲרַב","translit":"ʻărab","definition":"(Aramaic) corresponding to {{h6148}}; to commingle; mingle (self), mix.","strongs_number":"h6151"},"h6152":{"pronunciation":"ar-awb'","unicode":"עֲרָב","translit":"ʻĂrâb","definition":"or עֲרַב; from {{h6150}} in the figurative sense of sterility; Arab (i.e. Arabia), a country East of Palestine; Arabia.","strongs_number":"h6152"},"h6153":{"pronunciation":"eh'-reb","unicode":"עֶרֶב","translit":"ʻereb","definition":"from {{h6150}}; dusk; day, even(-ing, tide), night.","strongs_number":"h6153"},"h6154":{"pronunciation":"ay'-reb","unicode":"עֵרֶב","translit":"ʻêreb","definition":"or עֶרֶב; (1 Kings 10:15), (with the article prefix), from {{h6148}}; the web (or transverse threads of cloth); also a mixture, (or mongrel race); Arabia, mingled people, mixed (multitude), woof.","strongs_number":"h6154"},"h6155":{"pronunciation":"aw-rawb'","unicode":"עָרָב","translit":"ʻârâb","definition":"from {{h6148}}; a willow (from the use of osiers as wattles); willow.","strongs_number":"h6155"},"h6156":{"pronunciation":"aw-rabe'","unicode":"עָרֵב","translit":"ʻârêb","definition":"from {{h6149}}; pleasant; sweet.","strongs_number":"h6156"},"h6157":{"pronunciation":"aw-robe'","unicode":"עָרֹב","translit":"ʻârôb","definition":"from {{h6148}}; a mosquito (from its swarming); divers sorts of flies, swarm.","strongs_number":"h6157"},"h6158":{"pronunciation":"o-rabe'","unicode":"עֹרֵב","translit":"ʻôrêb","definition":"or עוֹרֵב; from {{h6150}}; a raven (from its dusky hue); raven.","strongs_number":"h6158"},"h6159":{"pronunciation":"o-rabe'","unicode":"עֹרֵב","translit":"ʻÔrêb","definition":"or עוֹרֵב; the same as {{h6158}}; Oreb, the name of a Midianite and of the cliff near the Jordan; Oreb.","strongs_number":"h6159"},"h6160":{"pronunciation":"ar-aw-baw'","unicode":"עֲרָבָה","translit":"ʻărâbâh","definition":"from {{h6150}} (in the sense of sterility); a desert; especially (with the article prefix) the (generally) sterile valley of the Jordan and its continuation to the Red Sea; Arabah, champaign, desert, evening, heaven, plain, wilderness. See also {{h1026}}.","strongs_number":"h6160"},"h6161":{"pronunciation":"ar-oob-baw'","unicode":"עֲרֻבָּה","translit":"ʻărubbâh","definition":"feminine passive participle of {{h6048}} in the sense of a bargain or exchange; something given as security, i.e. (literally) a token (of safety) or (metaphorically) a bondsman; pledge, surety.","strongs_number":"h6161"},"h6162":{"pronunciation":"ar-aw-bone'","unicode":"עֲרָבוֹן","translit":"ʻărâbôwn","definition":"from {{h6148}} (in the sense of exchange); a pawn (given as security); pledge.","strongs_number":"h6162"},"h6163":{"pronunciation":"ar-aw-bee'","unicode":"עֲרָבִי","translit":"ʻĂrâbîy","definition":"or עַרְבִי; patrial from {{h6152}}; an Arabian or inhabitant of Arab (i.e. Arabia); Arabian.","strongs_number":"h6163"},"h6164":{"pronunciation":"ar-baw-thee'","unicode":"עַרְבָתִי","translit":"ʻArbâthîy","definition":"patrial from {{h1026}}; an Arbathite or inhabitant of (Beth-) Arabah; Arbahite.","strongs_number":"h6164"},"h6165":{"pronunciation":"aw-rag'","unicode":"עָרַג","translit":"ʻârag","definition":"a primitive root; to long for; cry, pant.","strongs_number":"h6165"},"h6166":{"pronunciation":"ar-awd'","unicode":"עֲרָד","translit":"ʻĂrâd","definition":"from an unused root meaning to sequester itself; fugitive; Arad, the name of a place near Palestine, also of a Canaanite and an Israelite; Arad.","strongs_number":"h6166"},"h6167":{"pronunciation":"ar-awd'","unicode":"עֲרָד","translit":"ʻărâd","definition":"(Aramaic) corresponding to {{h6171}}; an onager; wild ass.","strongs_number":"h6167"},"h6168":{"pronunciation":"aw-raw'","unicode":"עָרָה","translit":"ʻârâh","definition":"a primitive root; to be (causatively, make) bare; hence, to empty, pour out, demolish; leave destitute, discover, empty, make naked, pour (out), rase, spread self, uncover.","strongs_number":"h6168"},"h6169":{"pronunciation":"aw-raw'","unicode":"עָרָה","translit":"ʻârâh","definition":"feminine from {{h6168}}; a naked (i.e. level) plot; paper reed.","strongs_number":"h6169"},"h6170":{"pronunciation":"ar-oo-gaw'","unicode":"עֲרוּגָה","translit":"ʻărûwgâh","definition":"or עֲרֻגָה; feminine passive participle of {{h6165}}; something piled up (as if (figuratively) raised by mental aspiration), i.e. a paterre; bed, furrow.","strongs_number":"h6170"},"h6171":{"pronunciation":"aw-rode'","unicode":"עָרוֹד","translit":"ʻârôwd","definition":"from the same as {{h6166}}; an onager (from his lonesome habits); wild ass.","strongs_number":"h6171"},"h6172":{"pronunciation":"er-vaw'","unicode":"עֶרְוָה","translit":"ʻervâh","definition":"from {{h6168}}; nudity, literally (especially the pudenda) or figuratively (disgrace, blemish); nakedness, shame, unclean(-ness).","strongs_number":"h6172"},"h6173":{"pronunciation":"ar-vaw'","unicode":"עַרְוָה","translit":"ʻarvâh","definition":"(Aramaic) corresponding to {{h6172}}; nakedness, i.e. (figuratively) impoverishment; dishonor.","strongs_number":"h6173"},"h6174":{"pronunciation":"aw-rome'","unicode":"עָרוֹם","translit":"ʻârôwm","definition":"or עָרֹם; from {{h6191}} (in its original sense); nude, either partially or totally; naked.","strongs_number":"h6174"},"h6175":{"pronunciation":"aw-room'","unicode":"עָרוּם","translit":"ʻârûwm","definition":"passive participle of {{h6191}}; cunning (usually in a bad sense); crafty, prudent, subtil.","strongs_number":"h6175"},"h6176":{"pronunciation":"ar-o-ayr'","unicode":"עֲרוֹעֵר","translit":"ʻărôwʻêr","definition":"or עַרְעָר; from {{h6209}} reduplicated; a juniper (from its nudity of situation); health.","strongs_number":"h6176"},"h6177":{"pronunciation":"ar-o-ayr'","unicode":"עֲרוֹעֵר","translit":"ʻĂrôwʻêr","definition":"or עֲרֹעֵר; or עַרְעוֹר; the same as {{h6176}}; nudity of situation; Aroër, the name of three places in or near Palestine; Aroer.","strongs_number":"h6177"},"h6178":{"pronunciation":"aw-roots'","unicode":"עָרוּץ","translit":"ʻârûwts","definition":"passive participle of {{h6206}}; feared, i.e. (concretely) a horrible place or chasm; cliffs.","strongs_number":"h6178"},"h6179":{"pronunciation":"ay-ree'","unicode":"עֵרִי","translit":"ʻÊrîy","definition":"from {{h5782}}; watchful; Eri, an Israelite; Eri.","strongs_number":"h6179"},"h6180":{"pronunciation":"ay-ree'","unicode":"עֵרִי","translit":"ʻÊrîy","definition":"patronymically of {{h6179}}; an Erite (collectively) or descendants of Eri; Erites.","strongs_number":"h6180"},"h6181":{"pronunciation":"er-yaw'","unicode":"עֶרְיָה","translit":"ʻeryâh","definition":"for {{h6172}}; nudity; bare, naked, × quite.","strongs_number":"h6181"},"h6182":{"pronunciation":"ar-ee-saw'","unicode":"עֲרִיסָה","translit":"ʻărîyçâh","definition":"from an unused root meaning to comminute; meal; dough.","strongs_number":"h6182"},"h6183":{"pronunciation":"aw-reef'","unicode":"עָרִיף","translit":"ʻârîyph","definition":"from {{h6201}}; the sky (as drooping at the horizon); heaven.","strongs_number":"h6183"},"h6184":{"pronunciation":"aw-reets'","unicode":"עָרִיץ","translit":"ʻârîyts","definition":"from {{h6206}}; fearful, i.e. powerful or tyrannical; mighty, oppressor, in great power, strong, terrible, violent.","strongs_number":"h6184"},"h6185":{"pronunciation":"ar-e-ree'","unicode":"עֲרִירִי","translit":"ʻărîyrîy","definition":"from {{h6209}}; bare, i.e. destitute (of children); childless.","strongs_number":"h6185"},"h6186":{"pronunciation":"aw-rak'","unicode":"עָרַךְ","translit":"ʻârak","definition":"a primitive root; to set in a row, i.e. arrange, put in order (in a very wide variety of applications); put (set) (the battle, self) in array, compare, direct, equal, esteem, estimate, expert (in war), furnish, handle, join (battle), ordain, (lay, put, reckon up, set) (in) order, prepare, tax, value.","strongs_number":"h6186"},"h6187":{"pronunciation":"eh'rek","unicode":"עֵרֶךְ","translit":"ʻêrek","definition":"from {{h6186}}; a pile, equipment, estimate; equal, estimation, (things that are set in) order, price, proportion, × set at, suit, taxation, × valuest.","strongs_number":"h6187"},"h6188":{"pronunciation":"aw-rale'","unicode":"עָרֵל","translit":"ʻârêl","definition":"a primitive root; properly, to strip; but used as denominative from {{h6189}}; to expose or remove the prepuce, whether literal (to go naked) or figurative (to refrain from using); count uncircumcised, foreskin to be uncovered.","strongs_number":"h6188"},"h6189":{"pronunciation":"aw-rale'","unicode":"עָרֵל","translit":"ʻârêl","definition":"from {{h6188}}; properly, exposed, i.e. projecting loose (as to the prepuce); used only technically, uncircumcised (i.e. still having the prepuce uncurtailed); uncircumcised (person).","strongs_number":"h6189"},"h6190":{"pronunciation":"or-law'","unicode":"עׇרְלָה","translit":"ʻorlâh","definition":"feminine of {{h6189}}; the prepuce; foreskin,   uncircumcised.","strongs_number":"h6190"},"h6191":{"pronunciation":"aw-ram'","unicode":"עָרַם","translit":"ʻâram","definition":"a primitive root; properly, to be (or make) bare; but used only in the derivative sense (through the idea perhaps of smoothness) to be cunning (usually in a bad sense); × very, beware, take crafty (counsel), be prudent, deal subtilly.","strongs_number":"h6191"},"h6192":{"pronunciation":"aw-ram'","unicode":"עָרַם","translit":"ʻâram","definition":"a primitive root; to pile up; gather together.","strongs_number":"h6192"},"h6193":{"pronunciation":"o'-rem","unicode":"עֹרֶם","translit":"ʻôrem","definition":"from {{h6191}}; a stratagem; craftiness.","strongs_number":"h6193"},"h6194":{"pronunciation":"aw-rame'","unicode":"עָרֵם","translit":"ʻârêm","definition":"(Jeremiah 50:26) or (feminine) עֲרֵמָה; from {{h6192}}; a heap; specifically, a sheaf; heap (of corn), sheaf.","strongs_number":"h6194"},"h6195":{"pronunciation":"or-maw'","unicode":"עׇרְמָה","translit":"ʻormâh","definition":"feminine of {{h6193}}; trickery; or (in a good sense) discretion; guile, prudence, subtilty, wilily, wisdom.","strongs_number":"h6195"},"h6196":{"pronunciation":"ar-mone'","unicode":"עַרְמוֹן","translit":"ʻarmôwn","definition":"probably from {{h6191}}; the plane tree (from its smooth and shed bark); chestnut tree.","strongs_number":"h6196"},"h6197":{"pronunciation":"ay-rawn'","unicode":"עֵרָן","translit":"ʻÊrân","definition":"probably from {{h5782}}; watchful; Eran, an Israelite; Eran.","strongs_number":"h6197"},"h6198":{"pronunciation":"ay-raw-nee'","unicode":"עֵרָנִי","translit":"ʻÊrânîy","definition":"patronymically from {{h6197}}; an Eranite or descendant (collectively) of Eran; Eranites.","strongs_number":"h6198"},"h6199":{"pronunciation":"ar-awr'","unicode":"עַרעָר","translit":"ʻarʻâr","definition":"from {{h6209}}; naked, i.e. (figuratively) poor; destitute. See also {{h6176}}.","strongs_number":"h6199"},"h6200":{"pronunciation":"ar-o-ay-ree'","unicode":"עֲרֹעֵרִי","translit":"ʻĂrôʻêrîy","definition":"patronymically from {{h6177}}; an Aroerite or inhabitant of Aroer; Aroerite.","strongs_number":"h6200"}}