{"h6301":{"pronunciation":"ped-aw-tsoor'","unicode":"פְּדָהצוּר","translit":"Pᵉdâhtsûwr","definition":"from {{h6299}} and {{h6697}}; a rock (i.e. God) has ransomed; Pedahtsur, an Israelite; Pedahzur.","strongs_number":"h6301"},"h6302":{"pronunciation":"paw-doo'ee","unicode":"פָּדוּי","translit":"pâdûwy","definition":"passive participle of {{h6299}}. ransomed (and so occurring under {{h6299}}); as abstractly (in plural masculine) a ransom; (that are) to be (that were) redeemed.","strongs_number":"h6302"},"h6303":{"pronunciation":"paw-done'","unicode":"פָּדוֹן","translit":"Pâdôwn","definition":"from {{h6299}}; ransom; Padon, one of the Nethinim.; Padon.","strongs_number":"h6303"},"h6304":{"pronunciation":"ped-ooth'","unicode":"פְּדוּת","translit":"pᵉdûwth","definition":"or פְּדֻת; from {{h6929}}; distinction; also deliverance; division, redeem, redemption.","strongs_number":"h6304"},"h6305":{"pronunciation":"ped-aw-yaw'","unicode":"פְּדָיָה","translit":"Pᵉdâyâh","definition":"or פְּדָיָהוּ; from {{h6299}} and {{h3050}}; Jah has ransomed; Pedajah, the name of six Israelites; Pedaiah.","strongs_number":"h6305"},"h6306":{"pronunciation":"pid-yome'","unicode":"פִּדְיוֹם","translit":"pidyôwm","definition":"or פִּדְיֹם; also פִּדְיוֹן; or פִּדְיֹן; from {{h6299}}; a ransom; ransom, that were redeemed, redemption.","strongs_number":"h6306"},"h6307":{"pronunciation":"pad-dawn'","unicode":"פַּדָּן","translit":"Paddân","definition":"from an unused root meaning to extend; a plateau; or פַּדַּן אֲרָם; from the same and {{h758}}; the table-land of Aram; Paddan or Paddan-Aram, a region of Syria; Padan, Padan-aram.","strongs_number":"h6307"},"h6308":{"pronunciation":"paw-dah'","unicode":"פָּדַע","translit":"pâdaʻ","definition":"a primitive root; to retrieve; deliver.","strongs_number":"h6308"},"h6309":{"pronunciation":"peh'der","unicode":"פֶּדֶר","translit":"peder","definition":"from an unused root meaning to be greasy; suet; fat.","strongs_number":"h6309"},"h6310":{"pronunciation":"peh","unicode":"פֶּה","translit":"peh","definition":"from {{h6284}}; the mouth (as the means of blowing), whether literal or figurative (particularly speech); specifically edge, portion or side; adverbially (with preposition) according to; accord(-ing as, -ing to), after, appointment, assent, collar, command(-ment), × eat, edge, end, entry,   file, hole, × in, mind, mouth, part, portion, × (should) say(-ing), sentence, skirt, sound, speech, × spoken, talk, tenor, × to,   two-edged, wish, word.","strongs_number":"h6310"},"h6311":{"pronunciation":"po","unicode":"פֹּה","translit":"pôh","definition":"or פֹּא; (Job 38:11), or פּוֹ; probably from a primitive inseparable particle 'p' (of demonstrative force) and {{h1931}}; this place (French ici), i.e. here or hence; here, hither, the one (other, this, that) side.","strongs_number":"h6311"},"h6312":{"pronunciation":"poo-aw'","unicode":"פּוּאָה","translit":"Pûwʼâh","definition":"or פֻּוָּה; from {{h6284}}; a blast; Puah or Puvvah, the name of two Israelites; Phuvah, Pua, Puah.","strongs_number":"h6312"},"h6313":{"pronunciation":"poog","unicode":"פּוּג","translit":"pûwg","definition":"a primitive root; to be sluggish; cease, be feeble, faint, be slacked.","strongs_number":"h6313"},"h6314":{"pronunciation":"poo-gaw'","unicode":"פּוּגָה","translit":"pûwgâh","definition":"from {{h6313}}; intermission; rest.","strongs_number":"h6314"},"h6315":{"pronunciation":"poo'akh","unicode":"פּוּחַ","translit":"pûwach","definition":"a primitive root; to puff, i.e. blow with the breath or air; hence, to fan (as a breeze), to utter, to kindle (a fire), to scoff; blow (upon), break, puff, bring into a snare, speak, utter.","strongs_number":"h6315"},"h6316":{"pronunciation":"poot","unicode":"פּוּט","translit":"Pûwṭ","definition":"of foreign origin; Put, a son of Ham, also the name of his descendants or their region, and of a Persian tribe; Phut, Put.","strongs_number":"h6316"},"h6317":{"pronunciation":"poo-tee-ale'","unicode":"פּוּטִיאֵל","translit":"Pûwṭîyʼêl","definition":"from an unused root (probably meaning to disparage) and {{h410}}; contempt of God; Putiel, an Israelite; Putiel.","strongs_number":"h6317"},"h6318":{"pronunciation":"po-tee-far'","unicode":"פּוֹטִיפַר","translit":"Pôwṭîyphar","definition":"of Egyptian derivation; Potiphar, an Egyptian; Potiphar.","strongs_number":"h6318"},"h6319":{"pronunciation":"po-tee feh'-rah","unicode":"פּוֹטִי פֶרַע","translit":"Pôwṭîy Pheraʻ","definition":"of Egyptian derivation; Poti-Phera, an Egyptian; Poti-pherah.","strongs_number":"h6319"},"h6320":{"pronunciation":"pook","unicode":"פּוּךְ","translit":"pûwk","definition":"from an unused root meaning to paint; dye (specifically, stibium for the eyes); fair colours, glistering, paint(-ed) (-ing).","strongs_number":"h6320"},"h6321":{"pronunciation":"pole","unicode":"פּוֹל","translit":"pôwl","definition":"from an unused root meaning to be thick; a bean (as plump); beans.","strongs_number":"h6321"},"h6322":{"pronunciation":"pool","unicode":"פּוּל","translit":"Pûwl","definition":"of foreign origin; Pul, the name of an Assyrian king and of an Ethiopian tribe; Pul.","strongs_number":"h6322"},"h6323":{"pronunciation":"poon","unicode":"פּוּן","translit":"pûwn","definition":"a primitive root; meaning to turn, i.e. be perplexed; be distracted.","strongs_number":"h6323"},"h6324":{"pronunciation":"poo-nee'","unicode":"פּוּנִי","translit":"Pûwnîy","definition":"patronymically from an unused name meaning a turn; a Punite (collectively) or descendants of an unknown Pun; Punites.","strongs_number":"h6324"},"h6325":{"pronunciation":"poo-none'","unicode":"פּוּנֹן","translit":"Pûwnôn","definition":"from {{h6323}}; perplexity; Punon, a place in the Desert; Punon.","strongs_number":"h6325"},"h6326":{"pronunciation":"poo-aw'","unicode":"פּוּעָה","translit":"Pûwʻâh","definition":"from an unused root meaning to glitter; brilliancy; Puah, an Israelitess; Puah.","strongs_number":"h6326"},"h6327":{"pronunciation":"poots","unicode":"פּוּץ","translit":"pûwts","definition":"a primitive root; to dash in pieces, literally or figuratively (especially to disperse); break (dash, shake) in (to) pieces, cast (abroad), disperse (selves), drive, retire, scatter (abroad), spread abroad.","strongs_number":"h6327"},"h6328":{"pronunciation":"pook","unicode":"פּוּק","translit":"pûwq","definition":"a primitive root; to waver; stumble, move.","strongs_number":"h6328"},"h6329":{"pronunciation":"pook","unicode":"פּוּק","translit":"pûwq","definition":"a primitive root [rather identical with {{h6328}} through the idea of dropping out; compare {{h5312}}]; to issue, i.e. furnish; causatively, to secure; figuratively, to succeed; afford, draw out, further, get, obtain.","strongs_number":"h6329"},"h6330":{"pronunciation":"poo-kaw'","unicode":"פּוּקָה","translit":"pûwqâh","definition":"from {{h6328}}; a stumbling-block; grief.","strongs_number":"h6330"},"h6331":{"pronunciation":"poor","unicode":"פּוּר","translit":"pûwr","definition":"a primitive root; to crush; break, bring to nought, × utterly take.","strongs_number":"h6331"},"h6332":{"pronunciation":"poor","unicode":"פּוּר","translit":"Pûwr","definition":"also (plural) פּוּרִים; or פֻּרִים; from {{h6331}}; a lot (as by means of a broken piece); Pur, Purim.","strongs_number":"h6332"},"h6333":{"pronunciation":"poo-raw'","unicode":"פּוּרָה","translit":"pûwrâh","definition":"from {{h6331}}; a wine-press (as crushing the grapes); winepress.","strongs_number":"h6333"},"h6334":{"pronunciation":"po-raw-thaw'","unicode":"פּוֹרָתָא","translit":"Pôwrâthâʼ","definition":"of Persian origin; Poratha, a son of Haman; Poratha.","strongs_number":"h6334"},"h6335":{"pronunciation":"poosh","unicode":"פּוּשׁ","translit":"pûwsh","definition":"a primitive root; to spread; figuratively, act proudly; grow up, be grown fat, spread selves, be scattered.","strongs_number":"h6335"},"h6336":{"pronunciation":"poo-thee'","unicode":"פּוּתִי","translit":"Pûwthîy","definition":"patronymically from an unused name meaning a hinge; a Puthite (collectively) or descendants of an unknown Puth; Puhites (as if from {{h6312}}).","strongs_number":"h6336"},"h6337":{"pronunciation":"pawz","unicode":"פָּז","translit":"pâz","definition":"from {{h6338}}; pure (gold); hence, gold itself (as refined); fine (pure) gold.","strongs_number":"h6337"},"h6338":{"pronunciation":"paw-zaz'","unicode":"פָּזַז","translit":"pâzaz","definition":"a primitive root; to refine (gold); best (gold).","strongs_number":"h6338"},"h6339":{"pronunciation":"paw-zaz'","unicode":"פָּזַז","translit":"pâzaz","definition":"a primitive root (identical with {{h6338}}); to solidify (as if by refining); also to spring (as if separating the limbs); leap, be made strong.","strongs_number":"h6339"},"h6340":{"pronunciation":"paw-zar'","unicode":"פָּזַר","translit":"pâzar","definition":"a primitive root; to scatter, whether in enmity or bounty; disperse, scatter (abroad).","strongs_number":"h6340"},"h6341":{"pronunciation":"pakh","unicode":"פַּח","translit":"pach","definition":"from {{h6351}}; a (metallic) sheet (as pounded thin); also a spring net (as spread out like a lamina); gin, (thin) plate, snare.","strongs_number":"h6341"},"h6342":{"pronunciation":"paw-kkad'","unicode":"פָּחַד","translit":"pâchad","definition":"a primitive root; to be startled (by a sudden alarm); hence, to fear in general; be afraid, stand in awe, (be in) fear, make to shake.","strongs_number":"h6342"},"h6343":{"pronunciation":"pakh'-ad","unicode":"פַּחַד","translit":"pachad","definition":"from {{h6342}}; a (sudden) alarm (properly, the object feared, by implication, the feeling); dread(-ful), fear, (thing) great (fear, -ly feared), terror.","strongs_number":"h6343"},"h6344":{"pronunciation":"pakh'-ad","unicode":"פַּחַד","translit":"pachad","definition":"the same as {{h6343}}; a testicle (as a cause of shame akin to fear); stone.","strongs_number":"h6344"},"h6345":{"pronunciation":"pakh-daw'","unicode":"פַּחְדָּה","translit":"pachdâh","definition":"feminine of {{h6343}}; alarm (i.e. awe); fear.","strongs_number":"h6345"},"h6346":{"pronunciation":"peh-khaw'","unicode":"פֶּחָה","translit":"pechâh","definition":"of foreign origin; a prefect (of a city or small district); captain, deputy, governor.","strongs_number":"h6346"},"h6347":{"pronunciation":"peh-khaw'","unicode":"פֶּחָה","translit":"pechâh","definition":"(Aramaic) corresponding to {{h6346}}; captain, governor.","strongs_number":"h6347"},"h6348":{"pronunciation":"paw-khaz'","unicode":"פָּחַז","translit":"pâchaz","definition":"a primitive root; to bubble up or froth (as boiling water), i.e. (figuratively) to be unimportant; light.","strongs_number":"h6348"},"h6349":{"pronunciation":"pakh'-az","unicode":"פַּחַז","translit":"pachaz","definition":"from {{h6348}}; ebullition, i.e. froth (figuratively, lust); unstable.","strongs_number":"h6349"},"h6350":{"pronunciation":"pakh-az-ooth'","unicode":"פַּחֲזוּת","translit":"pachăzûwth","definition":"from {{h6348}}; frivolity; lightness.","strongs_number":"h6350"},"h6351":{"pronunciation":"paw-khakh'","unicode":"פָּחַח","translit":"pâchach","definition":"a primitive root; to batter out; but used only as denominative from {{h6341}},; to spread a net; be snared.","strongs_number":"h6351"},"h6352":{"pronunciation":"peh-khawm'","unicode":"פֶּחָם","translit":"pechâm","definition":"perhaps from an unused root probably meaning to be black; a coal, whether charred or live; coals.","strongs_number":"h6352"},"h6353":{"pronunciation":"peh-khawr'","unicode":"פֶּחָר","translit":"pechâr","definition":"(Aramaic) from an unused root probably meaning to fashion; a potter; potter.","strongs_number":"h6353"},"h6354":{"pronunciation":"pakh'-ath","unicode":"פַּחַת","translit":"pachath","definition":"probably from an unused root apparently meaning to dig; a pit, especially for catching animals; hole, pit, snare.","strongs_number":"h6354"},"h6355":{"pronunciation":"pakh'-ath mo-awb'","unicode":"פַּחַת מוֹאָב","translit":"Pachath Môwʼâb","definition":"from {{h6354}} and {{h4124}}; pit of Moab; Pachath-Moab, an Israelite; Pahathmoab.","strongs_number":"h6355"},"h6356":{"pronunciation":"pekh-eh'-theth","unicode":"פְּחֶתֶת","translit":"pᵉchetheth","definition":"from the same as {{h6354}}; a hole (by mildew in a garment); fret inward.","strongs_number":"h6356"},"h6357":{"pronunciation":"pit-daw'","unicode":"פִּטְדָה","translit":"piṭdâh","definition":"of foreign derivation; a gem, probably the topaz; topaz.","strongs_number":"h6357"},"h6358":{"pronunciation":"paw-toor'","unicode":"פָּטוּר","translit":"pâṭûwr","definition":"passive participle of {{h6362}}; opened, i.e. (as noun) a bud; open.","strongs_number":"h6358"},"h6359":{"pronunciation":"paw-teer'","unicode":"פָּטִיר","translit":"pâṭîyr","definition":"from {{h6362}}; open, i.e. unoccupied; free.","strongs_number":"h6359"},"h6360":{"pronunciation":"pat-teesh'","unicode":"פַּטִּישׁ","translit":"paṭṭîysh","definition":"intensively from an unused root meaning to pound; a hammer; hammer.","strongs_number":"h6360"},"h6361":{"pronunciation":"pat-teesh'","unicode":"פַּטִּישׁ","translit":"paṭṭîysh","definition":"(Aramaic) from a root corresponding to that of {{h6360}}; a gown (as if hammered out wide); hose.","strongs_number":"h6361"},"h6362":{"pronunciation":"paw-tar'","unicode":"פָּטַר","translit":"pâṭar","definition":"a primitive root; to cleave or burst through, i.e. (causatively) to emit, whether literal or figurative (gape); dismiss, free, let (shoot) out, slip away.","strongs_number":"h6362"},"h6363":{"pronunciation":"peh'-ter","unicode":"פֶּטֶר","translit":"peṭer","definition":"or פִּטְרָה; from {{h6362}}; a fissure, i.e. (concretely) firstling (as opening the matrix); firstling, openeth, such as open.","strongs_number":"h6363"},"h6364":{"pronunciation":"pee beh'-seth","unicode":"פִּי־בֶסֶת","translit":"Pîy-Beçeth","definition":"of Egyptian origin; Pi-Beseth, a place in Egypt; Pi-beseth.","strongs_number":"h6364"},"h6365":{"pronunciation":"peed","unicode":"פִּיד","translit":"pîyd","definition":"from an unused root probably meaning to pierce; (figuratively) misfortune; destruction, ruin.","strongs_number":"h6365"},"h6366":{"pronunciation":"pay-aw'","unicode":"פֵּיָה","translit":"pêyâh","definition":"or פִּיָּה; feminine of {{h6310}}; an edge; (two-) edge(-d).","strongs_number":"h6366"},"h6367":{"pronunciation":"pee hah-khee-roth'","unicode":"פִּי הַחִירֹת","translit":"Pîy ha-Chîyrôth","definition":"from {{h6310}} and the feminine plural of a noun (from the same root as {{h2356}}), with the article interpolated; mouth of the gorges; Pi-ha-Chiroth, a place in Egypt; Pi-hahiroth. (In Numbers 14:19 without Pi-.)","strongs_number":"h6367"},"h6368":{"pronunciation":"pee'-akh","unicode":"פִּיחַ","translit":"pîyach","definition":"from {{h6315}}; a powder (as easily puffed away), i.e. ashes or dust; ashes.","strongs_number":"h6368"},"h6369":{"pronunciation":"pee-kole'","unicode":"פִּיכֹל","translit":"Pîykôl","definition":"apparently from {{h6310}} and {{h3605}}; mouth of all; Picol, a Philistine; Phichol.","strongs_number":"h6369"},"h6370":{"pronunciation":"pee-leh'-ghesh","unicode":"פִּילֶגֶשׁ","translit":"pîylegesh","definition":"or פִּלֶגֶשׁ; of uncertain derivation; a concubine; also (masculine) a paramour; concubine, paramour.","strongs_number":"h6370"},"h6371":{"pronunciation":"pee-maw'","unicode":"פִּימָה","translit":"pîymâh","definition":"probably from an unused root meaning to be plump; obesity; collops.","strongs_number":"h6371"},"h6372":{"pronunciation":"pee-nekh-aws'","unicode":"פִּינְחָס","translit":"Pîynᵉchâç","definition":"apparently from {{h6310}} and a variation of {{h5175}}; mouth of a serpent; Pinechas, the name of three Israelites; Phinehas.","strongs_number":"h6372"},"h6373":{"pronunciation":"pee-none'","unicode":"פִּינֹן","translit":"pîynôn","definition":"probably the same as {{h6325}}; Pinon, an Idumaean; Pinon.","strongs_number":"h6373"},"h6374":{"pronunciation":"pee-fee-yaw'","unicode":"פִּיפִיָּה","translit":"pîyphîyâh","definition":"for {{h6366}}; an edge or tooth; tooth, × two-edged.","strongs_number":"h6374"},"h6375":{"pronunciation":"peek","unicode":"פִּיק","translit":"pîyq","definition":"from {{h6329}}; a tottering; smite together.","strongs_number":"h6375"},"h6376":{"pronunciation":"pee-shone'","unicode":"פִּישׁוֹן","translit":"Pîyshôwn","definition":"from {{h6335}}; dispersive; Pishon, a river of Eden; Pison.","strongs_number":"h6376"},"h6377":{"pronunciation":"pee-thone'","unicode":"פִּיתוֹן","translit":"Pîythôwn","definition":"probably from the same as {{h6596}}; expansive; Pithon, an Israelite; Pithon.","strongs_number":"h6377"},"h6378":{"pronunciation":"pak","unicode":"פַּךְ","translit":"pak","definition":"from {{h6379}}; a flask (from which a liquid may flow); box, vial.","strongs_number":"h6378"},"h6379":{"pronunciation":"paw-kaw'","unicode":"פָּכָה","translit":"pâkâh","definition":"a primitive root; to pour; run out.","strongs_number":"h6379"},"h6380":{"pronunciation":"po-keh'-reth tseb-awyeem'","unicode":"פֹּכֶרֶת צְבָיִים","translit":"Pôkereth Tsᵉbâyîym","definition":"from the active participle (of the same form as the first word) feminine of an unused root (meaning to entrap) and plural of {{h6643}}; trap of gazelles; Pokereth-Tsebajim, one of the 'servants of Solomon'; Pochereth of Zebaim.","strongs_number":"h6380"},"h6381":{"pronunciation":"paw-law'","unicode":"פָּלָא","translit":"pâlâʼ","definition":"a primitive root; properly, perhaps to separate, i.e. distinguish (literally or figuratively); by implication, to be (causatively, make) great, difficult, wonderful; accomplish, (arise...too, be too) hard, hidden, things too high, (be, do, do a, shew) marvelous(-ly, -els, things, work), miracles, perform, separate, make singular, (be, great, make) wonderful(-ers, -ly, things, works), wondrous (things, works, -ly).","strongs_number":"h6381"},"h6382":{"pronunciation":"peh'-leh","unicode":"פֶּלֶא","translit":"peleʼ","definition":"from {{h6381}}; a miracle; marvellous thing, wonder(-ful, -fully).","strongs_number":"h6382"},"h6383":{"pronunciation":"pil-ee'","unicode":"פִּלְאִי","translit":"pilʼîy","definition":"or פָּלִיא; from {{h6381}}; remarkable; secret, wonderful.","strongs_number":"h6383"},"h6384":{"pronunciation":"pal-loo-ee'","unicode":"פַּלֻּאִי","translit":"Palluʼîy","definition":"patronymically from {{h6396}}; a Palluite (collectively) or descendants of Pallu; Palluites.","strongs_number":"h6384"},"h6385":{"pronunciation":"paw-lag'","unicode":"פָּלַג","translit":"pâlag","definition":"a primitive root; to split (literally or figuratively); divide.","strongs_number":"h6385"},"h6386":{"pronunciation":"pel-ag'","unicode":"פְּלַג","translit":"pᵉlag","definition":"(Aramaic) corresponding to {{h6385}}; divided.","strongs_number":"h6386"},"h6387":{"pronunciation":"pel-ag'","unicode":"פְּלַג","translit":"pᵉlag","definition":"(Aramaic) from {{h6386}}; a half; dividing.","strongs_number":"h6387"},"h6388":{"pronunciation":"peh'-leg","unicode":"פֶּלֶג","translit":"peleg","definition":"from {{h6385}}; a rill (i.e. small channel of water, as in irrigation); river, stream.","strongs_number":"h6388"},"h6389":{"pronunciation":"peh'-leg","unicode":"פֶּלֶג","translit":"Peleg","definition":"the same as {{h6388}}; earthquake; Peleg, a son of Shem; Peleg.","strongs_number":"h6389"},"h6390":{"pronunciation":"pel-ag-gaw'","unicode":"פְּלַגָּה","translit":"pᵉlaggâh","definition":"from {{h6385}}; a runlet, i.e. gully; division, river.","strongs_number":"h6390"},"h6391":{"pronunciation":"pel-oog-gaw'","unicode":"פְּלֻגָּה","translit":"pᵉluggâh","definition":"from {{h6385}}; a section; division.","strongs_number":"h6391"},"h6392":{"pronunciation":"pel-oog-gaw'","unicode":"פְּלֻגָּה","translit":"pᵉluggâh","definition":"(Aramaic) corresponding to {{h6391}}; division.","strongs_number":"h6392"},"h6393":{"pronunciation":"pel-aw-daw'","unicode":"פְּלָדָה","translit":"pᵉlâdâh","definition":"from an unused root meaning to divide; a cleaver, i.e. iron armature (of a chariot); torch.","strongs_number":"h6393"},"h6394":{"pronunciation":"pil-dawsh'","unicode":"פִּלְדָּשׁ","translit":"Pildâsh","definition":"of uncertain derivation; Pildash, a relative of Abraham; Pildash.","strongs_number":"h6394"},"h6395":{"pronunciation":"paw-law'","unicode":"פָּלָה","translit":"pâlâh","definition":"a primitive root; to distinguish (literally or figuratively); put a difference, show marvellous, separate, set apart, sever, make wonderfully.","strongs_number":"h6395"},"h6396":{"pronunciation":"pal-loo'","unicode":"פַּלּוּא","translit":"Pallûwʼ","definition":"from {{h6395}}; distinguished; Pallu, an Israelite; Pallu, Phallu.","strongs_number":"h6396"},"h6397":{"pronunciation":"pel-o-nee'","unicode":"פְּלוֹנִי","translit":"Pᵉlôwnîy","definition":"patronymically from an unused name (from {{h6395}}) meaning separate; a Pelonite or inhabitant of an unknown Palon; Pelonite.","strongs_number":"h6397"},"h6398":{"pronunciation":"paw-lakh'","unicode":"פָּלַח","translit":"pâlach","definition":"a primitive root; to slice, i.e. break open or pierce; bring forth, cleave, cut, shred, strike through.","strongs_number":"h6398"},"h6399":{"pronunciation":"pel-akh'","unicode":"פְּלַח","translit":"pᵉlach","definition":"(Aramaic) corresponding to {{h6398}}; to serve or worship; minister, serve.","strongs_number":"h6399"},"h6400":{"pronunciation":"peh'-lakh","unicode":"פֶּלַח","translit":"pelach","definition":"from {{h6398}}; a slice; piece.","strongs_number":"h6400"}}