{"h6601":{"pronunciation":"paw-thaw'","unicode":"פָּתָה","translit":"pâthâh","definition":"a primitive root; to open, i.e. be (causatively, make) roomy; usually figuratively (in a mental or moral sense) to be (causatively, make) simple or (in a sinister way) delude; allure, deceive, enlarge, entice, flatter, persuade, silly (one).","strongs_number":"h6601"},"h6602":{"pronunciation":"peth-oo-ale'","unicode":"פְּתוּאֵל","translit":"Pᵉthûwʼêl","definition":"from {{h6601}} and {{h410}}; enlarged of God; Pethuel, an Israelite; Pethuel.","strongs_number":"h6602"},"h6603":{"pronunciation":"pit-too'-akh","unicode":"פִּתּוּחַ","translit":"pittûwach","definition":"or פִּתֻּחַ ; passive participle of {{h6605}}; sculpture (in low or high relief or even intaglio); carved (work) (are, en-) grave(-ing, -n).","strongs_number":"h6603"},"h6604":{"pronunciation":"peth-ore'","unicode":"פְּתוֹר","translit":"Pᵉthôwr","definition":"of foreign origin; Pethor, a place in Mesopotamia; Pethor.","strongs_number":"h6604"},"h6605":{"pronunciation":"paw-thakh'","unicode":"פָּתַח","translit":"pâthach","definition":"a primitive root; to open wide (literally or figuratively); specifically, to loosen, begin, plough, carve; appear, break forth, draw (out), let go free, (en-) grave(-n), loose (self), (be, be set) open(-ing), put off, ungird, unstop, have vent.","strongs_number":"h6605"},"h6606":{"pronunciation":"peth-akh'","unicode":"פְּתַח","translit":"pᵉthach","definition":"(Aramaic) corresponding to {{h6605}}; to open; open.","strongs_number":"h6606"},"h6607":{"pronunciation":"peh'-thakh","unicode":"פֶּתַח","translit":"pethach","definition":"from {{h6605}}; an opening (literally), i.e. door (gate) or entrance way; door, entering (in), entrance (-ry), gate, opening, place.","strongs_number":"h6607"},"h6608":{"pronunciation":"pay'-thakh","unicode":"פֵּתַח","translit":"pêthach","definition":"from {{h6605}}; opening (figuratively) i.e. disclosure; entrance.","strongs_number":"h6608"},"h6609":{"pronunciation":"peth-ee-khaw'","unicode":"פְּתִחָה","translit":"pᵉthichâh","definition":"from {{h6605}}; something opened, i.e. a drawn sword; drawn sword.","strongs_number":"h6609"},"h6610":{"pronunciation":"pith-khone'","unicode":"פִּתְחוֹן","translit":"pithchôwn","definition":"from {{h6605}}; opening (the act); open(-ing).","strongs_number":"h6610"},"h6611":{"pronunciation":"peth-akh-yaw'","unicode":"פְּתַחְיָה","translit":"Pᵉthachyâh","definition":"from {{h6605}} and {{h3050}}; Jah has opened; Pethachjah, the name of four Israelites; Pethakiah.","strongs_number":"h6611"},"h6612":{"pronunciation":"peth-ee'","unicode":"פְּתִי","translit":"pᵉthîy","definition":"or פֶּתִי; or פְּתָאִי; from {{h6601}}; silly (i.e. seducible); foolish, simple(-icity, one).","strongs_number":"h6612"},"h6613":{"pronunciation":"peth-ah'-ee","unicode":"פְּתַי","translit":"pᵉthay","definition":"(Aramaic) from a root corresponding to {{h6601}}; open, i.e. (as noun) width; breadth.","strongs_number":"h6613"},"h6614":{"pronunciation":"peth-eeg-eel'","unicode":"פְּתִיגִיל","translit":"pᵉthîygîyl","definition":"of uncertain derivation; probably a figured mantle for holidays; stomacher.","strongs_number":"h6614"},"h6615":{"pronunciation":"peth-ah-yooth'","unicode":"פְּתַיּוּת","translit":"pᵉthayûwth","definition":"from {{h6612}}; silliness (i.e. seducibility); simple.","strongs_number":"h6615"},"h6616":{"pronunciation":"paw-theel'","unicode":"פָּתִיל","translit":"pâthîyl","definition":"from {{h6617}}; twine; bound, bracelet, lace, line, ribband, thread, wire.","strongs_number":"h6616"},"h6617":{"pronunciation":"paw-thal'","unicode":"פָּתַל","translit":"pâthal","definition":"a primitive root; to twine, i.e. (literally) to struggle or (figuratively) be (morally) tortuous; (shew self) froward, shew self unsavoury, wrestle.","strongs_number":"h6617"},"h6618":{"pronunciation":"peth-al-tole'","unicode":"פְּתַלְתֹּל","translit":"pᵉthaltôl","definition":"from {{h6617}}; tortuous (i.e. crafty); crooked.","strongs_number":"h6618"},"h6619":{"pronunciation":"pee-thome'","unicode":"פִּתֹם","translit":"Pithôm","definition":"of Egyptian derivation; Pithom, a place in Egypt; Pithom.","strongs_number":"h6619"},"h6620":{"pronunciation":"peh'-then","unicode":"פֶּתֶן","translit":"pethen","definition":"from an unused root meaning to twist; an asp (from its contortions); adder.","strongs_number":"h6620"},"h6621":{"pronunciation":"peh'-thah","unicode":"פֶּתַע","translit":"pethaʻ","definition":"from an unused root meaning to open (the eyes); (compare {{h6597}}); a wink, i.e. moment (used only [with or without preposition] adverbially, quickly or unexpectedly); at an instant, suddenly, × very.","strongs_number":"h6621"},"h6622":{"pronunciation":"paw-thar'","unicode":"פָּתַר","translit":"pâthar","definition":"a primitive root; to open up, i.e. (figuratively) interpret (a dream); interpret(-ation, -er).","strongs_number":"h6622"},"h6623":{"pronunciation":"pith-rone'","unicode":"פִּתְרוֹן","translit":"pithrôwn","definition":"or פִּתְרֹן; from {{h6622}}; interpretation (of a dream); interpretation.","strongs_number":"h6623"},"h6624":{"pronunciation":"path-roce'","unicode":"פַּתְרוֹס","translit":"Pathrôwç","definition":"of Egyptian derivation; Pathros, a part of Egypt; Pathros.","strongs_number":"h6624"},"h6625":{"pronunciation":"path-roo-see'","unicode":"פַּתְרֻסִי","translit":"Pathruçîy","definition":"patrial from {{h6624}}; a Pathrusite, or inhabitant of Pathros; Pathrusim.","strongs_number":"h6625"},"h6626":{"pronunciation":"paw-thath'","unicode":"פָּתַת","translit":"pâthath","definition":"a primitive root; to open, i.e. break; participle x","strongs_number":"h6626"},"h6627":{"pronunciation":"tsaw-aw'","unicode":"צָאָה","translit":"tsâʼâh","definition":"from {{h3318}}; issue, i.e. (human) excrement; that (which) cometh from (out).","strongs_number":"h6627"},"h6628":{"pronunciation":"tseh'-el","unicode":"צֶאֶל","translit":"tseʼel","definition":"from an unused root meaning to be slender; the lotus tree; shady tree.","strongs_number":"h6628"},"h6629":{"pronunciation":"tsone","unicode":"צֹאן","translit":"tsôʼn","definition":"or צאוֹן; (Psalm 144:13), from an unused root meaning to migrate; a collective name for a flock (of sheep or goats); also figuratively (of men); (small) cattle, flock (  -s), lamb (  -s), sheep(-cote, -fold, -shearer, -herds).","strongs_number":"h6629"},"h6630":{"pronunciation":"tsah-an-awn'","unicode":"צַאֲנָן","translit":"Tsaʼănân","definition":"from the same as {{h6629}} used denominatively; sheep pasture; Zaanan, a place in Palestine; Zaanan.","strongs_number":"h6630"},"h6631":{"pronunciation":"tseh-ets-aw'","unicode":"צֶאֱצָא","translit":"tseʼĕtsâʼ","definition":"from {{h3318}}; issue, i.e. produce, children; that which cometh forth (out), offspring.","strongs_number":"h6631"},"h6632":{"pronunciation":"tsawb","unicode":"צָב","translit":"tsâb","definition":"from an unused root meaning to establish; a palanquin or canopy (as a fixture); also a species of lizard (probably as clinging fast); covered, litter, tortoise.","strongs_number":"h6632"},"h6633":{"pronunciation":"tsaw-baw'","unicode":"צָבָא","translit":"tsâbâʼ","definition":"a primitive root; to mass (an army or servants); assemble, fight, perform, muster, wait upon, war.","strongs_number":"h6633"},"h6634":{"pronunciation":"tseb-aw'","unicode":"צְבָא","translit":"tsᵉbâʼ","definition":"(Aramaic) corresponding to {{h6623}} in the figurative sense of summoning one's wishes; to please; will, would.","strongs_number":"h6634"},"h6635":{"pronunciation":"tsaw-baw'","unicode":"צָבָא","translit":"tsâbâʼ","definition":"or (feminine) צְבָאָה; from {{h6633}}; a mass of persons (or figuratively, things), especially reg. organized for war (an army); by implication, a campaign, literally or figuratively (specifically, hardship, worship); appointed time, ( ) army, ( ) battle, company, host, service, soldiers, waiting upon, war(-fare).","strongs_number":"h6635"},"h6636":{"pronunciation":"tseb-o-eem'","unicode":"צְבֹאִים","translit":"Tsᵉbôʼîym","definition":"or (more correctly) צְבִיִּים; or צְבִיִּם; plural of {{h6643}}; gazelles; Tseboim or Tsebijim, a place in Palestine; Zeboiim, Zeboim.","strongs_number":"h6636"},"h6637":{"pronunciation":"tso-bay-baw'","unicode":"צֹבֵבָה","translit":"Tsôbêbâh","definition":"feminine active participle of the same as {{h6632}}; the canopier (with the article); Tsobebah, an Israelitess; Zobebah.","strongs_number":"h6637"},"h6638":{"pronunciation":"tsaw-baw'","unicode":"צָבָה","translit":"tsâbâh","definition":"a primitive root; to amass, i.e. grow turgid; specifically, to array an army against; fight swell.","strongs_number":"h6638"},"h6639":{"pronunciation":"tsaw-beh'","unicode":"צָבֶה","translit":"tsâbeh","definition":"from {{h6638}}; turgid; swell.","strongs_number":"h6639"},"h6640":{"pronunciation":"tseb-oo'","unicode":"צְבוּ","translit":"tsᵉbûw","definition":"(Aramaic) from {{h6634}}; properly, will; concretely, an affair (as a matter of determination); purpose.","strongs_number":"h6640"},"h6641":{"pronunciation":"tsaw-boo'-ah","unicode":"צָבוּעַ","translit":"tsâbûwaʻ","definition":"passive participle of the same as {{h6648}}; dyed (in stripes), i.e. the hyena; speckled.","strongs_number":"h6641"},"h6642":{"pronunciation":"tsaw-bat'","unicode":"צָבַט","translit":"tsâbaṭ","definition":"a primitive root; to grasp, i.e. hand out; reach.","strongs_number":"h6642"},"h6643":{"pronunciation":"tseb-ee'","unicode":"צְבִי","translit":"tsᵉbîy","definition":"from {{h6638}} in the sense of prominence; splendor (as conspicuous); beautiful(-ty), glorious (-ry), goodly, pleasant, roe(-buck).","strongs_number":"h6643"},"h6644":{"pronunciation":"tsib-yaw'","unicode":"צִבְיָא","translit":"Tsibyâʼ","definition":"for {{h6645}}; Tsibja, an Israelite; Zibia.","strongs_number":"h6644"},"h6645":{"pronunciation":"tsib-yaw'","unicode":"צִבְיָּה","translit":"Tsibyâh","definition":"for {{h6646}}; Tsibjah, an Israelite; Zibiah.","strongs_number":"h6645"},"h6646":{"pronunciation":"tseb-ee-yaw'","unicode":"צְבִיָּה","translit":"tsᵉbîyâh","definition":"feminine of {{h6643}}; a female gazelle; roe.","strongs_number":"h6646"},"h6647":{"pronunciation":"tseb-ah'","unicode":"צְבַע","translit":"tsᵉbaʻ","definition":"(Aramaic) a root corresponding to that of {{h6648}}; to dip; wet.","strongs_number":"h6647"},"h6648":{"pronunciation":"tseh'-bah","unicode":"צֶבַע","translit":"tsebaʻ","definition":"from an unused root meaning to dip (into coloring fluid); a dye; divers, colours.","strongs_number":"h6648"},"h6649":{"pronunciation":"tsib-one'","unicode":"צִבְעוֹן","translit":"Tsibʻôwn","definition":"from the same as {{h6648}}; variegated; Tsibon, an Idumaean; Zibeon.","strongs_number":"h6649"},"h6650":{"pronunciation":"tseb-o-eem'","unicode":"צְבֹעִים","translit":"Tsᵉbôʻîym","definition":"plural of {{h6641}}; hyenas; Tseboim, a place in Palestine; Zeboim.","strongs_number":"h6650"},"h6651":{"pronunciation":"tsaw-bar'","unicode":"צָבַר","translit":"tsâbar","definition":"a primitive root; to aggregate; gather (together), heap (up), lay up.","strongs_number":"h6651"},"h6652":{"pronunciation":"tsib-boor'","unicode":"צִבֻּר","translit":"tsibbur","definition":"from {{h6551}}; a pile; heap.","strongs_number":"h6652"},"h6653":{"pronunciation":"tseh'-beth","unicode":"צֶבֶת","translit":"tsebeth","definition":"from an unused root apparently meaning to grip; a lock of stalks; handful.","strongs_number":"h6653"},"h6654":{"pronunciation":"tsad","unicode":"צַד","translit":"tsad","definition":"contr. from an unused root meaning to sidle off; a side; figuratively, an adversary; (be-) side.","strongs_number":"h6654"},"h6655":{"pronunciation":"tsad","unicode":"צַד","translit":"tsad","definition":"(Aramaic) corresponding to {{h6654}}; used adverbially (with preposition) at or upon the side of; against, concerning.","strongs_number":"h6655"},"h6656":{"pronunciation":"tsed-aw'","unicode":"צְדָא","translit":"tsᵉdâʼ","definition":"(Aramaic) from an unused root corresponding to {{h6658}} in the sense of intentness; a (sinister) design; true.","strongs_number":"h6656"},"h6657":{"pronunciation":"tsed-awd'","unicode":"צְדָד","translit":"Tsᵉdâd","definition":"from the same as {{h6654}}; a siding; Tsedad, a place near Palestine; Zedad.","strongs_number":"h6657"},"h6658":{"pronunciation":"tsaw-daw'","unicode":"צָדָה","translit":"tsâdâh","definition":"a primitive root; to chase; by implication, to desolate; destroy, hunt, lie in wait.","strongs_number":"h6658"},"h6659":{"pronunciation":"tsaw-doke'","unicode":"צָדוֹק","translit":"Tsâdôwq","definition":"from {{h6663}}; just; Tsadok, the name of eight or nine Israelites; Zadok.","strongs_number":"h6659"},"h6660":{"pronunciation":"tsed-ee-yaw'","unicode":"צְדִיָּה","translit":"tsᵉdîyâh","definition":"from {{h6658}}; (compare {{h6656}}); design; lying in wait.","strongs_number":"h6660"},"h6661":{"pronunciation":"tsid-deem'","unicode":"צִדִּים","translit":"Tsiddîym","definition":"plural of {{h6654}}; sides; Tsiddim (with the article), a place in Palestine; Ziddim.","strongs_number":"h6661"},"h6662":{"pronunciation":"tsad-deek'","unicode":"צַדִּיק","translit":"tsaddîyq","definition":"from {{h6663}}; just; just, lawful, righteous (man).","strongs_number":"h6662"},"h6663":{"pronunciation":"tsaw-dak'","unicode":"צָדַק","translit":"tsâdaq","definition":"a primitive root; to be (causatively, make) right (in a moral or forensic sense); cleanse, clear self, (be, do) just(-ice, -ify, -ify self), (be turn to) righteous(-ness).","strongs_number":"h6663"},"h6664":{"pronunciation":"tseh'-dek","unicode":"צֶדֶק","translit":"tsedeq","definition":"from {{h6663}}; the right (natural, moral or legal); also (abstractly) equity or (figuratively) prosperity; × even, (× that which is altogether) just(-ice), (un-)right(-eous) (cause, -ly, -ness).","strongs_number":"h6664"},"h6665":{"pronunciation":"tsid-kaw'","unicode":"צִדְקָה","translit":"tsidqâh","definition":"(Aramaic) corresponding to {{h6666}}; beneficence; righteousness.","strongs_number":"h6665"},"h6666":{"pronunciation":"tsed-aw-kaw'","unicode":"צְדָקָה","translit":"tsᵉdâqâh","definition":"from {{h6663}}; rightness (abstractly), subjectively (rectitude), objectively (justice), morally (virtue) or figuratively (prosperity); justice, moderately, right(-eous) (act, -ly, -ness).","strongs_number":"h6666"},"h6667":{"pronunciation":"tsid-kee-yaw'","unicode":"צִדְקִיָּה","translit":"Tsidqîyâh","definition":"or צִדְקִיָּהוּ; from {{h6664}} and {{h3050}}; right of Jah; Tsidkijah, the name of six Israelites; Zedekiah, Zidkijah.","strongs_number":"h6667"},"h6668":{"pronunciation":"tsaw-hab'","unicode":"צָהַב","translit":"tsâhab","definition":"a primitive root; to glitter, i.e. be golden in color; × fine.","strongs_number":"h6668"},"h6669":{"pronunciation":"tsaw-obe'","unicode":"צָהֹב","translit":"tsâhôb","definition":"from {{h6668}}; golden in color; yellow.","strongs_number":"h6669"},"h6670":{"pronunciation":"tsaw-hal'","unicode":"צָהַל","translit":"tsâhal","definition":"a primitive root; to gleam, i.e. (figuratively) be cheerful; by transference to sound clear (of various animal or human expressions); bellow, cry aloud (out), lift up, neigh, rejoice, make to shine, shout.","strongs_number":"h6670"},"h6671":{"pronunciation":"tsaw-har'","unicode":"צָהַר","translit":"tsâhar","definition":"a primitive root; to glisten; used only as denominative from {{h3323}},; to press out oil; make oil.","strongs_number":"h6671"},"h6672":{"pronunciation":"tso'-har","unicode":"צֹהַר","translit":"tsôhar","definition":"from {{h6671}}; a light (i.e. window); dual double light, i.e. noon; midday, noon(-day, -tide), window.","strongs_number":"h6672"},"h6673":{"pronunciation":"tsav","unicode":"צַו","translit":"tsav","definition":"or צָו; from {{h6680}}; an injunction; commandment, precept.","strongs_number":"h6673"},"h6674":{"pronunciation":"tso","unicode":"צוֹא","translit":"tsôwʼ","definition":"or צֹא; from an unused root meaning to issue; soiled (as if excrementitious); filthy.","strongs_number":"h6674"},"h6675":{"pronunciation":"tso-aw'","unicode":"צוֹאָה","translit":"tsôwʼâh","definition":"or צֹאָה ; feminine of {{h6674}}; excrement; generally, dirt; figuratively, pollution; dung, filth(-iness). Marg. for {{h2716}}.","strongs_number":"h6675"},"h6676":{"pronunciation":"tsav-var'","unicode":"צַוַּאר","translit":"tsavvaʼr","definition":"(Aramaic) corresponding to {{h6677}}; neck.","strongs_number":"h6676"},"h6677":{"pronunciation":"tsav-vawr'","unicode":"צַוָּאר","translit":"tsavvâʼr","definition":"or צַוָּר; (Nehemiah 3:5), or צַוָּרֹןlemma צַוָּרן missing vowel, corrected to צַוָּרֹן; (Song of Solomon 4:9), or (feminine) צַוָּארָה; (Micah 2:3), intensively from {{h6696}} in the sense of binding; the back of the neck (as that on which burdens are bound); neck.","strongs_number":"h6677"},"h6678":{"pronunciation":"tso-baw'","unicode":"צוֹבָא","translit":"Tsôwbâʼ","definition":"or צוֹבָה; or צֹבָה; from an unused root meaning to station; a station; Zoba or Zobah, a region of Syria; Zoba, Zobah.","strongs_number":"h6678"},"h6679":{"pronunciation":"tsood","unicode":"צוּד","translit":"tsûwd","definition":"a primitive root; also denominative from {{h6718}}; to lie alongside (i.e. in wait); by implication, to catch an animal (figuratively, men); to victual (for a journey); chase, hunt, sore, take (provision).","strongs_number":"h6679"},"h6680":{"pronunciation":"tsaw-vaw'","unicode":"צָוָה","translit":"tsâvâh","definition":"a primitive root; (intensively) to constitute, enjoin; appoint, (for-) bid, (give a) charge, (give a, give in, send with) command(-er, -ment), send a messenger, put, (set) in order.","strongs_number":"h6680"},"h6681":{"pronunciation":"tsaw-vakh'","unicode":"צָוַח","translit":"tsâvach","definition":"a primitive root; to screech (exultingly); shout.","strongs_number":"h6681"},"h6682":{"pronunciation":"tsev-aw-khaw'","unicode":"צְוָחָה","translit":"tsᵉvâchâh","definition":"from {{h6681}}; a screech (of anguish); cry(-ing).","strongs_number":"h6682"},"h6683":{"pronunciation":"tsoo-law'","unicode":"צוּלָה","translit":"tsûwlâh","definition":"from an unused root meaning to sink; an abyss (of the sea); deep.","strongs_number":"h6683"},"h6684":{"pronunciation":"tsoom","unicode":"צוּם","translit":"tsûwm","definition":"a primitive root; to cover over (the mouth), i.e. to fast; × at all, fast.","strongs_number":"h6684"},"h6685":{"pronunciation":"tsome","unicode":"צוֹם","translit":"tsôwm","definition":"or צֹם; from {{h6684}}; a fast; fast(-ing).","strongs_number":"h6685"},"h6686":{"pronunciation":"tsoo-awr'","unicode":"צוּעָר","translit":"Tsûwʻâr","definition":"from {{h6819}}; small; Tsuär, an Israelite; Zuar.","strongs_number":"h6686"},"h6687":{"pronunciation":"tsoof","unicode":"צוּף","translit":"tsûwph","definition":"a primitive root; to overflow; (make to over-) flow, swim.","strongs_number":"h6687"},"h6688":{"pronunciation":"tsoof","unicode":"צוּף","translit":"tsûwph","definition":"from {{h6687}}; comb of honey (from dripping); honeycomb.","strongs_number":"h6688"},"h6689":{"pronunciation":"tsoof","unicode":"צוּף","translit":"Tsûwph","definition":"or צוֹפַי; or צִיף; from {{h6688}}; honey-comb; Tsuph or Tsophai or Tsiph, the name of an Israelite and of a place in Palestine; Zophai, Zuph.","strongs_number":"h6689"},"h6690":{"pronunciation":"tso-fakh'","unicode":"צוֹפַח","translit":"Tsôwphach","definition":"from an unused root meaning to expand, breadth; Tsophach, an Israelite; Zophah.","strongs_number":"h6690"},"h6691":{"pronunciation":"tso-far'","unicode":"צוֹפַר","translit":"Tsôwphar","definition":"from {{h6852}}; departing; Tsophar, a friend of Job; Zophar.","strongs_number":"h6691"},"h6692":{"pronunciation":"tsoots","unicode":"צוּץ","translit":"tsûwts","definition":"a primitive root; to twinkle, i.e. glance; by analogy, to blossom (figuratively, flourish); bloom, blossom, flourish, shew self.","strongs_number":"h6692"},"h6693":{"pronunciation":"tsook","unicode":"צוּק","translit":"tsûwq","definition":"a primitive root; to compress, i.e. (figuratively) oppress, distress; constrain, distress, lie sore, (op-) press(-or), straiten.","strongs_number":"h6693"},"h6694":{"pronunciation":"tsook","unicode":"צוּק","translit":"tsûwq","definition":"a primitive root (identical with through the idea of narrowness (of orifice)); to pour out, i.e. (figuratively) smelt, utter; be molten, pour.","strongs_number":"h6694"},"h6695":{"pronunciation":"tsoke","unicode":"צוֹק","translit":"tsôwq","definition":"or (feminine) צוּקָה; from {{h6693}}; a strait, i.e. (figuratively) distress; anguish, × troublous.","strongs_number":"h6695"},"h6696":{"pronunciation":"tsoor","unicode":"צוּר","translit":"tsûwr","definition":"a primitive root; to cramp, i.e. confine (in many applications, literally and figuratively, formative or hostile); adversary, assault, beset, besiege, bind (up), cast, distress, fashion, fortify, inclose, lay siege, put up in bags.","strongs_number":"h6696"},"h6697":{"pronunciation":"tsoor","unicode":"צוּר","translit":"tsûwr","definition":"or צֻר; from {{h6696}}; properly, a cliff (or sharp rock, as compressed); generally, a rock or boulder; figuratively, a refuge; also an edge (as precipitous); edge, × (mighty) God (one), rock, × sharp, stone, × strength, × strong. See also {{h1049}}.","strongs_number":"h6697"},"h6698":{"pronunciation":"tsoor","unicode":"צוּר","translit":"Tsûwr","definition":"the same as {{h6697}}; rock; Tsur, the name of a Midianite and of an Israelite; Zur.","strongs_number":"h6698"},"h6699":{"pronunciation":"tsoo-raw'","unicode":"צוּרָה","translit":"tsûwrâh","definition":"feminine of {{h6697}}; a rock (Job 28:10); also a form (as if pressed out); form, rock.","strongs_number":"h6699"},"h6700":{"pronunciation":"tsoo-ree-ale'","unicode":"צוּרִיאֵל","translit":"Tsûwrîyʼêl","definition":"from {{h6697}} and {{h410}}; rock of God; Tsuriël, an Israelite; Zuriel.","strongs_number":"h6700"}}