{"h6701":{"pronunciation":"tsoo-ree-shad-dah'-ee","unicode":"צוּרִישַׁדַּי","translit":"Tsûwrîyshadday","definition":"from {{h6697}} and {{h7706}}; rock of (the) Almighty; Tsurishaddai, an Israelite; Zurishaddai.","strongs_number":"h6701"},"h6702":{"pronunciation":"tsooth","unicode":"צוּת","translit":"tsûwth","definition":"a primitive root; to blaze; burn.","strongs_number":"h6702"},"h6703":{"pronunciation":"tsakh","unicode":"צַח","translit":"tsach","definition":"from {{h6705}}; dazzling, i.e. sunny, bright, (figuratively) evident; clear, dry, plainly, white.","strongs_number":"h6703"},"h6704":{"pronunciation":"tsee-kheh'","unicode":"צִחֶה","translit":"tsicheh","definition":"from an unused root meaning to glow; parched; dried up.","strongs_number":"h6704"},"h6705":{"pronunciation":"tsaw-khakh'","unicode":"צָחַח","translit":"tsâchach","definition":"a primitive root; to glare, i.e. be dazzling white; be whiter.","strongs_number":"h6705"},"h6706":{"pronunciation":"tsekh-ee'-akh","unicode":"צְחִיחַ","translit":"tsᵉchîyach","definition":"from {{h6705}}; glaring, i.e. exposed to the bright sun; higher place, top.","strongs_number":"h6706"},"h6707":{"pronunciation":"tsekh-ee-khaw'","unicode":"צְחִיחָה","translit":"tsᵉchîychâh","definition":"feminine of {{h6706}}; a parched region, i.e. the desert; dry land.","strongs_number":"h6707"},"h6708":{"pronunciation":"tsekh-ee-khee'","unicode":"צְחִיחִי","translit":"tsᵉchîychîy","definition":"from {{h6706}}; bare spot, i.e. in the glaring sun; higher place.","strongs_number":"h6708"},"h6709":{"pronunciation":"tsakh-an-aw'","unicode":"צַחֲנָה","translit":"tsachănâh","definition":"from an unused root meaning to putrefy; stench; ill savour.","strongs_number":"h6709"},"h6710":{"pronunciation":"tsakh-tsaw-khaw'","unicode":"צַחְצָחָה","translit":"tsachtsâchâh","definition":"from {{h6705}}; a dry place, i.e. desert; drought.","strongs_number":"h6710"},"h6711":{"pronunciation":"tsaw-khak'","unicode":"צָחַק","translit":"tsâchaq","definition":"a primitive root; to laugh outright (in merriment or scorn); by implication, to sport; laugh, mock, play, make sport.","strongs_number":"h6711"},"h6712":{"pronunciation":"tsekh-oke'","unicode":"צְחֹק","translit":"tsᵉchôq","definition":"from {{h6711}}; laughter (in pleasure or derision); laugh(-ed to scorn).","strongs_number":"h6712"},"h6713":{"pronunciation":"tsakh'-ar","unicode":"צַחַר","translit":"tsachar","definition":"from an unused root meaning to dazzle; sheen, i.e. whiteness; white.","strongs_number":"h6713"},"h6714":{"pronunciation":"tso'-khar","unicode":"צֹחַר","translit":"Tsôchar","definition":"from the same as {{h6713}}; whiteness; Tsochar, the name of a Hittite and of an Israelite; Zohar. Compare {{h3328}}.","strongs_number":"h6714"},"h6715":{"pronunciation":"tsaw-khore'","unicode":"צָחֹר","translit":"tsâchôr","definition":"from the same as {{h6713}}; white; white.","strongs_number":"h6715"},"h6716":{"pronunciation":"tsee","unicode":"צִי","translit":"tsîy","definition":"from {{h6680}}; a ship (as a fixture); ship.","strongs_number":"h6716"},"h6717":{"pronunciation":"tsee-baw'","unicode":"צִיבָא","translit":"Tsîybâʼ","definition":"from the same as {{h6678}}; station; Tsiba, an Israelite; Ziba.","strongs_number":"h6717"},"h6718":{"pronunciation":"tsah'-yid","unicode":"צַיִד","translit":"tsayid","definition":"from a form of {{h6679}} and meaning the same; the chase; also game (thus taken); × catcheth, food, × hunter, (that which he took in) hunting, venison, victuals.","strongs_number":"h6718"},"h6719":{"pronunciation":"tsah'-yawd","unicode":"צַיָּד","translit":"tsayâd","definition":"from the same as {{h6718}}; a huntsman; hunter.","strongs_number":"h6719"},"h6720":{"pronunciation":"tsay-daw'","unicode":"צֵידָה","translit":"tsêydâh","definition":"or צֵדָה; feminine of {{h6718}}; food; meat, provision, venison, victuals.","strongs_number":"h6720"},"h6721":{"pronunciation":"tsee-done'","unicode":"צִידוֹן","translit":"Tsîydôwn","definition":"or צִידֹן; from {{h6679}} in the sense of catching fish; fishery; Tsidon, the name of a son of Canaan, and of a place in Palestine; Sidon, Zidon.","strongs_number":"h6721"},"h6722":{"pronunciation":"tsee-do-nee'","unicode":"צִידֹנִי","translit":"Tsîydônîy","definition":"patrial from {{h6721}}; a Tsidonian or inhabitant of Tsidon; Sidonian, of Sidon, Zidonian.","strongs_number":"h6722"},"h6723":{"pronunciation":"tsee-yaw'","unicode":"צִיָּה","translit":"tsîyâh","definition":"from an unused root meaning to parch; aridity; concretely, a desert; barren, drought, dry (land, place), solitary place, wilderness.","strongs_number":"h6723"},"h6724":{"pronunciation":"tsee-yone'","unicode":"צִיוֹן","translit":"tsîyôwn","definition":"from the same as {{h6723}}; a desert; dry place.","strongs_number":"h6724"},"h6725":{"pronunciation":"tsee-yoon'","unicode":"צִיּוּן","translit":"tsîyûwn","definition":"from the same as {{h6723}} in the sense of conspicuousness (compare {{h5329}}); a monumental or guiding pillar; sign, title, waymark.","strongs_number":"h6725"},"h6726":{"pronunciation":"tsee-yone'","unicode":"צִיּוֹן","translit":"Tsîyôwn","definition":"the same (regularly) as {{h6725}}; Tsijon (as a permanent capital), a mountain of Jerusalem; Zion.","strongs_number":"h6726"},"h6727":{"pronunciation":"tsee-khaw'","unicode":"צִיחָא","translit":"Tsîychâʼ","definition":"or צִחָא; as if feminine of {{h6704}}; drought; Tsicha, the name of two Nethinim; Ziha.","strongs_number":"h6727"},"h6728":{"pronunciation":"tsee-ee'","unicode":"צִיִּי","translit":"tsîyîy","definition":"from the same as {{h6723}}; a desert-dweller, i.e. nomad or wild beast; wild beast of the desert, that dwell in (inhabiting) the wilderness.","strongs_number":"h6728"},"h6729":{"pronunciation":"tsee-noke'","unicode":"צִינֹק","translit":"tsîynôq","definition":"from an unused root meaning to confine; the pillory; stocks.","strongs_number":"h6729"},"h6730":{"pronunciation":"tsee-ore'","unicode":"צִיעֹר","translit":"Tsîyʻôr","definition":"from {{h6819}}; small; Tsior, a place in Palestine; Zior.","strongs_number":"h6730"},"h6731":{"pronunciation":"tseets","unicode":"צִיץ","translit":"tsîyts","definition":"or צִץ; from {{h6692}}; properly, glistening, i.e. a burnished plate; also a flower (as bright colored); a wing (as gleaming in the air); blossom, flower, plate, wing.","strongs_number":"h6731"},"h6732":{"pronunciation":"tseets","unicode":"צִיץ","translit":"Tsîyts","definition":"the same as {{h6731}}; bloom; Tsits, a place in Palestine; Ziz.","strongs_number":"h6732"},"h6733":{"pronunciation":"tsee-tsaw'","unicode":"צִיצָה","translit":"tsîytsâh","definition":"feminine of {{h6731}}; a flower; flower.","strongs_number":"h6733"},"h6734":{"pronunciation":"tsee-tseeth'","unicode":"צִיצִת","translit":"tsîytsith","definition":"feminine of {{h6731}}; a floral or wing-like projection, i.e. a fore-lock of hair, a tassel; fringe, lock.","strongs_number":"h6734"},"h6735":{"pronunciation":"tseer","unicode":"צִיר","translit":"tsîyr","definition":"from {{h6696}}; a hinge (as pressed in turning); also a throe (as a phys. or mental pressure); also a herald or errand-doer (as constrained by the principal); ambassador, hinge, messenger, pain, pang, sorrow. Compare {{h6736}}.","strongs_number":"h6735"},"h6736":{"pronunciation":"tseer","unicode":"צִיר","translit":"tsîyr","definition":"the same as {{h6735}}; a form (of beauty; as if pressed out, i.e. carved); hence, an (idolatrous) image; beauty, idol.","strongs_number":"h6736"},"h6737":{"pronunciation":"tsaw-yar'","unicode":"צָיַר","translit":"tsâyar","definition":"a denominative from {{h6735}} in the sense of ambassador; to make an errand, i.e. betake oneself; make as if...had been ambassador.","strongs_number":"h6737"},"h6738":{"pronunciation":"tsale","unicode":"צֵל","translit":"tsêl","definition":"from {{h6751}}; shade, whether literal or figurative; defence, shade(-ow).","strongs_number":"h6738"},"h6739":{"pronunciation":"tsel-aw'","unicode":"צְלָא","translit":"tsᵉlâʼ","definition":"(Aramaic) probably corresponding to {{h6760}} in the sense of bowing; pray; pray.","strongs_number":"h6739"},"h6740":{"pronunciation":"tsaw-law'","unicode":"צָלָה","translit":"tsâlâh","definition":"a primitive root; to roast; roast.","strongs_number":"h6740"},"h6741":{"pronunciation":"tsil-law'","unicode":"צִלָּה","translit":"Tsillâh","definition":"feminine of {{h6738}}; Tsillah, an antediluvian woman; Zillah.","strongs_number":"h6741"},"h6742":{"pronunciation":"tsel-ool'","unicode":"צְלוּל","translit":"tsᵉlûwl","definition":"from {{h6749}} in the sense of rolling; a (round or flattened) cake; cake.","strongs_number":"h6742"},"h6743":{"pronunciation":"tsaw-lakh'","unicode":"צָלַח","translit":"tsâlach","definition":"or צָלֵחַ; a primitive root; to push forward, in various senses (literal or figurative, transitive or intransitive); break out, come (mightily), go over, be good, be meet, be profitable, (cause to, effect, make to, send) prosper(-ity, -ous, -ously).","strongs_number":"h6743"},"h6744":{"pronunciation":"tsel-akh'","unicode":"צְלַח","translit":"tsᵉlach","definition":"(Aramaic) corresponding to {{h6743}}; to advance (transitive or intransitive); promote, prosper.","strongs_number":"h6744"},"h6745":{"pronunciation":"tsay-law-khaw'","unicode":"צֵלָחָה","translit":"tsêlâchâh","definition":"from {{h6743}}; something protracted or flattened out, i.e. a platter; pan.","strongs_number":"h6745"},"h6746":{"pronunciation":"tsel-o-kheeth'","unicode":"צְלֹחִית","translit":"tsᵉlôchîyth","definition":"from {{h6743}}; something prolonged or tall, i.e. a vial or salt-cellar; cruse.","strongs_number":"h6746"},"h6747":{"pronunciation":"tsal-lakh'-ath","unicode":"צַלַּחַת","translit":"tsallachath","definition":"from {{h6743}}; something advanced or deep, i.e. a bowl; figuratively, the bosom; bosom, dish.","strongs_number":"h6747"},"h6748":{"pronunciation":"tsaw-lee'","unicode":"צָלִי","translit":"tsâlîy","definition":"passive participle of {{h6740}}; roasted; roast.","strongs_number":"h6748"},"h6749":{"pronunciation":"tsaw-lal'","unicode":"צָלַל","translit":"tsâlal","definition":"a primitive root; properly, to tumble down, i.e. settle by a waving motion; sink. Compare {{h6750}}, {{h6751}}.","strongs_number":"h6749"},"h6750":{"pronunciation":"tsaw-lal'","unicode":"צָלַל","translit":"tsâlal","definition":"a primitive root (identical with through the idea of vibration); to tinkle, i.e. rattle together (as the ears in reddening with shame, or the teeth in chattering with fear); quiver, tingle.","strongs_number":"h6750"},"h6751":{"pronunciation":"tsaw-lal'","unicode":"צָלַל","translit":"tsâlal","definition":"a primitive root (identical with through the idea of hovering over (compare {{h6754}})); to shade, as twilight or an opaque object; begin to be dark, shadowing.","strongs_number":"h6751"},"h6752":{"pronunciation":"tsay'-lel","unicode":"צֵלֶל","translit":"tsêlel","definition":"from {{h6751}}; shade; shadow.","strongs_number":"h6752"},"h6753":{"pronunciation":"tsel-el-po-nee'","unicode":"צְלֶלְפּוֹנִי","translit":"Tsᵉlelpôwnîy","definition":"from {{h6752}} and the active participle of {{h6437}}; shade-facing; Tselelponi, an Israelitess; Hazelelponi (including the article).","strongs_number":"h6753"},"h6754":{"pronunciation":"tseh'-lem","unicode":"צֶלֶם","translit":"tselem","definition":"from an unused root meaning to shade; a phantom, i.e. (figuratively) illusion, resemblance; hence, a representative figure, especially an idol; image, vain shew.","strongs_number":"h6754"},"h6755":{"pronunciation":"tseh'-lem","unicode":"צֶלֶם","translit":"tselem","definition":"(Aramaic) or צְלֶם; (Aramaic), corresponding to {{h6754}}; an idolatrous figure; form, image.","strongs_number":"h6755"},"h6756":{"pronunciation":"tsal-mone'","unicode":"צַלְמוֹן","translit":"Tsalmôwn","definition":"from {{h6754}}; shady; Tsalmon, the name of a place in Palestine and of an Israelite; Zalmon.","strongs_number":"h6756"},"h6757":{"pronunciation":"tsal-maw'-veth","unicode":"צַלְמָוֶת","translit":"tsalmâveth","definition":"from {{h6738}} and {{h4194}}; shade of death, i.e. the grave (figuratively, calamity); shadow of death.","strongs_number":"h6757"},"h6758":{"pronunciation":"tsal-mo-naw'","unicode":"צַלְמֹנָה","translit":"Tsalmônâh","definition":"feminine of {{h6757}}; shadiness; Tsalmonah, a place in the Desert; Zalmonah.","strongs_number":"h6758"},"h6759":{"pronunciation":"tsal-moon-naw'","unicode":"צַלְמֻנָּע","translit":"Tsalmunnâʻ","definition":"from {{h6738}} and {{h4513}}; shade has been denied; Tsalmunna, a Midianite; Zalmunna.","strongs_number":"h6759"},"h6760":{"pronunciation":"tsaw-lah'","unicode":"צָלַע","translit":"tsâlaʻ","definition":"a primitive root; probably to curve; used only as denominative from {{h6763}},; to limp (as if one-sided); halt.","strongs_number":"h6760"},"h6761":{"pronunciation":"tseh'-lah","unicode":"צֶלַע","translit":"tselaʻ","definition":"from {{h6760}}; a limping or full (figuratively); adversity, halt(-ing).","strongs_number":"h6761"},"h6762":{"pronunciation":"tseh'-lah","unicode":"צֶלַע","translit":"Tselaʻ","definition":"the same as {{h6761}}; Tsela, a place in Palestine; Zelah.","strongs_number":"h6762"},"h6763":{"pronunciation":"tsay-law'","unicode":"צֵלָע","translit":"tsêlâʻ","definition":"or (feminine) צַלְעָה; from {{h6760}}; a rib (as curved), literally (of the body) or figuratively (of a door, i.e. leaf); hence, a side, literally (of a person) or figuratively (of an object or the sky, i.e. quarter); architecturally, a (especially floor or ceiling) timber or plank (single or collective, i.e. a flooring); beam, board, chamber, corner, leaf, plank, rib, side (chamber).","strongs_number":"h6763"},"h6764":{"pronunciation":"tsaw-lawf'","unicode":"צָלָף","translit":"Tsâlâph","definition":"from an unused root of unknown meaning; Tsalaph, an Israelite; Zalaph.","strongs_number":"h6764"},"h6765":{"pronunciation":"tsel-of-chawd'","unicode":"צְלׇפְחָד","translit":"Tsᵉlophchâd","definition":"from the same as {{h6764}} and {{h259}}; Tselophchad, an Israelite; Zelophehad.","strongs_number":"h6765"},"h6766":{"pronunciation":"tsel-tsakh'","unicode":"צֶלְצַח","translit":"Tseltsach","definition":"from {{h6738}} and {{h6703}}; clear shade; Tseltsach, a place in Palestine; Zelzah.","strongs_number":"h6766"},"h6767":{"pronunciation":"tsel-aw-tsal'","unicode":"צְלָצַל","translit":"tsᵉlâtsal","definition":"from {{h6750}} reduplicated; a clatter, i.e. (abstractly) whirring (of wings); (concretely) a cricket; also a harpoon (as rattling),a cymbal (as clanging); cymbal, locust, shadowing, spear.","strongs_number":"h6767"},"h6768":{"pronunciation":"tseh'-lek","unicode":"צֶלֶק","translit":"Tseleq","definition":"from an unused root meaning to split; fissure; Tselek, an Israelite; Zelek.","strongs_number":"h6768"},"h6769":{"pronunciation":"tsil-leth-ah'-ee","unicode":"צִלְּתַי","translit":"Tsillᵉthay","definition":"from the feminine of {{h6738}}; shady; Tsillethai, the name of two Israelites; Zilthai.","strongs_number":"h6769"},"h6770":{"pronunciation":"tsaw-may'","unicode":"צָמֵא","translit":"tsâmêʼ","definition":"a primitive root; to thirst (literally or figuratively); (be a-, suffer) thirst(-y).","strongs_number":"h6770"},"h6771":{"pronunciation":"tsaw-may'","unicode":"צָמֵא","translit":"tsâmêʼ","definition":"from {{h6770}}; thirsty (literally or figuratively); (that) thirst(-eth, -y).","strongs_number":"h6771"},"h6772":{"pronunciation":"tsaw-maw'","unicode":"צָמָא","translit":"tsâmâʼ","definition":"from {{h6770}}; thirst (literally or figuratively); thirst(-y).","strongs_number":"h6772"},"h6773":{"pronunciation":"tsim-aw'","unicode":"צִמְאָה","translit":"tsimʼâh","definition":"feminine of {{h6772}}; thirst (figuratively, of libidinousnes); thirst.","strongs_number":"h6773"},"h6774":{"pronunciation":"tsim-maw-one'","unicode":"צִמָּאוֹן","translit":"tsimmâʼôwn","definition":"from {{h6771}}; a thirsty place, i.e. desert; drought, dry ground, thirsty land.","strongs_number":"h6774"},"h6775":{"pronunciation":"tsaw-mad'","unicode":"צָמַד","translit":"tsâmad","definition":"a primitive root; to link, i.e. gird; figuratively, to serve, (mentally) contrive; fasten, frame, join (self).","strongs_number":"h6775"},"h6776":{"pronunciation":"tseh'-med","unicode":"צֶמֶד","translit":"tsemed","definition":"a yoke or team (i.e. pair); hence, an acre (i.e. day's task for a yoke of cattle to plough); acre, couple, × together, two (donkeys), yoke (of oxen).","strongs_number":"h6776"},"h6777":{"pronunciation":"tsam-maw'","unicode":"צַמָּה","translit":"tsammâh","definition":"from an unused root meaning to fasten on; a veil; locks.","strongs_number":"h6777"},"h6778":{"pronunciation":"tsam-mook'","unicode":"צַמּוּק","translit":"tsammûwq","definition":"from {{h6784}}; a cake of dried grapes; bunch (cluster) of raisins.","strongs_number":"h6778"},"h6779":{"pronunciation":"tsaw-makh'","unicode":"צָמַח","translit":"tsâmach","definition":"a primitive root; to sprout (transitive or intransitive, literal or figurative); bear, bring forth, (cause to, make to) bud (forth), (cause to, make to) grow (again, up), (cause to) spring (forth, up).","strongs_number":"h6779"},"h6780":{"pronunciation":"tseh'-makh","unicode":"צֶמַח","translit":"tsemach","definition":"from {{h6779}}; a sprout (usually concrete), literal or figurative; branch, bud, that which (where) grew (upon), spring(-ing).","strongs_number":"h6780"},"h6781":{"pronunciation":"tsaw-meed'","unicode":"צָמִיד","translit":"tsâmîyd","definition":"or צָמִד; from {{h6775}}; a bracelet or arm-clasp; generally, a lid; bracelet, covering.","strongs_number":"h6781"},"h6782":{"pronunciation":"tsam-meem'","unicode":"צַמִּים","translit":"tsammîym","definition":"from the same as {{h6777}}; a noose (as fastening); figuratively, destruction; robber.","strongs_number":"h6782"},"h6783":{"pronunciation":"tsem-ee-thooth'","unicode":"צְמִיתֻת","translit":"tsᵉmîythuth","definition":"or צְמִתֻת; from {{h6789}}; excision, i.e. destruction; used only (adverbially) with prepositional prefix to extinction, i.e. perpetually; ever.","strongs_number":"h6783"},"h6784":{"pronunciation":"tsaw-mak'","unicode":"צָמַק","translit":"tsâmaq","definition":"a primitive root; to dry up; dry.","strongs_number":"h6784"},"h6785":{"pronunciation":"tseh'-mer","unicode":"צֶמֶר","translit":"tsemer","definition":"from an unused root probably meaning to be shaggy; wool; wool(-len).","strongs_number":"h6785"},"h6786":{"pronunciation":"tsem-aw-ree'","unicode":"צְמָרִי","translit":"Tsᵉmârîy","definition":"patrial from an unused name of a place in Palestine; a Tsemarite or branch of the Canaanites; Zemarite.","strongs_number":"h6786"},"h6787":{"pronunciation":"tsem-aw-rah'-yim","unicode":"צְמָרַיִם","translit":"Tsᵉmârayim","definition":"dual of {{h6785}}; double fleece; Tsemarajim, a place in Palestine; Zemaraim.","strongs_number":"h6787"},"h6788":{"pronunciation":"tsam-meh'-reth","unicode":"צַמֶּרֶת","translit":"tsammereth","definition":"from the same as {{h6785}}; fleeciness, i.e. foliage; highest branch, top.","strongs_number":"h6788"},"h6789":{"pronunciation":"tsaw-math'","unicode":"צָמַת","translit":"tsâmath","definition":"a primitive root; to extirpate (literally or figuratively); consume, cut off, destroy, vanish.","strongs_number":"h6789"},"h6790":{"pronunciation":"tseen","unicode":"צִן","translit":"Tsin","definition":"from an unused root meaning to prick; a crag; Tsin, a part of the Desert; Zin.","strongs_number":"h6790"},"h6791":{"pronunciation":"tsane","unicode":"צֵן","translit":"tsên","definition":"from an unused root meaning to be prickly; a thorn; hence, a cactus-hedge; thorn.","strongs_number":"h6791"},"h6792":{"pronunciation":"tso-nay'","unicode":"צֹנֵא","translit":"tsônêʼ","definition":"or צֹנֶה; for {{h6629}}; a flock; sheep.","strongs_number":"h6792"},"h6793":{"pronunciation":"tsin-naw'","unicode":"צִנָּה","translit":"tsinnâh","definition":"feminine of {{h6791}}; a hook (as pointed); also a (large) shield (as if guarding by prickliness); also cold (as piercing); buckler, cold, hook, shield, target.","strongs_number":"h6793"},"h6794":{"pronunciation":"tsin-noor'","unicode":"צִנּוּר","translit":"tsinnûwr","definition":"from an unused root perhaps meaning to be hollow; a culvert; gutter, water-spout.","strongs_number":"h6794"},"h6795":{"pronunciation":"tsaw-nakh'","unicode":"צָנַח","translit":"tsânach","definition":"a primitive root; to alight; (transitive) to cause to descend, i.e. drive down; fasten, light (from off).","strongs_number":"h6795"},"h6796":{"pronunciation":"tsaw-neen'","unicode":"צָנִין","translit":"tsânîyn","definition":"or צָנִן; from the same as {{h6791}}; a thorn; thorn.","strongs_number":"h6796"},"h6797":{"pronunciation":"tsaw-neef'","unicode":"צָנִיף","translit":"tsânîyph","definition":"or צָנוֹף; or (feminine) צָנִיפָה; from {{h6801}}; a head-dress (i.e. piece of cloth wrapped around); diadem, hood, mitre.","strongs_number":"h6797"},"h6798":{"pronunciation":"tsaw-nam'","unicode":"צָנַם","translit":"tsânam","definition":"a primitive root; to blast or shrink; withered.","strongs_number":"h6798"},"h6799":{"pronunciation":"tsen-awn'","unicode":"צְנָן","translit":"Tsᵉnân","definition":"probably for {{h6630}}; Tsenan, a place near Palestine; Zenan.","strongs_number":"h6799"},"h6800":{"pronunciation":"tsaw-nah'","unicode":"צָנַע","translit":"tsânaʻ","definition":"a primitive root; to humiliate; humbly, lowly.","strongs_number":"h6800"}}