{"h6801":{"pronunciation":"tsaw-naf'","unicode":"צָנַף","translit":"tsânaph","definition":"a primitive root; to wrap, i.e. roll or dress; be attired, × surely, violently turn.","strongs_number":"h6801"},"h6802":{"pronunciation":"tsen-ay-faw'","unicode":"צְנֵפָה","translit":"tsᵉnêphâh","definition":"from {{h6801}}; a ball; × toss.","strongs_number":"h6802"},"h6803":{"pronunciation":"tsin-tseh'-neth","unicode":"צִנְצֶנֶת","translit":"tsintseneth","definition":"from the same as {{h6791}}; a vase (probably a vial tapering at the top); pot.","strongs_number":"h6803"},"h6804":{"pronunciation":"tsan-taw-raw'","unicode":"צַנְתָּרָה","translit":"tsantârâh","definition":"probably from the same as {{h6794}}; a tube; pipe.","strongs_number":"h6804"},"h6805":{"pronunciation":"tsaw-ad'","unicode":"צָעַד","translit":"tsâʻad","definition":"a primitive root; to pace, i.e. step regularly; (upward) to mount; (along) to march; (down and causatively) to hurl; bring, go, march (through), run over.","strongs_number":"h6805"},"h6806":{"pronunciation":"tsah'-ad","unicode":"צַעַד","translit":"tsaʻad","definition":"from {{h6804}}; a pace or regular step; pace, step.","strongs_number":"h6806"},"h6807":{"pronunciation":"tseh-aw-daw'","unicode":"צְעָדָה","translit":"tsᵉʻâdâh","definition":"feminine of {{h6806}}; a march; (concretely) an (ornamental) ankle-chain; going, ornament of the legs.","strongs_number":"h6807"},"h6808":{"pronunciation":"tsaw-aw'","unicode":"צָעָה","translit":"tsâʻâh","definition":"a primitive root; to tip over (for the purpose of spilling or pouring out), i.e. (figuratively) depopulate; by implication, to imprison or conquer; (reflexive) to lie down (for coitus); captive exile, travelling, (cause to) wander(-er).","strongs_number":"h6808"},"h6809":{"pronunciation":"tsaw-eef'","unicode":"צָעִיף","translit":"tsâʻîyph","definition":"from an unused root meaning to wrap over; a veil; vail.","strongs_number":"h6809"},"h6810":{"pronunciation":"tsaw-eer'","unicode":"צָעִיר","translit":"tsâʻîyr","definition":"or צָעוֹר; from {{h6819}}; little; (in number) few; (in age) young, (in value) ignoble; least, little (one), small (one),   young(-er, -est).","strongs_number":"h6810"},"h6811":{"pronunciation":"tsaw-eer'","unicode":"צָעִיר","translit":"Tsâʻîyr","definition":"the same as {{h6810}}; Tsair, a place in Idumaea; Zair.","strongs_number":"h6811"},"h6812":{"pronunciation":"tseh-ee-raw'","unicode":"צְעִירָה","translit":"tsᵉʻîyrâh","definition":"feminine of {{h6810}}; smallness (of age), i.e. juvenility; youth.","strongs_number":"h6812"},"h6813":{"pronunciation":"tsaw-an'","unicode":"צָעַן","translit":"tsâʻan","definition":"a primitive root; to load up (beasts), i.e. to migrate; be taken down.","strongs_number":"h6813"},"h6814":{"pronunciation":"tso'-an","unicode":"צֹעַן","translit":"Tsôʻan","definition":"of Egyptian derivation; Tsoän, a place in Egypt; Zoan.","strongs_number":"h6814"},"h6815":{"pronunciation":"tsah-an-an-neem'","unicode":"צַעֲנַנִּים","translit":"Tsaʻănannîym","definition":"or (dual) צַעֲנַיִם; plural from {{h6813}}; removals; Tsaanannim or Tsaanajim, a place in Palestine; Zaannannim, Zaanaim.","strongs_number":"h6815"},"h6816":{"pronunciation":"tsah-tsoo'-ah","unicode":"צַעְצֻעַ","translit":"tsaʻtsuaʻ","definition":"from an unused root meaning to bestrew with carvings; sculpture; image (work).","strongs_number":"h6816"},"h6817":{"pronunciation":"tsaw-ak'","unicode":"צָעַק","translit":"tsâʻaq","definition":"a primitive root; to shriek; (by implication) to proclaim (an assembly); × at all, call together, cry (out), gather (selves) (together).","strongs_number":"h6817"},"h6818":{"pronunciation":"tsah-ak-aw'","unicode":"צַעֲקָה","translit":"tsaʻăqâh","definition":"from {{h6817}}; a shriek; cry(-ing).","strongs_number":"h6818"},"h6819":{"pronunciation":"tsaw-ar'","unicode":"צָעַר","translit":"tsâʻar","definition":"a primitive root; to be small, i.e. (figuratively) ignoble; be brought low, little one, be small.","strongs_number":"h6819"},"h6820":{"pronunciation":"tso'ar","unicode":"צֹעַר","translit":"Tsôʻar","definition":"from {{h6819}}; little; Tsoar, a place East of the Jordan; Zoar.","strongs_number":"h6820"},"h6821":{"pronunciation":"tsaw-fad'","unicode":"צָפַד","translit":"tsâphad","definition":"a primitive root; to adhere; cleave.","strongs_number":"h6821"},"h6822":{"pronunciation":"tsaw-faw'","unicode":"צָפָה","translit":"tsâphâh","definition":"a primitive root; properly, to lean forward, i.e. to peer into the distance; by implication, to observe, await; behold, espy, look up (well), wait for, (keep the) watch(-man).","strongs_number":"h6822"},"h6823":{"pronunciation":"tsaw-faw'","unicode":"צָפָה","translit":"tsâphâh","definition":"a primitive root (probably identical with {{h6822}} through the idea of expansion in outlook, transferring to action); to sheet over (especially with metal); cover, overlay.","strongs_number":"h6823"},"h6824":{"pronunciation":"tsaw-faw'","unicode":"צָפָה","translit":"tsâphâh","definition":"from {{h6823}}; an inundation (as covering); × swimmest.","strongs_number":"h6824"},"h6825":{"pronunciation":"tsef-o'","unicode":"צְפוֹ","translit":"Tsᵉphôw","definition":"or צְפִי; from {{h6822}}; observant; Tsepho or Tsephi, an Idumaean; Zephi, Zepho.","strongs_number":"h6825"},"h6826":{"pronunciation":"tsip-poo'-ee","unicode":"צִפּוּי","translit":"tsippûwy","definition":"from {{h6823}}; encasement (with metal); covering, overlaying.","strongs_number":"h6826"},"h6827":{"pronunciation":"tsef-one'","unicode":"צְפוֹן","translit":"Tsᵉphôwn","definition":"probably for {{h6837}}; Tsephon, an Israelite; Zephon.","strongs_number":"h6827"},"h6828":{"pronunciation":"tsaw-fone'","unicode":"צָפוֹן","translit":"tsâphôwn","definition":"or צָפֹן; from {{h6845}}; properly, hidden, i.e. dark; used only of the north as a quarter (gloomy and unknown); north(-ern, side, -ward, wind).","strongs_number":"h6828"},"h6829":{"pronunciation":"tsaw-fone'","unicode":"צָפוֹן","translit":"Tsâphôwn","definition":"the same as {{h6828}}; boreal; Tsaphon, a place in Palestine; Zaphon.","strongs_number":"h6829"},"h6830":{"pronunciation":"tsef-o-nee'","unicode":"צְפוֹנִי","translit":"tsᵉphôwnîy","definition":"from {{h6828}}; northern; northern.","strongs_number":"h6830"},"h6831":{"pronunciation":"tsef-o-nee'","unicode":"צְפוֹנִי","translit":"Tsᵉphôwnîy","definition":"patronymically from {{h6827}}; a Tsephonite, or (collectively) descendants of Tsephon; Zephonites.","strongs_number":"h6831"},"h6832":{"pronunciation":"tsef-oo'-ah","unicode":"צְפוּעַ","translit":"tsᵉphûwaʻ","definition":"from the same as {{h6848}}; excrement (as protruded); dung.","strongs_number":"h6832"},"h6833":{"pronunciation":"tsip-pore'","unicode":"צִפּוֹר","translit":"tsippôwr","definition":"or צִפֹּר; from {{h6852}}; a little bird (as hopping); bird, fowl, sparrow.","strongs_number":"h6833"},"h6834":{"pronunciation":"tsip-pore'","unicode":"צִפּוֹר","translit":"Tsippôwr","definition":"the same as {{h6833}}; Tsippor, a Moabite; Zippor.","strongs_number":"h6834"},"h6835":{"pronunciation":"tsap-pakh'-ath","unicode":"צַפַּחַת","translit":"tsappachath","definition":"from an unused root meaning to expand; a saucer (as flat); cruse.","strongs_number":"h6835"},"h6836":{"pronunciation":"tsef-ee-yaw'","unicode":"צְפִיָּה","translit":"tsᵉphîyâh","definition":"from {{h6822}}; watchfulness; watching.","strongs_number":"h6836"},"h6837":{"pronunciation":"tsif-yone'","unicode":"צִפְיוֹן","translit":"Tsiphyôwn","definition":"from {{h6822}}; watch-tower; Tsiphjon, an Israelite; Ziphion. Compare {{h6827}}.","strongs_number":"h6837"},"h6838":{"pronunciation":"tsap-pee-kheeth'","unicode":"צַפִּיחִת","translit":"tsappîychith","definition":"from the same as {{h6835}}; a flat thin cake; wafer.","strongs_number":"h6838"},"h6839":{"pronunciation":"tso-feem'","unicode":"צֹפִים","translit":"Tsôphîym","definition":"plural of active participle of {{h6822}}; watchers; Tsophim, a place East of the Jordan; Zophim.","strongs_number":"h6839"},"h6840":{"pronunciation":"tsaw-feen'","unicode":"צָפִין","translit":"tsâphîyn","definition":"from {{h6845}}; a treasure (as hidden); hid.","strongs_number":"h6840"},"h6841":{"pronunciation":"tsef-eer'","unicode":"צְפִיר","translit":"tsᵉphîyr","definition":"(Aramaic) corresponding to {{h6842}}; a he-goat; he (goat).","strongs_number":"h6841"},"h6842":{"pronunciation":"tsaw-feer'","unicode":"צָפִיר","translit":"tsâphîyr","definition":"from {{h6852}}; a male goat (as prancing); (he) goat.","strongs_number":"h6842"},"h6843":{"pronunciation":"tsef-ee-raw'","unicode":"צְפִירָה","translit":"tsᵉphîyrâh","definition":"feminine formed like {{h6842}}; a crown (as encircling the head); also a turn of affairs (i.e. mishap); diadem, morning.","strongs_number":"h6843"},"h6844":{"pronunciation":"tsaw-feeth'","unicode":"צָפִית","translit":"tsâphîyth","definition":"from {{h6822}}; a sentry; watchtower.","strongs_number":"h6844"},"h6845":{"pronunciation":"tsaw-fan'","unicode":"צָפַן","translit":"tsâphan","definition":"a primitive root; to hide (by covering over); by implication, to hoard or reserve; figuratively to deny; specifically (favorably) to protect, (unfavorably) to lurk; esteem, hide(-den one, self), lay up, lurk (be set) privily, (keep) secret(-ly, place).","strongs_number":"h6845"},"h6846":{"pronunciation":"tsef-an-yaw'","unicode":"צְפַנְיָה","translit":"Tsᵉphanyâh","definition":"or צְפַנְיָהוּ; from {{h6845}} and {{h3050}}; Jah has secreted; Tsephanjah, the name of four Israelites; Zephaniah.","strongs_number":"h6846"},"h6847":{"pronunciation":"tsof-nath' pah-nay'-akh","unicode":"צׇפְנַת פַּעְנֵחַ","translit":"Tsophnath Paʻnêach","definition":"of Egyptian derivation; Tsophnath-Paneach, Joseph's Egyptian name; Zaphnath-paaneah.","strongs_number":"h6847"},"h6848":{"pronunciation":"tseh'-fah","unicode":"צֶפַע","translit":"tsephaʻ","definition":"from an unused root meaning to extrude; a viper (as thrusting out the tongue, i.e. hissing); adder, cockatrice.","strongs_number":"h6848"},"h6849":{"pronunciation":"tsef-ee-aw'","unicode":"צְפִעָה","translit":"tsᵉphiʻâh","definition":"feminine from the same as {{h6848}}; an outcast thing; issue.","strongs_number":"h6849"},"h6850":{"pronunciation":"tsaw-faf'","unicode":"צָפַף","translit":"tsâphaph","definition":"a primitive root; to coo or chirp (as a bird); chatter, peep, whisper.","strongs_number":"h6850"},"h6851":{"pronunciation":"tsaf-tsaw-faw'","unicode":"צַפְצָפָה","translit":"tsaphtsâphâh","definition":"from {{h6687}}; a willow (as growing in overflowed places); willow tree.","strongs_number":"h6851"},"h6852":{"pronunciation":"tsaw-far'","unicode":"צָפַר","translit":"tsâphar","definition":"a primitive root; to skip about, i.e. return; depart early.","strongs_number":"h6852"},"h6853":{"pronunciation":"tsef-ar'","unicode":"צְפַר","translit":"tsᵉphar","definition":"(Aramaic) corresponding to {{h6833}}; a bird.; bird.","strongs_number":"h6853"},"h6854":{"pronunciation":"tsef-ar-day'-ah","unicode":"צְפַרְדֵּעַ","translit":"tsᵉphardêaʻ","definition":"from {{h6852}} and a word elsewhere unused meaning a swamp; a marsh-leaper, i.e. frog; frog.","strongs_number":"h6854"},"h6855":{"pronunciation":"tsip-po-raw'","unicode":"צִפֹּרָה","translit":"Tsippôrâh","definition":"feminine of {{h6833}}; bird; Tsipporah, Moses’ wife; Zipporah.","strongs_number":"h6855"},"h6856":{"pronunciation":"tsip-po'-ren","unicode":"צִפֹּרֶן","translit":"tsippôren","definition":"from {{h6852}} (in the denominative sense (from {{h6833}}) of scratching); properly, a claw, i.e. (human) nail; also the point of a style (or pen, tipped with adamant); nail, point.","strongs_number":"h6856"},"h6857":{"pronunciation":"tsef-ath'","unicode":"צְפַת","translit":"Tsᵉphath","definition":"from {{h6822}}; watch-tower; Tsephath, a place in Palestine; Zephath.","strongs_number":"h6857"},"h6858":{"pronunciation":"tseh'-feth","unicode":"צֶפֶת","translit":"tsepheth","definition":"from an unused root meaning to encircle; a capital of a column; chapiter.","strongs_number":"h6858"},"h6859":{"pronunciation":"tsef-aw'-thaw","unicode":"צְפָתָה","translit":"Tsᵉphâthâh","definition":"the same as {{h6857}}; Tsephathah, a place in Palestine; Zephathah.","strongs_number":"h6859"},"h6860":{"pronunciation":"tsik-lag'","unicode":"צִקְלַג","translit":"Tsiqlag","definition":"or צִיקלַג; (1 Chronicles 12:1,20), of uncertain derivation; Tsiklag or Tsikelag, a place in Palestine; Ziklag.","strongs_number":"h6860"},"h6861":{"pronunciation":"tsik-lone'","unicode":"צִקְלֹן","translit":"tsiqlôn","definition":"from an unused root meaning to wind; a sack (as tied at the mouth); husk.","strongs_number":"h6861"},"h6862":{"pronunciation":"tsar","unicode":"צַר","translit":"tsar","definition":"or צָר; from {{h6887}}; narrow; (as a noun) a tight place (usually figuratively, i.e. trouble); also a pebble (as in {{h6864}}); (transitive) an opponent (as crowding); adversary, afflicted(-tion), anguish, close, distress, enemy, flint, foe, narrow, small, sorrow, strait, tribulation, trouble.","strongs_number":"h6862"},"h6863":{"pronunciation":"tsare","unicode":"צֵר","translit":"Tsêr","definition":"from {{h6887}}; rock; Tser, a place in Palestine; Zer.","strongs_number":"h6863"},"h6864":{"pronunciation":"tsore","unicode":"צֹר","translit":"tsôr","definition":"from {{h6696}}; a stone (as if pressed hard or to a point); (by implication, of use) a knife; flint, sharp stone.","strongs_number":"h6864"},"h6865":{"pronunciation":"tsore","unicode":"צֹר","translit":"Tsôr","definition":"or צוֹר; the same as {{h6864}}; a rock; Tsor, a place in Palestine; Tyre, Tyrus.","strongs_number":"h6865"},"h6866":{"pronunciation":"tsaw-rab'","unicode":"צָרַב","translit":"tsârab","definition":"a primitive root; to burn; burn.","strongs_number":"h6866"},"h6867":{"pronunciation":"tsaw-reh'-beth","unicode":"צָרֶבֶת","translit":"tsârebeth","definition":"from {{h6866}}; conflagration (of fire or disease); burning, inflammation.","strongs_number":"h6867"},"h6868":{"pronunciation":"tser-ay-daw'","unicode":"צְרֵדָה","translit":"Tsᵉrêdâh","definition":"or צְרֵדָתָה; apparently from an unused root meaning to pierce; puncture; Tseredah, a place in Palestine; Zereda, Zeredathah.","strongs_number":"h6868"},"h6869":{"pronunciation":"tsaw-raw'","unicode":"צָרָה","translit":"tsârâh","definition":"feminine of {{h6862}}; tightness (i.e. figuratively, trouble); transitively, a female rival; adversary, adversity, affliction, anguish, distress, tribulation, trouble.","strongs_number":"h6869"},"h6870":{"pronunciation":"tser-oo-yaw'","unicode":"צְרוּיָה","translit":"Tsᵉrûwyâh","definition":"feminine passive participle from the same as {{h6875}}; wounded; Tserujah, an Israelitess; Zeruiah.","strongs_number":"h6870"},"h6871":{"pronunciation":"tser-oo-aw'","unicode":"צְרוּעָה","translit":"Tsᵉrûwʻâh","definition":"feminine passive participle of {{h6879}}; leprous; Tseruah, an Israelitess; Zeruah.","strongs_number":"h6871"},"h6872":{"pronunciation":"tser-ore'","unicode":"צְרוֹר","translit":"tsᵉrôwr","definition":"or (shorter) צְרֹר; from {{h6887}}; a parcel (as packed up); also a kernel or particle (as if a package); bag, × bendeth, bundle, least grain, small stone.","strongs_number":"h6872"},"h6873":{"pronunciation":"tsaw-rakh'","unicode":"צָרַח","translit":"tsârach","definition":"a primitive root; to be clear (in tone, i.e. shrill), i.e. to whoop; cry, roar.","strongs_number":"h6873"},"h6874":{"pronunciation":"tser-ee'","unicode":"צְרִי","translit":"Tsᵉrîy","definition":"the same as {{h6875}}; Tseri, an Israelite; Zeri. Compare {{h3340}}.","strongs_number":"h6874"},"h6875":{"pronunciation":"tser-ee'","unicode":"צְרִי","translit":"tsᵉrîy","definition":"or צֳרִי; from an unused root meaning to crack (as by pressure), hence, to leak; distillation, i.e. balsam; balm.","strongs_number":"h6875"},"h6876":{"pronunciation":"tso-ree'","unicode":"צֹרִי","translit":"Tsôrîy","definition":"patrial from {{h6865}}; a Tsorite or inhabitant of Tsor (i.e. Syrian); (man) of Tyre.","strongs_number":"h6876"},"h6877":{"pronunciation":"tser-ee'-akh","unicode":"צְרִיחַ","translit":"tsᵉrîyach","definition":"from {{h6873}} in the sense of clearness of vision; a citadel; high place, hold.","strongs_number":"h6877"},"h6878":{"pronunciation":"tso'-rek","unicode":"צֹרֶךְ","translit":"tsôrek","definition":"from an unused root meaning to need; need; need.","strongs_number":"h6878"},"h6879":{"pronunciation":"tsaw-rah'","unicode":"צָרַע","translit":"tsâraʻ","definition":"a primitive root; to scourge, i.e. (intransitive and figurative) to be stricken with leprosy; leper, leprous.","strongs_number":"h6879"},"h6880":{"pronunciation":"tsir-aw'","unicode":"צִרְעָה","translit":"tsirʻâh","definition":"from {{h6879}}; a wasp (as stinging); hornet.","strongs_number":"h6880"},"h6881":{"pronunciation":"tsor-aw'","unicode":"צׇרְעָה","translit":"Tsorʻâh","definition":"apparently another form for {{h6880}}; Tsorah, a place in Palestine; Zareah, Zorah, Zoreah.","strongs_number":"h6881"},"h6882":{"pronunciation":"tsor-ee'","unicode":"צׇרְעִי","translit":"Tsorʻîy","definition":"or צׇרְעָתִי; patrial from {{h6881}}; a Tsorite or Tsorathite, i.e. inhabitants of Tsorah; Zorites, Zareathites, Zorathites.","strongs_number":"h6882"},"h6883":{"pronunciation":"tsaw-rah'-ath","unicode":"צָרַעַת","translit":"tsâraʻath","definition":"from {{h6879}}; leprosy; leprosy.","strongs_number":"h6883"},"h6884":{"pronunciation":"tsaw-raf'","unicode":"צָרַף","translit":"tsâraph","definition":"a primitive root; to fuse (metal), i.e. refine (literally or figuratively); cast, (re-) fine(-er), founder, goldsmith, melt, pure, purge away, try.","strongs_number":"h6884"},"h6885":{"pronunciation":"tso-ref-ee'","unicode":"צֹרְפִי","translit":"Tsôrᵉphîy","definition":"from {{h6884}}; refiner; Tsorephi (with the article), an Israelite; goldsmith's.","strongs_number":"h6885"},"h6886":{"pronunciation":"tsaq-ref-ath'","unicode":"צָרְפַת","translit":"Tsârᵉphath","definition":"from {{h6884}}; refinement; Tsarephath, a place in Palestine; Zarephath.","strongs_number":"h6886"},"h6887":{"pronunciation":"tsaw-rar'","unicode":"צָרַר","translit":"tsârar","definition":"a primitive root; to cramp, literally or figuratively, transitive or intransitive; adversary, (be in) afflict(-ion), beseige, bind (up), (be in, bring) distress, enemy, narrower, oppress, pangs, shut up, be in a strait (trouble), vex.","strongs_number":"h6887"},"h6888":{"pronunciation":"tser-ay-raw'","unicode":"צְרֵרָה","translit":"Tsᵉrêrâh","definition":"apparently by erroneous transcription for {{h6868}}; Tsererah for Tseredah; Zererath.","strongs_number":"h6888"},"h6889":{"pronunciation":"tseh'-reth","unicode":"צֶרֶת","translit":"Tsereth","definition":"perhaps from {{h6671}}; splendor; Tsereth, an Israelite; Zereth.","strongs_number":"h6889"},"h6890":{"pronunciation":"tseh'-reth hash-shakh'-ar","unicode":"צֶרֶת הַשַּׁחַר","translit":"Tsereth hash-Shachar","definition":"from the same as {{h6889}} and {{h7837}} with the article interposed; splendor of the dawn; Tsereth-hash-Shachar, a place in Palestine; Zareth-shahar.","strongs_number":"h6890"},"h6891":{"pronunciation":"tsaw-reth-awn'","unicode":"צָרְתָן","translit":"Tsârᵉthân","definition":"perhaps for {{h6868}}; Tsarethan, a place in Palestine; Zarthan.","strongs_number":"h6891"},"h6892":{"pronunciation":"kay","unicode":"קֵא","translit":"qêʼ","definition":"or קִיא; from {{h6958}}; vomit; vomit.","strongs_number":"h6892"},"h6893":{"pronunciation":"kaw-ath'","unicode":"קָאַת","translit":"qâʼath","definition":"from {{h6958}}; probably the pelican (from vomiting); cormorant.","strongs_number":"h6893"},"h6894":{"pronunciation":"kab","unicode":"קַב","translit":"qab","definition":"from {{h6895}}; a hollow, i.e. vessel used as a (dry) measure; cab.","strongs_number":"h6894"},"h6895":{"pronunciation":"kaw-bab'","unicode":"קָבַב","translit":"qâbab","definition":"a primitive root; to scoop out, i.e. (figuratively) to malign or execrate (i.e. stab with words); × at all, curse.","strongs_number":"h6895"},"h6896":{"pronunciation":"kay-baw'","unicode":"קֵבָה","translit":"qêbâh","definition":"from {{h6895}}; the paunch (as a cavity) or first stomach of ruminants; maw.","strongs_number":"h6896"},"h6897":{"pronunciation":"ko'-baw","unicode":"קֹבָה","translit":"qôbâh","definition":"from {{h6895}}; the abdomen (as a cavity); belly.","strongs_number":"h6897"},"h6898":{"pronunciation":"koob-baw'","unicode":"קֻבָּה","translit":"qubbâh","definition":"from {{h6895}}; a pavilion (as a domed cavity); tent.","strongs_number":"h6898"},"h6899":{"pronunciation":"kib-boots'","unicode":"קִבּוּץ","translit":"qibbûwts","definition":"from {{h6908}}; a throng; company.","strongs_number":"h6899"},"h6900":{"pronunciation":"keb-oo-raw'","unicode":"קְבוּרָה","translit":"qᵉbûwrâh","definition":"or קְבֻרָה; feminine passive participle of {{h6912}}; sepulture; (concretely) a sepulchre; burial, burying place, grave, sepulchre.","strongs_number":"h6900"}}