{"h6901":{"pronunciation":"kaw-bal'","unicode":"קָבַל","translit":"qâbal","definition":"a primitive root; to admit, i.e. take (literally or figuratively); choose, (take) hold, receive, (under-) take.","strongs_number":"h6901"},"h6902":{"pronunciation":"keb-al'","unicode":"קְבַל","translit":"qᵉbal","definition":"(Aramaic) corresponding to {{h6901}}; to acquire; receive, take.","strongs_number":"h6902"},"h6903":{"pronunciation":"keb-ale'","unicode":"קְבֵל","translit":"qᵉbêl","definition":"(Aramaic) or קֳבֵל; (Aramaic), (corresponding to {{h6905}}; (adverbially) in front of; usually (with other particles) on account of, so as, since, hence; according to,   as,   because, before,   for this cause,   forasmuch as,   by this means, over against, by reason of,   that,   therefore,   though,   wherefore.","strongs_number":"h6903"},"h6904":{"pronunciation":"ko'-bel","unicode":"קֹבֶל","translit":"qôbel","definition":"from {{h6901}} in the sense of confronting (as standing opposite in order to receive); a battering-ram; war.","strongs_number":"h6904"},"h6905":{"pronunciation":"kaw-bawl'","unicode":"קָבָל","translit":"qâbâl","definition":"from {{h6901}} in the sense of opposite (see {{h6904}}); the presence, i.e. (adverbially) in front of; before.","strongs_number":"h6905"},"h6906":{"pronunciation":"kaw-bah'","unicode":"קָבַע","translit":"qâbaʻ","definition":"a primitive root; to cover, i.e. (figuratively) defraud; rob, spoil.","strongs_number":"h6906"},"h6907":{"pronunciation":"koob-bah'-ath","unicode":"קֻבַּעַת","translit":"qubbaʻath","definition":"from {{h6906}}; a goblet (as deep like a cover); dregs.","strongs_number":"h6907"},"h6908":{"pronunciation":"kaw-bats'","unicode":"קָבַץ","translit":"qâbats","definition":"a primitive root; to grasp, i.e. collect; assemble (selves), gather (bring) (together, selves together, up), heap, resort, × surely, take up.","strongs_number":"h6908"},"h6909":{"pronunciation":"kab-tseh-ale'","unicode":"קַבְצְאֵל","translit":"Qabtsᵉʼêl","definition":"from {{h6908}} and {{h410}}; God has gathered; Kabtseel, a place in Palestine; Kabzeel. Compare {{h3343}}.","strongs_number":"h6909"},"h6910":{"pronunciation":"keb-oo-tsaw'","unicode":"קְבֻצָה","translit":"qᵉbutsâh","definition":"feminine passive participle of {{h6908}}; a hoard; × gather.","strongs_number":"h6910"},"h6911":{"pronunciation":"kib-tsah'-yim","unicode":"קִבְצַיִם","translit":"Qibtsayim","definition":"dual from {{h6908}}; a double heap; Kibtsajim, a place in Palestine; Kibzaim.","strongs_number":"h6911"},"h6912":{"pronunciation":"kaw-bar'","unicode":"קָבַר","translit":"qâbar","definition":"a primitive root; to inter; × in any wise, bury(-ier).","strongs_number":"h6912"},"h6913":{"pronunciation":"keh'-ber","unicode":"קֶבֶר","translit":"qeber","definition":"or (feminine) קִבְרָה; from {{h6912}}; a sepulchre; burying place, grave, sepulchre.","strongs_number":"h6913"},"h6914":{"pronunciation":"kib-roth' hat-tahav-aw'","unicode":"קִבְרוֹת הַתַּאֲוָה","translit":"Qibrôwth hat-Taʼă-vâh","definition":"from the feminine plural of {{h6913}} and {{h8378}} with the article interposed; graves of the longing; Kibroth-hat-Taavh, a place in the Desert; Kibroth-hattaavah.","strongs_number":"h6914"},"h6915":{"pronunciation":"kaw-dad'","unicode":"קָדַד","translit":"qâdad","definition":"a primitive root; to shrivel up, i.e. contract or bend the body (or neck) in deference; bow (down) (the) head, stoop.","strongs_number":"h6915"},"h6916":{"pronunciation":"kid-daw'","unicode":"קִדָּה","translit":"qiddâh","definition":"from {{h6915}}; cassia bark (as in shrivelled rolls); cassia.","strongs_number":"h6916"},"h6917":{"pronunciation":"kaw-doom'","unicode":"קָדוּם","translit":"qâdûwm","definition":"passive participle of {{h6923}}; a pristine hero; ancient.","strongs_number":"h6917"},"h6918":{"pronunciation":"kaw-doshe'","unicode":"קָדוֹשׁ","translit":"qâdôwsh","definition":"or קָדֹשׁ; from {{h6942}}; sacred (ceremonially or morally); (as noun) God (by eminence), an angel, a saint, a sanctuary; holy (One), saint.","strongs_number":"h6918"},"h6919":{"pronunciation":"kaw-dakh'","unicode":"קָדַח","translit":"qâdach","definition":"a primitive root to inflame; to inflame; burn, kindle.","strongs_number":"h6919"},"h6920":{"pronunciation":"kad-dakh'-ath","unicode":"קַדַּחַת","translit":"qaddachath","definition":"from {{h6919}}; inflammation, i.e. febrile disease; burning ague, fever.","strongs_number":"h6920"},"h6921":{"pronunciation":"kaw-deem'","unicode":"קָדִים","translit":"qâdîym","definition":"or קָדִם; from {{h6923}}; the fore or front part; hence (by orientation) the East (often adverbially, eastward, for brevity the east wind); east(-ward, wind).","strongs_number":"h6921"},"h6922":{"pronunciation":"kad-deesh'","unicode":"קַדִּישׁ","translit":"qaddîysh","definition":"(Aramaic) corresponding to {{h6918}}.; holy (One), saint.","strongs_number":"h6922"},"h6923":{"pronunciation":"kaw-dam'","unicode":"קָדַם","translit":"qâdam","definition":"a primitive root; to project (one self), i.e. precede; hence, to anticipate, hasten, meet (usually for help); come (go, (flee)) before,   disappoint, meet, prevent.","strongs_number":"h6923"},"h6924":{"pronunciation":"keh'-dem","unicode":"קֶדֶם","translit":"qedem","definition":"or קֵדְמָה; from {{h6923}}; the front, of place (absolutely, the fore part, relatively the East) or time (antiquity); often used adverbially (before, anciently, eastward); aforetime, ancient (time), before, east (end, part, side, -ward), eternal, × ever(-lasting), forward, old, past. Compare {{h6926}}.","strongs_number":"h6924"},"h6925":{"pronunciation":"kod-awm'","unicode":"קֳדָם","translit":"qŏdâm","definition":"(Aramaic) or קְדָם; (Aramaic) (Daniel 7:13), corresponding to {{h6924}}; before; before, × from, × I (thought), × me,   of, × it pleased, presence.","strongs_number":"h6925"},"h6926":{"pronunciation":"kid-maw'","unicode":"קִדְמָה","translit":"qidmâh","definition":"feminine of {{h6924}}; the forward part (or relatively) East (often adverbially, on the east or in front); east(-ward).","strongs_number":"h6926"},"h6927":{"pronunciation":"kad-maw'","unicode":"קַדְמָה","translit":"qadmâh","definition":"from {{h6923}}; priority (in time); also used adverbially (before); afore, antiquity, former (old) estate.","strongs_number":"h6927"},"h6928":{"pronunciation":"kad-maw'","unicode":"קַדְמָה","translit":"qadmâh","definition":"(Aramaic) corresponding to {{h6927}}; former time; afore(-time), ago.","strongs_number":"h6928"},"h6929":{"pronunciation":"kayd'-maw","unicode":"קֵדְמָה","translit":"Qêdᵉmâh","definition":"from {{h6923}}; precedence; Kedemah, a son of Ishmael; Kedemah.","strongs_number":"h6929"},"h6930":{"pronunciation":"kad-mone'","unicode":"קַדְמוֹן","translit":"qadmôwn","definition":"from {{h6923}}; eastern; east.","strongs_number":"h6930"},"h6931":{"pronunciation":"kad-mo-nee'","unicode":"קַדְמוֹנִי","translit":"qadmôwnîy","definition":"or קַדְמֹנִי; from {{h6930}}; (of time) anterior or (of place) oriental; ancient, they that went before, east, (thing of) old.","strongs_number":"h6931"},"h6932":{"pronunciation":"ked-ay-mothe'","unicode":"קְדֵמוֹת","translit":"Qᵉdêmôwth","definition":"from {{h6923}}; beginnings; Kedemoth, a place in eastern Palestine; Kedemoth.","strongs_number":"h6932"},"h6933":{"pronunciation":"kad-mah'-ee","unicode":"קַדְמַי","translit":"qadmay","definition":"(Aramaic) from a root corresponding to {{h6923}}; first; first.","strongs_number":"h6933"},"h6934":{"pronunciation":"kad-mee-ale'","unicode":"קַדְמִיאֵל","translit":"Qadmîyʼêl","definition":"from {{h6924}} and {{h410}}; presence of God; Kadmiel, the name of three Israelites; Kadmiel.","strongs_number":"h6934"},"h6935":{"pronunciation":"kad-mo-nee'","unicode":"קַדְמֹנִי","translit":"Qadmônîy","definition":"the same as {{h6931}}; ancient, i.e. aboriginal; Kadmonite (collectively), the name of a tribe in Palestine; Kadmonites.","strongs_number":"h6935"},"h6936":{"pronunciation":"kod-kode'","unicode":"קׇדְקֹד","translit":"qodqôd","definition":"from {{h6915}}; the crown of the head (as the part most bowed); crown (of the head), pate, scalp, top of the head.","strongs_number":"h6936"},"h6937":{"pronunciation":"kaw-dar'","unicode":"קָדַר","translit":"qâdar","definition":"a primitive root; to be ashy, i.e. dark-colored; by implication, to mourn (in sackcloth or sordid garments); be black(-ish), be (make) dark(-en), × heavily, (cause to) mourn.","strongs_number":"h6937"},"h6938":{"pronunciation":"kay-dawr'","unicode":"קֵדָר","translit":"Qêdâr","definition":"from {{h6937}}; dusky (of the skin or the tent); Kedar, a son of Ishmael; also (collectively) Bedouin (as his descendants or representatives); Kedar.","strongs_number":"h6938"},"h6939":{"pronunciation":"kid-rone'","unicode":"קִדְרוֹן","translit":"Qidrôwn","definition":"from {{h6937}}; dusky place; Kidron, a brook near Jerusalem; Kidron.","strongs_number":"h6939"},"h6940":{"pronunciation":"kad-rooth'","unicode":"קַדְרוּת","translit":"qadrûwth","definition":"from {{h6937}}; duskiness; blackness.","strongs_number":"h6940"},"h6941":{"pronunciation":"ked-o-ran-neeth'","unicode":"קְדֹרַנִּית","translit":"qᵉdôrannîyth","definition":"adverb from {{h6937}}; blackish ones (i.e. in sackcloth); used adverbially, in mourning weeds; mournfully.","strongs_number":"h6941"},"h6942":{"pronunciation":"kaw-dash'","unicode":"קָדַשׁ","translit":"qâdash","definition":"a primitive root; to be (causatively, make, pronounce or observe as) clean (ceremonially or morally); appoint, bid, consecrate, dedicate, defile, hallow, (be, keep) holy(-er, place), keep, prepare, proclaim, purify, sanctify(-ied one, self), × wholly.","strongs_number":"h6942"},"h6943":{"pronunciation":"keh'-desh","unicode":"קֶדֶשׁ","translit":"Qedesh","definition":"from {{h6942}}; a sanctum; Kedesh, the name of four places in Palestine; Kedesh.","strongs_number":"h6943"},"h6944":{"pronunciation":"ko'-desh","unicode":"קֹדֶשׁ","translit":"qôdesh","definition":"from {{h6942}}; a sacred place or thing; rarely abstract, sanctity; consecrated (thing), dedicated (thing), hallowed (thing), holiness, (× most) holy (× day, portion, thing), saint, sanctuary.","strongs_number":"h6944"},"h6945":{"pronunciation":"kaw-dashe'","unicode":"קָדֵשׁ","translit":"qâdêsh","definition":"from {{h6942}}; a (quasi) sacred person, i.e. (technically) a (male) devotee (by prostitution) to licentious idolatry; sodomite, unclean.","strongs_number":"h6945"},"h6946":{"pronunciation":"kaw-dashe'","unicode":"קָדֵשׁ","translit":"Qâdêsh","definition":"the same as {{h6945}}; sanctuary; Kadesh, a place in the Desert; Kadesh. Compare {{h6947}}.","strongs_number":"h6946"},"h6947":{"pronunciation":"kaw-dashe' bar-nay'-ah","unicode":"קָדֵשׁ בַּרְנֵעַ","translit":"Qâdêsh Barnêaʻ","definition":"from the same as {{h6946}} and an otherwise unused word (apparently compounded of a correspondent to {{h1251}} and a derivative of {{h5128}}) meaning desert of a fugitive; Kadesh of (the) Wilderness of Wandering; Kadesh-Barnea, a place in the Desert; Kadeshbarnea.","strongs_number":"h6947"},"h6948":{"pronunciation":"ked-ay-shaw'","unicode":"קְדֵשָׁה","translit":"qᵉdêshâh","definition":"feminine of {{h6945}}; a female devotee (i.e. prostitute); harlot, whore.","strongs_number":"h6948"},"h6949":{"pronunciation":"kaw-haw'","unicode":"קָהָה","translit":"qâhâh","definition":"a primitive root; to be dull; be set on edge, be blunt.","strongs_number":"h6949"},"h6950":{"pronunciation":"'kaw-hal'","unicode":"קָהַל","translit":"qâhal","definition":"a primitive root; to convoke; assemble (selves) (together), gather (selves) (together).","strongs_number":"h6950"},"h6951":{"pronunciation":"kaw-hawl'","unicode":"קָהָל","translit":"qâhâl","definition":"from {{h6950}}; assemblage (usually concretely); assembly, company, congregation, multitude.","strongs_number":"h6951"},"h6952":{"pronunciation":"keh-hil-law'","unicode":"קְהִלָּה","translit":"qᵉhillâh","definition":"from {{h6950}}; an assemblage; assembly, congregation.","strongs_number":"h6952"},"h6953":{"pronunciation":"ko-heh'-leth","unicode":"קֹהֶלֶת","translit":"qôheleth","definition":"feminine of active participle from {{h6950}}; a (female) assembler (i.e. lecturer); abstractly, preaching (used as a 'nom de plume', Koheleth); preacher.","strongs_number":"h6953"},"h6954":{"pronunciation":"keh-hay-law'-thaw","unicode":"קְהֵלָתָה","translit":"Qᵉhêlâthâh","definition":"from {{h6950}}; convocation; Kehelathah, a place in the Desert; Kehelathah.","strongs_number":"h6954"},"h6955":{"pronunciation":"keh-hawth'","unicode":"קְהָת","translit":"Qᵉhâth","definition":"from an unused root meaning to ally oneself; allied; Kehath, an Israelite; Kohath.","strongs_number":"h6955"},"h6956":{"pronunciation":"ko-haw-thee'","unicode":"קֳהָתִי","translit":"Qŏhâthîy","definition":"patronymically from {{h6955}}; a Kohathite (collectively) or descendants of Kehath; Kohathites.","strongs_number":"h6956"},"h6957":{"pronunciation":"kav","unicode":"קַו","translit":"qav","definition":"or קָו; from {{h6960}} (compare {{h6961}}); a cord (as connecting), especially for measuring; figuratively, a rule; also a rim, a musical string or accord; line. Compare {{h6978}}.","strongs_number":"h6957"},"h6958":{"pronunciation":"ko","unicode":"קוֹא","translit":"qôwʼ","definition":"or קָיָה; (Jeremiah 25:27), a primitive root; to vomit; spue (out), vomit (out, up, up again).","strongs_number":"h6958"},"h6959":{"pronunciation":"ko'-bah or ko-bah'","unicode":"קוֹבַע","translit":"qôwbaʻ","definition":"a form collateral to {{h3553}}; a helmet; helmet.","strongs_number":"h6959"},"h6960":{"pronunciation":"kaw-vaw'","unicode":"קָוָה","translit":"qâvâh","definition":"a primitive root; to bind together (perhaps by twisting), i.e. collect; (figuratively) to expect; gather (together), look, patiently, tarry, wait (for, on, upon).","strongs_number":"h6960"},"h6961":{"pronunciation":"kaw-veh'","unicode":"קָוֶה","translit":"qâveh","definition":"from {{h6960}}; a (measuring) cord (as if for binding); line.","strongs_number":"h6961"},"h6962":{"pronunciation":"koot","unicode":"קוּט","translit":"qûwṭ","definition":"a primitive root; properly, to cut off, i.e. (figuratively) detest; begrieved, loathe self.","strongs_number":"h6962"},"h6963":{"pronunciation":"kole","unicode":"קוֹל","translit":"qôwl","definition":"or קֹל; from an unused root meaning to call aloud; a voice or sound; aloud, bleating, crackling, cry (  out), fame, lightness, lowing, noise,   hold peace, (pro-) claim, proclamation,   sing, sound,   spark, thunder(-ing), voice,   yell.","strongs_number":"h6963"},"h6964":{"pronunciation":"ko-law-yaw'","unicode":"קוֹלָיָה","translit":"Qôwlâyâh","definition":"from {{h6963}} and {{h3050}}; voice of Jah; Kolajah, the name of two Israelites; Kolaiah.","strongs_number":"h6964"},"h6965":{"pronunciation":"koom","unicode":"קוּם","translit":"qûwm","definition":"a primitive root; to rise (in various applications, literal, figurative, intensive and causative); abide, accomplish, × be clearer, confirm, continue, decree, × be dim, endure, × enemy, enjoin, get up, make good, help, hold, (help to) lift up (again), make, × but newly, ordain, perform, pitch, raise (up), rear (up), remain, (a-) rise (up) (again, against), rouse up, set (up), (e-) stablish, (make to) stand (up), stir up, strengthen, succeed, (as-, make) sure(-ly), (be) up(-hold, -rising).","strongs_number":"h6965"},"h6966":{"pronunciation":"koom","unicode":"קוּם","translit":"qûwm","definition":"(Aramaic) corresponding to {{h6965}}; appoint, establish, make, raise up self, (a-) rise (up), (make to) stand, set (up).","strongs_number":"h6966"},"h6967":{"pronunciation":"ko-maw'","unicode":"קוֹמָה","translit":"qôwmâh","definition":"from {{h6965}}; height; × along, height, high, stature, tall.","strongs_number":"h6967"},"h6968":{"pronunciation":"ko-mem-ee-yooth'","unicode":"קוֹמְמִיּוּת","translit":"qôwmᵉmîyûwth","definition":"from {{h6965}}; elevation, i.e. (adverbially) erectly (figuratively); upright.","strongs_number":"h6968"},"h6969":{"pronunciation":"koon","unicode":"קוּן","translit":"qûwn","definition":"a primitive root; to strike a musical note, i.e. chant or wail (at a funeral); lament, mourning woman.","strongs_number":"h6969"},"h6970":{"pronunciation":"ko'-ah","unicode":"קוֹעַ","translit":"Qôwaʻ","definition":"probably from {{h6972}} in the original sense of cutting off; curtailment; Koa, a region of Babylon; Koa.","strongs_number":"h6970"},"h6971":{"pronunciation":"kofe","unicode":"קוֹף","translit":"qôwph","definition":"or קֹף; of foreign origin,; a monkey; ape.","strongs_number":"h6971"},"h6972":{"pronunciation":"koots","unicode":"קוּץ","translit":"qûwts","definition":"a primitive root; to clip off; used only as denominative from {{h7019}}; to spend the harvest season; summer.","strongs_number":"h6972"},"h6973":{"pronunciation":"koots","unicode":"קוּץ","translit":"qûwts","definition":"a primitive root (identical with through the idea of severing oneself from (compare {{h6962}})); to be (causatively, make) disgusted or anxious; abhor, be distressed, be grieved, loathe, vex, be weary.","strongs_number":"h6973"},"h6974":{"pronunciation":"koots","unicode":"קוּץ","translit":"qûwts","definition":"a primitive root (identical with through the idea of abruptness in starting up from sleep (compare {{h3364}})); to awake (literally or figuratively); arise, (be) (a-) wake, watch.","strongs_number":"h6974"},"h6975":{"pronunciation":"kotse","unicode":"קוֹץ","translit":"qôwts","definition":"or קֹץ; from {{h6972}} (in the sense of pricking); a thorn; thorn.","strongs_number":"h6975"},"h6976":{"pronunciation":"kotse","unicode":"קוֹץ","translit":"Qôwts","definition":"the same as {{h6975}}; Kots, the name of two Israelites; Koz, Hakkoz (including the article).","strongs_number":"h6976"},"h6977":{"pronunciation":"kev-oots-tsaw'","unicode":"קְוֻצָּה","translit":"qᵉvutstsâh","definition":"feminine passive participle of {{h6972}} in its original sense; a forelock (as shorn); lock.","strongs_number":"h6977"},"h6978":{"pronunciation":"kav-kav'","unicode":"קַו־קַו","translit":"qav-qav","definition":"from {{h6957}} (in the sense of a fastening); stalwart; × meted out.","strongs_number":"h6978"},"h6979":{"pronunciation":"koor","unicode":"קוּר","translit":"qûwr","definition":"a primitive root; also denominative from {{h7023}}; to trench; by implication, to throw forth; to wall up, whether literal (to build a wall) or figurative (to estop); break down, cast out, destroy, dig.","strongs_number":"h6979"},"h6980":{"pronunciation":"koor","unicode":"קוּר","translit":"qûwr","definition":"from {{h6979}}; (only plural) trenches, i.e. a web (as if so formed); web.","strongs_number":"h6980"},"h6981":{"pronunciation":"ko-ray'","unicode":"קוֹרֵא","translit":"Qôwrêʼ","definition":"or קֹרֵא; (1 Chronicles 26:1), active participle of {{h7121}}; crier; Kore, the name of two Israelites; Kore.","strongs_number":"h6981"},"h6982":{"pronunciation":"ko-raw'","unicode":"קוֹרָה","translit":"qôwrâh","definition":"or קֹרָה; from {{h6979}}; a rafter (forming trenches as it were); by implication, a roof; beam, roof.","strongs_number":"h6982"},"h6983":{"pronunciation":"koshe","unicode":"קוֹשׁ","translit":"qôwsh","definition":"a primitive root; to bend; used only as denominative for {{h3369}},; to set a trap; lay a snare.","strongs_number":"h6983"},"h6984":{"pronunciation":"koo-shaw-yaw'-hoo","unicode":"קוּשָׁיָהוּ","translit":"qûwshâyâhûw","definition":"from the passive participle of {{h6983}} and {{h3050}}; entrapped of Jah; Kushajah, an Israelite; Kushaiah.","strongs_number":"h6984"},"h6985":{"pronunciation":"kat","unicode":"קַט","translit":"qaṭ","definition":"from {{h6990}} in the sense of abbreviation; a little, i.e. (adverbially) merely; very.","strongs_number":"h6985"},"h6986":{"pronunciation":"keh'-teb","unicode":"קֶטֶב","translit":"qeṭeb","definition":"from an unused root meaning to cut off; ruin; destroying, destruction.","strongs_number":"h6986"},"h6987":{"pronunciation":"ko'-teb","unicode":"קֹטֶב","translit":"qôṭeb","definition":"from the same as {{h6986}}; extermination; destruction.","strongs_number":"h6987"},"h6988":{"pronunciation":"ket-o-raw'","unicode":"קְטוֹרָה","translit":"qᵉṭôwrâh","definition":"from {{h6999}}; perfume; incense.","strongs_number":"h6988"},"h6989":{"pronunciation":"ket-oo-raw'","unicode":"קְטוּרָה","translit":"Qᵉṭûwrâh","definition":"feminine passive participle of {{h6999}}; perfumed; Keturah, a wife of Abraham; Keturah.","strongs_number":"h6989"},"h6990":{"pronunciation":"kaw-tat'","unicode":"קָטַט","translit":"qâṭaṭ","definition":"a primitive root; to clip off, i.e. (figuratively) destroy; be cut off.","strongs_number":"h6990"},"h6991":{"pronunciation":"kaw-tal'","unicode":"קָטַל","translit":"qâṭal","definition":"a primitive root; properly, to cut off, i.e. (figuratively) put to death; kill, slay.","strongs_number":"h6991"},"h6992":{"pronunciation":"ket-al'","unicode":"קְטַל","translit":"qᵉṭal","definition":"(Aramaic) corresponding to {{h6991}}; to kill; slay.","strongs_number":"h6992"},"h6993":{"pronunciation":"keh'-tel","unicode":"קֶטֶל","translit":"qeṭel","definition":"from {{h6991}}; a violent death; slaughter.","strongs_number":"h6993"},"h6994":{"pronunciation":"kaw-tone'","unicode":"קָטֹן","translit":"qâṭôn","definition":"a primitive root (rather denominative from {{h6996}}); to diminish, i.e. be (causatively, make) diminutive or (figuratively) of no account; be a (make) small (thing), be not worthy.","strongs_number":"h6994"},"h6995":{"pronunciation":"ko'-ten","unicode":"קֹטֶן","translit":"qôṭen","definition":"from {{h6994}}; a pettiness, i.e. the little finger; little finger.","strongs_number":"h6995"},"h6996":{"pronunciation":"kaw-tawn'","unicode":"קָטָן","translit":"qâṭân","definition":"or קָטֹן; from {{h6962}}; abbreviated, i.e. diminutive, literally (in quantity, size or number) or figuratively (in age or importance); least, less(-er), little (one), small(-est, one, quantity, thing), young(-er, -est).","strongs_number":"h6996"},"h6997":{"pronunciation":"kaw-tawn'","unicode":"קָטָן","translit":"Qâṭân","definition":"the same as {{h6996}}; small; Katan, an Israelite; Hakkatan (including the article).","strongs_number":"h6997"},"h6998":{"pronunciation":"kaw-taf'","unicode":"קָטַף","translit":"qâṭaph","definition":"a primitive root; to strip off; crop off, cut down (up), pluck.","strongs_number":"h6998"},"h6999":{"pronunciation":"kaw-tar'","unicode":"קָטַר","translit":"qâṭar","definition":"a primitive root (identical with through the idea of fumigation in a close place and perhaps thus driving out the occupants); to smoke, i.e. turn into fragrance by fire (especially as an act of worship); burn (incense, sacrifice) (upon), (altar for) incense, kindle, offer (incense, a sacrifice).","strongs_number":"h6999"},"h7000":{"pronunciation":"kaw-tar'","unicode":"קָטַר","translit":"qâṭar","definition":"a primitive root; to inclose; join.","strongs_number":"h7000"}}