{"h7101":{"pronunciation":"kaw-tseen'","unicode":"קָצִין","translit":"qâtsîyn","definition":"from {{h7096}} in the sense of determining; a magistrate (as deciding) or other leader; captain, guide, prince, ruler. Compare {{h6278}}.","strongs_number":"h7101"},"h7102":{"pronunciation":"kets-ee-aw'","unicode":"קְצִיעָה","translit":"qᵉtsîyʻâh","definition":"from {{h7106}}; cassia (as peeled; plural the bark); cassia.","strongs_number":"h7102"},"h7103":{"pronunciation":"kets-ee-aw'","unicode":"קְצִיעָה","translit":"Qᵉtsîyʻâh","definition":"the same as {{h7102}}; Ketsiah, a daughter of Job; Kezia.","strongs_number":"h7103"},"h7104":{"pronunciation":"kets-eets'","unicode":"קְצִיץ","translit":"Qᵉtsîyts","definition":"from {{h7112}}; abrupt; Keziz, a valley in Palestine; Keziz.","strongs_number":"h7104"},"h7105":{"pronunciation":"kaw-tseer'","unicode":"קָצִיר","translit":"qâtsîyr","definition":"from {{h7114}}; severed, i.e. harvest (as reaped), the crop, the time, the reaper, or figuratively; also a limb (of a tree, or simply foliage); bough, branch, harvest (man).","strongs_number":"h7105"},"h7106":{"pronunciation":"kaw-tsah'","unicode":"קָצַע","translit":"qâtsaʻ","definition":"a primitive root; to strip off, i.e. (partially) scrape; by implication, to segregate (as an angle); cause to scrape, corner.","strongs_number":"h7106"},"h7107":{"pronunciation":"kaw-tsaf'","unicode":"קָצַף","translit":"qâtsaph","definition":"a primitive root; to crack off, i.e. (figuratively) burst out in rage; (be) anger(-ry), displease, fret self, (provoke to) wrath (come), be wroth.","strongs_number":"h7107"},"h7108":{"pronunciation":"kets-af'","unicode":"קְצַף","translit":"qᵉtsaph","definition":"(Aramaic) corresponding to {{h7107}}; to become enraged; be furious.","strongs_number":"h7108"},"h7109":{"pronunciation":"kets-af'","unicode":"קְצַף","translit":"qᵉtsaph","definition":"(Aramaic) from {{h7108}}; rage; wrath.","strongs_number":"h7109"},"h7110":{"pronunciation":"keh'-tsef","unicode":"קֶצֶף","translit":"qetseph","definition":"from {{h7107}}; a splinter (as chipped off); figuratively, rage or strife; foam, indignation, × sore, wrath.","strongs_number":"h7110"},"h7111":{"pronunciation":"kets-aw-faw'","unicode":"קְצָפָה","translit":"qᵉtsâphâh","definition":"from {{h7107}}; a fragment; bark(-ed).","strongs_number":"h7111"},"h7112":{"pronunciation":"kaw-tsats'","unicode":"קָצַץ","translit":"qâtsats","definition":"a primitive root; to chop off (literally or figuratively); cut (asunder, in pieces, in sunder, off), × utmost.","strongs_number":"h7112"},"h7113":{"pronunciation":"kets-ats'","unicode":"קְצַץ","translit":"qᵉtsats","definition":"(Aramaic) corresponding to {{h7112}}; cut off.","strongs_number":"h7113"},"h7114":{"pronunciation":"kaw-tsar'","unicode":"קָצַר","translit":"qâtsar","definition":"a primitive root; to dock off, i.e. curtail (transitive or intransitive, literal or figurative); especially to harvest (grass or grain); × at all, cut down, much discouraged, grieve, harvestman, lothe, mourn, reap(-er), (be, wax) short(-en, -er), straiten, trouble, vex.","strongs_number":"h7114"},"h7115":{"pronunciation":"ko'-tser","unicode":"קֹצֶר","translit":"qôtser","definition":"from {{h7114}}; shortness (of spirit), i.e. impatience; anguish.","strongs_number":"h7115"},"h7116":{"pronunciation":"kaw-tsare'","unicode":"קָצֵר","translit":"qâtsêr","definition":"from {{h7114}}; short (whether in size, number, life, strength or temper); few, hasty, small, soon.","strongs_number":"h7116"},"h7117":{"pronunciation":"kets-awth'","unicode":"קְצָת","translit":"qᵉtsâth","definition":"from {{h7096}}; a termination (literally or figuratively); also (by implication) a portion; adverbially (with prepositional prefix) after; end, part, × some.","strongs_number":"h7117"},"h7118":{"pronunciation":"kets-awth'","unicode":"קְצָת","translit":"qᵉtsâth","definition":"(Aramaic) corresponding to {{h7117}}; end, partly.","strongs_number":"h7118"},"h7119":{"pronunciation":"kar","unicode":"קַר","translit":"qar","definition":"contracted from an unused root meaning to chill; cool; figuratively, quiet; cold, excellent (from the margin).","strongs_number":"h7119"},"h7120":{"pronunciation":"kore","unicode":"קֹר","translit":"qôr","definition":"from the same as {{h7119}}; cold; cold.","strongs_number":"h7120"},"h7121":{"pronunciation":"kaw-raw'","unicode":"קָרָא","translit":"qârâʼ","definition":"a primitive root (rather identical with {{h7122}} through the idea of accosting a person met); to call out to (i.e. properly, address by name, but used in a wide variety of applications); bewray (self), that are bidden, call (for, forth, self, upon), cry (unto), (be) famous, guest, invite, mention, (give) name, preach, (make) proclaim(-ation), pronounce, publish, read, renowned, say.","strongs_number":"h7121"},"h7122":{"pronunciation":"kaw-raw'","unicode":"קָרָא","translit":"qârâʼ","definition":"a primitive root; to encounter, whether accidentally or in a hostile manner; befall, (by) chance, (cause to) come (upon), fall out, happen, meet.","strongs_number":"h7122"},"h7123":{"pronunciation":"ker-aw'","unicode":"קְרָא","translit":"qᵉrâʼ","definition":"(Aramaic) corresponding to {{h7121}}; call, cry, read.","strongs_number":"h7123"},"h7124":{"pronunciation":"ko-ray'","unicode":"קֹרֵא","translit":"qôrêʼ","definition":"properly, active participle of {{h7121}}; a caller, i.e. partridge (from its cry); partridge. See also {{h6981}}.","strongs_number":"h7124"},"h7125":{"pronunciation":"keer-aw'","unicode":"קִרְאָה","translit":"qirʼâh","definition":"from {{h7122}}; an encountering, accidental, friendly or hostile (also adverbially, opposite); × against (he come), help, meet, seek, × to, × in the way.","strongs_number":"h7125"},"h7126":{"pronunciation":"kaw-rab'","unicode":"קָרַב","translit":"qârab","definition":"a primitive root; to approach (causatively, bring near) for whatever purpose; (cause to) approach, (cause to) bring (forth, near), (cause to) come (near, nigh), (cause to) draw near (nigh), go (near), be at hand, join, be near, offer, present, produce, make ready, stand, take.","strongs_number":"h7126"},"h7127":{"pronunciation":"ker-abe'","unicode":"קְרֵב","translit":"qᵉrêb","definition":"(Aramaic) corresponding to {{h7126}}; approach, come (near, nigh), draw near.","strongs_number":"h7127"},"h7128":{"pronunciation":"ker-awb'","unicode":"קְרָב","translit":"qᵉrâb","definition":"from {{h7126}}; hostile encounter; battle, war.","strongs_number":"h7128"},"h7129":{"pronunciation":"ker-awb'","unicode":"קְרָב","translit":"qᵉrâb","definition":"(Aramaic) corresponding to {{h7128}}; war.","strongs_number":"h7129"},"h7130":{"pronunciation":"keh'-reb","unicode":"קֶרֶב","translit":"qereb","definition":"from {{h7126}}; properly, the nearest part, i.e. the center, whether literal, figurative or adverbial (especially with preposition); × among, × before, bowels, × unto charge,   eat (up), × heart, × him, × in, inward (× -ly, part, -s, thought), midst,   out of, purtenance, × therein, × through, × within self.","strongs_number":"h7130"},"h7131":{"pronunciation":"kaw-rabe'","unicode":"קָרֵב","translit":"qârêb","definition":"from {{h7126}}; near; approach, come (near, nigh), draw near.","strongs_number":"h7131"},"h7132":{"pronunciation":"ker-aw-baw'","unicode":"קְרָבָה","translit":"qᵉrâbâh","definition":"from {{h7126}}; approach; approaching, draw near.","strongs_number":"h7132"},"h7133":{"pronunciation":"kor-bawn'","unicode":"קׇרְבָּן","translit":"qorbân","definition":"or קֻרְבָּן; from {{h7126}}; something brought near the altar, i.e. a sacrificial present; oblation, that is offered, offering.","strongs_number":"h7133"},"h7134":{"pronunciation":"kar-dome'","unicode":"קַרְדֹּם","translit":"qardôm","definition":"perhaps from {{h6923}} in the sense of striking upon; an axe; ax.","strongs_number":"h7134"},"h7135":{"pronunciation":"kaw-raw'","unicode":"קָרָה","translit":"qârâh","definition":"feminine of {{h7119}}; coolness; cold.","strongs_number":"h7135"},"h7136":{"pronunciation":"kaw-raw'","unicode":"קָרָה","translit":"qârâh","definition":"a primitive root; to light upon (chiefly by accident); causatively, to bring about; specifically, to impose timbers (for roof or floor); appoint, lay (make) beams, befall, bring, come (to pass unto), floor, (hap) was, happen (unto), meet, send good speed.","strongs_number":"h7136"},"h7137":{"pronunciation":"kaw-reh'","unicode":"קָרֶה","translit":"qâreh","definition":"from {{h7136}}; an (unfortunate) occurrence, i.e. some accidental (ceremonial) disqualification; uncleanness that chanceth.","strongs_number":"h7137"},"h7138":{"pronunciation":"kaw-robe'","unicode":"קָרוֹב","translit":"qârôwb","definition":"or קָרֹב; from {{h7126}}; near (in place, kindred or time); allied, approach, at hand,   any of kin, kinsfold(-sman), (that is) near (of kin), neighbour, (that is) next, (them that come) nigh (at hand), more ready, short(-ly).","strongs_number":"h7138"},"h7139":{"pronunciation":"kaw-rakh'","unicode":"קָרַח","translit":"qârach","definition":"a primitive root; to depilate; make (self) bald.","strongs_number":"h7139"},"h7140":{"pronunciation":"keh'-rakh","unicode":"קֶרַח","translit":"qerach","definition":"or קֹרַח; from {{h7139}}; ice (as if bald, i.e. smooth); hence, hail; by resemblance, rock crystal; crystal, frost, ice.","strongs_number":"h7140"},"h7141":{"pronunciation":"ko'rakh","unicode":"קֹרַח","translit":"Qôrach","definition":"from {{h7139}}; ice; Korach, the name of two Edomites and three Israelites; Korah.","strongs_number":"h7141"},"h7142":{"pronunciation":"kay-ray'-akh","unicode":"קֵרֵחַ","translit":"qêrêach","definition":"from {{h7139}}; bald (on the back of the head); bald (head).","strongs_number":"h7142"},"h7143":{"pronunciation":"kaw-ray'-akh","unicode":"קָרֵחַ","translit":"Qârêach","definition":"from {{h7139}}; bald; Kareach, an Israelite; Careah, Kareah.","strongs_number":"h7143"},"h7144":{"pronunciation":"kor-khaw'","unicode":"קׇרְחָה","translit":"qorchâh","definition":"or קׇרְחָא; (Ezekiel 27:31), from {{h7139}}; baldness; bald(-ness), × utterly.","strongs_number":"h7144"},"h7145":{"pronunciation":"kor-khee'","unicode":"קׇרְחִי","translit":"Qorchîy","definition":"patronymic from {{h7141}}; a Korchite (collectively) or descendants of Korach; Korahite, Korathite, sons of Kore, Korhite.","strongs_number":"h7145"},"h7146":{"pronunciation":"kaw-rakh'-ath","unicode":"קָרַחַת","translit":"qârachath","definition":"from {{h7139}}; a bald spot (on the back of the head); figuratively, a threadbare spot (on the back side of the cloth); bald head, bare within.","strongs_number":"h7146"},"h7147":{"pronunciation":"ker-ee'","unicode":"קְרִי","translit":"qᵉrîy","definition":"from {{h7136}}; hostile encounter; contrary.","strongs_number":"h7147"},"h7148":{"pronunciation":"kaw-ree'","unicode":"קָרִיא","translit":"qârîyʼ","definition":"from {{h7121}}; called, i.e. select; famous, renowned.","strongs_number":"h7148"},"h7149":{"pronunciation":"keer-yaw'","unicode":"קִרְיָא","translit":"qiryâʼ","definition":"(Aramaic) or קִרְיָה; (Aramaic), corresponding to {{h7151}}; city.","strongs_number":"h7149"},"h7150":{"pronunciation":"ker-ee-aw'","unicode":"קְרִיאָה","translit":"qᵉrîyʼâh","definition":"from {{h7121}}; a proclamation; preaching.","strongs_number":"h7150"},"h7151":{"pronunciation":"kir-yaw'","unicode":"קִרְיָה","translit":"qiryâh","definition":"from {{h7136}} in the sense of flooring, i.e. building; a city; city.","strongs_number":"h7151"},"h7152":{"pronunciation":"ker-ee-yoth'","unicode":"קְרִיּוֹת","translit":"Qᵉrîyôwth","definition":"plural of {{h7151}}; buildings; Kerioth, the name of two places in Palestine; Kerioth, Kirioth.","strongs_number":"h7152"},"h7153":{"pronunciation":"keer-yath' ar-bah'","unicode":"קִרְיַת אַרְבַּע","translit":"Qiryath ʼArbaʻ","definition":"or (with the article interposed) קִרְיַת הָאַרְבַּע; (Nehemiah 11:25), from {{h7151}} and {{h704}} or {{h702}}; city of Arba, or city of the four (giants); Kirjath-Arba or Kirjath-ha-Arba, a place in Palestine; Kirjath-arba.","strongs_number":"h7153"},"h7154":{"pronunciation":"keer-yath' bah'-al","unicode":"קִרְיַת בַּעַל","translit":"Qiryath Baʻal","definition":"from {{h7151}} and {{h1168}}; city of Baal; Kirjath-Baal, a place in Palestine; Kirjathbaal.","strongs_number":"h7154"},"h7155":{"pronunciation":"keer-yath' khoo-tsoth'","unicode":"קִרְיַת חֻצוֹת","translit":"Qiryath Chutsôwth","definition":"from {{h7151}} and the feminine plural of {{h2351}}; city of streets; Kirjath-Chutsoth, a place in Moab; Kirjath-huzoth.","strongs_number":"h7155"},"h7156":{"pronunciation":"keer-yaw-thah'-yim","unicode":"קִרְיָתַיִם","translit":"Qiryâthayim","definition":"dual of {{h7151}}; double city; Kirjathaim, the name of two placed in Palestine; Kiriathaim, Kirjathaim.","strongs_number":"h7156"},"h7157":{"pronunciation":"keer-yath' yeh-aw-reem'","unicode":"קִרְיַת יְעָרִים","translit":"Qiryath Yᵉʻârîym","definition":"or (Jeremiah 26:20) with the article interposed; or (Joshua 18:28) simply the former part of the word; or קִרְיַת עָרִים; from {{h7151}} and the plural of {{h3293}} or {{h5892}}; city of forests, or city of towns; Kirjath-Jearim or Kirjath-Arim, a place in Palestine; Kirjath, Kirjath-jearim, Kirjath-arim.","strongs_number":"h7157"},"h7158":{"pronunciation":"keer-yath' san-naw'","unicode":"קִרְיַת סַנָּה","translit":"Qiryath Çannâh","definition":"or קִרְיַת סֵפֶר; from {{h7151}} and a simpler feminine from the same as {{h5577}}, or (for the latter name) {{h5612}}; city of branches, or of a book; Kirjath-Sannah or Kirjath-Sepher, a place in Palestine; Kirjath-sannah, Kirjath-sepher.","strongs_number":"h7158"},"h7159":{"pronunciation":"kaw-ram'","unicode":"קָרַם","translit":"qâram","definition":"a primitive root; to cover; cover.","strongs_number":"h7159"},"h7160":{"pronunciation":"kaw-ran'","unicode":"קָרַן","translit":"qâran","definition":"a primitive root; to push or gore; used only as denominative from {{h7161}},; to shoot out horns; figuratively, rays; have horns, shine.","strongs_number":"h7160"},"h7161":{"pronunciation":"keh'-ren","unicode":"קֶרֶן","translit":"qeren","definition":"from {{h7160}}; a horn (as projecting); by implication, a flask, cornet; by resemblance. an elephant's tooth (i.e. ivory), a corner (of the altar), a peak (of a mountain), a ray (of light); figuratively, power; × hill, horn.","strongs_number":"h7161"},"h7162":{"pronunciation":"keh'-ren","unicode":"קֶרֶן","translit":"qeren","definition":"(Aramaic) corresponding to {{h7161}}; a horn (literally or for sound); horn, cornet.","strongs_number":"h7162"},"h7163":{"pronunciation":"keh'-ren hap-pook'","unicode":"קֶרֶן הַפּוּךְ","translit":"qeren hap-pûwk","definition":"from {{h7161}} and {{h6320}}; horn of cosmetic; Keren-hap-Puk, one of Job's daughters; Keren-happuch.","strongs_number":"h7163"},"h7164":{"pronunciation":"kaw-ras'","unicode":"קָרַס","translit":"qâraç","definition":"a primitive root; properly, to protrude; used only as denominative from {{h7165}} (for alliteration with {{h7167}}),; to hunch, i.e. be hump-backed; stoop.","strongs_number":"h7164"},"h7165":{"pronunciation":"keh'-res","unicode":"קֶרֶס","translit":"qereç","definition":"from {{h7164}}; a knob or belaying-pin (from its swelling form); tache.","strongs_number":"h7165"},"h7166":{"pronunciation":"kar-sole'","unicode":"קַרְסֹל","translit":"qarçôl","definition":"from {{h7164}}; an ankle (as a protuberance or joint); foot.","strongs_number":"h7166"},"h7167":{"pronunciation":"kaw-rah'","unicode":"קָרַע","translit":"qâraʻ","definition":"a primitive root; to rend, literally or figuratively (revile, paint the eyes, as if enlarging them); cut out, rend, × surely, tear.","strongs_number":"h7167"},"h7168":{"pronunciation":"keh'-rah","unicode":"קֶרַע","translit":"qeraʻ","definition":"from {{h7167}}; a rag; piece, rag.","strongs_number":"h7168"},"h7169":{"pronunciation":"kaw-rats'","unicode":"קָרַץ","translit":"qârats","definition":"a primitive root; to pinch, i.e. (partially) to bite the lips, blink the eyes (as a gesture of malice), or (fully) to squeeze off (a piece of clay in order to mould a vessel from it); form, move, wink.","strongs_number":"h7169"},"h7170":{"pronunciation":"ker-ats'","unicode":"קְרַץ","translit":"qᵉrats","definition":"(Aramaic) corresponding to {{h7171}} in the sense of a bit (to 'eat the morsels of' any one, i.e.; chew him up (figuratively) by slander; accuse.","strongs_number":"h7170"},"h7171":{"pronunciation":"keh'-rets","unicode":"קֶרֶץ","translit":"qerets","definition":"from {{h7169}}; extirpation (as if by constriction); destruction.","strongs_number":"h7171"},"h7172":{"pronunciation":"kar-kah'","unicode":"קַרְקַע","translit":"qarqaʻ","definition":"from {{h7167}}; floor (as if a pavement of pieces or tesseræ), of a building or the sea; bottom, (× one side of the) floor.","strongs_number":"h7172"},"h7173":{"pronunciation":"kar-kah'","unicode":"קַרְקַע","translit":"Qarqaʻ","definition":"the same as {{h7172}}; ground-floor; Karka (with the article prefix), a place in Palestine; Karkaa.","strongs_number":"h7173"},"h7174":{"pronunciation":"kar-kore'","unicode":"קַרְקֹר","translit":"Qarqôr","definition":"from {{h6979}}; foundation; Karkor, a place East of the Jordan; Karkor.","strongs_number":"h7174"},"h7175":{"pronunciation":"keh'-resh","unicode":"קֶרֶשׁ","translit":"qeresh","definition":"from an unused root meaning to split off; a slab or plank; by implication, a deck of a ship; bench, board.","strongs_number":"h7175"},"h7176":{"pronunciation":"keh'-reth","unicode":"קֶרֶת","translit":"qereth","definition":"from {{h7136}} in the sense of building; a city; city.","strongs_number":"h7176"},"h7177":{"pronunciation":"kar-taw'","unicode":"קַרְתָּה","translit":"Qartâh","definition":"from {{h7176}}; city; Kartah, a place in Palestine; Kartah.","strongs_number":"h7177"},"h7178":{"pronunciation":"kar-tawn'","unicode":"קַרְתָּן","translit":"Qartân","definition":"from {{h7176}}; city-plot; Kartan, a place in Palestine; Kartan.","strongs_number":"h7178"},"h7179":{"pronunciation":"kash","unicode":"קַשׁ","translit":"qash","definition":"from {{h7197}}; straw (as dry); stubble.","strongs_number":"h7179"},"h7180":{"pronunciation":"kish-shoo'","unicode":"קִשֻּׁא","translit":"qishshuʼ","definition":"from an unused root (meaning to be hard); a cucumber (from the difficulty of digestion); cucumber.","strongs_number":"h7180"},"h7181":{"pronunciation":"kaw-shab'","unicode":"קָשַׁב","translit":"qâshab","definition":"a primitive root; to prick up the ears, i.e. hearken; attend, (cause to) hear(-ken), give heed, incline, mark (well), regard.","strongs_number":"h7181"},"h7182":{"pronunciation":"keh'-sheb","unicode":"קֶשֶׁב","translit":"qesheb","definition":"from {{h7181}}; a hearkening; × diligently, hearing, much heed, that regarded.","strongs_number":"h7182"},"h7183":{"pronunciation":"kash-shawb'","unicode":"קַשָּׁב","translit":"qashshâb","definition":"or קַשֻּׁב; from {{h7181}}; hearkening; attent(-ive).","strongs_number":"h7183"},"h7184":{"pronunciation":"kaw-saw'","unicode":"קָשָׂה","translit":"qâsâh","definition":"or קַשְׂוָה; from an unused root meaning to be round; a jug (from its shape); cover, cup.","strongs_number":"h7184"},"h7185":{"pronunciation":"kaw-shaw'","unicode":"קָשָׁה","translit":"qâshâh","definition":"a primitive root; properly, to be dense, i.e. tough or severe (in various applications); be cruel, be fiercer, make grievous, be ((ask a), be in, have, seem, would) hard(-en, (labour), -ly, thing), be sore, (be, make) stiff(-en, (-necked)).","strongs_number":"h7185"},"h7186":{"pronunciation":"kaw-sheh'","unicode":"קָשֶׁה","translit":"qâsheh","definition":"from {{h7185}}; severe (in various applications); churlish, cruel, grievous, hard((-hearted), thing), heavy,   impudent, obstinate, prevailed, rough(-ly), sore, sorrowful, stiff(necked), stubborn,   in trouble.","strongs_number":"h7186"},"h7187":{"pronunciation":"kesh-ote'","unicode":"קְשׁוֹט","translit":"qᵉshôwṭ","definition":"(Aramaic) or קשֹׁט; (Aramaic), corresponding to {{h7189}}; fidelity; truth.","strongs_number":"h7187"},"h7188":{"pronunciation":"kaw-shakh'","unicode":"קָשַׁח","translit":"qâshach","definition":"a primitive root; to be (causatively, make) unfeeling; harden.","strongs_number":"h7188"},"h7189":{"pronunciation":"ko'-shet","unicode":"קֹשֶׁט","translit":"qôsheṭ","definition":"or קֹשְׁטְ; from an unused root meaning to balance; equity (as evenly weighed), i.e. reality; truth.","strongs_number":"h7189"},"h7190":{"pronunciation":"kesh-ee'","unicode":"קְשִׁי","translit":"qᵉshîy","definition":"from {{h7185}}; obstinacy; stubbornness.","strongs_number":"h7190"},"h7191":{"pronunciation":"kish-yone'","unicode":"קִשְׁיוֹן","translit":"Qishyôwn","definition":"from {{h7190}}; hard ground; Kishjon, a place in Palestine; Kishion, Keshon.","strongs_number":"h7191"},"h7192":{"pronunciation":"kes-ee-taw'","unicode":"קְשִׂיטָה","translit":"qᵉsîyṭâh","definition":"from an unused root (probably meaning to weigh out); an ingot (as definitely estimated and stamped for a coin); piece of money (silver).","strongs_number":"h7192"},"h7193":{"pronunciation":"kas-keh'-seth","unicode":"קַשְׂקֶשֶׂת","translit":"qasqeseth","definition":"by reduplication from an unused root meaning to shale off as bark; a scale (of a fish); hence a coat of mail (as composed of or covered with jointed plates of metal); mail, scale.","strongs_number":"h7193"},"h7194":{"pronunciation":"kaw-shar'","unicode":"קָשַׁר","translit":"qâshar","definition":"a primitive root; to tie, physically (gird, confine, compact) or mentally (in love, league); bind (up), (make a) conspire(-acy, -ator), join together, knit, stronger, work (treason).","strongs_number":"h7194"},"h7195":{"pronunciation":"keh'-sher","unicode":"קֶשֶׁר","translit":"qesher","definition":"from {{h7194}}; an (unlawful) alliance; confederacy, conspiracy, treason.","strongs_number":"h7195"},"h7196":{"pronunciation":"kish-shoor'","unicode":"קִשֻּׁר","translit":"qishshur","definition":"from {{h7194}}; an (ornamental) girdle (for women); attire, headband.","strongs_number":"h7196"},"h7197":{"pronunciation":"kaw-shash'","unicode":"קָשַׁשׁ","translit":"qâshash","definition":"a primitive root; to become sapless through drought; used only as denominative from {{h7179}}; to forage for straw, stubble or wood; figuratively, to assemble; gather (selves) (together).","strongs_number":"h7197"},"h7198":{"pronunciation":"keh'-sheth","unicode":"קֶשֶׁת","translit":"qesheth","definition":"from {{h7185}} in the original sense (of {{h6983}}) of bending; a bow, for shooting (hence, figuratively, strength) or the iris; × arch(-er),   arrow, bow(-man, -shot).","strongs_number":"h7198"},"h7199":{"pronunciation":"kash-shawth'","unicode":"קַשָּׁת","translit":"qashshâth","definition":"intensive (as denominative) from {{h7198}}; a bowman; × archer.","strongs_number":"h7199"},"h7200":{"pronunciation":"raw-aw'","unicode":"רָאָה","translit":"râʼâh","definition":"a primitive root; to see, literally or figuratively (in numerous applications, direct and implied, transitive, intransitive and causative); advise self, appear, approve, behold, × certainly, consider, discern, (make to) enjoy, have experience, gaze, take heed, × indeed, × joyfully, lo, look (on, one another, one on another, one upon another, out, up, upon), mark, meet, × be near, perceive, present, provide, regard, (have) respect, (fore-, cause to, let) see(-r, -m, one another), shew (self), × sight of others, (e-) spy, stare, × surely, × think, view, visions.","strongs_number":"h7200"}}