{"h7401":{"pronunciation":"raw-kak'","unicode":"רָכַךְ","translit":"râkak","definition":"a primitive root; to soften (intransitively or transitively), used figuratively; (be) faint(-hearted), mollify, (be, make) soft(-er), be tender.","strongs_number":"h7401"},"h7402":{"pronunciation":"raw-kal'","unicode":"רָכַל","translit":"râkal","definition":"a primitive root; to travel for trading; (spice) merchant.","strongs_number":"h7402"},"h7403":{"pronunciation":"raw-kawl'","unicode":"רָכָל","translit":"Râkâl","definition":"from {{h7402}}; merchant; Rakal, a place in Palestine; Rachal.","strongs_number":"h7403"},"h7404":{"pronunciation":"rek-ool-law'","unicode":"רְכֻלָּה","translit":"rᵉkullâh","definition":"feminine passive participle of {{h7402}}; trade (as peddled); merchandise, traffic.","strongs_number":"h7404"},"h7405":{"pronunciation":"raw-kas'","unicode":"רָכַס","translit":"râkaç","definition":"a primitive root; to tie; bind.","strongs_number":"h7405"},"h7406":{"pronunciation":"reh'-kes","unicode":"רֶכֶס","translit":"rekeç","definition":"from {{h7405}}; a mountain ridge (as of tied summits); rough place.","strongs_number":"h7406"},"h7407":{"pronunciation":"ro'-kes","unicode":"רֹכֶס","translit":"rôkeç","definition":"from {{h7405}}; a snare (as of tied meshes); pride.","strongs_number":"h7407"},"h7408":{"pronunciation":"raw-kash'","unicode":"רָכַשׁ","translit":"râkash","definition":"a primitive root; to lay up, i.e. collect; gather, get.","strongs_number":"h7408"},"h7409":{"pronunciation":"reh'-kesh","unicode":"רֶכֶשׁ","translit":"rekesh","definition":"from {{h7408}}; a relay of animals on a post-route (as stored up for that purpose); by implication, a courser; dromedary, mule, swift beast.","strongs_number":"h7409"},"h7410":{"pronunciation":"rawm","unicode":"רָם","translit":"Râm","definition":"active participle of {{h7311}}; high; Ram, the name of an Arabian and of an Israelite; Ram. See also {{h1027}}.","strongs_number":"h7410"},"h7411":{"pronunciation":"raw-maw'","unicode":"רָמָה","translit":"râmâh","definition":"a primitive root; to hurl; specifically, to shoot; figuratively, to delude or betray (as if causing to fall); beguile, betray, (bow-) man, carry, deceive, throw.","strongs_number":"h7411"},"h7412":{"pronunciation":"rem-aw'","unicode":"רְמָה","translit":"rᵉmâh","definition":"(Aramaic) corresponding to {{h7411}}; to throw, set, (figuratively) assess; cast (down), impose.","strongs_number":"h7412"},"h7413":{"pronunciation":"raw-maw'","unicode":"רָמָה","translit":"râmâh","definition":"feminine active participle of {{h7311}}; a height (as a seat of idolatry); high place.","strongs_number":"h7413"},"h7414":{"pronunciation":"raw-maw'","unicode":"רָמָה","translit":"Râmâh","definition":"the same as {{h7413}}; Ramah, the name of four places in Palestine; Ramah.","strongs_number":"h7414"},"h7415":{"pronunciation":"rim-maw'","unicode":"רִמָּה","translit":"rimmâh","definition":"from {{h7426}} in the sense of breeding (compare {{h7311}}); a maggot (as rapidly bred), literally or figuratively; worm.","strongs_number":"h7415"},"h7416":{"pronunciation":"rim-mone'","unicode":"רִמּוֹן","translit":"rimmôwn","definition":"or רִמֹּן; from {{h7426}}; a pomegranate, the tree (from its upright growth) or the fruit (also an artificial ornament); pomegranate.","strongs_number":"h7416"},"h7417":{"pronunciation":"rim-mone'","unicode":"רִמּוֹן","translit":"Rimmôwn","definition":"or (shorter) (רִמֹּן; or רִמּוֹנוֹ; (1 Chronicles 6:62 ({{h77}})), the same as {{h7416}}; in Joshua 19:13: הַמְּתֹאָר is mistaken for part of a name; article with the passive participle of {{h8388}}; the (one) marked off, i.e. which pertains).; Rimmon, the name of a Syrian deity, also of five places in Palestine; Remmon, Rimmon.","strongs_number":"h7417"},"h7418":{"pronunciation":"raw-moth","unicode":"רָמוֹת","translit":"Râmôwth","definition":"or רָמַת נֶגֶב; from the plural or construct form of {{h7413}} and {{h5045}}; heights (or height) of the South; Ramoth-Negeb or Ramath-Negeb, a place in Palestine; south Ramoth, Ramath of the south.","strongs_number":"h7418"},"h7419":{"pronunciation":"raw-mooth'","unicode":"רָמוּת","translit":"râmûwth","definition":"from {{h7311}}; a heap (of carcases); height.","strongs_number":"h7419"},"h7420":{"pronunciation":"ro'-makh","unicode":"רֹמַח","translit":"rômach","definition":"from an unused root meaning to hurl; a lance (as thrown); especially the iron point; buckler, javelin, lancet, spear.","strongs_number":"h7420"},"h7421":{"pronunciation":"ram-mee'","unicode":"רַמִּי","translit":"rammîy","definition":"for {{h761}}; a Ramite, i.e. Aramaean; Syrian.","strongs_number":"h7421"},"h7422":{"pronunciation":"ram-yaw'","unicode":"רַמְיָה","translit":"Ramyâh","definition":"from {{h7311}} and {{h3050}}; Jah has raised; Ramjah, an Israelite; Ramiah.","strongs_number":"h7422"},"h7423":{"pronunciation":"rem-ee-yaw'","unicode":"רְמִיָּה","translit":"rᵉmîyâh","definition":"from {{h7411}}; remissness, treachery; deceit(-ful, -fully), false, guile, idle, slack, slothful.","strongs_number":"h7423"},"h7424":{"pronunciation":"ram-mawk'","unicode":"רַמָּךְ","translit":"rammâk","definition":"of foreign origin; a brood mare; dromedary.","strongs_number":"h7424"},"h7425":{"pronunciation":"rem-al-yaw'-hoo","unicode":"רְמַלְיָהוּ","translit":"Rᵉmalyâhûw","definition":"from an unused root and {{h3050}} (perhaps meaning to deck); Jah has bedecked; Remaljah, an Israelite; Remaliah.","strongs_number":"h7425"},"h7426":{"pronunciation":"raw-mam'","unicode":"רָמַם","translit":"râmam","definition":"a primitive root; to rise (literally or figuratively); exalt, get (oneself) up, lift up (self), mount up.","strongs_number":"h7426"},"h7427":{"pronunciation":"ro-may-mooth'","unicode":"רֹמֵמֻת","translit":"rômêmuth","definition":"from the active participle of {{h7426}}; exaltation; lifting up of self.","strongs_number":"h7427"},"h7428":{"pronunciation":"rim-mone' peh'-rets","unicode":"רִמֹּן פֶּרֶץ","translit":"Rimmôn Perets","definition":"from {{h7416}} and {{h6556}}; pomegranate of the breach; Rimmon-Perets, a place in the Desert; Rimmon-parez.","strongs_number":"h7428"},"h7429":{"pronunciation":"raw-mas'","unicode":"רָמַס","translit":"râmaç","definition":"a primitive root; to tread upon (as a potter, in walking or abusively); oppressor, stamp upon, trample (under feet), tread (down, upon).","strongs_number":"h7429"},"h7430":{"pronunciation":"raw-mas'","unicode":"רָמַשׂ","translit":"râmas","definition":"a primitive root; properly, to glide swiftly, i.e. to crawl or move with short steps; by analogy to swarm; creep, move.","strongs_number":"h7430"},"h7431":{"pronunciation":"reh'-mes","unicode":"רֶמֶשׂ","translit":"remes","definition":"from {{h7430}}; a reptile or any other rapidly moving animal; that creepeth, creeping (moving) thing.","strongs_number":"h7431"},"h7432":{"pronunciation":"reh'-meth","unicode":"רֶמֶת","translit":"Remeth","definition":"from {{h7411}}; height; Remeth, a place in Palestine; Remeth.","strongs_number":"h7432"},"h7433":{"pronunciation":"raw-moth' gil-awd'","unicode":"רָמֹת גִּלעָד","translit":"Râmôth Gilʻâd","definition":"or רָמוֹת גִּלעָד; (2 Chronicles 22:5), from the plural of {{h7413}} and {{h1568}}; heights of Gilad; Ramoth-Gilad, a place East of the Jordan; Ramoth-gilead, Ramoth in Gilead. See also {{h7216}}.","strongs_number":"h7433"},"h7434":{"pronunciation":"raw-math' ham-mitspeh'","unicode":"רָמַת הַמִּצְפֶּה","translit":"Râmath ham-Mit-speh","definition":"from {{h7413}} and {{h4707}} with the article interpolated; height of the watch-tower; Ramath-ham-Mitspeh, a place in Palestine; Ramath-mizpeh.","strongs_number":"h7434"},"h7435":{"pronunciation":"raw-maw-thee'","unicode":"רָמָתִי","translit":"Râmâthîy","definition":"patronymic of {{h7414}}; a Ramathite or inhabitant of Ramah; Ramathite.","strongs_number":"h7435"},"h7436":{"pronunciation":"raw-maw-thah'-yim tso-feem'","unicode":"רָמָתַיִם צוֹפִים","translit":"Râmâthayim Tsôwphîym","definition":"from the dual of {{h7413}} and the plural of the active participle of {{h6822}}; double height of watchers; Ramathajim-Tsophim, a place in Palestine; Ramathaimzophim.","strongs_number":"h7436"},"h7437":{"pronunciation":"raw'-math lekh'-ee","unicode":"רָמַת לֶחִי","translit":"Râmath Lechîy","definition":"from {{h7413}} and {{h3895}}; height of a jaw-bone; Ramath-Lechi, a place in Palestine; Ramath-lehi.","strongs_number":"h7437"},"h7438":{"pronunciation":"rone","unicode":"רֹן","translit":"rôn","definition":"from {{h7442}}; a shout (of deliverance); song.","strongs_number":"h7438"},"h7439":{"pronunciation":"raw-naw'","unicode":"רָנָה","translit":"rânâh","definition":"a primitive root; to whiz; rattle.","strongs_number":"h7439"},"h7440":{"pronunciation":"rin-naw'","unicode":"רִנָּה","translit":"rinnâh","definition":"from {{h7442}}; properly, a creaking (or shrill sound), i.e. shout (of joy or grief); cry, gladness, joy, proclamation, rejoicing, shouting, sing(-ing), triumph.","strongs_number":"h7440"},"h7441":{"pronunciation":"rin-naw'","unicode":"רִנָּה","translit":"Rinnâh","definition":"the same as {{h7440}}; Rinnah, an Israelite; Rinnah.","strongs_number":"h7441"},"h7442":{"pronunciation":"raw-nan'","unicode":"רָנַן","translit":"rânan","definition":"a primitive root; properly, to creak (or emit a stridulous sound), i.e. to shout (usually for joy); aloud for joy, cry out, be joyful (greatly, make to) rejoice, (cause to) shout (for joy), (cause to) sing (aloud, for joy, out), triumph.","strongs_number":"h7442"},"h7443":{"pronunciation":"reh'-nen","unicode":"רֶנֶן","translit":"renen","definition":"from {{h7442}}; an ostrich (from its wail); × goodly.","strongs_number":"h7443"},"h7444":{"pronunciation":"ran-nane'","unicode":"רַנֵּן","translit":"rannên","definition":"intensive from {{h7442}}; shouting (for joy); singing.","strongs_number":"h7444"},"h7445":{"pronunciation":"ren-aw-naw'","unicode":"רְנָנָה","translit":"rᵉnânâh","definition":"from {{h7442}}; a shout (for joy); joyful (voice), singing, triumphing.","strongs_number":"h7445"},"h7446":{"pronunciation":"ris-saw'","unicode":"רִסָּה","translit":"Riççâh","definition":"from {{h7450}}; a ruin (as dripping to pieces); Rissah, a place in the Desert; Rissah.","strongs_number":"h7446"},"h7447":{"pronunciation":"raw-sees'","unicode":"רָסִיס","translit":"râçîyç","definition":"from {{h7450}}; properly, dripping to pieces, i.e. a ruin; also a dew-drop; breach, drop.","strongs_number":"h7447"},"h7448":{"pronunciation":"reh'-sen","unicode":"רֶסֶן","translit":"reçen","definition":"from an unused root meaning to curb; a halter (as restraining); by implication, the jaw; bridle.","strongs_number":"h7448"},"h7449":{"pronunciation":"reh'-sen","unicode":"רֶסֶן","translit":"Reçen","definition":"the same as {{h7448}}; Resen, a place in Assyrian; Resen.","strongs_number":"h7449"},"h7450":{"pronunciation":"raw-sas'","unicode":"רָסַס","translit":"râçaç","definition":"a primitive root; to comminute; used only as denominative from {{h7447}},; to moisten (with drops); temper.","strongs_number":"h7450"},"h7451":{"pronunciation":"rah","unicode":"רַע","translit":"raʻ","definition":"from {{h7489}}; bad or (as noun) evil (natural or moral); adversity, affliction, bad, calamity,   displease(-ure), distress, evil((-favouredness), man, thing),   exceedingly, × great, grief(-vous), harm, heavy, hurt(-ful), ill (favoured),   mark, mischief(-vous), misery, naught(-ty), noisome,   not please, sad(-ly), sore, sorrow, trouble, vex, wicked(-ly, -ness, one), worse(-st), wretchedness, wrong. (Incl. feminine raaah; as adjective or noun.).","strongs_number":"h7451"},"h7452":{"pronunciation":"ray'-ah","unicode":"רֵעַ","translit":"rêaʻ","definition":"from {{h7321}}; a crash (of thunder), noise (of war), shout (of joy); × aloud, noise, shouted.","strongs_number":"h7452"},"h7453":{"pronunciation":"ray'-ah","unicode":"רֵעַ","translit":"rêaʻ","definition":"or רֵיעַ; from {{h7462}}; an associate (more or less close); brother, companion, fellow, friend, husband, lover, neighbour, × (an-) other.","strongs_number":"h7453"},"h7454":{"pronunciation":"ray'-ah","unicode":"רֵעַ","translit":"rêaʻ","definition":"from {{h7462}}; a thought (as association of ideas); thought.","strongs_number":"h7454"},"h7455":{"pronunciation":"ro'-ah","unicode":"רֹעַ","translit":"rôaʻ","definition":"from {{h7489}}; badness (as marring), physically or morally; × be so bad, badness, (× be so) evil, naughtiness, sadness, sorrow, wickedness.","strongs_number":"h7455"},"h7456":{"pronunciation":"raw-abe'","unicode":"רָעֵב","translit":"râʻêb","definition":"a primitive root; to hunger; (suffer to) famish, (be, have, suffer, suffer to) hunger(-ry).","strongs_number":"h7456"},"h7457":{"pronunciation":"raw-abe'","unicode":"רָעֵב","translit":"râʻêb","definition":"from {{h7456}}; hungry (more or less intensely); hunger bitten, hungry.","strongs_number":"h7457"},"h7458":{"pronunciation":"raw-awb'","unicode":"רָעָב","translit":"râʻâb","definition":"from {{h7456}}; hunger (more or less extensive); dearth, famine,   famished, hunger.","strongs_number":"h7458"},"h7459":{"pronunciation":"reh-aw-bone'","unicode":"רְעָבוֹן","translit":"rᵉʻâbôwn","definition":"from {{h7456}}; famine; famine.","strongs_number":"h7459"},"h7460":{"pronunciation":"raw-ad'","unicode":"רָעַד","translit":"râʻad","definition":"a primitive root; to shudder (more or less violently); tremble.","strongs_number":"h7460"},"h7461":{"pronunciation":"rah'-ad","unicode":"רַעַד","translit":"raʻad","definition":"or (feminine) רְעָדָהxlit rᵉâdâh corrected to rᵉʻâdâh; from {{h7460}}; a shudder; trembling.","strongs_number":"h7461"},"h7462":{"pronunciation":"raw-aw'","unicode":"רָעָה","translit":"râʻâh","definition":"a primitive root; to tend a flock; i.e. pasture it; intransitively, to graze (literally or figuratively); generally to rule; by extension, to associate with (as a friend); × break, companion, keep company with, devour, eat up, evil entreat, feed, use as a friend, make friendship with, herdman, keep (sheep) (-er), pastor,   shearing house, shepherd, wander, waste.","strongs_number":"h7462"},"h7463":{"pronunciation":"ray-eh'","unicode":"רֵעֶה","translit":"rêʻeh","definition":"from {{h7462}}; a (male) companion; friend.","strongs_number":"h7463"},"h7464":{"pronunciation":"ray'-aw","unicode":"רֵעָה","translit":"rêʻâh","definition":"feminine of {{h7453}}; a female associate; companion, fellow.","strongs_number":"h7464"},"h7465":{"pronunciation":"ro-aw'","unicode":"רֹעָה","translit":"rôʻâh","definition":"for {{h7455}}; breakage; broken, utterly.","strongs_number":"h7465"},"h7466":{"pronunciation":"reh-oo'","unicode":"רְעוּ","translit":"Rᵉʻûw","definition":"for {{h7471}} in the sense of {{h7453}}; friend; Reu, a postdiluvian patriarch; Reu.","strongs_number":"h7466"},"h7467":{"pronunciation":"reh-oo-ale'","unicode":"רְעוּאֵל","translit":"Rᵉʻûwʼêl","definition":"from the same as {{h7466}} and {{h410}}; friend of God; Reuel, the name of Moses' father-in-law, also of an Edomite and an Israelite; Raguel, Reuel.","strongs_number":"h7467"},"h7468":{"pronunciation":"reh-ooth'","unicode":"רְעוּת","translit":"rᵉʻûwth","definition":"from {{h7462}} in the sense of {{h7453}}; a female associate; generally an additional one; another, mate, neighbour.","strongs_number":"h7468"},"h7469":{"pronunciation":"reh-ooth'","unicode":"רְעוּת","translit":"rᵉʻûwth","definition":"probably from {{h7462}}; a feeding upon, i.e. grasping after; vexation.","strongs_number":"h7469"},"h7470":{"pronunciation":"reh-ooth'","unicode":"רְעוּת","translit":"rᵉʻûwth","definition":"(Aramaic) corresponding to {{h7469}}; desire; pleasure, will.","strongs_number":"h7470"},"h7471":{"pronunciation":"reh-ee'","unicode":"רְעִי","translit":"rᵉʻîy","definition":"from {{h7462}}; pasture; pasture.","strongs_number":"h7471"},"h7472":{"pronunciation":"ray-ee'","unicode":"רֵעִי","translit":"Rêʻîy","definition":"from {{h7453}}; social; Rei, an Israelite; Rei.","strongs_number":"h7472"},"h7473":{"pronunciation":"ro-ee'","unicode":"רֹעִי","translit":"rôʻîy","definition":"from active participle of {{h7462}}; pastoral; as noun, a shepherd; shipherd.","strongs_number":"h7473"},"h7474":{"pronunciation":"rah-yaw'","unicode":"רַעְיָה","translit":"raʻyâh","definition":"feminine of {{h7453}}; a female associate; fellow, love.","strongs_number":"h7474"},"h7475":{"pronunciation":"rah-yone'","unicode":"רַעְיוֹן","translit":"raʻyôwn","definition":"from {{h7462}} in the sense of {{h7469}}; desire; vexation.","strongs_number":"h7475"},"h7476":{"pronunciation":"rah-yone'","unicode":"רַעְיוֹן","translit":"raʻyôwn","definition":"(Aramaic) corresponding to {{h7475}}; a grasp. i.e. (figuratively) mental conception; cogitation, thought.","strongs_number":"h7476"},"h7477":{"pronunciation":"raw-al'","unicode":"רָעַל","translit":"râʻal","definition":"a primitive root; to reel, i.e. (figuratively) to brandish; terribly shake.","strongs_number":"h7477"},"h7478":{"pronunciation":"rah'-al","unicode":"רַעַל","translit":"raʻal","definition":"from {{h7477}}; a reeling (from intoxication); trembling.","strongs_number":"h7478"},"h7479":{"pronunciation":"rah-al-aw'","unicode":"רַעֲלָה","translit":"raʻălâh","definition":"feminine of {{h7478}}; a long veil (as fluttering); muffler.","strongs_number":"h7479"},"h7480":{"pronunciation":"reh-ay-law-yaw'","unicode":"רְעֵלָיָה","translit":"Rᵉʻêlâyâh","definition":"from {{h7477}} and {{h3050}}; made to tremble (i.e. fearful) of Jah; Reelajah, an Israelite; Reeliah.","strongs_number":"h7480"},"h7481":{"pronunciation":"raw-am'","unicode":"רָעַם","translit":"râʻam","definition":"a primitive root; to tumble, i.e. be violently agitated; specifically, to crash (of thunder); figuratively, to irritate (with anger); make to fret, roar, thunder, trouble.","strongs_number":"h7481"},"h7482":{"pronunciation":"rah'am","unicode":"רַעַם","translit":"raʻam","definition":"from {{h7481}}; a peal of thunder; thunder.","strongs_number":"h7482"},"h7483":{"pronunciation":"rah-maw'","unicode":"רַעְמָה","translit":"raʻmâh","definition":"feminine of {{h7482}}; the mane of a horse (as quivering in the wind); thunder.","strongs_number":"h7483"},"h7484":{"pronunciation":"rah-maw'","unicode":"רַעְמָה","translit":"Raʻmâh","definition":"the same as {{h7483}}; Ramah, the name of a grandson of Ham, and of a place (perhaps founded by him); Raamah.","strongs_number":"h7484"},"h7485":{"pronunciation":"rah-am-yaw'","unicode":"רַעַמְיָה","translit":"Raʻamyâh","definition":"from {{h7481}} and {{h3050}}; Jah has shaken; Raamjah, an Israelite; Raamiah.","strongs_number":"h7485"},"h7486":{"pronunciation":"rah-mes-ace'","unicode":"רַעְמְסֵס","translit":"Raʻmᵉçêç","definition":"or רַעַמְסֵס; of Egyptian origin; Rameses or Raamses, a place in Egypt; Raamses, Rameses.","strongs_number":"h7486"},"h7487":{"pronunciation":"rah-aw-nan'","unicode":"רַעֲנַן","translit":"raʻănan","definition":"(Aramaic) corresponding to {{h7488}}; green, i.e. (figuratively) prosperous; flourishing.","strongs_number":"h7487"},"h7488":{"pronunciation":"rah-an-awn'","unicode":"רַעֲנָן","translit":"raʻănân","definition":"from an unused root meaning to be green; verdant; by analogy, new; figuratively, prosperous; green, flourishing.","strongs_number":"h7488"},"h7489":{"pronunciation":"raw-ah'","unicode":"רָעַע","translit":"râʻaʻ","definition":"a primitive root; properly, to spoil (literally, by breaking to pieces); figuratively, to make (or be) good for nothing, i.e. bad (physically, socially or morally); afflict, associate selves (by mistake for {{h7462}}), break (down, in pieces),   displease, (be, bring, do) evil (doer, entreat, man), show self friendly (by mistake for {{h7462}}), do harm, (do) hurt, (behave self, deal) ill, × indeed, do mischief, punish, still, vex, (do) wicked (doer, -ly), be (deal, do) worse.","strongs_number":"h7489"},"h7490":{"pronunciation":"reh-ah'","unicode":"רְעַע","translit":"rᵉʻaʻ","definition":"(Aramaic) corresponding to {{h7489}}; break, bruise.","strongs_number":"h7490"},"h7491":{"pronunciation":"raw-af'","unicode":"רָעַף","translit":"râʻaph","definition":"a primitive root; to drip; distil, drop (down).","strongs_number":"h7491"},"h7492":{"pronunciation":"raw-ats'","unicode":"רָעַץ","translit":"râʻats","definition":"a primitive root; to break in pieces; figuratively, harass; dash in pieces, vex.","strongs_number":"h7492"},"h7493":{"pronunciation":"raw-ash","unicode":"רָעַשׁ","translit":"râʻash","definition":"a primitive root; to undulate (as the earth, the sky, etc.; also a field of grain), particularly through fear; specifically, to spring (as a locust); make afraid, (re-) move, quake, (make to) shake, (make to) tremble.","strongs_number":"h7493"},"h7494":{"pronunciation":"rah'-ash","unicode":"רַעַשׁ","translit":"raʻash","definition":"from {{h7493}}; vibration, bounding, uproar; commotion, confused noise, earthquake, fierceness, quaking, rattling, rushing, shaking.","strongs_number":"h7494"},"h7495":{"pronunciation":"raw-faw'","unicode":"רָפָא","translit":"râphâʼ","definition":"or רָפָה; a primitive root; properly, to mend (by stitching), i.e. (figuratively) to cure; cure, (cause to) heal, physician, repair, × thoroughly, make whole. See {{h7503}}.","strongs_number":"h7495"},"h7496":{"pronunciation":"raw-faw'","unicode":"רָפָא","translit":"râphâʼ","definition":"from {{h7495}} in the sense of {{h7503}}; properly, lax, i.e. (figuratively) a ghost (as dead; in plural only); dead, deceased.","strongs_number":"h7496"},"h7497":{"pronunciation":"raw-faw'","unicode":"רָפָא","translit":"râphâʼ","definition":"or רָפָה; from {{h7495}} in the sense of invigorating; a giant; giant, Rapha, Rephaim(-s). See also {{h1051}}.","strongs_number":"h7497"},"h7498":{"pronunciation":"raw-faw'","unicode":"רָפָא","translit":"Râphâʼ","definition":"or רָפָה; probably the same as {{h7497}}; giant; Rapha or Raphah, the name of two Israelites; Rapha.","strongs_number":"h7498"},"h7499":{"pronunciation":"ref-oo-aw'","unicode":"רְפֻאָה","translit":"rᵉphuʼâh","definition":"feminine passive participle of {{h7495}}; a medicament; heal(-ed), medicine.","strongs_number":"h7499"},"h7500":{"pronunciation":"rif-ooth'","unicode":"רִפְאוּת","translit":"riphʼûwth","definition":"from {{h7495}}; a cure; health.","strongs_number":"h7500"}}