{"h7601":{"pronunciation":"shaw-as'","unicode":"שָׁאַס","translit":"shâʼaç","definition":"a primitive root; to plunder; spoil.","strongs_number":"h7601"},"h7602":{"pronunciation":"shaw-af'","unicode":"שָׁאַף","translit":"shâʼaph","definition":"a primitive root; to inhale eagerly; figuratively, to cover; by implication, to be angry; also to hasten; desire (earnestly), devour, haste, pant, snuff up, swallow up.","strongs_number":"h7602"},"h7603":{"pronunciation":"seh-ore'","unicode":"שְׂאֹר","translit":"sᵉʼôr","definition":"from {{h7604}}; barm or yeast-cake (as swelling by fermentation); leaven.","strongs_number":"h7603"},"h7604":{"pronunciation":"shaw-ar'","unicode":"שָׁאַר","translit":"shâʼar","definition":"a primitive root; properly, to swell up, i.e. be (causatively, make) redundant; leave, (be) left, let, remain, remnant, reserve, the rest.","strongs_number":"h7604"},"h7605":{"pronunciation":"sheh-awr'","unicode":"שְׁאָר","translit":"shᵉʼâr","definition":"from {{h7604}}; a remainder; × other, remnant, residue, rest.","strongs_number":"h7605"},"h7606":{"pronunciation":"sheh-awr'","unicode":"שְׁאָר","translit":"shᵉʼâr","definition":"(Aramaic) corresponding to {{h7605}}; × whatsoever more, residue, rest.","strongs_number":"h7606"},"h7607":{"pronunciation":"sheh-ayr'","unicode":"שְׁאֵר","translit":"shᵉʼêr","definition":"from {{h7604}}; flesh (as swelling out), as living or for food; generally food of any kind; figuratively, kindred by blood; body, flesh, food, (near) kin(-sman, -swoman), near (nigh) (of kin).","strongs_number":"h7607"},"h7608":{"pronunciation":"shah-ar-aw'","unicode":"שַׁאֲרָה","translit":"shaʼărâh","definition":"feminine of {{h7607}}; female kindred by blood; near kinswomen.","strongs_number":"h7608"},"h7609":{"pronunciation":"sheh-er-aw'","unicode":"שֶׁאֱרָה","translit":"Sheʼĕrâh","definition":"the same as {{h7608}}; Sheerah, an Israelitess; Sherah.","strongs_number":"h7609"},"h7610":{"pronunciation":"sheh-awr'yaw-shoob'","unicode":"שְׁאָר יָשׁוּב","translit":"Shᵉʼâr Yâshûwb","definition":"from {{h7605}} and {{h7725}}; a remnant will return; Shear-Jashub, the symbolic name of one of Isaiah's sons; Shear-jashub.","strongs_number":"h7610"},"h7611":{"pronunciation":"sheh-ay-reeth'","unicode":"שְׁאֵרִית","translit":"shᵉʼêrîyth","definition":"from {{h7604}}; a remainder or residual (surviving, final) portion; that had escaped, be left, posterity, remain(-der), remnant, residue, rest.","strongs_number":"h7611"},"h7612":{"pronunciation":"shayth","unicode":"שֵׁאת","translit":"shêʼth","definition":"from {{h7582}}; devastation; desolation.","strongs_number":"h7612"},"h7613":{"pronunciation":"seh-ayth'","unicode":"שְׂאֵת","translit":"sᵉʼêth","definition":"from {{h5375}}; an elevation or leprous scab; figuratively, elation or cheerfulness; exaltation in rank or character; be accepted, dignity, excellency, highness, raise up self, rising.","strongs_number":"h7613"},"h7614":{"pronunciation":"sheb-aw'","unicode":"שְׁבָא","translit":"Shᵉbâʼ","definition":"of foreign origin; Sheba, the name of three early progenitors of tribes and of an Ethiopian district; Sheba, Sabeans.","strongs_number":"h7614"},"h7615":{"pronunciation":"sheb-aw-ee'","unicode":"שְׁבָאִי","translit":"Shᵉbâʼîy","definition":"patronymic from {{h7614}}; a Shebaite or descendant of Sheba; Sabean.","strongs_number":"h7615"},"h7616":{"pronunciation":"shaw-bawb'","unicode":"שָׁבָב","translit":"shâbâb","definition":"from an unused root meaning to break up; a fragment, i.e. ruin; broken in pieces.","strongs_number":"h7616"},"h7617":{"pronunciation":"shaw-baw'","unicode":"שָׁבָה","translit":"shâbâh","definition":"a primitive root; to transport into captivity; (bring away, carry, carry away, lead, lead away, take) captive(-s), drive (take) away.","strongs_number":"h7617"},"h7618":{"pronunciation":"sheb-oo'","unicode":"שְׁבוּ","translit":"shᵉbûw","definition":"from an unused root (probably identical with that of {{h7617}} through the idea of subdivision into flashes or streamers (compare {{h7632}}) meaning to flame; a gem (from its sparkle), probably the agate; agate.","strongs_number":"h7618"},"h7619":{"pronunciation":"sheb-oo-ale'","unicode":"שְׁבוּאֵל","translit":"Shᵉbûwʼêl","definition":"or שׁוּבָאֵל; from {{h7617}} (abbreviated form) or {{h7725}} and {{h410}}; captive (or returned) of God; Shebuel or Shubael, the name of two Israelites; Shebuel, Shubael.","strongs_number":"h7619"},"h7620":{"pronunciation":"shaw-boo'-ah","unicode":"שָׁבוּעַ","translit":"shâbûwaʻ","definition":"or שָׁבֻעַ; also (feminine) שְׁבֻעָה; properly, passive participle of {{h7650}} as a denominative of {{h7651}}; literally, sevened, i.e. a week (specifically, of years); seven, week.","strongs_number":"h7620"},"h7621":{"pronunciation":"sheb-oo-aw'","unicode":"שְׁבוּעָה","translit":"shᵉbûwʻâh","definition":"feminine passive participle of {{h7650}}; properly, something sworn, i.e. an oath; curse, oath, × sworn.","strongs_number":"h7621"},"h7622":{"pronunciation":"sheb-ooth'","unicode":"שְׁבוּת","translit":"shᵉbûwth","definition":"or שְׁבִית; from {{h7617}}; exile, concretely, prisoners; figuratively, a former state of prosperity; captive(-ity).","strongs_number":"h7622"},"h7623":{"pronunciation":"shaw-bakh'","unicode":"שָׁבַח","translit":"shâbach","definition":"a primitive root; properly, to address in a loud tone, i.e. (specifically) loud; figuratively, to pacify (as if by words); commend, glory, keep in, praise, still, triumph.","strongs_number":"h7623"},"h7624":{"pronunciation":"sheb-akh'","unicode":"שְׁבַח","translit":"shᵉbach","definition":"(Aramaic) corresponding to {{h7623}}; to adulate, i.e. adore; praise.","strongs_number":"h7624"},"h7625":{"pronunciation":"sheb-at'","unicode":"שְׁבַט","translit":"shᵉbaṭ","definition":"(Aramaic) corresponding to {{h7626}}; a clan; tribe.","strongs_number":"h7625"},"h7626":{"pronunciation":"shay'-bet","unicode":"שֵׁבֶט","translit":"shêbeṭ","definition":"from an unused root probably meaning to branch off; a scion, i.e. (literally) a stick (for punishing, writing, fighting, ruling, walking, etc.) or (figuratively) a clan; × correction, dart, rod, sceptre, staff, tribe.","strongs_number":"h7626"},"h7627":{"pronunciation":"sheb-awt'","unicode":"שְׁבָט","translit":"Shᵉbâṭ","definition":"of foreign origin; Shebat, a Jewish month; Sebat.","strongs_number":"h7627"},"h7628":{"pronunciation":"sheb-ee'","unicode":"שְׁבִי","translit":"shᵉbîy","definition":"from {{h7618}}; exiled; captured; as noun, exile (abstractly or concretely and collectively); by extension, booty; captive(-ity), prisoners, × take away, that was taken.","strongs_number":"h7628"},"h7629":{"pronunciation":"sho-bee'","unicode":"שֹׁבִי","translit":"Shôbîy","definition":"from {{h7617}}; captor; Shobi, an Ammonite; Shobi.","strongs_number":"h7629"},"h7630":{"pronunciation":"sho-bah'-ee","unicode":"שֹׁבַי","translit":"Shôbay","definition":"for {{h7629}}; Shobai, an Israelite; Shobai.","strongs_number":"h7630"},"h7631":{"pronunciation":"seb-eeb'","unicode":"שְׂבִיב","translit":"sᵉbîyb","definition":"(Aramaic) corresponding to {{h7632}}; flame.","strongs_number":"h7631"},"h7632":{"pronunciation":"shaw-beeb'","unicode":"שָׁבִיב","translit":"shâbîyb","definition":"from the same as {{h7616}}; flame (as split into tongues); spark.","strongs_number":"h7632"},"h7633":{"pronunciation":"shib-yaw'","unicode":"שִׁבְיָה","translit":"shibyâh","definition":"feminine of {{h7628}}; exile (abstractly or concretely and collectively); captives(-ity).","strongs_number":"h7633"},"h7634":{"pronunciation":"shob-yaw'","unicode":"שׇׁבְיָה","translit":"Shobyâh","definition":"feminine of the same as {{h7629}}; captivation; Shobjah, an Israelite; Shachia (from the margin).","strongs_number":"h7634"},"h7635":{"pronunciation":"shaw-beel'","unicode":"שָׁבִיל","translit":"shâbîyl","definition":"from the same as {{h7640}}; a track or passage-way (as if flowing along); path.","strongs_number":"h7635"},"h7636":{"pronunciation":"shaw-beece'","unicode":"שָׁבִיס","translit":"shâbîyç","definition":"from an unused root meaning to interweave; a netting for the hair; caul.","strongs_number":"h7636"},"h7637":{"pronunciation":"sheb-ee-ee'","unicode":"שְׁבִיעִי","translit":"shᵉbîyʻîy","definition":"or שְׁבִעִי; ordinal from {{h7657}}; seventh; seventh (time).","strongs_number":"h7637"},"h7638":{"pronunciation":"saw-bawk'","unicode":"שָׂבָךְ","translit":"sâbâk","definition":"from an unused root meaning to intwine; a netting (ornament to the capital of a column); net.","strongs_number":"h7638"},"h7639":{"pronunciation":"seb-aw-kaw'","unicode":"שְׂבָכָה","translit":"sᵉbâkâh","definition":"feminine of {{h7638}}; a net-work, i.e. (in hunting) a snare, (in architecture) a ballustrade; also a reticulated ornament to a pillar; checker, lattice, network, snare, wreath(-enwork).","strongs_number":"h7639"},"h7640":{"pronunciation":"show'-bel","unicode":"שֹׁבֶל","translit":"shôbel","definition":"from an unused root meaning to flow; a lady's train (as trailing after her); leg.","strongs_number":"h7640"},"h7641":{"pronunciation":"shib-bole","unicode":"שִׁבֹּל","translit":"shibbôl","definition":"or (feminine) שִׁבֹּלֶת; from the same as {{h7640}}; a stream (as flowing); also an ear of grain (as growing out); by analogy, a branch; branch, channel, ear (of corn), (water-)flood, Shibboleth. Compare {{h5451}}.","strongs_number":"h7641"},"h7642":{"pronunciation":"shab-lool'","unicode":"שַׁבְלוּל","translit":"shablûwl","definition":"from the same as {{h7640}}; a snail (as if floating in its own slime); snail.","strongs_number":"h7642"},"h7643":{"pronunciation":"seb-awm'","unicode":"שְׂבָם","translit":"Sᵉbâm","definition":"or (feminine) שִׂבְמָה; probably from {{h1313}}; spice; Sebam or Sibmah, a place in Moab; Shebam, Shibmah, Sibmah.","strongs_number":"h7643"},"h7644":{"pronunciation":"sheb-naw'","unicode":"שֶׁבְנָא","translit":"Shebnâʼ","definition":"or שֶׁבְנָה; from an unused root meaning to grow; growth; Shebna or Shebnah, an Israelite; Shebna, Shebnah.","strongs_number":"h7644"},"h7645":{"pronunciation":"sheb-an-yaw'","unicode":"שְׁבַנְיָה","translit":"Shᵉbanyâh","definition":"or שְׁבַנְיָהוּ; from the same as {{h7644}} and {{h3050}}; Jah has grown (i.e. prospered); Shebanjah, the name of three or four Israelites; Shebaniah.","strongs_number":"h7645"},"h7646":{"pronunciation":"saw-bah'","unicode":"שָׂבַע","translit":"sâbaʻ","definition":"or שָׂבֵעַ; a primitive root; to sate, i.e. fill to satisfaction (literally or figuratively); have enough, fill (full, self, with), be (to the) full (of), have plenty of, be satiate, satisfy (with), suffice, be weary of.","strongs_number":"h7646"},"h7647":{"pronunciation":"saw-baw'","unicode":"שָׂבָע","translit":"sâbâʻ","definition":"from {{h7646}}; copiousness; abundance, plenteous(-ness, -ly).","strongs_number":"h7647"},"h7648":{"pronunciation":"so'-bah","unicode":"שֹׂבַע","translit":"sôbaʻ","definition":"from {{h7646}}; satisfaction (of food or [figuratively] joy); fill, full(-ness), satisfying, be satisfied.","strongs_number":"h7648"},"h7649":{"pronunciation":"saw-bay'-ah","unicode":"שָׂבֵעַ","translit":"sâbêaʻ","definition":"from {{h7646}}; satiated (in a pleasant or disagreeable sense); full (of), satisfied (with).","strongs_number":"h7649"},"h7650":{"pronunciation":"shaw-bah'","unicode":"שָׁבַע","translit":"shâbaʻ","definition":"a primitive root; properly to be complete, but used only as a denominative from {{h7651}}; to seven oneself, i.e. swear (as if by repeating a declaration seven times); adjure, charge (by an oath, with an oath), feed to the full (by mistake for {{h7646}}), take an oath, × straitly, (cause to, make to) swear.","strongs_number":"h7650"},"h7651":{"pronunciation":"sheh'-bah","unicode":"שֶׁבַע","translit":"shebaʻ","definition":"or (masculine) (שִׁבְעָה); from {{h7650}}; a primitive cardinal number; seven (as the sacred full one); also (adverbially) seven times; by implication, a week; by extension, an indefinite number; (  by) seven(-fold),-s, (-teen, -teenth), -th, times). Compare {{h7658}}.","strongs_number":"h7651"},"h7652":{"pronunciation":"sheh'-bah","unicode":"שֶׁבַע","translit":"shebaʻ","definition":"the same as {{h7651}}; seven; Sheba, the name of a place in Palestine, and of two Israelites; Sheba.","strongs_number":"h7652"},"h7653":{"pronunciation":"sib-aw'","unicode":"שִׂבְעָה","translit":"sibʻâh","definition":"feminine of {{h7647}}; satiety; fulness.","strongs_number":"h7653"},"h7654":{"pronunciation":"sob-aw'","unicode":"שׇׂבְעָה","translit":"sobʻâh","definition":"feminine of {{h7648}}; satiety; (to have) enough, × till...be full, (un-) satiable, satisfy, × sufficiently.","strongs_number":"h7654"},"h7655":{"pronunciation":"shib-aw'","unicode":"שִׁבְעָה","translit":"shibʻâh","definition":"(Aramaic) corresponding to {{h7651}}; seven (times).","strongs_number":"h7655"},"h7656":{"pronunciation":"shib-aw'","unicode":"שִׁבְעָה","translit":"Shibʻâh","definition":"masculine of {{h7651}}; seven(-th); Shebah, a well in Palestine; Shebah.","strongs_number":"h7656"},"h7657":{"pronunciation":"shib-eem'","unicode":"שִׁבְעִים","translit":"shibʻîym","definition":"multiple of {{h7651}}; seventy; seventy, threescore and ten (  -teen).","strongs_number":"h7657"},"h7658":{"pronunciation":"shib-aw-naw'","unicode":"שִׁבְעָנָה","translit":"shibʻânâh","definition":"prolonged for the masculine of {{h7651}}; seven; seven.","strongs_number":"h7658"},"h7659":{"pronunciation":"shib-aw-thah'-yim","unicode":"שִׁבְעָתַיִם","translit":"shibʻâthayim","definition":"dual (adverbially) of {{h7651}}; seven-times; seven(-fold, times).","strongs_number":"h7659"},"h7660":{"pronunciation":"shaw-bats'","unicode":"שָׁבַץ","translit":"shâbats","definition":"a primitive root; to interweave (colored) threads in squares; by implication (of reticulation) to inchase gems in gold; embroider, set.","strongs_number":"h7660"},"h7661":{"pronunciation":"shaw-bawts'","unicode":"שָׁבָץ","translit":"shâbâts","definition":"from {{h7660}}; entanglement, i.e. (figuratively) perplexity; anguish.","strongs_number":"h7661"},"h7662":{"pronunciation":"sheb-ak'","unicode":"שְׁבַק","translit":"shᵉbaq","definition":"(Aramaic) corresponding to the root of {{h7733}}; to quit, i.e. allow to remain; leave, let alone.","strongs_number":"h7662"},"h7663":{"pronunciation":"saw-bar'","unicode":"שָׂבַר","translit":"sâbar","definition":"erroneously שָׁבַר; (Nehemiah 2:13,15), a primitive root; to scrutinize; by implication (of watching) to expect (with hope and patience); hope, tarry, view, wait.","strongs_number":"h7663"},"h7664":{"pronunciation":"say'-ber","unicode":"שֵׂבֶר","translit":"sêber","definition":"from {{h7663}}; expectation; hope.","strongs_number":"h7664"},"h7665":{"pronunciation":"shaw-bar'","unicode":"שָׁבַר","translit":"shâbar","definition":"a primitive root; to burst (literally or figuratively); break (down, off, in pieces, up), broken (-hearted), bring to the birth, crush, destroy, hurt, quench, × quite, tear, view (by mistake for {{h7663}}).","strongs_number":"h7665"},"h7666":{"pronunciation":"shaw-bar'","unicode":"שָׁבַר","translit":"shâbar","definition":"denominative from {{h7668}}; to deal in grain; buy, sell.","strongs_number":"h7666"},"h7667":{"pronunciation":"sheh'-ber","unicode":"שֶׁבֶר","translit":"sheber","definition":"or שֵׁבֶר; from {{h7665}}; a fracture, figuratively, ruin; specifically, a solution (of a dream); affliction, breach, breaking, broken(-footed, -handed), bruise, crashing, destruction, hurt, interpretation, vexation.","strongs_number":"h7667"},"h7668":{"pronunciation":"sheh'-ber","unicode":"שֶׁבֶר","translit":"sheber","definition":"the same as {{h7667}}; grain (as if broken into kernels); corn, victuals.","strongs_number":"h7668"},"h7669":{"pronunciation":"sheh'-ber","unicode":"שֶׁבֶר","translit":"Sheber","definition":"the same as {{h7667}}; Sheber, an Israelite; Sheber.","strongs_number":"h7669"},"h7670":{"pronunciation":"shib-rone'","unicode":"שִׁבְרוֹן","translit":"shibrôwn","definition":"from {{h7665}}; rupture, i.e. a pang; figuratively, ruin; breaking, destruction.","strongs_number":"h7670"},"h7671":{"pronunciation":"sheb-aw-reem'","unicode":"שְׁבָרִים","translit":"Shᵉbârîym","definition":"plural of {{h7667}}; ruins; Shebarim, a place in Palestine; Shebarim.","strongs_number":"h7671"},"h7672":{"pronunciation":"sheb-ash'","unicode":"שְׁבַשׁ","translit":"shᵉbash","definition":"(Aramaic) corresponding to {{h7660}}; to entangle, i.e. perplex; be astonished.","strongs_number":"h7672"},"h7673":{"pronunciation":"shaw-bath'","unicode":"שָׁבַת","translit":"shâbath","definition":"a primitive root; to repose, i.e. desist from exertion; used in many implied relations (causative, figurative or specific); (cause to, let, make to) cease, celebrate, cause (make) to fail, keep (sabbath), suffer to be lacking, leave, put away (down), (make to) rest, rid, still, take away.","strongs_number":"h7673"},"h7674":{"pronunciation":"sheh'-beth","unicode":"שֶׁבֶת","translit":"shebeth","definition":"from {{h7673}}; rest, interruption, cessation; cease, sit still, loss of time.","strongs_number":"h7674"},"h7675":{"pronunciation":"sheh'-beth","unicode":"שֶׁבֶת","translit":"shebeth","definition":"infinitive of {{h3427}}; properly, session; but used also concretely, an abode or locality; place, seat. Compare {{h3429}}.","strongs_number":"h7675"},"h7676":{"pronunciation":"shab-bawth'","unicode":"שַׁבָּת","translit":"shabbâth","definition":"intensive from {{h7673}}; intermission, i.e (specifically) the Sabbath; (  every) sabbath.","strongs_number":"h7676"},"h7677":{"pronunciation":"shab-baw-thone'","unicode":"שַׁבָּתוֹן","translit":"shabbâthôwn","definition":"from {{h7676}}; a sabbatism or special holiday; rest, sabbath.","strongs_number":"h7677"},"h7678":{"pronunciation":"shab-beth-ah'-ee","unicode":"שַׁבְּתַי","translit":"Shabbᵉthay","definition":"from {{h7676}}; restful; Shabbethai, the name of three Israelites; Shabbethai.","strongs_number":"h7678"},"h7679":{"pronunciation":"saw-gaw'","unicode":"שָׂגָא","translit":"sâgâʼ","definition":"; a primitive root; to grow, i.e. (causatively) to enlarge, (figuratively) laud; increase, magnify.","strongs_number":"h7679"},"h7680":{"pronunciation":"seg-aw'","unicode":"שְׂגָא","translit":"sᵉgâʼ","definition":"(Aramaic) corresponding to {{h7679}}; to increase; grow, be multiplied.","strongs_number":"h7680"},"h7681":{"pronunciation":"shaw-gay'","unicode":"שָׁגֶא","translit":"Shâgeʼ","definition":"probably from {{h7686}}; erring; Shage, an Israelite; Shage.","strongs_number":"h7681"},"h7682":{"pronunciation":"saw-gab'","unicode":"שָׂגַב","translit":"sâgab","definition":"a primitive root; to be (causatively, make) lofty, especially inaccessible; by implication, safe, strong; used literally and figuratively; defend, exalt, be excellent, (be, set on) high, lofty, be safe, set up (on high), be too strong.","strongs_number":"h7682"},"h7683":{"pronunciation":"shaw-gag'","unicode":"שָׁגַג","translit":"shâgag","definition":"a primitive root; to stray, i.e. (figuratively) sin (with more or less apology); × also for that, deceived, err, go astray, sin ignorantly.","strongs_number":"h7683"},"h7684":{"pronunciation":"sheg-aw-gaw'","unicode":"שְׁגָגָה","translit":"shᵉgâgâh","definition":"from {{h7683}}; a mistake or inadvertent transgression; error, ignorance, at unawares; unwittingly.","strongs_number":"h7684"},"h7685":{"pronunciation":"saw-gaw'","unicode":"שָׂגָה","translit":"sâgâh","definition":"a primitive root; to enlarge (especially upward, also figuratively); grow (up), increase.","strongs_number":"h7685"},"h7686":{"pronunciation":"shaw-gaw'","unicode":"שָׁגָה","translit":"shâgâh","definition":"a primitive root; to stray (causatively, mislead), usually (figuratively) to mistake, especially (morally) to transgress; by extension (through the idea of intoxication) to reel, (figuratively) be enraptured; (cause to) go astray, deceive, err, be ravished, sin through ignorance, (let, make to) wander.","strongs_number":"h7686"},"h7687":{"pronunciation":"seg-oob'","unicode":"שְׂגוּב","translit":"Sᵉgûwb","definition":"from {{h7682}}; aloft; Segub, the name of two Israelites; Segub.","strongs_number":"h7687"},"h7688":{"pronunciation":"shaw-gakh'","unicode":"שָׁגַח","translit":"shâgach","definition":"a primitive root; to peep, i.e. glance sharply at; look (narrowly).","strongs_number":"h7688"},"h7689":{"pronunciation":"sag-ghee'","unicode":"שַׂגִּיא","translit":"saggîyʼ","definition":"from {{h7679}}; (superlatively) mighty; excellent, great.","strongs_number":"h7689"},"h7690":{"pronunciation":"sag-ghee'","unicode":"שַׂגִּיא","translit":"saggîyʼ","definition":"(Aramaic) corresponding to {{h7689}}; large (in size, quantity or number, also adverbial); exceeding, great(-ly); many, much, sore, very.","strongs_number":"h7690"},"h7691":{"pronunciation":"sheg-ee-aw'","unicode":"שְׁגִיאָה","translit":"shᵉgîyʼâh","definition":"from {{h7686}}; a moral mistake; error.","strongs_number":"h7691"},"h7692":{"pronunciation":"shig-gaw-yone'","unicode":"שִׁגָּיוֹן","translit":"shiggâyôwn","definition":"or שִׁגָּיֹנָה; from {{h7686}}; properly, aberration, i.e. (technically) a dithyramb or rambling poem; Shiggaion, Shigionoth.","strongs_number":"h7692"},"h7693":{"pronunciation":"shaw-gal'","unicode":"שָׁגַל","translit":"shâgal","definition":"a primitive root; to copulate with; lie with, ravish.","strongs_number":"h7693"},"h7694":{"pronunciation":"shay-gawl'","unicode":"שֵׁגָל","translit":"shêgâl","definition":"from {{h7693}}; a queen (from cohabitation); queen.","strongs_number":"h7694"},"h7695":{"pronunciation":"shay-gawl'","unicode":"שֵׁגָל","translit":"shêgâl","definition":"(Aramaic) corresponding to {{h7694}}; a (legitimate) queen; wife.","strongs_number":"h7695"},"h7696":{"pronunciation":"shaw-gah'","unicode":"שָׁגַע","translit":"shâgaʻ","definition":"a primitive root; to rave through insanity; (be, play the) mad (man).","strongs_number":"h7696"},"h7697":{"pronunciation":"shig-gaw-yone'","unicode":"שִׁגָּעוֹן","translit":"shiggâʻôwn","definition":"from {{h7696}}; craziness; furiously, madness.","strongs_number":"h7697"},"h7698":{"pronunciation":"sheh'-ger","unicode":"שֶׁגֶר","translit":"sheger","definition":"from an unused root probably meaning to eject; the fœtus (as finally expelled); that cometh of, increase.","strongs_number":"h7698"},"h7699":{"pronunciation":"shad","unicode":"שַׁד","translit":"shad","definition":"or שֹׁד; probably from {{h7736}} (in its original sense) contracted; the breast of a woman or animal (as bulging); breast, pap, teat.","strongs_number":"h7699"},"h7700":{"pronunciation":"shade","unicode":"שֵׁד","translit":"shêd","definition":"from {{h7736}}; a dæmon (as malignant); devil.","strongs_number":"h7700"}}