{"h7701":{"pronunciation":"shode","unicode":"שֹׁד","translit":"shôd","definition":"or שׁוֹד; (Job 5:21), from {{h7736}}; violence, ravage; desolation, destruction, oppression, robbery, spoil(-ed, -er, -ing), wasting.","strongs_number":"h7701"},"h7702":{"pronunciation":"saw-dad'","unicode":"שָׂדַד","translit":"sâdad","definition":"a primitive root; to abrade, i.e. harrow a field; break clods, harrow.","strongs_number":"h7702"},"h7703":{"pronunciation":"shaw-dad'","unicode":"שָׁדַד","translit":"shâdad","definition":"a primitive root; properly, to be burly, i.e. (figuratively) powerful (passively, impregnable); by implication, to ravage; dead, destroy(-er), oppress, robber, spoil(-er), × utterly, (lay) waste.","strongs_number":"h7703"},"h7704":{"pronunciation":"saw-deh'","unicode":"שָׂדֶה","translit":"sâdeh","definition":"or שָׂדַי; from an unused root meaning to spread out; a field (as flat); country, field, ground, land, soil, × wild.","strongs_number":"h7704"},"h7705":{"pronunciation":"shid-dah'","unicode":"שִׁדָּה","translit":"shiddâh","definition":"from {{h7703}}; a wife (as mistress of the house); × all sorts, musical instrument.","strongs_number":"h7705"},"h7706":{"pronunciation":"shad-dah'-ee","unicode":"שַׁדַּי","translit":"Shadday","definition":"from {{h7703}}; the Almighty; Almighty.","strongs_number":"h7706"},"h7707":{"pronunciation":"shed-ay-oor'","unicode":"שְׁדֵיאוּר","translit":"Shᵉdêyʼûwr","definition":"from the same as {{h7704}} and {{h217}}; spreader of light; Shedejur, an Israelite; Shedeur.","strongs_number":"h7707"},"h7708":{"pronunciation":"sid-deem'","unicode":"שִׂדִּים","translit":"Siddîym","definition":"plural from the same as {{h7704}}; flats; Siddim, a valley in Palestine; Siddim.","strongs_number":"h7708"},"h7709":{"pronunciation":"shed-ay-maw'","unicode":"שְׁדֵמָה","translit":"shᵉdêmâh","definition":"apparently from {{h7704}}; a cultivated field; blasted, field.","strongs_number":"h7709"},"h7710":{"pronunciation":"shaw-daf'","unicode":"שָׁדַף","translit":"shâdaph","definition":"a primitive root; to scorch; blast.","strongs_number":"h7710"},"h7711":{"pronunciation":"shed-ay-faw'","unicode":"שְׁדֵפָה","translit":"shᵉdêphâh","definition":"or שִׁדָּפוֹן; from {{h7710}}; blight; blasted(-ing).","strongs_number":"h7711"},"h7712":{"pronunciation":"shed-ar'","unicode":"שְׁדַר","translit":"shᵉdar","definition":"(Aramaic) a primitive root; to endeavor; labour.","strongs_number":"h7712"},"h7713":{"pronunciation":"sed-ay-raw'","unicode":"שְׂדֵרָה","translit":"sᵉdêrâh","definition":"from an unused root meaning to regulate; a row, i.e. rank (of soldiers), story (of rooms); board, range.","strongs_number":"h7713"},"h7714":{"pronunciation":"shad-rak'","unicode":"שַׁדְרַךְ","translit":"Shadrak","definition":"probably of foreign origin; Shadrak, the Babylonian name of one of Daniel's companions; Shadrach.","strongs_number":"h7714"},"h7715":{"pronunciation":"shad-rak'","unicode":"שַׁדְרַךְ","translit":"Shadrak","definition":"(Aramaic) the same as {{h7714}}; Shadrach.","strongs_number":"h7715"},"h7716":{"pronunciation":"seh","unicode":"שֶׂה","translit":"seh","definition":"or שֵׂי; probably from {{h7582}} through the idea of pushing out to graze; a member of a flock, i.e. a sheep or goat; (lesser, small) cattle, ewe, goat, lamb, sheep. Compare {{h2089}}.","strongs_number":"h7716"},"h7717":{"pronunciation":"saw-hade'","unicode":"שָׂהֵד","translit":"sâhêd","definition":"from an unused root meaning to testify; a witness; record.","strongs_number":"h7717"},"h7718":{"pronunciation":"sho'-ham","unicode":"שֹׁהַם","translit":"shôham","definition":"from an unused root probably mean to blanch; a gem, probably the beryl (from its pale green color); onyx.","strongs_number":"h7718"},"h7719":{"pronunciation":"sho'-ham","unicode":"שֹׁהַם","translit":"Shôham","definition":"the same as {{h7718}}; Shoham, an Israelite; Shoham.","strongs_number":"h7719"},"h7720":{"pronunciation":"sah-har-one'","unicode":"שַׂהֲרֹן","translit":"sahărôn","definition":"from the same as {{h5469}}; a round pendant for the neck; ornament, round tire like the moon.","strongs_number":"h7720"},"h7721":{"pronunciation":"so","unicode":"שׂוֹא","translit":"sôwʼ","definition":"from an unused root (akin to {{h5375}} and {{h7722}}) meaning to rise; a rising; arise.","strongs_number":"h7721"},"h7722":{"pronunciation":"sho","unicode":"שׁוֹא","translit":"shôwʼ","definition":"or (feminine) שׁוֹאָה; or שֹׁאָה; from an unused root meaning to rush over; a tempest; by implication, devastation; desolate(-ion), destroy, destruction, storm, wasteness.","strongs_number":"h7722"},"h7723":{"pronunciation":"shawv","unicode":"שָׁוְא","translit":"shâvᵉʼ","definition":"or שַׁו; from the same as {{h7722}} in the sense of desolating; evil (as destructive), literally (ruin) or morally (especially guile); figuratively idolatry (as false, subjective), uselessness (as deceptive, objective; also adverbially, in vain); false(-ly), lie, lying, vain, vanity.","strongs_number":"h7723"},"h7724":{"pronunciation":"shev-aw'","unicode":"שְׁוָא","translit":"Shᵉvâʼ","definition":"from the same as {{h7723}}; false; Sheva, an Israelite; Sheva.","strongs_number":"h7724"},"h7725":{"pronunciation":"shoob","unicode":"שׁוּב","translit":"shûwb","definition":"a primitive root; to turn back (hence, away) transitively or intransitively, literally or figuratively (not necessarily with the idea of return to the starting point); generally to retreat; often adverbial, again; ((break, build, circumcise, dig, do anything, do evil, feed, lay down, lie down, lodge, make, rejoice, send, take, weep)) × again, (cause to) answer (  again), × in any case (wise), × at all, averse, bring (again, back, home again), call (to mind), carry again (back), cease, × certainly, come again (back), × consider,   continually, convert, deliver (again),   deny, draw back, fetch home again, × fro, get (oneself) (back) again, × give (again), go again (back, home), (go) out, hinder, let, (see) more, × needs, be past, × pay, pervert, pull in again, put (again, up again), recall, recompense, recover, refresh, relieve, render (again), requite, rescue, restore, retrieve, (cause to, make to) return, reverse, reward,   say nay, send back, set again, slide back, still, × surely, take back (off), (cause to, make to) turn (again, self again, away, back, back again, backward, from, off), withdraw.","strongs_number":"h7725"},"h7726":{"pronunciation":"sho-bawb'","unicode":"שׁוֹבָב","translit":"shôwbâb","definition":"from {{h7725}}; apostate, i.e. idolatrous; backsliding, frowardly, turn away (from margin).","strongs_number":"h7726"},"h7727":{"pronunciation":"sho-bawb'","unicode":"שׁוֹבָב","translit":"Shôwbâb","definition":"the same as {{h7726}}; rebellious; Shobab, the name of two Israelites; Shobab.","strongs_number":"h7727"},"h7728":{"pronunciation":"sho-babe'","unicode":"שׁוֹבֵב","translit":"shôwbêb","definition":"from {{h7725}}; apostate, i.e. heathenish or (actually) heathen; backsliding.","strongs_number":"h7728"},"h7729":{"pronunciation":"shoo-baw'","unicode":"שׁוּבָה","translit":"shûwbâh","definition":"from {{h7725}}; a return; returning.","strongs_number":"h7729"},"h7730":{"pronunciation":"so'-bek","unicode":"שׂוֹבֶךְ","translit":"sôwbek","definition":"for {{h5441}}; a thicket, i.e. interlaced branches; thick boughs.","strongs_number":"h7730"},"h7731":{"pronunciation":"sho-bawk'","unicode":"שׁוֹבָךְ","translit":"Shôwbâk","definition":"perhaps for {{h7730}}; Shobak, a Syrian; Shobach.","strongs_number":"h7731"},"h7732":{"pronunciation":"sho-bawl'","unicode":"שׁוֹבָל","translit":"Shôwbâl","definition":"from the same as {{h7640}}; overflowing; Shobal, the name of an Edomite and two Israelites; Shobal.","strongs_number":"h7732"},"h7733":{"pronunciation":"sho-bake'","unicode":"שׁוֹבֵק","translit":"Shôwbêq","definition":"active participle from a primitive root meaning to leave (compare {{h7662}}); forsaking; Shobek, an Israelite; Shobek.","strongs_number":"h7733"},"h7734":{"pronunciation":"soog","unicode":"שׂוּג","translit":"sûwg","definition":"a primitive root; to retreat; turn back.","strongs_number":"h7734"},"h7735":{"pronunciation":"soog","unicode":"שׂוּג","translit":"sûwg","definition":"a primitive root; to hedge in; make to grow.","strongs_number":"h7735"},"h7736":{"pronunciation":"shood","unicode":"שׁוּד","translit":"shûwd","definition":"a primitive root; properly, to swell up, i.e. figuratively (by implication of insolence) to devastate; waste.","strongs_number":"h7736"},"h7737":{"pronunciation":"shaw-vaw'","unicode":"שָׁוָה","translit":"shâvâh","definition":"a primitive root; properly, to level, i.e. equalize; figuratively, to resemble; by implication, to adjust (i.e. counterbalance, be suitable, compose, place, yield, etc.); avail, behave, bring forth, compare, countervail, (be, make) equal, lay, be (make, a-) like, make plain, profit, reckon.","strongs_number":"h7737"},"h7738":{"pronunciation":"shaw-vaw'","unicode":"שָׁוָה","translit":"shâvâh","definition":"a primitive root; to destroy; × substance (from the margin).","strongs_number":"h7738"},"h7739":{"pronunciation":"shev-aw'","unicode":"שְׁוָה","translit":"shᵉvâh","definition":"(Aramaic); corresponding to {{h7737}}; to resemble; make like.","strongs_number":"h7739"},"h7740":{"pronunciation":"shaw-vay'","unicode":"שָׁוֵה","translit":"Shâvêh","definition":"from {{h7737}}; plain; Shaveh, a place in Palestine; Shaveh.","strongs_number":"h7740"},"h7741":{"pronunciation":"shaw-vay' kir-yawthah'-yim","unicode":"שָׁוֵה קִרְיָתַיִם","translit":"Shâvêh Qiryâthayim","definition":"from the same as {{h7740}} and the dual of {{h7151}}; plain of a double city; Shaveh-Kirjathajim, a place East of the Jordan; Shaveh Kiriathaim.","strongs_number":"h7741"},"h7742":{"pronunciation":"soo'-akh","unicode":"שׂוּחַ","translit":"sûwach","definition":"a primitive root; to muse pensively; meditate.","strongs_number":"h7742"},"h7743":{"pronunciation":"shoo'-akh","unicode":"שׁוּחַ","translit":"shûwach","definition":"a primitive root; to sink, literally or figuratively; bow down, incline, humble.","strongs_number":"h7743"},"h7744":{"pronunciation":"shoo'-akh","unicode":"שׁוּחַ","translit":"Shûwach","definition":"from {{h7743}}; dell; Shuach, a son of Abraham; Shuah.","strongs_number":"h7744"},"h7745":{"pronunciation":"shoo-khaw'","unicode":"שׁוּחָה","translit":"shûwchâh","definition":"from {{h7743}}; a chasm; ditch, pit.","strongs_number":"h7745"},"h7746":{"pronunciation":"shoo-khaw'","unicode":"שׁוּחָה","translit":"Shûwchâh","definition":"the same as {{h7745}}; Shuchah, an Israelite; Shuah.","strongs_number":"h7746"},"h7747":{"pronunciation":"shoo-khee'","unicode":"שׁוּחִי","translit":"Shûwchîy","definition":"patronymic from {{h7744}}; a Shuchite or descendant of Shuach; Shuhite.","strongs_number":"h7747"},"h7748":{"pronunciation":"shoo-khawm'","unicode":"שׁוּחָם","translit":"Shûwchâm","definition":"from {{h7743}}; humbly; Shucham, an Israelite; Shuham.","strongs_number":"h7748"},"h7749":{"pronunciation":"shoo-khaw-mee'","unicode":"שׁוּחָמִי","translit":"Shûwchâmîy","definition":"patronymic from {{h7748}}; a Shuchamite (collectively); Shuhamites.","strongs_number":"h7749"},"h7750":{"pronunciation":"soot","unicode":"שׂוּט","translit":"sûwṭ","definition":"or (by permutation) סוּט; a primitive root; to detrude, i.e. (intransitively and figuratively) become derelict (wrongly practise; namely, idolatry); turn aside to.","strongs_number":"h7750"},"h7751":{"pronunciation":"shoot","unicode":"שׁוּט","translit":"shûwṭ","definition":"a primitive root; properly, to push forth; (but used only figuratively) to lash, i.e. (the sea with oars) to row; by implication, to travel; go (about, through, to and fro), mariner, rower, run to and fro.","strongs_number":"h7751"},"h7752":{"pronunciation":"shote","unicode":"שׁוֹט","translit":"shôwṭ","definition":"from {{h7751}}; a lash (literally or figuratively); scourge, whip.","strongs_number":"h7752"},"h7753":{"pronunciation":"sook","unicode":"שׂוּךְ","translit":"sûwk","definition":"a primitive root; to entwine, i.e. shut in (for formation, protection or restraint); fence, (make an) hedge (up).","strongs_number":"h7753"},"h7754":{"pronunciation":"soke","unicode":"שׂוֹךְ","translit":"sôwk","definition":"or (feminine) שׂוֹכָה; from {{h7753}}; a branch (as interleaved); bough.","strongs_number":"h7754"},"h7755":{"pronunciation":"so-ko'","unicode":"שׂוֹכֹה","translit":"Sôwkôh","definition":"or שֹׂכֹה; or שׂוֹכוֹ; from {{h7753}}; Sokoh or Soko, the name of two places in Palestine; Shocho, Shochoh, Sochoh, Soco, Socoh.","strongs_number":"h7755"},"h7756":{"pronunciation":"soo-kaw-thee'","unicode":"שׂוּכָתִי","translit":"Sûwkâthîy","definition":"probably patronymic from a name corresponding to {{h7754}} (feminine); a Sukathite or descendant of an unknown Israelite named Sukah; Suchathite.","strongs_number":"h7756"},"h7757":{"pronunciation":"shool","unicode":"שׁוּל","translit":"shûwl","definition":"from an unused root meaning to hang down; a skirt; by implication, a bottom edge; hem, skirt, train.","strongs_number":"h7757"},"h7758":{"pronunciation":"sho-lawl'","unicode":"שׁוֹלָל","translit":"shôwlâl","definition":"or שֵׁילָל; (Micah 1:8), from {{h7997}}; nude (especially bare-foot); by implication, captive; spoiled, stripped.","strongs_number":"h7758"},"h7759":{"pronunciation":"shoo-lam-meeth'","unicode":"שׁוּלַמִּית","translit":"Shûwlammîyth","definition":"from {{h7999}}; peaceful (with the article always prefixed, making it a pet name); the Shulammith, an epithet of Solomon's queen; Shulamite.","strongs_number":"h7759"},"h7760":{"pronunciation":"soom","unicode":"שׂוּם","translit":"sûwm","definition":"or שִׂים; a primitive root; to put (used in a great variety of applications, literal, figurative, inferentially, and elliptically); × any wise, appoint, bring, call (a name), care, cast in, change, charge, commit, consider, convey, determine,   disguise, dispose, do, get, give, heap up, hold, impute, lay (down, up), leave, look, make (out), mark,   name, × on, ordain, order,   paint, place, preserve, purpose, put (on),   regard, rehearse, reward, (cause to) set (on, up), shew,   stedfastly, take, × tell,   tread down, (over-)turn, × wholly, work.","strongs_number":"h7760"},"h7761":{"pronunciation":"soom","unicode":"שׂוּם","translit":"sûwm","definition":"(Aramaic) corresponding to {{h7760}}; command, give, lay, make,   name,   regard, set.","strongs_number":"h7761"},"h7762":{"pronunciation":"shoom","unicode":"שׁוּם","translit":"shûwm","definition":"from an unused root meaning to exhale; garlic (from its rank odor); garlic.","strongs_number":"h7762"},"h7763":{"pronunciation":"sho-mare'","unicode":"שׁוֹמֵר","translit":"Shôwmêr","definition":"or שֹׁמֵר; active participle of {{h8104}}; keeper; Shomer, the name of two Israelites; Shomer.","strongs_number":"h7763"},"h7764":{"pronunciation":"shoo-nee'","unicode":"שׁוּנִי","translit":"Shûwnîy","definition":"from an unused root meaning to rest; quiet; Shuni, an Israelite; Shuni.","strongs_number":"h7764"},"h7765":{"pronunciation":"shoo-nee'","unicode":"שׁוּנִי","translit":"Shûwnîy","definition":"patronymic from {{h7764}}; a Shunite (collectively) or descendants of Shuni; Shunites.","strongs_number":"h7765"},"h7766":{"pronunciation":"shoo-name'","unicode":"שׁוּנֵם","translit":"Shûwnêm","definition":"probably from the same as {{h7764}}; quietly; Shunem, a place in Pal; Shunem.","strongs_number":"h7766"},"h7767":{"pronunciation":"shoo-nam-meeth'","unicode":"שׁוּנַמִּית","translit":"Shûwnammîyth","definition":"patrial from {{h7766}}; a Shunammitess, or female inhabitant of Shunem; Shunamite.","strongs_number":"h7767"},"h7768":{"pronunciation":"shaw-vah'","unicode":"שָׁוַע","translit":"shâvaʻ","definition":"a primitive root; properly, to be free; but used only causatively and reflexively, to halloo (for help, i.e. freedom from some trouble); cry (aloud, out), shout.","strongs_number":"h7768"},"h7769":{"pronunciation":"shoo'-ah","unicode":"שׁוּעַ","translit":"shûwaʻ","definition":"from {{h7768}}; a halloo; cry, riches.","strongs_number":"h7769"},"h7770":{"pronunciation":"shoo'-ah","unicode":"שׁוּעַ","translit":"Shûwaʻ","definition":"the same as {{h7769}}; Shua, a Canaanite; Shua, Shuah.","strongs_number":"h7770"},"h7771":{"pronunciation":"sho'-ah","unicode":"שׁוֹעַ","translit":"shôwaʻ","definition":"from {{h7768}} in the original sense of freedom; a noble, i.e. liberal, opulent; also (as noun in the derived sense) a halloo; bountiful, crying, rich.","strongs_number":"h7771"},"h7772":{"pronunciation":"sho'-ah","unicode":"שׁוֹעַ","translit":"Shôwaʻ","definition":"the same as {{h7771}}; rich; Shoa, an Oriental people; Shoa.","strongs_number":"h7772"},"h7773":{"pronunciation":"sheh'-vah","unicode":"שֶׁוַע","translit":"shevaʻ","definition":"from {{h7768}}; a halloo; cry.","strongs_number":"h7773"},"h7774":{"pronunciation":"shoo-aw'","unicode":"שׁוּעָא","translit":"Shûwʻâʼ","definition":"from {{h7768}}; wealth; Shua, an Israelitess; Shua.","strongs_number":"h7774"},"h7775":{"pronunciation":"shav-aw'","unicode":"שַׁוְעָה","translit":"shavʻâh","definition":"feminine of {{h7773}}; a hallooing; crying.","strongs_number":"h7775"},"h7776":{"pronunciation":"shoo-awl'","unicode":"שׁוּעָל","translit":"shûwʻâl","definition":"or שֻׁעָל; from the same as {{h8168}}; a jackal (as a burrower); fox.","strongs_number":"h7776"},"h7777":{"pronunciation":"shoo-awl'","unicode":"שׁוּעָל","translit":"Shûwʻâl","definition":"the same as {{h7776}}; Shual, the name of an Israelite and of a place in Palestine; Shual.","strongs_number":"h7777"},"h7778":{"pronunciation":"sho-are'","unicode":"שׁוֹעֵר","translit":"shôwʻêr","definition":"or שֹׁעֵר active participle of {{h8176}} (as denominative from {{h8179}}); a janitor; doorkeeper, porter.","strongs_number":"h7778"},"h7779":{"pronunciation":"shoof","unicode":"שׁוּף","translit":"shûwph","definition":"a primitive root; properly, to gape, i.e. snap at; figuratively, to overwhelm; break, bruise, cover.","strongs_number":"h7779"},"h7780":{"pronunciation":"sho-fawk'","unicode":"שׁוֹפָךְ","translit":"Shôwphâk","definition":"from {{h8210}}; poured; Shophak, a Syrian; Shophach.","strongs_number":"h7780"},"h7781":{"pronunciation":"shoo-faw-mee'","unicode":"שׁוּפָמִי","translit":"Shûwphâmîy","definition":"patronymic from {{h8197}}; a Shuphamite (collectively) or descendants of Shephupham; Shuphamite.","strongs_number":"h7781"},"h7782":{"pronunciation":"sho-far'","unicode":"שׁוֹפָר","translit":"shôwphâr","definition":"or שֹׁפָר; from {{h8231}} in the original sense of incising; a cornet (as giving a clear sound) or curved horn; cornet, trumpet.","strongs_number":"h7782"},"h7783":{"pronunciation":"shook","unicode":"שׁוּק","translit":"shûwq","definition":"a primitive root; to run after or over, i.e. overflow; overflow, water.","strongs_number":"h7783"},"h7784":{"pronunciation":"shook","unicode":"שׁוּק","translit":"shûwq","definition":"from {{h7783}}; a street (as run over); street.","strongs_number":"h7784"},"h7785":{"pronunciation":"shoke","unicode":"שׁוֹק","translit":"shôwq","definition":"from {{h7783}}; the (lower) leg (as a runner); hip, leg, shoulder, thigh.","strongs_number":"h7785"},"h7786":{"pronunciation":"soor","unicode":"שׂוּר","translit":"sûwr","definition":"a primitive root; properly, to vanquish; by implication, to rule (causatively, crown); make princes, have power, reign. See {{h5493}}.","strongs_number":"h7786"},"h7787":{"pronunciation":"soor","unicode":"שׂוּר","translit":"sûwr","definition":"a primitive root (identical with {{h7786}} through the idea of reducing to pieces; compare {{h4883}}); to saw; cut.","strongs_number":"h7787"},"h7788":{"pronunciation":"shoor","unicode":"שׁוּר","translit":"shûwr","definition":"a primitive root; properly, to turn, i.e. travel about (as a harlot or a merchant); go, singular See also {{h7891}}.","strongs_number":"h7788"},"h7789":{"pronunciation":"shoor","unicode":"שׁוּר","translit":"shûwr","definition":"a primitive root (identical with through the idea of going round for inspection); to spy out, i.e. (generally) survey, (for evil) lurk for, (for good) care for; behold, lay wait, look, observe, perceive, regard, see.","strongs_number":"h7789"},"h7790":{"pronunciation":"shoor","unicode":"שׁוּר","translit":"shûwr","definition":"from {{h7889}}; a foe (as lying in wait); enemy.","strongs_number":"h7790"},"h7791":{"pronunciation":"shoor","unicode":"שׁוּר","translit":"shûwr","definition":"from {{h7788}}; a wall (as going about); wall.","strongs_number":"h7791"},"h7792":{"pronunciation":"shoor","unicode":"שׁוּר","translit":"shûwr","definition":"(Aramaic) corresponding to {{h7791}}; wall.","strongs_number":"h7792"},"h7793":{"pronunciation":"shoor","unicode":"שׁוּר","translit":"Shûwr","definition":"the same as {{h7791}}; Shur, a region of the Desert; Shur.","strongs_number":"h7793"},"h7794":{"pronunciation":"shore","unicode":"שׁוֹר","translit":"shôwr","definition":"from {{h7788}}; a bullock (as a traveller); bull(-ock), cow, ox, wall (by mistake for {{h7791}}).","strongs_number":"h7794"},"h7795":{"pronunciation":"so-raw'","unicode":"שׂוֹרָה","translit":"sôwrâh","definition":"from {{h7786}} in the primitive sense of {{h5493}}; properly, a ring, i.e. (by analogy) a row (adverbially); principal.","strongs_number":"h7795"},"h7796":{"pronunciation":"so-rake'","unicode":"שׂוֹרֵק","translit":"Sôwrêq","definition":"the same as {{h8321}}; a vine; Sorek, a valley in Palestine; Sorek.","strongs_number":"h7796"},"h7797":{"pronunciation":"soos","unicode":"שׂוּשׂ","translit":"sûws","definition":"or שִׂישׂ; a primitive root; to be bright, i.e. cheerful; be glad, × greatly, joy, make mirth, rejoice.","strongs_number":"h7797"},"h7798":{"pronunciation":"shav-shaw'","unicode":"שַׁוְשָׁא","translit":"Shavshâʼ","definition":"from {{h7797}}; joyful; Shavsha, an Israelite; Shavsha.","strongs_number":"h7798"},"h7799":{"pronunciation":"shoo-shan'","unicode":"שׁוּשַׁן","translit":"shûwshan","definition":"or שׁוֹשָׁן; or שֹׁשָׁן; and (feminine) שׁוֹשַׁנָּה; from {{h7797}}; a lily (from its whiteness), as a flower of architectural ornament; also a (straight) trumpet (from the tubular shape); lily, Shoshannim.","strongs_number":"h7799"},"h7800":{"pronunciation":"shoo-shan'","unicode":"שׁוּשַׁן","translit":"Shûwshan","definition":"the same as {{h7799}}; Shushan, a place in Persia; Shushan.","strongs_number":"h7800"}}