{"h8001":{"pronunciation":"shel-awm'","unicode":"שְׁלָם","translit":"shᵉlâm","definition":"(Aramaic) corresponding to {{h7965}}; prosperity; peace.","strongs_number":"h8001"},"h8002":{"pronunciation":"sheh'-lem","unicode":"שֶׁלֶם","translit":"shelem","definition":"from {{h7999}}; properly, requital, i.e. a (voluntary) sacrifice in thanks; peace offering.","strongs_number":"h8002"},"h8003":{"pronunciation":"shaw-lame'","unicode":"שָׁלֵם","translit":"shâlêm","definition":"from {{h7999}}; complete (literally or figuratively); especially friendly; full, just, made ready, peaceable, perfect(-ed), quiet, Shalem (by mistake for a name), whole.","strongs_number":"h8003"},"h8004":{"pronunciation":"shaw-lame'","unicode":"שָׁלֵם","translit":"Shâlêm","definition":"the same as {{h8003}}; peaceful; Shalem, an early name of Jerusalem; Salem.","strongs_number":"h8004"},"h8005":{"pronunciation":"shil-lame'","unicode":"שִׁלֵּם","translit":"shillêm","definition":"from {{h7999}}; requital; recompense.","strongs_number":"h8005"},"h8006":{"pronunciation":"shil-lame'","unicode":"שִׁלֵּם","translit":"Shillêm","definition":"the same as {{h8005}}; Shillem, an Israelite; Shillem.","strongs_number":"h8006"},"h8007":{"pronunciation":"sal-maw'","unicode":"שַׂלְמָא","translit":"Salmâʼ","definition":"probably for {{h8008}}; clothing; Salma, the name of two Israelites; Salma.","strongs_number":"h8007"},"h8008":{"pronunciation":"sal-maw'","unicode":"שַׂלְמָה","translit":"salmâh","definition":"transp. for {{h8071}}; a dress; clothes, garment, raiment.","strongs_number":"h8008"},"h8009":{"pronunciation":"sal-maw'","unicode":"שַׂלְמָה","translit":"Salmâh","definition":"the same as {{h8008}}; clothing; Salmah, an Israelite; Salmon. Compare {{h8012}}.","strongs_number":"h8009"},"h8010":{"pronunciation":"shel-o-mo'","unicode":"שְׁלֹמֹה","translit":"Shᵉlômôh","definition":"from {{h7965}}; peaceful; Shelomah, David's successor; Solomon.","strongs_number":"h8010"},"h8011":{"pronunciation":"shil-loo-maw'","unicode":"שִׁלֻּמָה","translit":"shillumâh","definition":"feminine of {{h7966}}; retribution; recompense.","strongs_number":"h8011"},"h8012":{"pronunciation":"sal-mone'","unicode":"שַׂלְמוֹן","translit":"Salmôwn","definition":"from {{h8008}}; investiture; Salmon, an Israelite; Salmon. Compare {{h8009}}.","strongs_number":"h8012"},"h8013":{"pronunciation":"shel-o-moth'","unicode":"שְׁלֹמוֹת","translit":"Shᵉlômôwth","definition":"feminine plural of {{h7965}}; pacifications; Shelomoth, the name of two Israelites; Shelomith (from the margin), Shelomoth. Compare {{h8019}}.","strongs_number":"h8013"},"h8014":{"pronunciation":"sal-mah'-ee","unicode":"שַׂלְמַי","translit":"Salmay","definition":"from {{h8008}}; clothed; Salmai, an Israelite; Shalmai.","strongs_number":"h8014"},"h8015":{"pronunciation":"shel-o-mee'","unicode":"שְׁלֹמִי","translit":"Shᵉlômîy","definition":"from {{h7965}}; peaceable; Shelomi, an Israelite; Shelomi.","strongs_number":"h8015"},"h8016":{"pronunciation":"shil-lay-mee'","unicode":"שִׁלֵּמִי","translit":"Shillêmîy","definition":"patronymically from {{h8006}}; a Shilemite (collectively) or descendants of Shillem; Shillemites.","strongs_number":"h8016"},"h8017":{"pronunciation":"shel-oo-mee-ale'","unicode":"שְׁלֻמִיאֵל","translit":"Shᵉlumîyʼêl","definition":"from {{h7965}} and {{h410}}; peace of God; Shelumiel, an Israelite; Shelumiel.","strongs_number":"h8017"},"h8018":{"pronunciation":"shel-em-yaw'","unicode":"שֶׁלֶמְיָה","translit":"Shelemyâh","definition":"or שֶׁלֶמְיָהוּ; from {{h8002}} and {{h3050}}; thank-offering of Jah; Shelemjah, the name of nine Israelites; Shelemiah.","strongs_number":"h8018"},"h8019":{"pronunciation":"shel-o-meeth'","unicode":"שְׁלֹמִית","translit":"Shᵉlômîyth","definition":"or שׁלוֹמִית; (Ezra 8:10), from {{h7965}}; peaceableness; Shelomith, the name of five Israelites and three Israelitesses; Shelomith.","strongs_number":"h8019"},"h8020":{"pronunciation":"shal-man'","unicode":"שַׁלְמַן","translit":"Shalman","definition":"of foreign derivation; Shalman, a king apparently of Assyria; Shalman. Compare {{h8022}}.","strongs_number":"h8020"},"h8021":{"pronunciation":"shal-mone'","unicode":"שַׁלְמֹן","translit":"shalmôn","definition":"from {{h7999}}; a bribe; reward.","strongs_number":"h8021"},"h8022":{"pronunciation":"shal-man-eh'-ser","unicode":"שַׁלְמַנְאֶסֶר","translit":"Shalmanʼeçer","definition":"of foreign derivation; Shalmaneser, an Assyrian king; Shalmaneser. Comp {{h8020}}.","strongs_number":"h8022"},"h8023":{"pronunciation":"shee-lo-nee'","unicode":"שִׁלֹנִי","translit":"Shilônîy","definition":"the same as {{h7888}}; Shiloni, an Israelite; Shiloni.","strongs_number":"h8023"},"h8024":{"pronunciation":"shay-law-nee'","unicode":"שֵׁלָנִי","translit":"Shêlânîy","definition":"from {{h7956}}; a Shelanite (collectively), or descendants of Shelah; Shelanites.","strongs_number":"h8024"},"h8025":{"pronunciation":"saw-laf'","unicode":"שָׁלַף","translit":"shâlaph","definition":"a primitive root; to pull out, up or off; draw (off), grow up, pluck off.","strongs_number":"h8025"},"h8026":{"pronunciation":"sheh'-lef","unicode":"שֶׁלֶף","translit":"sheleph","definition":"from {{h8025}}; extract; Sheleph, a son of Jokthan; Sheleph.","strongs_number":"h8026"},"h8027":{"pronunciation":"shaw-lash'","unicode":"שָׁלַשׁ","translit":"shâlash","definition":"a primitive root perhaps originally to intensify, i.e. treble; but apparently used only as denominative from {{h7969}},; to be (causatively, make) triplicate (by restoration, in portions, strands, days or years); do the third time, (divide into, stay) three (days, -fold, parts, years old).","strongs_number":"h8027"},"h8028":{"pronunciation":"sheh'-lesh","unicode":"שֶׁלֶשׁ","translit":"Shelesh","definition":"from {{h8027}}; triplet; Shelesh, an Israelite; Shelesh.","strongs_number":"h8028"},"h8029":{"pronunciation":"shil-laysh'","unicode":"שִׁלֵּשׁ","translit":"shillêsh","definition":"from {{h8027}}; a descendant of the third degree, i.e. great grandchild; third (generation).","strongs_number":"h8029"},"h8030":{"pronunciation":"shil-shaw'","unicode":"שִׁלְשָׁה","translit":"Shilshâh","definition":"feminine from the same as {{h8028}}; triplication; Shilshah, an Israelite; Shilshah.","strongs_number":"h8030"},"h8031":{"pronunciation":"shaw-lee-shaw'","unicode":"שָׁלִשָׁה","translit":"Shâlishâh","definition":"feminine from {{h8027}}; trebled land; Shalishah, a place in Palestine; Shalisha.","strongs_number":"h8031"},"h8032":{"pronunciation":"shil-shome'","unicode":"שִׁלְשׁוֹם","translit":"shilshôwm","definition":"or שִׁלְשֹׁם; from the same as {{h8028}}; trebly, i.e. (in time) day before yesterday; before (that time, -time), excellent things (from the margin),   heretofore, three days,   time past.","strongs_number":"h8032"},"h8033":{"pronunciation":"shawm","unicode":"שָׁם","translit":"shâm","definition":"a primitive particle (rather from the relative pronoun, {{h834}}); there (transferring to time) then; often thither, or thence; in it,   thence, there (-in,   of,   out),   thither,   whither.","strongs_number":"h8033"},"h8034":{"pronunciation":"shame","unicode":"שֵׁם","translit":"shêm","definition":"a primitive word [perhaps rather from {{h7760}} through the idea of definite and conspicuous position; compare {{h8064}}]; an appellation, as a mark or memorial of individuality; by implication honor, authority, character; base, (in-) fame(-ous), named(-d), renown, report.","strongs_number":"h8034"},"h8035":{"pronunciation":"shame","unicode":"שֵׁם","translit":"Shêm","definition":"the same as {{h8034}}; name; Shem, a son of Noah (often includ. his posterity); Sem, Shem.","strongs_number":"h8035"},"h8036":{"pronunciation":"shoom","unicode":"שֻׁם","translit":"shum","definition":"(Aramaic) corresponding to {{h8034}}; name.","strongs_number":"h8036"},"h8037":{"pronunciation":"sham-maw'","unicode":"שַׁמָּא","translit":"Shammâʼ","definition":"from {{h8074}}; desolation; Shamma, an Israelite; Shamma.","strongs_number":"h8037"},"h8038":{"pronunciation":"shem-ay'-ber","unicode":"שֶׁמְאֵבֶר","translit":"Shemʼêber","definition":"apparently from {{h8034}} and {{h83}}; name of pinion, i.e. illustrious; Shemeber, a king of Zeboim; Shemeber.","strongs_number":"h8038"},"h8039":{"pronunciation":"shim-aw'","unicode":"שִׁמְאָה","translit":"Shimʼâh","definition":"perhaps for {{h8093}}; Shimah, an Israelite; Shimah. Compare {{h8043}}.","strongs_number":"h8039"},"h8040":{"pronunciation":"sem-ole'","unicode":"שְׂמֹאול","translit":"sᵉmôʼwl","definition":"or שְׂמֹאל; a primitive word (rather perhaps from the same as {{h8071}} (by insertion of the aleph) through the idea of wrapping up); properly, dark (as enveloped), i.e. the north; hence (by orientation), the left hand; left (hand, side).","strongs_number":"h8040"},"h8041":{"pronunciation":"saw-mal'","unicode":"שָׂמַאל","translit":"sâmaʼl","definition":"a primitive root (denominative from {{h8040}}); to use the left hand or pass in that direction; (go, turn) (on the, to the) left.","strongs_number":"h8041"},"h8042":{"pronunciation":"sem-aw-lee'","unicode":"שְׂמָאלִי","translit":"sᵉmâʼlîy","definition":"from {{h8040}}; situated on the left side; left.","strongs_number":"h8042"},"h8043":{"pronunciation":"shim-awm'","unicode":"שִׁמְאָם","translit":"Shimʼâm","definition":"for {{h8039}} (compare {{h38}}); Shimam, an Israelite; Shimeam.","strongs_number":"h8043"},"h8044":{"pronunciation":"sham-gar'","unicode":"שַׁמְגַּר","translit":"Shamgar","definition":"of uncertain derivation; Shamgar, an Israelite judge; Shamgar.","strongs_number":"h8044"},"h8045":{"pronunciation":"shaw-mad'","unicode":"שָׁמַד","translit":"shâmad","definition":"a primitive root; to desolate; destory(-uction), bring to nought, overthrow, perish, pluck down, × utterly.","strongs_number":"h8045"},"h8046":{"pronunciation":"shem-ad'","unicode":"שְׁמַד","translit":"shᵉmad","definition":"(Aramaic) corresponding to {{h8045}}; consume.","strongs_number":"h8046"},"h8047":{"pronunciation":"sham-maw'","unicode":"שַׁמָּה","translit":"shammâh","definition":"from {{h8074}}; ruin; by implication, consternation; astonishment, desolate(-ion), waste, wonderful thing.","strongs_number":"h8047"},"h8048":{"pronunciation":"sham-maw'","unicode":"שַׁמָּה","translit":"Shammâh","definition":"the same as {{h8047}}; Shammah, the name of an Edomite and four Israelites; Shammah.","strongs_number":"h8048"},"h8049":{"pronunciation":"sham-hooth'","unicode":"שַׁמְהוּת","translit":"Shamhûwth","definition":"for {{h8048}}; desolation; Shamhuth, an Israelite; Shamhuth.","strongs_number":"h8049"},"h8050":{"pronunciation":"sehm-oo-ale'","unicode":"שְׁמוּאֵל","translit":"Shᵉmûwʼêl","definition":"from the passive participle of {{h8085}} and {{h410}}; heard of God; Shemuël, the name of three Israelites; Samuel, Shemuel.","strongs_number":"h8050"},"h8051":{"pronunciation":"sham-moo'-ah","unicode":"שַׁמּוּעַ","translit":"Shammûwaʻ","definition":"from {{h8074}}; renowned; Shammua, the name of four Israelites; Shammua, Shammuah.","strongs_number":"h8051"},"h8052":{"pronunciation":"shem-oo-aw'","unicode":"שְׁמוּעָה","translit":"shᵉmûwʻâh","definition":"feminine passive participle of {{h8074}}; something heard, i.e. an announcement; bruit, doctrine, fame, mentioned, news, report, rumor, tidings.","strongs_number":"h8052"},"h8053":{"pronunciation":"shaw-moor'","unicode":"שָׁמוּר","translit":"Shâmûwr","definition":"passive participle of {{h8103}}; observed; Shamur, an Israelite; Shamir (from the margin).","strongs_number":"h8053"},"h8054":{"pronunciation":"sham-moth'","unicode":"שַׁמּוֹת","translit":"Shammôwth","definition":"plural of {{h8047}}; ruins; Shammoth, an Israelite; Shamoth.","strongs_number":"h8054"},"h8055":{"pronunciation":"saw-makh'","unicode":"שָׂמַח","translit":"sâmach","definition":"a primitive root; probably to brighten up, i.e. (figuratively) be (causatively, make) blithe or gleesome; cheer up, be (make) glad, (have, make) joy(-ful), be (make) merry, (cause to, make to) rejoice, × very.","strongs_number":"h8055"},"h8056":{"pronunciation":"saw-may'-akh","unicode":"שָׂמֵחַ","translit":"sâmêach","definition":"from {{h8055}}; blithe or gleeful; (be) glad, joyful, (making) merry((-hearted), -ily), rejoice(-ing).","strongs_number":"h8056"},"h8057":{"pronunciation":"sim-khaw'","unicode":"שִׂמְחָה","translit":"simchâh","definition":"from {{h8056}}; blithesomeness or glee, (religious or festival); × exceeding(-ly), gladness, joy(-fulness), mirth, pleasure, rejoice(-ing).","strongs_number":"h8057"},"h8058":{"pronunciation":"shaw-mat'","unicode":"שָׁמַט","translit":"shâmaṭ","definition":"a primitive root; to fling down; incipiently to jostle; figuratively, to let alone, desist, remit; discontinue, overthrow, release, let rest, shake, stumble, throw down.","strongs_number":"h8058"},"h8059":{"pronunciation":"shem-it-taw'","unicode":"שְׁמִטָּה","translit":"shᵉmiṭṭâh","definition":"from {{h8058}}; remission (of debt) or suspension of labor); release.","strongs_number":"h8059"},"h8060":{"pronunciation":"sham-mah'-ee","unicode":"שַׁמַּי","translit":"Shammay","definition":"from {{h8073}}; destructive; Shammai, the name of three Israelites; Shammai.","strongs_number":"h8060"},"h8061":{"pronunciation":"shem-ee-daw'","unicode":"שְׁמִידָע","translit":"Shᵉmîydâʻ","definition":"apparently from {{h8034}} and {{h3045}}; name of knowing; Shemida, an Israelite; Shemida, Shemidah.","strongs_number":"h8061"},"h8062":{"pronunciation":"shem-ee-daw-ee'","unicode":"שְׁמִידָעִי","translit":"Shᵉmîydâʻîy","definition":"patronymically from {{h8061}}; a Shemidaite (collectively) or descendants of Shemida; Shemidaites.","strongs_number":"h8062"},"h8063":{"pronunciation":"sem-ee-kaw'","unicode":"שְׂמִיכָה","translit":"sᵉmîykâh","definition":"from {{h5564}}; a run (as sustaining the Oriental sitter); mantle.","strongs_number":"h8063"},"h8064":{"pronunciation":"shaw-mah'-yim","unicode":"שָׁמַיִם","translit":"shâmayim","definition":"dual of an unused singular שָׁמֶה; from an unused root meaning to be lofty; the sky (as aloft; the dual perhaps alluding to the visible arch in which the clouds move, as well as to the higher ether where the celestial bodies revolve); air, × astrologer, heaven(-s).","strongs_number":"h8064"},"h8065":{"pronunciation":"shaw-mah'-yin","unicode":"שָׁמַיִן","translit":"shâmayin","definition":"(Aramaic) corresponding to {{h8064}}; heaven.","strongs_number":"h8065"},"h8066":{"pronunciation":"shem-ee-nee'","unicode":"שְׁמִינִי","translit":"shᵉmîynîy","definition":"from {{h8083}}; eight; eight.","strongs_number":"h8066"},"h8067":{"pronunciation":"shem-ee-neeth'","unicode":"שְׁמִינִית","translit":"shᵉmîynîyth","definition":"feminine of {{h8066}}; probably an eight-stringed lyre; Sheminith.","strongs_number":"h8067"},"h8068":{"pronunciation":"shaw-meer'","unicode":"שָׁמִיר","translit":"shâmîyr","definition":"from {{h8104}} in the original sense of pricking; a thorn; also (from its keenness for scratching) a gem, probably the diamond; adamant (stone), brier, diamond.","strongs_number":"h8068"},"h8069":{"pronunciation":"shaw-meer'","unicode":"שָׁמִיר","translit":"Shâmîyr","definition":"the same as {{h8068}}; Shamir, the name of two places in Palestine; Shamir. Compare {{h8053}}.","strongs_number":"h8069"},"h8070":{"pronunciation":"shem-ee-raw-moth'","unicode":"שְׁמִירָמוֹת","translit":"Shᵉmîyrâmôwth","definition":"or שְׁמָרִימוֹת; probably from {{h8034}} and plural of {{h7413}}; name of heights; Shemiramoth, the name of two Israelites; Shemiramoth.","strongs_number":"h8070"},"h8071":{"pronunciation":"sim-law'","unicode":"שִׂמְלָה","translit":"simlâh","definition":"perhaps by permutation for the feminine of {{h5566}} (through the idea of a cover assuming the shape of the object beneath); a dress, especially a mantle; apparel, cloth(-es, -ing), garment, raiment. Compare {{h8008}}.","strongs_number":"h8071"},"h8072":{"pronunciation":"sam-law'","unicode":"שַׂמְלָה","translit":"Samlâh","definition":"probably for the same as {{h8071}}; Samlah, an Edomite; Samlah.","strongs_number":"h8072"},"h8073":{"pronunciation":"sham-lah'-ee","unicode":"שַׁמְלַי","translit":"Shamlay","definition":"for {{h8014}}; Shamlai, one of the Nethinim; Shalmai (from the margin).","strongs_number":"h8073"},"h8074":{"pronunciation":"shaw-mame'","unicode":"שָׁמֵם","translit":"shâmêm","definition":"a primitive root; to stun (or intransitively, grow numb), i.e. devastate or (figuratively) stupefy (both usually in a passive sense); make amazed, be astonied, (be an) astonish(-ment), (be, bring into, unto, lay, lie, make) desolate(-ion, places), be destitute, destroy (self), (lay, lie, make) waste, wonder.","strongs_number":"h8074"},"h8075":{"pronunciation":"shem-am'","unicode":"שְׁמַם","translit":"shᵉmam","definition":"(Aramaic) corresponding to {{h8074}}; be astonied.","strongs_number":"h8075"},"h8076":{"pronunciation":"shaw-mame'","unicode":"שָׁמֵם","translit":"shâmêm","definition":"from {{h8074}}; ruined; desolate.","strongs_number":"h8076"},"h8077":{"pronunciation":"shem-aw-maw'","unicode":"שְׁמָמָה","translit":"shᵉmâmâh","definition":"or שִׁמָמָה; feminine of {{h8076}}; devastation; figuratively, astonishment; (laid, × most) desolate(-ion), waste.","strongs_number":"h8077"},"h8078":{"pronunciation":"shim-maw-mone'","unicode":"שִׁמָּמוֹן","translit":"shimmâmôwn","definition":"from {{h8074}}; stupefaction; astonishment.","strongs_number":"h8078"},"h8079":{"pronunciation":"sem-aw-meeth'","unicode":"שְׂמָמִית","translit":"sᵉmâmîyth","definition":"probably from {{h8074}} (in the sense of poisoning); a lizard (from the superstition of its noxiousness); spider.","strongs_number":"h8079"},"h8080":{"pronunciation":"shaw-man'","unicode":"שָׁמַן","translit":"shâman","definition":"a primitive root; to shine, i.e. (by analogy) be (causatively, make) oily or gross; become (make, wax) fat.","strongs_number":"h8080"},"h8081":{"pronunciation":"sheh'-men","unicode":"שֶׁמֶן","translit":"shemen","definition":"from {{h8080}}; grease, especially liquid (as from the olive, often perfumed); figuratively, richness; anointing, × fat (things), × fruitful, oil(-ed), ointment, olive,   pine.","strongs_number":"h8081"},"h8082":{"pronunciation":"shaw-mane'","unicode":"שָׁמֵן","translit":"shâmên","definition":"from {{h8080}}; greasy, i.e. gross; figuratively, rich; fat, lusty, plenteous.","strongs_number":"h8082"},"h8083":{"pronunciation":"shem-o-neh'","unicode":"שְׁמֹנֶה","translit":"shᵉmôneh","definition":"or שְׁמוֹנֶה; feminine שְׁמֹנָה; or שְׁמוֹנָה; apparently from {{h8082}} through the idea of plumpness; a cardinal number, eight (as if a surplus above the 'perfect' seven); also (as ordinal) eighth; eight(-een, -eenth), eighth.","strongs_number":"h8083"},"h8084":{"pronunciation":"shem-o-neem'","unicode":"שְׁמֹנִים","translit":"shᵉmônîym","definition":"or שְׁמוֹנִים; multiple from {{h8083}}; eighty, also eightieth; eighty(-ieth), fourscore.","strongs_number":"h8084"},"h8085":{"pronunciation":"shaw-mah'","unicode":"שָׁמַע","translit":"shâmaʻ","definition":"a primitive root; to hear intelligently (often with implication of attention, obedience, etc.; causatively, to tell, etc.); × attentively, call (gather) together, × carefully, × certainly, consent, consider, be content, declare, × diligently, discern, give ear, (cause to, let, make to) hear(-ken, tell), × indeed, listen, make (a) noise, (be) obedient, obey, perceive, (make a) proclaim(-ation), publish, regard, report, shew (forth), (make a) sound, × surely, tell, understand, whosoever (heareth), witness.","strongs_number":"h8085"},"h8086":{"pronunciation":"shem-ah'","unicode":"שְׁמַע","translit":"shᵉmaʻ","definition":"(Aramaic) corresponding to {{h8085}}; hear, obey.","strongs_number":"h8086"},"h8087":{"pronunciation":"sheh'-mah","unicode":"שֶׁמַע","translit":"Shemaʻ","definition":"for the same as {{h8088}}; Shema, the name of a place in Palestine and of four Israelites; Shema.","strongs_number":"h8087"},"h8088":{"pronunciation":"shay'-mah","unicode":"שֵׁמַע","translit":"shêmaʻ","definition":"from {{h8085}}; something heard, i.e. a sound, rumor, announcement; abstractly, audience; bruit, fame, hear(-ing), loud, report, speech, tidings.","strongs_number":"h8088"},"h8089":{"pronunciation":"sho'-mah","unicode":"שֹׁמַע","translit":"shômaʻ","definition":"from {{h8085}}; a report; fame.","strongs_number":"h8089"},"h8090":{"pronunciation":"shem-aw'","unicode":"שְׁמָע","translit":"Shᵉmâʻ","definition":"for {{h8087}}; Shema, a place in Palestine; Shema.","strongs_number":"h8090"},"h8091":{"pronunciation":"shaw-maw'","unicode":"שָׁמָע","translit":"Shâmâʻ","definition":"from {{h8085}}; obedient; Shama, an Israelite; Shama.","strongs_number":"h8091"},"h8092":{"pronunciation":"shim-aw'","unicode":"שִׁמְעָא","translit":"Shimʻâʼ","definition":"for {{h8093}}; Shima, the name of four Israelites; Shimea, Shimei, Shamma.","strongs_number":"h8092"},"h8093":{"pronunciation":"shim-aw'","unicode":"שִׁמְעָה","translit":"Shimʻâh","definition":"feminine of {{h8088}}; annunciation; Shimah, an Israelite; Shimeah.","strongs_number":"h8093"},"h8094":{"pronunciation":"shem-aw-aw'","unicode":"שְׁמָעָה","translit":"Shᵉmâʻâh","definition":"for {{h8093}}; Shemaah, an Israelite; Shemaah.","strongs_number":"h8094"},"h8095":{"pronunciation":"shim-one'","unicode":"שִׁמְעוֹן","translit":"Shimʻôwn","definition":"from {{h8085}}; hearing; Shimon, one of Jacob's sons, also the tribe descended from him; Simeon.","strongs_number":"h8095"},"h8096":{"pronunciation":"shim-ee'","unicode":"שִׁמְעִי","translit":"Shimʻîy","definition":"from {{h8088}}; famous; Shimi, the name of twenty Israelites; Shimeah (from the margin), Shimei, Shimhi, Shimi.","strongs_number":"h8096"},"h8097":{"pronunciation":"shim-ee'","unicode":"שִׁמְעִי","translit":"Shimʻîy","definition":"patronymically from {{h8096}}; a Shimite (collectively) or descendants of Shimi; of Shimi, Shimites.","strongs_number":"h8097"},"h8098":{"pronunciation":"shem-aw-yaw'","unicode":"שְׁמַעְיָה","translit":"Shᵉmaʻyâh","definition":"or שְׁמַעְיָהוּ; from {{h8085}} and {{h3050}}; Jah has heard; Shemajah, the name of twenty-five Israelites; Shemaiah.","strongs_number":"h8098"},"h8099":{"pronunciation":"shim-o-nee'","unicode":"שִׁמְעֹנִי","translit":"Shimʻônîy","definition":"patronymically from {{h8095}}; a Shimonite (collectively) or descendants of Shimon; tribe of Simeon, Simeonites.","strongs_number":"h8099"},"h8100":{"pronunciation":"shim-awth'","unicode":"שִׁמְעַת","translit":"Shimʻath","definition":"feminine of {{h8088}}; annunciation; Shimath, an Ammonitess; Shimath.","strongs_number":"h8100"}}