{"h8501":{"pronunciation":"taw-kawk'","unicode":"תָּכָךְ","translit":"tâkâk","definition":"from an unused root meaning; to dissever, i.e. crush; deceitful.","strongs_number":"h8501"},"h8502":{"pronunciation":"tik-law'","unicode":"תִּכְלָה","translit":"tiklâh","definition":"from {{h3615}}; completeness; perfection.","strongs_number":"h8502"},"h8503":{"pronunciation":"tak-leeth'","unicode":"תַּכְלִית","translit":"taklîyth","definition":"from {{h3615}}; completion; by implication, an extremity; end, perfect(-ion).","strongs_number":"h8503"},"h8504":{"pronunciation":"tek-ay'-leth","unicode":"תְּכֵלֶת","translit":"tᵉkêleth","definition":"probably for {{h7827}}; the cerulean mussel, i.e. the color (violet) obtained therefrom or stuff dyed therewith; blue.","strongs_number":"h8504"},"h8505":{"pronunciation":"taw-kan'","unicode":"תָּכַן","translit":"tâkan","definition":"a primitive root; to balance, i.e. measure out (by weight or dimension); figuratively to arrange, equalize, through the idea of levelling (ment, estimate, test); bear up, direct, be (un-)equal, mete, ponder, tell, weigh.","strongs_number":"h8505"},"h8506":{"pronunciation":"to'-ken","unicode":"תֹּכֶן","translit":"tôken","definition":"from {{h8505}}; a fixed quantity; measure, tale.","strongs_number":"h8506"},"h8507":{"pronunciation":"to'-ken","unicode":"תֹּכֶן","translit":"Tôken","definition":"the same as {{h8506}}; Token, a place in Palestine; Tochen.","strongs_number":"h8507"},"h8508":{"pronunciation":"tok-neeth'","unicode":"תׇּכְנִית","translit":"toknîyth","definition":"from {{h8506}}; admeasurement, i.e. consummation; pattern, sum.","strongs_number":"h8508"},"h8509":{"pronunciation":"tak-reek'","unicode":"תַּכְרִיךְ","translit":"takrîyk","definition":"apparently from an unused root meaning to encompass; a wrapper or robe; garment.","strongs_number":"h8509"},"h8510":{"pronunciation":"tale","unicode":"תֵּל","translit":"têl","definition":"by contraction from {{h8524}}; a mound; heap, × strength.","strongs_number":"h8510"},"h8511":{"pronunciation":"taw-law'","unicode":"תָּלָא","translit":"tâlâʼ","definition":"a primitive root; to suspend; figuratively (through hesitation) to be uncertain; by implication (of mental dependence) to habituate; be bent, hang (in doubt).","strongs_number":"h8511"},"h8512":{"pronunciation":"tale aw-beeb'","unicode":"תֵּל אָבִיב","translit":"Têl ʼÂbîyb","definition":"from {{h8510}} and {{h24}}; mound of green growth; Tel-Abib, a place in Chaldaea; Tel-abib.","strongs_number":"h8512"},"h8513":{"pronunciation":"tel-aw-aw'","unicode":"תְּלָאָה","translit":"tᵉlâʼâh","definition":"from {{h3811}}; distress; travail, travel, trouble.","strongs_number":"h8513"},"h8514":{"pronunciation":"tal-oo-baw'","unicode":"תַּלְאוּבָה","translit":"talʼûwbâh","definition":"from {{h3851}}; desiccation; great drought.","strongs_number":"h8514"},"h8515":{"pronunciation":"tel-as-sar'","unicode":"תְּלַאשַּׂר","translit":"Tᵉlaʼssar","definition":"or תְּלַשַּׂר; of foreign derivation; Telassar, a region of Assyria; Telassar.","strongs_number":"h8515"},"h8516":{"pronunciation":"tal-bo'-sheth","unicode":"תַּלְבֹּשֶׁת","translit":"talbôsheth","definition":"from {{h3847}}; a garment; clothing.","strongs_number":"h8516"},"h8517":{"pronunciation":"tel-ag'","unicode":"תְּלַג","translit":"tᵉlag","definition":"(Aramaic) corresponding to {{h7950}}; snow; snow.","strongs_number":"h8517"},"h8518":{"pronunciation":"taw-law'","unicode":"תָּלָה","translit":"tâlâh","definition":"a primitive root; to suspend (especially to gibbet); hang (up).","strongs_number":"h8518"},"h8519":{"pronunciation":"tel-oo-naw'","unicode":"תְּלוּנָה","translit":"tᵉlûwnâh","definition":"or תּלֻנָּה; from {{h3885}} in the sense of obstinacy; a grumbling; murmuring.","strongs_number":"h8519"},"h8520":{"pronunciation":"teh'-lakh","unicode":"תֶּלַח","translit":"Telach","definition":"probably from an unused root meaning to dissever; breach; Telach, an Israelite; Telah.","strongs_number":"h8520"},"h8521":{"pronunciation":"tale khar-shaw'","unicode":"תֵּל חַרְשָׁא","translit":"Têl Charshâʼ","definition":"from {{h8510}} and the feminine of {{h2798}}; mound of workmanship; Tel-Charsha, a place in Babylonia; Tel-haresha, Tel-harsa.","strongs_number":"h8521"},"h8522":{"pronunciation":"tel-ee'","unicode":"תְּלִי","translit":"tᵉlîy","definition":"probably from {{h8518}}; a quiver (as slung); quiver.","strongs_number":"h8522"},"h8523":{"pronunciation":"tel-ee-thah'-ee","unicode":"תְּלִיתַי","translit":"tᵉlîythay","definition":"(Aramaic) or תַּלְתִּי; (Aramaic), ordinal from {{h8532}}; third; third.","strongs_number":"h8523"},"h8524":{"pronunciation":"taw-lal'","unicode":"תָּלַל","translit":"tâlal","definition":"a primitive root; to pile up, i.e. elevate; eminent. Compare {{h2048}}.","strongs_number":"h8524"},"h8525":{"pronunciation":"teh'-lem","unicode":"תֶּלֶם","translit":"telem","definition":"from an unused root meaning to accumulate; a bank or terrace; furrow, ridge.","strongs_number":"h8525"},"h8526":{"pronunciation":"tal-mah'-ee","unicode":"תַּלְמַי","translit":"Talmay","definition":"from {{h8525}}; ridged; Talmai, the name of a Canaanite and a Syrian; Talmai.","strongs_number":"h8526"},"h8527":{"pronunciation":"tal-meed'","unicode":"תַּלְמִיד","translit":"talmîyd","definition":"from {{h3925}}; a pupil; scholar.","strongs_number":"h8527"},"h8528":{"pronunciation":"tale meh'-lakh","unicode":"תֵּל מֶלַח","translit":"Têl Melach","definition":"from {{h8510}} and {{h4417}}; mound of salt; Tel-Melach, a place in Babylonia; Tel-melah.","strongs_number":"h8528"},"h8529":{"pronunciation":"taw-law'","unicode":"תָּלַע","translit":"tâlaʻ","definition":"a denominative from {{h8438}}; to crimson, i.e. dye that color; × scarlet.","strongs_number":"h8529"},"h8530":{"pronunciation":"tal-pee-yaw'","unicode":"תַּלְפִּיָּה","translit":"talpîyâh","definition":"feminine from an unused root meaning to tower; something tall, i.e. (plural collective) slenderness; armoury.","strongs_number":"h8530"},"h8531":{"pronunciation":"tel-ath'","unicode":"תְּלַת","translit":"tᵉlath","definition":"(Aramaic) from {{h8532}}; a tertiary rank; third.","strongs_number":"h8531"},"h8532":{"pronunciation":"tel-awth'","unicode":"תְּלָת","translit":"tᵉlâth","definition":"(Aramaic) masculine תְּלָתָה; (Aramaic), or תְּלָתָא; (Aramaic), corresponding to {{h7969}}; three or third; third, three.","strongs_number":"h8532"},"h8533":{"pronunciation":"tel-aw-theen'","unicode":"תְּלָתִין","translit":"tᵉlâthîyn","definition":"(Aramaic) multiple of {{h8532}}; ten times three; thirty.","strongs_number":"h8533"},"h8534":{"pronunciation":"tal-tal'","unicode":"תַּלְתַּל","translit":"taltal","definition":"by reduplication, from {{h8524}} through the idea of vibration; a trailing bough (as pendulous); bushy.","strongs_number":"h8534"},"h8535":{"pronunciation":"tawm","unicode":"תָּם","translit":"tâm","definition":"from {{h8552}}; complete; usually (morally) pious; specifically, gentle, dear; coupled together, perfect, plain, undefiled, upright.","strongs_number":"h8535"},"h8536":{"pronunciation":"tawm","unicode":"תָּם","translit":"tâm","definition":"(Aramaic) corresponding to {{h8033}}; there; × thence, there, × where.","strongs_number":"h8536"},"h8537":{"pronunciation":"tome","unicode":"תֹּם","translit":"tôm","definition":"from {{h8552}}; completeness; figuratively, prosperity; usually (morally) innocence; full, integrity, perfect(-ion), simplicity, upright(-ly, -ness), at a venture. See {{h8550}}.","strongs_number":"h8537"},"h8538":{"pronunciation":"toom-maw'","unicode":"תֻּמָּה","translit":"tummâh","definition":"feminine of {{h8537}}; innocence; integrity.","strongs_number":"h8538"},"h8539":{"pronunciation":"taw-mah'","unicode":"תָּמַהּ","translit":"tâmahh","definition":"a primitive root; to be in consternation; be amazed, be astonished, marvel(-lously), wonder.","strongs_number":"h8539"},"h8540":{"pronunciation":"tem-ah'","unicode":"תְּמַהּ","translit":"tᵉmahh","definition":"(Aramaic) from a root corresponding to {{h8539}}; a miracle; wonder.","strongs_number":"h8540"},"h8541":{"pronunciation":"tim-maw-hone'","unicode":"תִּמָּהוֹן","translit":"timmâhôwn","definition":"from {{h8539}}; consternation; astonishment.","strongs_number":"h8541"},"h8542":{"pronunciation":"tam-mooz'","unicode":"תַּמּוּז","translit":"Tammûwz","definition":"of uncertain derivation; Tammuz, a Phoenician deity; Tammuz.","strongs_number":"h8542"},"h8543":{"pronunciation":"tem-ole'","unicode":"תְּמוֹל","translit":"tᵉmôwl","definition":"or תְּמֹל; probably for {{h865}}; sometimes with\t{{h8032}}; properly, ago, i.e. a (short or long) time since; especially yesterday, or day before yesterday; before (-time),   these (three) days,   heretofore,   time past, yesterday.","strongs_number":"h8543"},"h8544":{"pronunciation":"tem-oo-naw'","unicode":"תְּמוּנָה","translit":"tᵉmûwnâh","definition":"or תְּמֻנָה; from {{h4327}}; something portioned (i.e. fashioned) out, as a shape, i.e. (indefinitely) phantom, or (specifically) embodiment, or (figuratively) manifestation (of favor); image, likeness, similitude.","strongs_number":"h8544"},"h8545":{"pronunciation":"tem-oo-raw'","unicode":"תְּמוּרָה","translit":"tᵉmûwrâh","definition":"from {{h4171}}; barter, compensation; (ex-) change(-ing), recompense, restitution.","strongs_number":"h8545"},"h8546":{"pronunciation":"tem-oo-thaw'","unicode":"תְּמוּתָה","translit":"tᵉmûwthâh","definition":"from {{h4191}}; execution (as a doom); death, die.","strongs_number":"h8546"},"h8547":{"pronunciation":"teh'-makh","unicode":"תֶּמַח","translit":"Temach","definition":"of uncertain derivation; Temach, one of the Nethinim; Tamah, Thamah.","strongs_number":"h8547"},"h8548":{"pronunciation":"taw-meed'","unicode":"תָּמִיד","translit":"tâmîyd","definition":"from an unused root meaning to stretch; properly, continuance (as indefinite extension); but used only (attributively as adjective) constant (or adverbially, constantly); elliptically the regular (daily) sacrifice; alway(-s), continual (employment, -ly), daily, (n-)ever(-more), perpetual.","strongs_number":"h8548"},"h8549":{"pronunciation":"taw-meem'","unicode":"תָּמִים","translit":"tâmîym","definition":"from {{h8552}}; entire (literally, figuratively or morally); also (as noun) integrity, truth; without blemish, complete, full, perfect, sincerely (-ity), sound, without spot, undefiled, upright(-ly), whole.","strongs_number":"h8549"},"h8550":{"pronunciation":"toom-meem'","unicode":"תֻּמִּים","translit":"Tummîym","definition":"plural of {{h8537}}; perfections, i.e. (techn.) one of the epithets of the objects in the high-priest's breastplate as an emblem of complete Truth; Thummim.","strongs_number":"h8550"},"h8551":{"pronunciation":"taw-mak'","unicode":"תָּמַךְ","translit":"tâmak","definition":"a primitive root; to sustain; by implication, to obtain, keep fast; figuratively, to help, follow close; (take, up-) hold (up), maintain, retain, stay (up).","strongs_number":"h8551"},"h8552":{"pronunciation":"taw-mam'","unicode":"תָּמַם","translit":"tâmam","definition":"a primitive root; to complete, in a good or a bad sense, literal, or figurative, transitive or intransitive; accomplish, cease, be clean (pass-) ed, consume, have done, (come to an, have an, make an) end, fail, come to the full, be all gone, × be all here, be (make) perfect, be spent, sum, be (shew self) upright, be wasted, whole.","strongs_number":"h8552"},"h8553":{"pronunciation":"tim-naw'","unicode":"תִּמְנָה","translit":"Timnâh","definition":"from {{h4487}}; a portion assigned; Timnah, the name of two places in Palestine; Timnah, Timnath, Thimnathah.","strongs_number":"h8553"},"h8554":{"pronunciation":"tim-nee'","unicode":"תִּמְנִי","translit":"Timnîy","definition":"patrial from {{h8553}}; a Timnite or inhabitant of Timnah; Timnite.","strongs_number":"h8554"},"h8555":{"pronunciation":"tim-naw'","unicode":"תִּמְנָע","translit":"Timnâʻ","definition":"from {{h4513}}; restraint; Timna, the name of two Edomites; Timna, Timnah.","strongs_number":"h8555"},"h8556":{"pronunciation":"tim-nath kheh'-res","unicode":"תִּמְנַת חֶרֶס","translit":"Timnath Chereç","definition":"or תִּמְנַת סֶרַח; from {{h8553}} and {{h2775}}; portion of (the) sun; Timnath-Cheres, a place in Palestine; Timnath-heres, Timnath-serah.","strongs_number":"h8556"},"h8557":{"pronunciation":"teh'-mes","unicode":"תֶּמֶס","translit":"temeç","definition":"from {{h4529}}; liquefaction, i.e. disappearance; melt.","strongs_number":"h8557"},"h8558":{"pronunciation":"taw-mawr'","unicode":"תָּמָר","translit":"tâmâr","definition":"from an unused root meaning to be erect; a palm tree; palm (tree).","strongs_number":"h8558"},"h8559":{"pronunciation":"taw-mawr'","unicode":"תָּמָר","translit":"Tâmâr","definition":"the same as {{h8558}}; Tamar, the name of three women and a place; Tamar.","strongs_number":"h8559"},"h8560":{"pronunciation":"to'-mer","unicode":"תֹּמֶר","translit":"tômer","definition":"from the same root as {{h8558}}; a palm trunk; palm tree.","strongs_number":"h8560"},"h8561":{"pronunciation":"tim-more'","unicode":"תִּמֹּר","translit":"timmôr","definition":"(plural or (feminine) תִּמֹּרָה; (singular and plural), from the same root as {{h8558}}; (architectural) a palm-like pilaster (i.e. umbellate); palm tree.","strongs_number":"h8561"},"h8562":{"pronunciation":"tam-rook'","unicode":"תַּמְרוּק","translit":"tamrûwq","definition":"or תַּמְרֻק; or תַּמְרִיק; from {{h4838}}; properly, a scouring, i.e. soap or perfumery for the bath; figuratively, a detergent; × cleanse, (thing for) purification(-fying).","strongs_number":"h8562"},"h8563":{"pronunciation":"tam-roor'","unicode":"תַּמְרוּר","translit":"tamrûwr","definition":"from {{h4843}}; bitterness (plural as collective); × most bitter(-ly).","strongs_number":"h8563"},"h8564":{"pronunciation":"tam-roor'","unicode":"תַּמְרוּר","translit":"tamrûwr","definition":"from the same root as {{h8558}}; an erection, i.e. pillar (probably for a guide-board); high heap.","strongs_number":"h8564"},"h8565":{"pronunciation":"tan","unicode":"תַּן","translit":"tan","definition":"from an unused root probably meaning to elongate; a monster (as preternaturally formed), i.e. a sea-serpent (or other huge marine animal); also a jackal (or other hideous land animal); dragon, whale. Compare {{h8577}}.","strongs_number":"h8565"},"h8566":{"pronunciation":"taw-naw'","unicode":"תָּנָה","translit":"tânâh","definition":"a primitive root; to present (a mercenary inducement), i.e. bargain with (a harlot); hire.","strongs_number":"h8566"},"h8567":{"pronunciation":"taw-naw'","unicode":"תָּנָה","translit":"tânâh","definition":"a primitive root (identical with through the idea of attributing honor); to ascribe (praise), i.e. celebrate, commemorate; lament, rehearse.","strongs_number":"h8567"},"h8568":{"pronunciation":"tan-naw'","unicode":"תַּנָּה","translit":"tannâh","definition":"probably feminine of {{h8565}}; a female jackal; dragon.","strongs_number":"h8568"},"h8569":{"pronunciation":"ten-oo-aw'","unicode":"תְּנוּאָה","translit":"tᵉnûwʼâh","definition":"from {{h5106}}; alienation; by implication, enmity; breach of promise, occasion.","strongs_number":"h8569"},"h8570":{"pronunciation":"ten-oo-baw'","unicode":"תְּנוּבָה","translit":"tᵉnûwbâh","definition":"from {{h5107}}; produce; fruit, increase.","strongs_number":"h8570"},"h8571":{"pronunciation":"ten-ook'","unicode":"תְּנוּךְ","translit":"tᵉnûwk","definition":"perhaps from the same as {{h594}} through the idea of protraction; a pinnacle, i.e. extremity; tip.","strongs_number":"h8571"},"h8572":{"pronunciation":"ten-oo-maw'","unicode":"תְּנוּמָה","translit":"tᵉnûwmâh","definition":"from {{h5123}}; drowsiness, i.e. sleep; slumber(-ing).","strongs_number":"h8572"},"h8573":{"pronunciation":"ten-oo-faw'","unicode":"תְּנוּפָה","translit":"tᵉnûwphâh","definition":"from {{h5130}}; a brandishing (in threat); by implication, tumult; specifically, the official undulation of sacrificial offerings; offering, shaking, wave (offering).","strongs_number":"h8573"},"h8574":{"pronunciation":"tan-noor'","unicode":"תַּנּוּר","translit":"tannûwr","definition":"from {{h5216}}; a fire-pot; furnace, oven.","strongs_number":"h8574"},"h8575":{"pronunciation":"tan-khoom'","unicode":"תַּנְחוּם","translit":"tanchûwm","definition":"or תַּנְחֻם; and (feminine) תַּנְחוּמָה; from {{h5162}}; compassion, solace; comfort, consolation.","strongs_number":"h8575"},"h8576":{"pronunciation":"tan-khoo'-meth","unicode":"תַּנְחֻמֶת","translit":"Tanchumeth","definition":"for {{h8575}} (feminine); Tanchumeth, an Israelite; Tanhumeth.","strongs_number":"h8576"},"h8577":{"pronunciation":"tan-neen'","unicode":"תַּנִּין","translit":"tannîyn","definition":"or תַּנִּים; (Ezekiel 29:3), intensive from the same as {{h8565}}; a marine or land monster, i.e. sea-serpent or jackal; dragon, sea-monster, serpent, whale.","strongs_number":"h8577"},"h8578":{"pronunciation":"tin-yawn'","unicode":"תִּנְיָן","translit":"tinyân","definition":"(Aramaic) corresponding to {{h8147}}; second; second.","strongs_number":"h8578"},"h8579":{"pronunciation":"tin-yaw-nooth'","unicode":"תִּנְיָנוּת","translit":"tinyânûwth","definition":"(Aramaic) from {{h8578}}; a second time; again.","strongs_number":"h8579"},"h8580":{"pronunciation":"tan-sheh'-meth","unicode":"תַּנְשֶׁמֶת","translit":"tanshemeth","definition":"from {{h5395}}; properly, a hard breather, i.e. the name of two unclean creatures, a lizard and a bird (both perhaps from changing color through their irascibility), probably the tree-toad and the water-hen; mole, swan.","strongs_number":"h8580"},"h8581":{"pronunciation":"taw-ab'","unicode":"תַּעָב","translit":"taʻâb","definition":"a primitive root; to loathe, i.e. (morally) detest; (make to be) abhor(-red), (be, commit more, do) abominable(-y), × utterly.","strongs_number":"h8581"},"h8582":{"pronunciation":"taw-aw'","unicode":"תָּעָה","translit":"tâʻâh","definition":"a primitive root; to vacillate, i.e. reel or stray (literally or figuratively); also causative of both; (cause to) go astray, deceive, dissemble, (cause to, make to) err, pant, seduce, (make to) stagger, (cause to) wander, be out of the way.","strongs_number":"h8582"},"h8583":{"pronunciation":"to'-oo","unicode":"תֹּעוּ","translit":"Tôʻûw","definition":"or תֹּעִי; from {{h8582}}; error; Tou or Toi, a Syrian king; Toi, Tou.","strongs_number":"h8583"},"h8584":{"pronunciation":"teh-oo-daw'","unicode":"תְּעוּדָה","translit":"tᵉʻûwdâh","definition":"from {{h5749}}; attestation, i.e. a precept, usage; testimony.","strongs_number":"h8584"},"h8585":{"pronunciation":"teh-aw-law'","unicode":"תְּעָלָה","translit":"tᵉʻâlâh","definition":"from {{h5927}}; a channel (into which water is raised for irrigation); also a bandage or plaster (as placed upon a wound); conduit, cured, healing, little river, trench, watercourse.","strongs_number":"h8585"},"h8586":{"pronunciation":"tah-al-ool'","unicode":"תַּעֲלוּל","translit":"taʻălûwl","definition":"from {{h5953}}; caprice (as a fit coming on), i.e. vexation; concretely a tyrant; babe, delusion.","strongs_number":"h8586"},"h8587":{"pronunciation":"tah-al-oom-maw'","unicode":"תַּעֲלֻמָּה","translit":"taʻălummâh","definition":"from {{h5956}}; a secret; thing that is hid, secret.","strongs_number":"h8587"},"h8588":{"pronunciation":"tah-an-oog'","unicode":"תַּעֲנוּג","translit":"taʻănûwg","definition":"or תַּעֲנֻג; and (feminine) תַּעֲנֻגָה; from {{h6026}}; luxury; delicate, delight, pleasant.","strongs_number":"h8588"},"h8589":{"pronunciation":"tah-an-eeth'","unicode":"תַּעֲנִית","translit":"taʻănîyth","definition":"from {{h6031}}; affliction (of self), i.e. fasting; heaviness.","strongs_number":"h8589"},"h8590":{"pronunciation":"tah-an-awk'","unicode":"תַּעֲנָךְ","translit":"Taʻănâk","definition":"or תַּעְנָךְ; of uncertain derivation; Taanak or Tanak, a place in Palestine; Taanach, Tanach.","strongs_number":"h8590"},"h8591":{"pronunciation":"taw-ah'","unicode":"תָּעַע","translit":"tâʻaʻ","definition":"a primitive root; to cheat; by analogy, to maltreat; deceive, misuse.","strongs_number":"h8591"},"h8592":{"pronunciation":"tah-ats-oo-maw'","unicode":"תַּעֲצֻמָה","translit":"taʻătsumâh","definition":"from {{h6105}}; might (plural collective); power.","strongs_number":"h8592"},"h8593":{"pronunciation":"tah'-ar","unicode":"תַּעַר","translit":"taʻar","definition":"from {{h6168}}; a knife or razor (as making bare); also a scabbard (as being bare, i.e. empty); (pen-) knife, razor, scabbard, shave, sheath.","strongs_number":"h8593"},"h8594":{"pronunciation":"tah-ar-oo-baw'","unicode":"תַּעֲרֻבָה","translit":"taʻărubâh","definition":"from {{h6148}}; suretyship, i.e. (concretely) a pledge; hostage.","strongs_number":"h8594"},"h8595":{"pronunciation":"tah-too'-ah","unicode":"תַּעְתֻּעַ","translit":"taʻtuaʻ","definition":"from {{h8591}}; a fraud; error.","strongs_number":"h8595"},"h8596":{"pronunciation":"tofe","unicode":"תֹּף","translit":"tôph","definition":"from {{h8608}} contracted; a tambourine; tabret, timbrel.","strongs_number":"h8596"},"h8597":{"pronunciation":"tif-aw-raw'","unicode":"תִּפְאָרָה","translit":"tiphʼârâh","definition":"or תִּפְאֶרֶת; from {{h6286}}; ornament (abstractly or concretely, literally or figuratively); beauty(-iful), bravery, comely, fair, glory(-ious), honour, majesty.","strongs_number":"h8597"},"h8598":{"pronunciation":"tap-poo'-akh","unicode":"תַּפּוּחַ","translit":"tappûwach","definition":"from {{h5301}}; an apple (from its fragrance), i.e. the fruit or the tree (probably includ. others of the pome order, as the quince, the orange, etc.); apple (tree). See also {{h1054}}.","strongs_number":"h8598"},"h8599":{"pronunciation":"tap-poo'-akh","unicode":"תַּפּוּחַ","translit":"Tappûwach","definition":"the same as {{h8598}}; Tappuach, the name of two places in Palestine, also of an Israelite; Tappuah.","strongs_number":"h8599"},"h8600":{"pronunciation":"tef-o-tsaw'","unicode":"תְּפוֹצָה","translit":"tᵉphôwtsâh","definition":"from {{h6327}}; a dispersal; dispersion.","strongs_number":"h8600"}}