{"h8601":{"pronunciation":"too-feen'","unicode":"תֻּפִין","translit":"tuphîyn","definition":"from {{h644}}; cookery, i.e. (concretely) a cake; baked piece.","strongs_number":"h8601"},"h8602":{"pronunciation":"taw-fale'","unicode":"תָּפֵל","translit":"tâphêl","definition":"from an unused root meaning to smear; plaster (as gummy) or slime; (figuratively) frivolity; foolish things, unsavoury, untempered.","strongs_number":"h8602"},"h8603":{"pronunciation":"to'-fel","unicode":"תֹּפֶל","translit":"Tôphel","definition":"from the same as {{h8602}}; quagmire; Tophel, a place near the Desert; Tophel.","strongs_number":"h8603"},"h8604":{"pronunciation":"tif-law'","unicode":"תִּפְלָה","translit":"tiphlâh","definition":"from the same as {{h8602}}; frivolity; folly, foolishly.","strongs_number":"h8604"},"h8605":{"pronunciation":"tef-il-law'","unicode":"תְּפִלָּה","translit":"tᵉphillâh","definition":"from {{h6419}}; intercession, supplication; by implication, a hymn; prayer.","strongs_number":"h8605"},"h8606":{"pronunciation":"tif-leh'-tseth","unicode":"תִּפְלֶצֶת","translit":"tiphletseth","definition":"from {{h6426}}; fearfulness; terrible.","strongs_number":"h8606"},"h8607":{"pronunciation":"tif-sakh'","unicode":"תִּפְסַח","translit":"Tiphçach","definition":"from {{h6452}}; ford; Tiphsach, a place in Mesopotamia; Tipsah.","strongs_number":"h8607"},"h8608":{"pronunciation":"taw-faf'","unicode":"תָּפַף","translit":"tâphaph","definition":"a primitive root; to drum, i.e. play (as) on the tambourine; taber, play with timbrels.","strongs_number":"h8608"},"h8609":{"pronunciation":"taw-far'","unicode":"תָּפַר","translit":"tâphar","definition":"a primitive root; to sew; (women that) sew (together).","strongs_number":"h8609"},"h8610":{"pronunciation":"taw-fas'","unicode":"תָּפַשׂ","translit":"tâphas","definition":"a primitive root; to manipulate, i.e. seize; chiefly to capture, wield, specifically, to overlay; figuratively, to use unwarrantably; catch, handle, (lay, take) hold (on, over), stop, × surely, surprise, take.","strongs_number":"h8610"},"h8611":{"pronunciation":"to'-feth","unicode":"תֹּפֶת","translit":"tôpheth","definition":"from the base of {{h8608}}; a smiting, i.e. (figuratively) contempt; tabret.","strongs_number":"h8611"},"h8612":{"pronunciation":"to'-feth","unicode":"תֹּפֶת","translit":"Tôpheth","definition":"the same as {{h8611}}; Topheth, a place near Jerusalem; Tophet, Topheth.","strongs_number":"h8612"},"h8613":{"pronunciation":"tof-teh'","unicode":"תׇּפְתֶּה","translit":"Tophteh","definition":"probably a form of {{h8612}}; Tophteh, a place of cremation; Tophet.","strongs_number":"h8613"},"h8614":{"pronunciation":"tif-tah'-ee","unicode":"תִּפְתַּי","translit":"tiphtay","definition":"(Aramaic) perhaps from {{h8199}}; judicial, i.e. a lawyer; sheriff.","strongs_number":"h8614"},"h8615":{"pronunciation":"tik-vaw'","unicode":"תִּקְוָה","translit":"tiqvâh","definition":"from {{h6960}}; (compare {{h6961}}); literally a cord (as an attachment); figuratively, expectancy; expectation(-ted), hope, live, thing that I long for.","strongs_number":"h8615"},"h8616":{"pronunciation":"tik-vaw'","unicode":"תִּקְוָה","translit":"Tiqvâh","definition":"the same as {{h8615}}; Tikvah, the name of two Israelites; Tikvah.","strongs_number":"h8616"},"h8617":{"pronunciation":"tek-oo-maw'","unicode":"תְּקוּמָה","translit":"tᵉqûwmâh","definition":"from {{h6965}}; resistfulness; power to stand.","strongs_number":"h8617"},"h8618":{"pronunciation":"tek-o-mame'","unicode":"תְּקוֹמֵם","translit":"tᵉqôwmêm","definition":"from {{h6965}}; an opponent; rise up against.","strongs_number":"h8618"},"h8619":{"pronunciation":"taw-ko'-ah","unicode":"תָּקוֹעַ","translit":"tâqôwaʻ","definition":"from {{h8628}} (in the musical sense); a trumpet; trumpet.","strongs_number":"h8619"},"h8620":{"pronunciation":"tek-o'-ah","unicode":"תְּקוֹעַ","translit":"Tᵉqôwaʻ","definition":"a form of {{h8619}}; Tekoa, a place in Palestine; Tekoa, Tekoah.","strongs_number":"h8620"},"h8621":{"pronunciation":"tek-o-ee'","unicode":"תְּקוֹעִי","translit":"Tᵉqôwʻîy","definition":"or תְּקֹעִי; patronymically from {{h8620}}; a Tekoite or inhabitant of Tekoah; Tekoite.","strongs_number":"h8621"},"h8622":{"pronunciation":"tek-oo-faw'","unicode":"תְּקוּפָה","translit":"tᵉqûwphâh","definition":"or תְּקֻפָה; from {{h5362}}; a revolution, i.e. (of the sun) course, (of time) lapse; circuit, come about, end.","strongs_number":"h8622"},"h8623":{"pronunciation":"tak-keef'","unicode":"תַּקִּיף","translit":"taqqîyph","definition":"from {{h8630}}; powerful; mightier.","strongs_number":"h8623"},"h8624":{"pronunciation":"tak-keef'","unicode":"תַּקִּיף","translit":"taqqîyph","definition":"(Aramaic) corresponding to {{h8623}}; mighty, strong.","strongs_number":"h8624"},"h8625":{"pronunciation":"tek-al'","unicode":"תְּקַל","translit":"tᵉqal","definition":"(Aramaic) corresponding to {{h8254}}; to balance; Tekel, be weighed.","strongs_number":"h8625"},"h8626":{"pronunciation":"taw-kan'","unicode":"תָּקַן","translit":"tâqan","definition":"a primitive root; to equalize, i.e. straighten (intransitive or transitive); figuratively, to compose; set in order, make straight.","strongs_number":"h8626"},"h8627":{"pronunciation":"tek-an'","unicode":"תְּקַן","translit":"tᵉqan","definition":"(Aramaic) corresponding to {{h8626}}; to straighten up, i.e. confirm; establish.","strongs_number":"h8627"},"h8628":{"pronunciation":"taw-kah'","unicode":"תָּקַע","translit":"tâqaʻ","definition":"a primitive root; to clatter, i.e. slap (the hands together), clang (an instrument); by analogy, to drive (a nail or tent-pin, a dart, etc.); by implication, to become bondsman by handclasping); blow (a trumpet), cast, clap, fasten, pitch (tent), smite, sound, strike, × suretiship, thrust.","strongs_number":"h8628"},"h8629":{"pronunciation":"tay-kah'","unicode":"תֵּקַע","translit":"têqaʻ","definition":"from {{h8628}}; a blast of a trumpet; sound.","strongs_number":"h8629"},"h8630":{"pronunciation":"taw-kaf'","unicode":"תָּקַף","translit":"tâqaph","definition":"a primitive root; to overpower; prevail (against).","strongs_number":"h8630"},"h8631":{"pronunciation":"tek-afe'","unicode":"תְּקֵף","translit":"tᵉqêph","definition":"(Aramaic) corresponding to {{h8630}}; to become (causatively, make) mighty or (figuratively) obstinate; make firm, harden, be(-come) strong.","strongs_number":"h8631"},"h8632":{"pronunciation":"tek-ofe'","unicode":"תְּקֹף","translit":"tᵉqôph","definition":"(Aramaic) corresponding to {{h8633}}; power; might, strength.","strongs_number":"h8632"},"h8633":{"pronunciation":"to'-kef","unicode":"תֹּקֶף","translit":"tôqeph","definition":"from {{h8630}}; might or (figuratively) positiveness; authority, power, strength.","strongs_number":"h8633"},"h8634":{"pronunciation":"tar-al-aw'","unicode":"תַּרְאֲלָה","translit":"Tarʼălâh","definition":"probably for {{h8653}}; a reeling; Taralah, a place in Palestine; Taralah.","strongs_number":"h8634"},"h8635":{"pronunciation":"tar-booth'","unicode":"תַּרְבּוּת","translit":"tarbûwth","definition":"from {{h7235}}; multiplication, i.e. progeny; increase.","strongs_number":"h8635"},"h8636":{"pronunciation":"tar-beeth'","unicode":"תַּרְבִּית","translit":"tarbîyth","definition":"from {{h7235}}; multiplication, i.e. percentage or bonus in addition to principal; increase, unjust gain.","strongs_number":"h8636"},"h8637":{"pronunciation":"teer-gal'","unicode":"תִּרְגַּל","translit":"tirgal","definition":"a denominative from {{h7270}}; to cause to walk; teach to go.","strongs_number":"h8637"},"h8638":{"pronunciation":"teer-gam'","unicode":"תִּרְגַּם","translit":"tirgam","definition":"a denominative from {{h7275}} in the sense of throwing over; to transfer, i.e. translate; interpret.","strongs_number":"h8638"},"h8639":{"pronunciation":"tar-day-maw'","unicode":"תַּרְדֵּמָה","translit":"tardêmâh","definition":"from {{h7290}}; a lethargy or (by implication) trance; deep sleep.","strongs_number":"h8639"},"h8640":{"pronunciation":"teer-haw'-kaw","unicode":"תִּרְהָקָה","translit":"Tirhâqâh","definition":"of foreign derivation; Tirhakah, a king of Kush; Tirhakah.","strongs_number":"h8640"},"h8641":{"pronunciation":"ter-oo-maw'","unicode":"תְּרוּמָה","translit":"tᵉrûwmâh","definition":"or תְּרֻמָה; (Deuteronomy 12:11), from {{h7311}}; a present (as offered up), especially in sacrifice or as tribute; gift, heave offering (shoulder), oblation, offered(-ing).","strongs_number":"h8641"},"h8642":{"pronunciation":"ter-oo-mee-yaw'","unicode":"תְּרוּמִיָּה","translit":"tᵉrûwmîyâh","definition":"formed as {{h8641}}; a sacrificial offering; oblation.","strongs_number":"h8642"},"h8643":{"pronunciation":"ter-oo-aw'","unicode":"תְּרוּעָה","translit":"tᵉrûwʻâh","definition":"from {{h7321}}; clamor, i.e. acclamation of joy or a battle-cry; especially clangor of trumpets, as an alarum; alarm, blow(-ing) (of, the) (trumpets), joy, jubile, loud noise, rejoicing, shout(-ing), (high, joyful) sound(-ing).","strongs_number":"h8643"},"h8644":{"pronunciation":"ter-oo-faw'","unicode":"תְּרוּפָה","translit":"tᵉrûwphâh","definition":"from {{h7322}} in the sense of its congener {{h7495}}; a remedy; medicine.","strongs_number":"h8644"},"h8645":{"pronunciation":"teer-zaw'","unicode":"תִּרְזָה","translit":"tirzâh","definition":"probably from {{h7329}}; a species of tree (apparently from its slenderness), perhaps the cypress; cypress.","strongs_number":"h8645"},"h8646":{"pronunciation":"teh'-rakh","unicode":"תֶּרַח","translit":"Terach","definition":"of uncertain derivation; Terach, the father of Abraham; also a place in the Desert; Tarah, Terah.","strongs_number":"h8646"},"h8647":{"pronunciation":"teer-khan-aw'","unicode":"תִּרְחֲנָה","translit":"Tirchănâh","definition":"of uncertain derivation; Tirchanah, an Israelite; Tirhanah.","strongs_number":"h8647"},"h8648":{"pronunciation":"ter-ane'","unicode":"תְּרֵין","translit":"tᵉrêyn","definition":"(Aramaic) feminine תַּרְתֵּין; corresponding to {{h8147}}; two; second,   twelve, two.","strongs_number":"h8648"},"h8649":{"pronunciation":"tor-maw'","unicode":"תׇּרְמָה","translit":"tormâh","definition":"and תַּרְמוּת; or תַּרְמִית; from {{h7411}}; fraud; deceit(-ful), privily.","strongs_number":"h8649"},"h8650":{"pronunciation":"to'-ren","unicode":"תֹּרֶן","translit":"tôren","definition":"probably for {{h766}}; a pole (as a mast or flagstaff); beacon, mast.","strongs_number":"h8650"},"h8651":{"pronunciation":"ter-ah'","unicode":"תְּרַע","translit":"tᵉraʻ","definition":"(Aramaic) corresponding to {{h8179}}; a door; by implication, a palace; gate mouth.","strongs_number":"h8651"},"h8652":{"pronunciation":"taw-raw'","unicode":"תָּרָע","translit":"târâʻ","definition":"(Aramaic) from {{h8651}}; a doorkeeper; porter.","strongs_number":"h8652"},"h8653":{"pronunciation":"tar-ay-law'","unicode":"תַּרְעֵלָה","translit":"tarʻêlâh","definition":"from {{h7477}}; reeling; astonishment, trembling.","strongs_number":"h8653"},"h8654":{"pronunciation":"teer-aw-thee'","unicode":"תִּרְעָתִי","translit":"Tirʻâthîy","definition":"patrial from an unused name meaning gate; a Tirathite or inhabitant of an unknown Tirah; Tirathite.","strongs_number":"h8654"},"h8655":{"pronunciation":"ter-aw-feme'","unicode":"תְּרָפִים","translit":"tᵉrâphîym","definition":"plural from {{h7495}}; a healer; Teraphim (singular or plural) a family idol; idols(-atry), images, teraphim.","strongs_number":"h8655"},"h8656":{"pronunciation":"teer-tsaw'","unicode":"תִּרְצָה","translit":"Tirtsâh","definition":"from {{h7521}}; delightsomeness; Tirtsah, a place in Palestine; also an Israelitess; Tirzah.","strongs_number":"h8656"},"h8657":{"pronunciation":"teh'-resh","unicode":"תֶּרֶשׁ","translit":"Teresh","definition":"of foreign derivation; Teresh, a eunuch of Xerxes; Teresh.","strongs_number":"h8657"},"h8658":{"pronunciation":"tar-sheesh'","unicode":"תַּרְשִׁישׁ","translit":"tarshîysh","definition":"probably of foreign derivation (compare {{h8659}}); a gem, perhaps the topaz; beryl.","strongs_number":"h8658"},"h8659":{"pronunciation":"tar-sheesh'","unicode":"תַּרְשִׁישׁ","translit":"Tarshîysh","definition":"probably the same as {{h8658}} (as the region of the stone, or the reverse); Tarshish, a place on the Mediterranean, hence, the ephithet of a merchant vessel (as if for or from that port); also the name of a Persian and of an Israelite; Tarshish, Tharshish.","strongs_number":"h8659"},"h8660":{"pronunciation":"teer-shaw-thaw'","unicode":"תִּרְשָׁתָא","translit":"Tirshâthâʼ","definition":"of foreign derivation; the title of a Persian deputy or governor; Tirshatha.","strongs_number":"h8660"},"h8661":{"pronunciation":"tar-tawn'","unicode":"תַּרְתָּן","translit":"Tartân","definition":"of foreign derivation; Tartan, an Assyrian; Tartan.","strongs_number":"h8661"},"h8662":{"pronunciation":"tar-tawk'","unicode":"תַּרְתָּק","translit":"Tartâq","definition":"of foreign derivation; Tartak, a deity of the Avvites; Tartak.","strongs_number":"h8662"},"h8663":{"pronunciation":"tesh-oo-aw'","unicode":"תְּשֻׁאָה","translit":"tᵉshuʼâh","definition":"from {{h7722}}; a crashing or loud clamor; crying, noise, shouting, stir.","strongs_number":"h8663"},"h8664":{"pronunciation":"tish-bee'","unicode":"תִּשְׁבִּי","translit":"Tishbîy","definition":"patrial from an unused name meaning recourse; a Tishbite or inhabitant of Tishbeh (in Gilead); Tishbite.","strongs_number":"h8664"},"h8665":{"pronunciation":"tash-bates'","unicode":"תַּשְׁבֵּץ","translit":"tashbêts","definition":"from {{h7660}}; checkered stuff (as reticulated); broidered.","strongs_number":"h8665"},"h8666":{"pronunciation":"tesh-oo-baw'","unicode":"תְּשׁוּבָה","translit":"tᵉshûwbâh","definition":"or תְּשֻׁבָה; from {{h7725}}; a recurrence (of time or place); a reply (as returned); answer, be expired, return.","strongs_number":"h8666"},"h8667":{"pronunciation":"tes-oo-meth'","unicode":"תְּשׂוּמֶת","translit":"tᵉsûwmeth","definition":"from {{h7760}}; a deposit, i.e. pledging; fellowship.","strongs_number":"h8667"},"h8668":{"pronunciation":"tesh-oo-aw'","unicode":"תְּשׁוּעָה","translit":"tᵉshûwʻâh","definition":"or תְּשֻׁעָה; from {{h7768}} in the sense of {{h3467}}; rescue (literal or figurative, persons, national or spiritual); deliverance, help, safety, salvation, victory.","strongs_number":"h8668"},"h8669":{"pronunciation":"tesh-oo-kaw'","unicode":"תְּשׁוּקָה","translit":"tᵉshûwqâh","definition":"from {{h7783}} in the original sense of stretching out after; a longing; desire.","strongs_number":"h8669"},"h8670":{"pronunciation":"tesh-oo-raw'","unicode":"תְּשׁוּרָה","translit":"tᵉshûwrâh","definition":"from {{h7788}} in the sense of arrival; a gift; present.","strongs_number":"h8670"},"h8671":{"pronunciation":"tesh-ee-ee'","unicode":"תְּשִׁיעִי","translit":"tᵉshîyʻîy","definition":"ordinal from {{h8672}}; ninth; ninth.","strongs_number":"h8671"},"h8672":{"pronunciation":"tay'-shah","unicode":"תֵּשַׁע","translit":"têshaʻ","definition":"or (masculine) תִּשְׁעָה; perhaps from {{h8159}} through the idea of a turn to the next or full number ten; nine or (ordinal) ninth; nine (  -teen,   -teenth, -th).","strongs_number":"h8672"},"h8673":{"pronunciation":"tish-eem'","unicode":"תִּשְׁעִים","translit":"tishʻîym","definition":"multiple from {{h8672}}; ninety; ninety.","strongs_number":"h8673"},"h8674":{"pronunciation":"tat-ten-ah'-ee","unicode":"תַּתְּנַי","translit":"Tattᵉnay","definition":"of foreign derivation; Tattenai, a Persian; Tatnai.","strongs_number":"h8674"}}