{"h1":{"pronunciation":"awb","unicode":"אָב","translit":"ʼâb","definition":"a primitive word; father, in a literal and immediate, or figurative and remote application; chief, (fore-) father(-less), × patrimony, principal. Compare names in 'Abi-'.","strongs_number":"h1"},"h2":{"pronunciation":"ab","unicode":"אַב","translit":"ʼab","definition":"(Aramaic) corresponding to {{h1}}; father.","strongs_number":"h2"},"h3":{"pronunciation":"abe","unicode":"אֵב","translit":"ʼêb","definition":"from the same as {{h24}}; a green plant; greenness, fruit.","strongs_number":"h3"},"h4":{"pronunciation":"abe","unicode":"אֵב","translit":"ʼêb","definition":"(Aramaic) corresponding to {{h3}}; fruit.","strongs_number":"h4"},"h5":{"pronunciation":"ab-ag-thaw'","unicode":"אֲבַגְתָא","translit":"ʼĂbagthâʼ","definition":"of foreign origin; Abagtha, a eunuch of Xerxes; Abagtha.","strongs_number":"h5"},"h6":{"pronunciation":"aw-bad'","unicode":"אָבַד","translit":"ʼâbad","definition":"a primitive root; properly, to wander away, i.e. lose oneself; by implication to perish (causative, destroy); break, destroy(-uction),   not escape, fail, lose, (cause to, make) perish, spend, × and surely, take, be undone, × utterly, be void of, have no way to flee.","strongs_number":"h6"},"h7":{"pronunciation":"ab-ad'","unicode":"אֲבַד","translit":"ʼăbad","definition":"(Aramaic) corresponding to {{h6}}; destroy, perish.","strongs_number":"h7"},"h8":{"pronunciation":"o-bade'","unicode":"אֹבֵד","translit":"ʼôbêd","definition":"active of participle of {{h6}}; (concrete) wretched or (abstract) destruction; perish.","strongs_number":"h8"},"h9":{"pronunciation":"ab-ay-daw'","unicode":"אֲבֵדָה","translit":"ʼăbêdâh","definition":"from {{h6}}; Compare {{h10}}.; concrete, something lost; abstract, destruction, i.e. Hades; lost.","strongs_number":"h9"},"h10":{"pronunciation":"ab-ad-do'","unicode":"אֲבַדֹּה","translit":"ʼăbaddôh","definition":"the same as {{h9}}, miswritten for {{h11}}; a perishing; destruction.","strongs_number":"h10"},"h11":{"pronunciation":"ab-ad-done'","unicode":"אֲבַדּוֹן","translit":"ʼăbaddôwn","definition":"intensive from {{h6}}; abstract, a perishing; concrete, Hades; destruction.","strongs_number":"h11"},"h12":{"pronunciation":"ab-dawn'","unicode":"אַבְדָן","translit":"ʼabdân","definition":"from {{h6}}; a perishing; destruction.","strongs_number":"h12"},"h13":{"pronunciation":"ob-dawn'","unicode":"אׇבְדַן","translit":"ʼobdan","definition":"from {{h6}}; a perishing; destruction.","strongs_number":"h13"},"h14":{"pronunciation":"aw-baw'","unicode":"אָבָה","translit":"ʼâbâh","definition":"a primitive root; to breathe after, i.e. (figuratively) to be acquiescent; consent, rest content will, be willing.","strongs_number":"h14"},"h15":{"pronunciation":"aw-beh'","unicode":"אָבֶה","translit":"ʼâbeh","definition":"from {{h14}}; longing; desire.","strongs_number":"h15"},"h16":{"pronunciation":"ay-beh'","unicode":"אֵבֶה","translit":"ʼêbeh","definition":"from {{h14}} (in the sense of bending toward); the papyrus; swift.","strongs_number":"h16"},"h17":{"pronunciation":"ab-o'ee","unicode":"אֲבוֹי","translit":"ʼăbôwy","definition":"from {{h14}} (in the sense of desiring); want; sorrow.","strongs_number":"h17"},"h18":{"pronunciation":"ay-booce'","unicode":"אֵבוּס","translit":"ʼêbûwç","definition":"from {{h75}}; a manger or stall; crib.","strongs_number":"h18"},"h19":{"pronunciation":"ib-khaw'","unicode":"אִבְחָה","translit":"ʼibchâh","definition":"from an unused root (apparently meaning to turn); brandishing of a sword; point.","strongs_number":"h19"},"h20":{"pronunciation":"ab-at-tee'-akh","unicode":"אֲבַטִּיחַ","translit":"ʼăbaṭṭîyach","definition":"of uncertain derivation; a melon (only plural); melon.","strongs_number":"h20"},"h21":{"pronunciation":"ab-ee'","unicode":"אֲבִי","translit":"ʼĂbîy","definition":"from {{h1}}; fatherly; Abi, Hezekiah's mother; Abi.","strongs_number":"h21"},"h22":{"pronunciation":"ab-ee-ale'","unicode":"אֲבִיאֵל","translit":"ʼĂbîyʼêl","definition":"from {{h1}} and {{h410}}; father (i.e. possessor) of God; Abiel, the name of two Israelites; Abiel.","strongs_number":"h22"},"h23":{"pronunciation":"ab-ee-aw-sawf'","unicode":"אֲבִיאָסָף","translit":"ʼĂbîyʼâçâph","definition":"from {{h1}} and {{h622}}; father of gathering (i.e. gatherer); Abiasaph, an Israelite; Abiasaph.","strongs_number":"h23"},"h24":{"pronunciation":"aw-beeb'","unicode":"אָבִיב","translit":"ʼâbîyb","definition":"from an unused root (meaning to be tender); green, i.e. a young ear of grain; hence, the name of the month Abib or Nisan; Abib, ear, green ears of corn (not maize).","strongs_number":"h24"},"h25":{"pronunciation":"ab-ee' ghib-one'","unicode":"אֲבִי גִבְעוֹן","translit":"ʼĂbîy Gibʻôwn","definition":"from {{h1}} and {{h1391}}; father (i.e. founder) of Gibon; Abi-Gibon, perhaps an Israelite; father of Gibeon.","strongs_number":"h25"},"h26":{"pronunciation":"ab-ee-gah'-yil","unicode":"אֲבִיגַיִל","translit":"ʼĂbîygayil","definition":"or shorter אֲבִיגַל; from {{h1}} and {{h1524}}; father (i.e. source) of joy; Abigail or Abigal, the name of two Israelitesses; Abigal.","strongs_number":"h26"},"h27":{"pronunciation":"ab-ee-dawn'","unicode":"אֲבִידָן","translit":"ʼĂbîydân","definition":"from {{h1}} and {{h1777}}; father of judgment (i.e. judge); Abidan, an Israelite; Abidan.","strongs_number":"h27"},"h28":{"pronunciation":"ab-ee-daw'","unicode":"אֲבִידָע","translit":"ʼĂbîydâʻ","definition":"from {{h1}} and {{h3045}}; father of knowledge (i.e. knowing); Abida, a son of Abraham by Keturah; Abida, Abidah.","strongs_number":"h28"},"h29":{"pronunciation":"ab-ee-yaw'","unicode":"אֲבִיָּה","translit":"ʼĂbîyâh","definition":"or prolonged אֲבִיָּהוּ ; from {{h1}} and {{h3050}}; father (i.e. worshipper) of Jah; Abijah, the name of several Israelite men and two Israelitesses; Abiah, Abijah.","strongs_number":"h29"},"h30":{"pronunciation":"ab-ee-hoo'","unicode":"אֲבִיהוּא","translit":"ʼĂbîyhûwʼ","definition":"from {{h1}} and {{h1931}}; father (i.e. worshipper) of Him (i.e. God); Abihu, a son of Aaron; Abihu.","strongs_number":"h30"},"h31":{"pronunciation":"ab-ee-hood'","unicode":"אֲבִיהוּד","translit":"ʼĂbîyhûwd","definition":"from {{h1}} and {{h1935}}; father (i.e. possessor) of renown; Abihud, the name of two Israelites; Abihud.","strongs_number":"h31"},"h32":{"pronunciation":"ab-ee-hah'-yil","unicode":"אֲבִיהַיִל","translit":"ʼĂbîyhayil","definition":"or (more correctly) אֲבִיחַיִל ; from {{h1}} and {{h2428}}; father (i.e. possessor) of might; Abihail or Abichail, the name of three Israelites and two Israelitesses; Abihail.","strongs_number":"h32"},"h33":{"pronunciation":"ab-ee'-haw-ez-ree'","unicode":"אֲבִי הָעֶזְרִי","translit":"ʼĂbîy hâ-ʻEzrîy","definition":"from {{h44}} with the article inserted; father of the Ezrite; an Abiezrite or descendant of Abiezer; Abiezrite.","strongs_number":"h33"},"h34":{"pronunciation":"eb-yone'","unicode":"אֶבְיוֹן","translit":"ʼebyôwn","definition":"from {{h14}}, in the sense of want (especially in feeling); destitute; beggar, needy, poor (man).","strongs_number":"h34"},"h35":{"pronunciation":"ab-ee-yo-naw'","unicode":"אֲבִיּוֹנָה","translit":"ʼăbîyôwnâh","definition":"from {{h14}}; provocative of desire; the caper berry (from its stimulative taste); desire.","strongs_number":"h35"},"h36":{"pronunciation":"ab-ee-toob'","unicode":"אֲבִיטוּב","translit":"ʼĂbîyṭûwb","definition":"from {{h1}} and {{h2898}}; father of goodness (i.e. good); Abitub, an Israelite; Abitub.","strongs_number":"h36"},"h37":{"pronunciation":"ab-ee-tal'","unicode":"אֲבִיטָל","translit":"ʼĂbîyṭâl","definition":"from {{h1}} and {{h2919}}; father of dew (i.e. fresh); Abital, a wife of King David; Abital.","strongs_number":"h37"},"h38":{"pronunciation":"ab-ee-yawm'","unicode":"אֲבִיָּם","translit":"ʼĂbîyâm","definition":"from {{h1}} and {{h3220}}; father of (the) sea (i.e. seaman); Abijam (or Abijah), a king of Judah; Abijam.","strongs_number":"h38"},"h39":{"pronunciation":"ab-ee-maw-ale'","unicode":"אֲבִימָאֵל","translit":"ʼĂbîymâʼêl","definition":"from {{h1}} and an elsewhere unused (probably foreign) word; father of Mael (apparently some Arab tribe); Abimael, a son of Joktan; Abimael.","strongs_number":"h39"},"h40":{"pronunciation":"ab-ee-mel'-ek","unicode":"אֲבִימֶלֶךְ","translit":"ʼĂbîymelek","definition":"from {{h1}} and {{h4428}}; father of (the) king; Abimelek, the name of two Philistine kings and of two Israelites; Abimelech.","strongs_number":"h40"},"h41":{"pronunciation":"ab-ee-naw-dawb'","unicode":"אֲבִינָדָב","translit":"ʼĂbîynâdâb","definition":"from {{h1}} and {{h5068}}; father of generosity (i.e. liberal); Abinadab, the name of four Israelites; Abinadab.","strongs_number":"h41"},"h42":{"pronunciation":"ab-ee-no'-am","unicode":"אֲבִינֹעַם","translit":"ʼĂbîynôʻam","definition":"from {{h1}} and {{h5278}}; father of pleasantness (i.e. gracious); Abinoam, an Israelite; Abinoam.","strongs_number":"h42"},"h43":{"pronunciation":"eb-yaw-sawf'","unicode":"אֶבְיָסָף","translit":"ʼEbyâçâph","definition":"contracted from {{h23}}; Ebjasaph, an Israelite; Ebiasaph.","strongs_number":"h43"},"h44":{"pronunciation":"ab-ee-ay'-zer","unicode":"אֲבִיעֶזֶר","translit":"ʼĂbîyʻezer","definition":"from {{h1}} and {{h5829}}; father of help (i.e. helpful); Abiezer, the name of two Israelites; Abiezer.","strongs_number":"h44"},"h45":{"pronunciation":"ab-ee-al-bone'","unicode":"אֲבִי־עַלְבוֹן","translit":"ʼĂbîy-ʻalbôwn","definition":"from {{h1}} and an unused root of uncertain derivation; probably, father of strength (i.e. valiant); Abialbon, an Israelite; Abialbon.","strongs_number":"h45"},"h46":{"pronunciation":"aw-beer'","unicode":"אָבִיר","translit":"ʼâbîyr","definition":"from {{h82}}; mighty (spoken of God); mighty (one).","strongs_number":"h46"},"h47":{"pronunciation":"ab-beer'","unicode":"אַבִּיר","translit":"ʼabbîyr","definition":"for {{h46}}; angel, bull, chiefest, mighty (one), stout(-hearted), strong (one), valiant.","strongs_number":"h47"},"h48":{"pronunciation":"ab-ee-rawm'","unicode":"אֲבִירָם","translit":"ʼĂbîyrâm","definition":"from {{h1}} and {{h7311}}; father of height (i.e. lofty); Abiram, the name of two Israelites; Abiram.","strongs_number":"h48"},"h49":{"pronunciation":"ab-ee-shag'","unicode":"אֲבִישַׁג","translit":"ʼĂbîyshag","definition":"from {{h1}} and {{h7686}}; father of error (i.e. blundering); Abishag, a concubine of David; Abishag.","strongs_number":"h49"},"h50":{"pronunciation":"ab-ee-shoo'-ah","unicode":"אֲבִישׁוּעַ","translit":"ʼĂbîyshûwaʻ","definition":"from {{h1}} and {{h7771}}; father of plenty (i.e. prosperous); Abishua, the name of two Israelites; Abishua.","strongs_number":"h50"},"h51":{"pronunciation":"ab-ee-shoor'","unicode":"אֲבִישׁוּר","translit":"ʼĂbîyshûwr","definition":"from {{h1}} and {{h7791}}; father of (the) wall (i.e. perhaps mason); Abishur, an Israelite; Abishur.","strongs_number":"h51"},"h52":{"pronunciation":"ab-ee-shah'ee","unicode":"אֲבִישַׁי","translit":"ʼĂbîyshay","definition":"or (shorter) אַבְשַׁי ; from {{h1}} and {{h7862}}; father of a gift (i.e. probably generous); Abishai, an Israelite; Abishai.","strongs_number":"h52"},"h53":{"pronunciation":"ab-ee-shaw-lome'","unicode":"אֲבִישָׁלוֹם","translit":"ʼĂbîyshâlôwm","definition":"or (shortened) אַבְשָׁלוֹם ; from {{h1}} and {{h7965}}; father of peace (i.e. friendly); Abshalom, a son of David; also (the fuller form) a later Israelite; Abishalom, Absalom.","strongs_number":"h53"},"h54":{"pronunciation":"ab-yaw-thawr'","unicode":"אֶבְיָתָר","translit":"ʼEbyâthâr","definition":"contracted from {{h1}} and {{h3498}}; father of abundance (i.e. liberal); Ebjathar, an Israelite; Abiathar.","strongs_number":"h54"},"h55":{"pronunciation":"aw-bak'","unicode":"אָבַךְ","translit":"ʼâbak","definition":"a primitive root; probably to coil upward; mount up.","strongs_number":"h55"},"h56":{"pronunciation":"aw-bal'","unicode":"אָבַל","translit":"ʼâbal","definition":"a primitive root; to bewail; lament, mourn.","strongs_number":"h56"},"h57":{"pronunciation":"aw-bale'","unicode":"אָבֵל","translit":"ʼâbêl","definition":"from {{h56}}; lamenting; mourn(-er, -ing).","strongs_number":"h57"},"h58":{"pronunciation":"aw-bale'","unicode":"אָבֵל","translit":"ʼâbêl","definition":"from an unused root (meaning to be grassy); a meadow; plain. Compare also the proper names beginning with Abel-.","strongs_number":"h58"},"h59":{"pronunciation":"aw-bale'","unicode":"אָבֵל","translit":"ʼÂbêl","definition":"from {{h58}}; a meadow; Abel, the name of two places in Palestine.; Abel.","strongs_number":"h59"},"h60":{"pronunciation":"ay'-bel","unicode":"אֵבֶל","translit":"ʼêbel","definition":"from {{h56}}; lamentation; mourning.","strongs_number":"h60"},"h61":{"pronunciation":"ab-awl'","unicode":"אֲבָל","translit":"ʼăbâl","definition":"apparently from {{h56}} through the idea of negation; nay, i.e. truly or yet; but, indeed, nevertheless, verily.","strongs_number":"h61"},"h62":{"pronunciation":"aw-bale' bayth ma-akaw'","unicode":"אָבֵל בֵּית־מֲעַכָה","translit":"ʼÂbêl Bêyth-Măʻakâh","definition":"from {{h58}} and {{h1004}} and {{h4601}}; meadow of Beth-Maakah; Abel of Beth-maakah, a place in Palestine; Abel-beth-maachah, Abel of Beth-maachah,","strongs_number":"h62"},"h63":{"pronunciation":"aw-bale' hash-shit-teem'","unicode":"אָבֵל הַשִּׁטִּים","translit":"ʼÂbêl hash-Shiṭṭîym","definition":"from {{h58}} and the plural of {{h7848}}, with the article inserted; meadow of the acacias; Abel hash-Shittim, a place in Palestine; Abelshittim.","strongs_number":"h63"},"h64":{"pronunciation":"aw-bale' ker-aw-meem'","unicode":"אָבֵל כְּרָמִים","translit":"ʼÂbêl Kᵉrâmîym","definition":"from {{h58}} and the plural of {{h3754}}; meadow of vineyards; Abel-Keramim, a place in Palestine; plain of the vineyards.","strongs_number":"h64"},"h65":{"pronunciation":"aw-bale' mekh-o-law'","unicode":"אָבֵל מְחוֹלָה","translit":"ʼÂbêl Mᵉchôwlâh","definition":"from {{h58}} and {{h4246}}; meadow of dancing; Abel-Mecholah, a place in Palestine; Abel-meholah.","strongs_number":"h65"},"h66":{"pronunciation":"aw-bale' mah'-yim","unicode":"אַבֵל מַיִם","translit":"ʼAbêl Mayim","definition":"from {{h58}} and {{h4325}}; meadow of water; Abel-Majim, a place in Palestine; Abel-maim.","strongs_number":"h66"},"h67":{"pronunciation":"aw-bale' mits-rah'-yim","unicode":"אָבֵל מִצְרַיִם","translit":"ʼÂbêl Mitsrayim","definition":"from {{h58}} and {{h4714}}; meadow of Egypt; Abel-Mitsrajim, a place in Palestine; Abel-mizraim.","strongs_number":"h67"},"h68":{"pronunciation":"eh'-ben","unicode":"אֶבֶן","translit":"ʼeben","definition":"from the root of {{h1129}} through the meaning to build; a stone; carbuncle,   mason,   plummet, (chalk-, hail-, head-, sling-) stone(-ny), (divers) weight(-s).","strongs_number":"h68"},"h69":{"pronunciation":"eh'-ben","unicode":"אֶבֶן","translit":"ʼeben","definition":"(Aramaic) corresponding to {{h68}}; stone.","strongs_number":"h69"},"h70":{"pronunciation":"o' ben","unicode":"אֹבֶן","translit":"ʼôben","definition":"from the same as {{h68}}; a pair of stones (only dual); a potter's wheel or a midwife's stool (consisting alike of two horizontal disks with a support between); wheel, stool.","strongs_number":"h70"},"h71":{"pronunciation":"ab-aw-naw'","unicode":"אֲבָנָה","translit":"ʼĂbânâh","definition":"perhaps feminine of {{h68}}; stony;\tCompare {{h549}}.; Abanah, a river near Damascus; Abana.","strongs_number":"h71"},"h72":{"pronunciation":"eh'-ben haw-e'-zer","unicode":"אֶבֶן הָעֵזֶר","translit":"ʼEben hâ-ʻÊzer","definition":"from {{h68}} and {{h5828}} with the article inserted; stone of the help; Eben-ha-Ezer, a place in Palestine; Ebenezer.","strongs_number":"h72"},"h73":{"pronunciation":"ab-nate'","unicode":"אַבְנֵט","translit":"ʼabnêṭ","definition":"of uncertain derivation; a belt; girdle.","strongs_number":"h73"},"h74":{"pronunciation":"ab-nare'","unicode":"אַבְנֵר","translit":"ʼAbnêr","definition":"or (fully) אֲבִינֵר ; from {{h1}} and {{h5216}}; father of light (i.e. enlightening); Abner, an Israelite; Abner.","strongs_number":"h74"},"h75":{"pronunciation":"aw-bas'","unicode":"אָבַס","translit":"ʼâbaç","definition":"a primitive root; to fodder; fatted, stalled.","strongs_number":"h75"},"h76":{"pronunciation":"ab-ah-boo-aw'","unicode":"אֲבַעְבֻּעָה","translit":"ʼăbaʻbuʻâh","definition":"(by reduplication) from an unused root (meaning to belch forth); an inflammatory pustule (as eruption); blains.","strongs_number":"h76"},"h77":{"pronunciation":"eh'-bets","unicode":"אֶבֶץ","translit":"ʼEbets","definition":"from an unused root probably meaning to gleam; conspicuous; Ebets, a place in Palestine; Abez.","strongs_number":"h77"},"h78":{"pronunciation":"ib-tsawn'","unicode":"אִבְצָן","translit":"ʼIbtsân","definition":"from the same as {{h76}}; splendid; Ibtsan, an Israelite; Ibzan.","strongs_number":"h78"},"h79":{"pronunciation":"aw-bak'","unicode":"אָבַק","translit":"ʼâbaq","definition":"a primitive root, probably to float away (as vapor), but used only as denominative from {{h80}}; to bedust, i.e. grapple; wrestle.","strongs_number":"h79"},"h80":{"pronunciation":"aw-bawk'","unicode":"אָבָק","translit":"ʼâbâq","definition":"from root of {{h79}}; light particles (as volatile); (small) dust, powder.","strongs_number":"h80"},"h81":{"pronunciation":"ab-aw-kaw'","unicode":"אֲבָקָה","translit":"ʼăbâqâh","definition":"feminine of {{h80}}; powder.","strongs_number":"h81"},"h82":{"pronunciation":"aw-bar'","unicode":"אָבַר","translit":"ʼâbar","definition":"a primitive root; to soar; fly.","strongs_number":"h82"},"h83":{"pronunciation":"ay-ber'","unicode":"אֵבֶר","translit":"ʼêber","definition":"from {{h82}}; a pinion; (long-) wing(-ed).","strongs_number":"h83"},"h84":{"pronunciation":"eb-raw'","unicode":"אֶבְרָה","translit":"ʼebrâh","definition":"feminine of {{h83}}; feather, wing.","strongs_number":"h84"},"h85":{"pronunciation":"ab-raw-hawm'","unicode":"אַבְרָהָם","translit":"ʼAbrâhâm","definition":"contracted from {{h1}} and an unused root (probably meaning to be populous); father of a multitude; Abraham, the later name of Abram; Abraham.","strongs_number":"h85"},"h86":{"pronunciation":"ab-rake'","unicode":"אַבְרֵךְ","translit":"ʼabrêk","definition":"probably an Egyptian word meaning; kneel; bow the knee.","strongs_number":"h86"},"h87":{"pronunciation":"ab-rawm'","unicode":"אַבְרָם","translit":"ʼAbrâm","definition":"contracted from {{h48}}; high father; Abram, the original name of Abraham; Abram.","strongs_number":"h87"},"h88":{"pronunciation":"o-both'","unicode":"אֹבֹת","translit":"ʼôbôth","definition":"plural of {{h178}}; water-skins; Oboth, a place in the Desert; Oboth.","strongs_number":"h88"},"h89":{"pronunciation":"aw-gay'","unicode":"אָגֵא","translit":"ʼÂgêʼ","definition":"of uncertain derivation (compare {{h90}}); Age, an Israelite; Agee.","strongs_number":"h89"},"h90":{"pronunciation":"ag-ag'","unicode":"אֲגַג","translit":"ʼĂgag","definition":"or אֲגָג; of uncertain derivation (compare {{h89}}); flame; Agag, a title of Amalekitish kings; Agag.","strongs_number":"h90"},"h91":{"pronunciation":"ag-aw-ghee'","unicode":"אֲגָגִי","translit":"ʼĂgâgîy","definition":"patrial or patronymic from {{h90}}; an Agagite or descendent (subject) of Agag; Agagite.","strongs_number":"h91"},"h92":{"pronunciation":"ag-ood-daw'","unicode":"אֲגֻדָּה","translit":"ʼăguddâh","definition":"feminine passive participle of an unused root (meaning to bind); a band, bundle, knot, or arch; bunch, burden, troop.","strongs_number":"h92"},"h93":{"pronunciation":"eg-oze'","unicode":"אֱגוֹז","translit":"ʼĕgôwz","definition":"prob of Persian origin; a nut; nut.","strongs_number":"h93"},"h94":{"pronunciation":"aw-goor'","unicode":"אָגוּר","translit":"ʼÂgûwr","definition":"passive participle of {{h103}}; gathered (i.e. received among the sages); Agur, a fanciful name for Solomon; Agur.","strongs_number":"h94"},"h95":{"pronunciation":"ag-o-raw'","unicode":"אֲגוֹרָה","translit":"ʼăgôwrâh","definition":"from the same as {{h94}}; properly, something gathered, i.e. perhaps a grain or berry; used only of a small (silver) coin; piece (of) silver.","strongs_number":"h95"},"h96":{"pronunciation":"eh'-ghel","unicode":"אֶגֶל","translit":"ʼegel","definition":"from an unused root (meaning to flow down or together as drops); a reservoir; drop.","strongs_number":"h96"},"h97":{"pronunciation":"eg-lah'-yim","unicode":"אֶגְלַיִם","translit":"ʼEglayim","definition":"dual of {{h96}}.; a double pond; Eglajim, a place in Moab; Eglaim.","strongs_number":"h97"},"h98":{"pronunciation":"ag-am'","unicode":"אֲגַם","translit":"ʼăgam","definition":"from an unused root (meaning to collect as water); a marsh; hence a rush (as growing in swamps); hence a stockade of reeds; pond, pool, standing (water).","strongs_number":"h98"},"h99":{"pronunciation":"aw-game'","unicode":"אָגֵם","translit":"ʼâgêm","definition":"probably from the same as {{h98}} (in the sense of stagnant water); figuratively, sad; pond.","strongs_number":"h99"},"h100":{"pronunciation":"ag-mone'","unicode":"אַגְמוֹן","translit":"ʼagmôwn","definition":"from the same as {{h98}}; a marshy pool (others from a different root, a kettle); by implication; a rush (as growing there); collectively a rope of rushes; bulrush, caldron, hook, rush.","strongs_number":"h100"}}