{"h1001":{"pronunciation":"bee-raw'","unicode":"בִּירָא","translit":"bîyrâʼ","definition":"(Aramaic) corresponding to {{h1002}}; a palace; palace.","strongs_number":"h1001"},"h1002":{"pronunciation":"bee-raw'","unicode":"בִּירָה","translit":"bîyrâh","definition":"of foreign origin; a castle or palace; palace.","strongs_number":"h1002"},"h1003":{"pronunciation":"bee-raw-neeth'","unicode":"בִּירָנִית","translit":"bîyrânîyth","definition":"from {{h1002}}; a fortress; castle.","strongs_number":"h1003"},"h1004":{"pronunciation":"bah'-yith","unicode":"בַּיִת","translit":"bayith","definition":"probably from {{h1129}} abbreviated; a house (in the greatest variation of applications, especially family, etc.); court, daughter, door, + dungeon, family, + forth of, × great as would contain, hangings, home(born), (winter) house(-hold), inside(-ward), palace, place, + prison, + steward, + tablet, temple, web, + within(-out).","strongs_number":"h1004"},"h1005":{"pronunciation":"bah-yith","unicode":"בַּיִת","translit":"bayith","definition":"(Aramaic) corresponding to {{h1004}}; house.","strongs_number":"h1005"},"h1006":{"pronunciation":"bah'-yith","unicode":"בַּיִת","translit":"Bayith","definition":"the same as {{h1004}}; Bajith, a place in Palestine; Bajith.","strongs_number":"h1006"},"h1007":{"pronunciation":"bayth aw'-ven","unicode":"בֵּית אָוֶן","translit":"Bêyth ʼÂven","definition":"from {{h1004}} and {{h205}}; house of vanity; Beth-Aven, a place in Palestine; Beth-aven.","strongs_number":"h1007"},"h1008":{"pronunciation":"bayth-ale'","unicode":"בֵּית־אֵל","translit":"Bêyth-ʼÊl","definition":"from {{h1004}} and {{h410}}; house of God; Beth-El, a place in Palestine; Beth-el.","strongs_number":"h1008"},"h1009":{"pronunciation":"bayth ar-bale'","unicode":"בֵּית אַרְבֵּאל","translit":"Bêyth ʼArbêʼl","definition":"from {{h1004}} and {{h695}} and {{h410}}; house of God's ambush; Beth-Arbel, a place in Palestine; Beth-Arbel.","strongs_number":"h1009"},"h1010":{"pronunciation":"bayth bah'-al me-own'","unicode":"בֵּית בַּעַל מְעוֹן","translit":"Bêyth Baʻal Mᵉʻôwn","definition":"from {{h1004}} and {{h1168}} and {{h4583}}; house of Baal of (the) habitation of (apparently by transposition); or (shorter) בֵּית מְעוֹןlemma בֵּית מעוֹן missing vowel, corrected to בֵּית מְעוֹן; house of habitation of (Baal); Beth-Baal-Meon, a place in Palestine; Beth-baal-meon. Compare {{h1186}} and {{h1194}}.","strongs_number":"h1010"},"h1011":{"pronunciation":"bayth bir-ee'","unicode":"בֵּית בִּרְאִי","translit":"Bêyth Birʼîy","definition":"from {{h1004}} and {{h1254}}; house of a creative one; Beth-Biri, a place in Palestine; Bethbirei.","strongs_number":"h1011"},"h1012":{"pronunciation":"bayth baw-raw'","unicode":"בֵּית בָּרָה","translit":"Bêyth Bârâh","definition":"probably from {{h1004}} and {{h5679}}; house of (the) ford; Beth-Barah, a place in Palestine; Beth-barah.","strongs_number":"h1012"},"h1013":{"pronunciation":"bayth-gaw-dare'","unicode":"בֵּית־גָּדֵר","translit":"Bêyth-Gâdêr","definition":"from {{h1004}} and {{h1447}}; house of (the) wall; Beth-Gader, a place in Palestine; Beth-gader.","strongs_number":"h1013"},"h1014":{"pronunciation":"bayth gaw-mool'","unicode":"בֵּית גָּמוּל","translit":"Bêyth Gâmûwl","definition":"from {{h1004}} and the passive participle of {{h1576}}; house of (the) weaned; Beth-Gamul, a place East of the Jordan; Beth-gamul.","strongs_number":"h1014"},"h1015":{"pronunciation":"bayth dib-law-thah'-yim","unicode":"בֵּית דִּבְלָתַיִם","translit":"Bêyth Diblâthayim","definition":"from {{h1004}} and the dual of {{h1690}}; house of (the) two figcakes; Beth-Diblathajim, a place East of the Jordan; Beth-diblathaim.","strongs_number":"h1015"},"h1016":{"pronunciation":"bayth-daw-gohn'","unicode":"בֵּית־דָּגוֹן","translit":"Bêyth-Dâgôwn","definition":"from {{h1004}} and {{h1712}}; house of Dagon; Beth-Dagon, the name of two places in Palestine; Beth-dagon.","strongs_number":"h1016"},"h1017":{"pronunciation":"bayth haw-el-ee'","unicode":"בֵּית הָאֱלִי","translit":"Bêyth hâ-ʼĔlîy","definition":"patrial from {{h1008}} with the article interposed; a Beth-elite, or inhabitant of Bethel; Bethelite.","strongs_number":"h1017"},"h1018":{"pronunciation":"bayth haw-ay'-tsel","unicode":"בֵּית הָאֵצֶל","translit":"Bêyth hâʼêtsel","definition":"from {{h1004}} and {{h681}} with the article interposed; house of the side; Beth-ha-Etsel, a place in Palestine; Beth-ezel.","strongs_number":"h1018"},"h1019":{"pronunciation":"bayth hag-gil gawl'","unicode":"בֵּית הַגִּלְגָּל","translit":"Bêyth hag-Gilgâl","definition":"from {{h1004}} and {{h1537}} with the article interposed; house of Gilgal (or rolling); Beth-hag-Gilgal, a place in Palestine; Beth-gilgal.","strongs_number":"h1019"},"h1020":{"pronunciation":"bayth hah-yesh-eemoth'","unicode":"בֵּית הַיְשִׁימוֹת","translit":"Bêyth ha-Yshîy-môwth","definition":"from {{h1004}} and the plural of {{h3451}} with the article interposed; house of the deserts; Beth-ha-Jeshimoth, a town East of the Jordan; Beth-jeshimoth.","strongs_number":"h1020"},"h1021":{"pronunciation":"bayth hak-keh'-rem","unicode":"בֵּית הַכֶּרֶם","translit":"Bêyth hak-Kerem","definition":"from {{h1004}} and {{h3754}} with the article interposed; house of the vineyard; Beth-hak-Kerem, a place in Palestine; Beth-haccerem.","strongs_number":"h1021"},"h1022":{"pronunciation":"bayth hal-lakh-mee'","unicode":"בֵּית הַלַּחְמִי","translit":"Bêyth hal-Lachmîy","definition":"patrial from {{h1035}} with the article inserted; a Beth-lechemite, or native of Bethlechem; Bethlehemite.","strongs_number":"h1022"},"h1023":{"pronunciation":"bayth ham-mer-khawk'","unicode":"בֵּית הַמֶּרְחָק","translit":"Bêyth ham-Merchâq","definition":"from {{h1004}} and {{h4801}} with the article interposed; house of the breadth; Beth-ham-Merchak, a place in Palestine; place that was far off.","strongs_number":"h1023"},"h1024":{"pronunciation":"bayth ham-markaw-both'","unicode":"בֵּית הַמַּרְכָּבוֹת","translit":"Bêyth ham-Markâbôwth","definition":"or (shortened) בֵּית מַרְכָּבוֹת; from {{h1004}} and the plural of {{h4818}} (with or without the article interposed); place of (the) chariots; Beth-ham-Markaboth or Beth-Markaboth, a place in Palestine; Bethmarcaboth.","strongs_number":"h1024"},"h1025":{"pronunciation":"bayth haw-Ay'-mek","unicode":"בֵּית הָעֵמֶק","translit":"Bêyth hâ-ʻÊmeq","definition":"from {{h1004}} and {{h6010}} with the article interposed; house of the valley; Beth-ha-Emek, a place in Palestine; Beth-emek.","strongs_number":"h1025"},"h1026":{"pronunciation":"bayth haw-ar-aw-baw","unicode":"בֵּית הָעֲרָבָה","translit":"Bêyth hâ-ʻĂrâbâh","definition":"from {{h1004}} and {{h6160}} with the article interposed; house of the Desert; Beth-ha-Arabah, a place in Palestine; Beth-arabah.","strongs_number":"h1026"},"h1027":{"pronunciation":"bayth haw-rawm'","unicode":"בֵּית הָרָם","translit":"Bêyth hâ-Râm","definition":"from {{h1004}} and {{h7311}} with the article interposed; house of the height; Beth-ha-Ram, a place East of the Jordan; Beth-aram.","strongs_number":"h1027"},"h1028":{"pronunciation":"bayth haw-rawn'","unicode":"בֵּית הָרָן","translit":"Bêyth hâ-Rân","definition":"probably for {{h1027}}; Beth-ha-Ran, a place East of the Jordan; Beth-haran.","strongs_number":"h1028"},"h1029":{"pronunciation":"bayth hash-shit-taw'","unicode":"בֵּית הַשִּׁטָּה","translit":"Bêyth hash-Shiṭṭâh","definition":"from {{h1004}} and {{h7848}} with the article interposed; house of the acacia; Beth-hash-Shittah, a place in Palestine; Beth-shittah.","strongs_number":"h1029"},"h1030":{"pronunciation":"bayth hash-shim-shee'","unicode":"בֵּית הַשִּׁמְשִׁי","translit":"Bêyth hash-Shimshîy","definition":"patrial from {{h1053}} with the article inserted; a Beth-shimshite, or inhabitant of Bethshemesh; Bethshemite.","strongs_number":"h1030"},"h1031":{"pronunciation":"bayth chog-law'","unicode":"בֵּית חׇגְלָה","translit":"Bêyth Choglâh","definition":"from {{h1004}} and the same as {{h2295}}; house of a partridge; Beth-Choglah, a place in Palestine; Beth-hoglah.","strongs_number":"h1031"},"h1032":{"pronunciation":"bayth kho-rone'","unicode":"בֵּית חוֹרוֹן","translit":"Bêyth Chôwrôwn","definition":"from {{h1004}} and {{h2356}}; house of hollowness; Beth-Choron, the name of two adjoining places in Palestine; Beth-horon.","strongs_number":"h1032"},"h1033":{"pronunciation":"bayth kar","unicode":"בֵּית כַּר","translit":"Bêyth Kar","definition":"from {{h1004}} and {{h3733}}; house of pasture; Beth-Car, a place in Palestine; Beth-car.","strongs_number":"h1033"},"h1034":{"pronunciation":"bayth leb-aw-oth'","unicode":"בֵּית לְבָאוֹת","translit":"Bêyth Lᵉbâʼôwth","definition":"from {{h1004}} and the plural of {{h3833}}; house of lionesses; Beth-Lebaoth, a place in Palestine; Beth-lebaoth. Compare {{h3822}}.","strongs_number":"h1034"},"h1035":{"pronunciation":"bayth leh'-khem","unicode":"בֵּית לֶחֶם","translit":"Bêyth Lechem","definition":"from {{h1004}} and {{h3899}}; house of bread; Beth-Lechem, a place in Palestine; Bethlehem.","strongs_number":"h1035"},"h1036":{"pronunciation":"bayth le-af-raw'","unicode":"בֵּית לְעַפְרָה","translit":"Bêyth lᵉ-ʻAphrâh","definition":"from {{h1004}} and the feminine of {{h6083}} (with preposition interposed); house to (i.e. of) dust; Beth-le-Aphrah, a place in Palestine; house of Aphrah.","strongs_number":"h1036"},"h1037":{"pronunciation":"bayth mil-lo'","unicode":"בֵּית מִלּוֹא","translit":"Bêyth Millôwʼ","definition":"or בֵּית מִלֹּא; from {{h1004}} and {{h4407}}; house of (the) rampart; Beth-Millo, the name of two citadels; house of Millo.","strongs_number":"h1037"},"h1038":{"pronunciation":"bayth mah-ak-aw'","unicode":"בֵּית מַעֲכָה","translit":"Bêyth Maʻăkâh","definition":"from {{h1004}} and {{h4601}}; house of Maakah; Beth-Maakah, a place in Palestine; Beth-maachah.","strongs_number":"h1038"},"h1039":{"pronunciation":"bayth nim-raw'","unicode":"בֵּית נִמְרָה","translit":"Bêyth Nimrâh","definition":"from {{h1004}} and the feminine of {{h5246}}; house of (the) leopard; Beth-Nimrah, a place east of the Jordan; Beth-Nimrah. Compare {{h5247}}.","strongs_number":"h1039"},"h1040":{"pronunciation":"bayth ay'-den","unicode":"בֵּית עֵדֶן","translit":"Bêyth ʻÊden","definition":"from {{h1004}} and {{h5730}}; house of pleasure; Beth-Eden, a place in Syria; Beth-eden.","strongs_number":"h1040"},"h1041":{"pronunciation":"bayth az-maw'-veth","unicode":"בֵּית עַזְמָוֶת","translit":"Bêyth ʻAzmâveth","definition":"from {{h1004}} and {{h5820}}; house of Azmaveth, a place in Palestine; Bethaz-maveth. Compare {{h5820}}.","strongs_number":"h1041"},"h1042":{"pronunciation":"bayth an-oth'","unicode":"בֵּית עֲנוֹת","translit":"Bêyth ʻĂnôwth","definition":"from {{h1004}} and a plural from {{h6030}}; house of replies; Beth-Anoth, a place in Palestine; Beth-anoth.","strongs_number":"h1042"},"h1043":{"pronunciation":"bayth an-awth'","unicode":"בֵּית עֲנָת","translit":"Bêyth ʻĂnâth","definition":"an orthographical variation for {{h1042}}; Beth-Anath, a place in Palestine; Beth-anath.","strongs_number":"h1043"},"h1044":{"pronunciation":"bayth ay'-ked","unicode":"בֵּית עֵקֶד","translit":"Bêyth ʻÊqed","definition":"from {{h1004}} and a derivative of {{h6123}}; house of (the) binding (for sheep-shearing); Beth-Eked, a place in Palestine; shearing house.","strongs_number":"h1044"},"h1045":{"pronunciation":"bayth ash-taw-roth'","unicode":"בֵּית עַשְׁתָּרוֹת","translit":"Bêyth ʻAshtârôwth","definition":"; from {{h1004}} and {{h6252}}; house of Ashtoreths; Beth-Ashtaroth, a place in Palestine; house of Ashtaroth. Compare {{h1203}}, {{h6252}}.","strongs_number":"h1045"},"h1046":{"pronunciation":"bayth peh'-let","unicode":"בֵּית פֶּלֶט","translit":"Bêyth Peleṭ","definition":"from {{h1004}} and {{h6412}}; house of escape; Beth-Palet, a place in Palestine; Beth-palet.","strongs_number":"h1046"},"h1047":{"pronunciation":"bayth pe-ore'","unicode":"בֵּית פְּעוֹר","translit":"Bêyth Pᵉʻôwr","definition":"from {{h1004}} and {{h6465}}; house of Peor; Beth-Peor, a place East of the Jordan; Bethpeor.","strongs_number":"h1047"},"h1048":{"pronunciation":"bayth pats-tsates'","unicode":"בֵּית פַּצֵּץ","translit":"Bêyth Patstsêts","definition":"from {{h1004}} and a derivative from {{h6327}}; house of dispersion; Beth-Patstsets, a place in Palestine; Beth-pazzez.","strongs_number":"h1048"},"h1049":{"pronunciation":"bayth tsoor'","unicode":"בֵּית צוּר","translit":"Bêyth Tsûwr","definition":"from {{h1004}} and {{h6697}}; house of (the) rock; Beth-Tsur, a place in Palestine; Beth-zur.","strongs_number":"h1049"},"h1050":{"pronunciation":"bayth re-khobe'","unicode":"בֵּית רְחוֹב","translit":"Bêyth Rᵉchôwb","definition":"from {{h1004}} and {{h7339}}; house of (the) street; Beth-Rechob, a place in Palestine; Beth-rehob.","strongs_number":"h1050"},"h1051":{"pronunciation":"bayth raw-faw'","unicode":"בֵּית רָפָא","translit":"Bêyth Râphâʼ","definition":"from {{h1004}} and {{h7497}}; house of (the) giant; Beth-Rapha, an Israelite; Beth-rapha.","strongs_number":"h1051"},"h1052":{"pronunciation":"bayth she-awn'","unicode":"בֵּית שְׁאָן","translit":"Bêyth Shᵉʼân","definition":"or בֵּית שָׁן; from {{h1004}} and {{h7599}}; house of ease; Beth-Shean or Beth-Shan, a place in Palestine; Beth-shean, Beth-Shan.","strongs_number":"h1052"},"h1053":{"pronunciation":"bayth sheh'-mesh","unicode":"בֵּית שֶׁמֶשׁ","translit":"Bêyth Shemesh","definition":"from {{h1004}} and {{h8121}}; house of (the) sun; Beth-Shemesh, a place in Palestine; Beth-shemesh.","strongs_number":"h1053"},"h1054":{"pronunciation":"bayth tap-poo'-akh","unicode":"בֵּית תַּפּוּחַ","translit":"Bêyth Tappûwach","definition":"from {{h1004}} and {{h8598}}; house of (the) apple; Beth-Tappuach, a place in Palestine; Beth-tappuah.","strongs_number":"h1054"},"h1055":{"pronunciation":"bee-thawn'","unicode":"בִּיתָן","translit":"bîythân","definition":"probably from {{h1004}}; a palace (i.e. large house); palace.","strongs_number":"h1055"},"h1056":{"pronunciation":"baw-kaw'","unicode":"בָּכָא","translit":"Bâkâʼ","definition":"from {{h1058}}, weeping; Baca, a valley in Palestine; Baca.","strongs_number":"h1056"},"h1057":{"pronunciation":"baw-kaw'","unicode":"בָּכָא","translit":"bâkâʼ","definition":"the same as {{h1056}}; the weeping tree (some gum-distilling tree, perhaps the balsam); mulberry tree.","strongs_number":"h1057"},"h1058":{"pronunciation":"baw-kaw'","unicode":"בָּכָה","translit":"bâkâh","definition":"a primitive root; to weep; generally to bemoan; × at all, bewail, complain, make lamentation, × more, mourn, × sore, × with tears, weep.","strongs_number":"h1058"},"h1059":{"pronunciation":"beh'-keh","unicode":"בֶּכֶה","translit":"bekeh","definition":"from {{h1058}}; a weeping; × sore.","strongs_number":"h1059"},"h1060":{"pronunciation":"bek-ore'","unicode":"בְּכוֹר","translit":"bᵉkôwr","definition":"from {{h1069}}; first-born; hence, chief; eldest (son), firstborn(-ling).","strongs_number":"h1060"},"h1061":{"pronunciation":"bik-koor'","unicode":"בִּכּוּר","translit":"bikkûwr","definition":"from {{h1069}}; the first-fruits of the crop; first fruit (-ripe (figuratively)), hasty fruit.","strongs_number":"h1061"},"h1062":{"pronunciation":"bek-o-raw'","unicode":"בְּכוֹרָה","translit":"bᵉkôwrâh","definition":"or (short) בְּכֹרָה; feminine of {{h1060}}; the firstling of man or beast; abstractly primogeniture; birthright, firstborn(-ling).","strongs_number":"h1062"},"h1063":{"pronunciation":"bik-koo-raw'","unicode":"בִּכּוּרָה","translit":"bikkûwrâh","definition":"feminine of {{h1061}}; the early fig; firstripe (fruit).","strongs_number":"h1063"},"h1064":{"pronunciation":"bek-o-rath'","unicode":"בְּכוֹרַת","translit":"Bᵉkôwrath","definition":"feminine of {{h1062}}; primogeniture; Bekorath, an Israelite; Bechorath.","strongs_number":"h1064"},"h1065":{"pronunciation":"bek-ee'","unicode":"בְּכִי","translit":"Bᵉkîy","definition":"from {{h1058}}; a weeping; by analogy, a dripping; overflowing, × sore, (continual) weeping, wept.","strongs_number":"h1065"},"h1066":{"pronunciation":"bo-keem'","unicode":"בֹּכִים","translit":"Bôkîym","definition":"plural active participle of {{h1058}}; (with the article) the weepers; Bo-kim, a place in Palestine; Bochim.","strongs_number":"h1066"},"h1067":{"pronunciation":"bek-ee-raw'","unicode":"בְּכִירָה","translit":"bᵉkîyrâh","definition":"feminine from {{h1069}}; the eldest daughter; firstborn.","strongs_number":"h1067"},"h1068":{"pronunciation":"bek-eeth'","unicode":"בְּכִית","translit":"bᵉkîyth","definition":"from {{h1058}}; a weeping; mourning.","strongs_number":"h1068"},"h1069":{"pronunciation":"baw-kar'","unicode":"בָּכַר","translit":"bâkar","definition":"a primitive root; properly, to burst the womb, i.e. (causatively) bear or make early fruit (of woman or tree); also (as denominative from {{h1061}}); to give the birthright; make firstborn, be firstling, bring forth first child (new fruit).","strongs_number":"h1069"},"h1070":{"pronunciation":"beh'-ker","unicode":"בֶּכֶר","translit":"beker","definition":"from {{h1069}} (in the sense of youth); a young camel; dromedary.","strongs_number":"h1070"},"h1071":{"pronunciation":"beh'-ker","unicode":"בֶכֶר","translit":"Beker","definition":"the same as {{h1070}}; Beker, the name of two Israelites; Becher.","strongs_number":"h1071"},"h1072":{"pronunciation":"bik-raw'","unicode":"בִּכְרָה","translit":"bikrâh","definition":"feminine of {{h1070}}; a young she-camel; dromedary.","strongs_number":"h1072"},"h1073":{"pronunciation":"bak-koo-raw'","unicode":"בַּכֻּרָה","translit":"bakkurâh","definition":"by orthographical variation for {{h1063}}; a first-ripe fig; first-ripe.","strongs_number":"h1073"},"h1074":{"pronunciation":"bo-ker-oo'","unicode":"בֹּכְרוּ","translit":"Bôkᵉrûw","definition":"from {{h1069}}; first-born; Bokeru, an Israelite; Bocheru.","strongs_number":"h1074"},"h1075":{"pronunciation":"bik-ree'","unicode":"בִּכְרִי","translit":"Bikrîy","definition":"from {{h1069}}; youth-ful; Bikri, an Israelite; Bichri.","strongs_number":"h1075"},"h1076":{"pronunciation":"bak-ree'","unicode":"בַּכְרִי","translit":"Bakrîy","definition":"patronymically from {{h1071}}; a Bakrite (collectively) or descendants of Beker; Bachrites.","strongs_number":"h1076"},"h1077":{"pronunciation":"bal","unicode":"בַּל","translit":"bal","definition":"from {{h1086}}; properly, a failure; by implication nothing; usually (adverb) not at all; also lest; lest, neither, no, none (that...), not (any), nothing.","strongs_number":"h1077"},"h1078":{"pronunciation":"bale","unicode":"בֵּל","translit":"Bêl","definition":"by contraction for {{h1168}}; Bel, the Baal of the Babylonians; Bel.","strongs_number":"h1078"},"h1079":{"pronunciation":"bawl","unicode":"בָּל","translit":"bâl","definition":"(Aramaic) from {{h1080}}; properly, anxiety, i.e. (by implication) the heart (as its seat); heart.","strongs_number":"h1079"},"h1080":{"pronunciation":"bel-aw'","unicode":"בְּלָא","translit":"bᵉlâʼ","definition":"(Aramaic) corresponding to {{h1086}} (but used only in a mental sense); to afflict; wear out.","strongs_number":"h1080"},"h1081":{"pronunciation":"bal-ad-awn'","unicode":"בַּלְאֲדָן","translit":"Balʼădân","definition":"from {{h1078}} and {{h113}} (contracted); Bel (is his) lord; Baladan, the name of a Babylonian prince; Baladan.","strongs_number":"h1081"},"h1082":{"pronunciation":"baw-lag'","unicode":"בָּלַג","translit":"bâlag","definition":"a primitive root; to break off or loose (in a favorable or unfavorable sense), i.e. desist (from grief) or invade (with destruction); comfort, (recover) strength(-en).","strongs_number":"h1082"},"h1083":{"pronunciation":"bil-gaw'","unicode":"בִּלְגַה","translit":"Bilgah","definition":"from {{h1082}}; desistance; Bilgah, the name of two Israelites; Bilgah.","strongs_number":"h1083"},"h1084":{"pronunciation":"bil-gah'ee","unicode":"בִּלְגַּי","translit":"Bilgay","definition":"from {{h1082}}; desistant; Bilgai, an Israelite; Bilgai.","strongs_number":"h1084"},"h1085":{"pronunciation":"bil-dad'","unicode":"בִּלְדַּד","translit":"Bildad","definition":"of uncertain derivation; Bildad, one of Job's friends; Bildad.","strongs_number":"h1085"},"h1086":{"pronunciation":"baw-law'","unicode":"בָּלָה","translit":"bâlâh","definition":"a primitive root; to fail; by implication to wear out, decay (causatively, consume, spend); consume, enjoy long, become (make, wax) old, spend, waste.","strongs_number":"h1086"},"h1087":{"pronunciation":"baw-leh'","unicode":"בָּלֶה","translit":"bâleh","definition":"from {{h1086}}; worn out; old.","strongs_number":"h1087"},"h1088":{"pronunciation":"baw-law'","unicode":"בָּלָה","translit":"Bâlâh","definition":"feminine of {{h1087}}; failure; Balah, a place in Palestine; Balah.","strongs_number":"h1088"},"h1089":{"pronunciation":"baw-lah'","unicode":"בָּלַהּ","translit":"bâlahh","definition":"a primitive root (rather by transposition for {{h926}}); to palpitate; hence, (causatively) to terrify; trouble.","strongs_number":"h1089"},"h1090":{"pronunciation":"bil-haw'","unicode":"בִּלְהָה","translit":"Bilhâh","definition":"from {{h1089}}; timid; Bilhah, the name of one of Jacob's concubines; also of a place in Palestine; Bilhah.","strongs_number":"h1090"},"h1091":{"pronunciation":"bal-law-haw'","unicode":"בַּלָּהָה","translit":"ballâhâh","definition":"from {{h1089}}; alarm; hence, destruction; terror, trouble.","strongs_number":"h1091"},"h1092":{"pronunciation":"bil-hawn'","unicode":"בִּלְהָן","translit":"Bilhân","definition":"from {{h1089}}; timid; Bilhan, the name of an Edomite and of an Israelite; Bilhan.","strongs_number":"h1092"},"h1093":{"pronunciation":"bel-o'","unicode":"בְּלוֹ","translit":"bᵉlôw","definition":"(Aramaic) from a root corresponding to {{h1086}}; excise (on articles consumed); tribute.","strongs_number":"h1093"},"h1094":{"pronunciation":"bel-o'","unicode":"בְּלוֹא","translit":"bᵉlôwʼ","definition":"or (fully) בְּלוֹי; from {{h1086}}; (only in plural construction) rags; old.","strongs_number":"h1094"},"h1095":{"pronunciation":"bale-tesh-ats-tsar'","unicode":"בֵּלְטְשַׁאצַּר","translit":"Bêlṭᵉshaʼtstsar","definition":"of foreign derivation; Belteshatstsar, the Babylonian name of Daniel; Belteshazzar.","strongs_number":"h1095"},"h1096":{"pronunciation":"bale-tesh-ats-tsar'","unicode":"בֵּלְטְשַׁאצַּר","translit":"Bêlṭᵉshaʼtstsar","definition":"(Aramaic) corresponding to {{h1095}}; Belteshazzar.","strongs_number":"h1096"},"h1097":{"pronunciation":"bel-ee'","unicode":"בְּלִי","translit":"bᵉlîy","definition":"from {{h1086}}; properly, failure, i.e. nothing or destruction; usually (with preposition) without, not yet, because not, as long as, etc.; corruption, ig(norantly), for lack of, where no...is, so that no, none, not, un(awares), without.","strongs_number":"h1097"},"h1098":{"pronunciation":"bel-eel'","unicode":"בְּלִיל","translit":"bᵉlîyl","definition":"from {{h1101}}; mixed, i.e. (specifically) feed (for cattle); corn, fodder, provender.","strongs_number":"h1098"},"h1099":{"pronunciation":"bel-ee-mah'","unicode":"בְּלִימָה","translit":"bᵉlîymâh","definition":"from {{h1097}} and {{h4100}}; (as indefinitely) nothing whatever; nothing.","strongs_number":"h1099"},"h1100":{"pronunciation":"bel-e-yah'-al","unicode":"בְּלִיַּעַל","translit":"bᵉlîyaʻal","definition":"from {{h1097}} and {{h3276}};(often in connection with {{h376}}, {{h802}}, {{h1121}}, etc.); without profit, worthlessness; by extension, destruction, wickedness; Belial, evil, naughty, ungodly (men), wicked.","strongs_number":"h1100"}}