{"h1101":{"pronunciation":"baw-lal'","unicode":"בָּלַל","translit":"bâlal","definition":"a primitive root; (also\tdenominatively from {{h1098}}) to fodder; to overflow (specifically with oil.); by implication, to mix; to fodder; anoint, confound, × fade, mingle, mix (self), give provender, temper.","strongs_number":"h1101"},"h1102":{"pronunciation":"baw-lam'","unicode":"בָּלַם","translit":"bâlam","definition":"a primitive root; to muzzle; be held in.","strongs_number":"h1102"},"h1103":{"pronunciation":"baw-las'","unicode":"בָּלַס","translit":"bâlaç","definition":"a primitive root; to pinch sycamore figs (a process necessary to ripen them); gatherer.","strongs_number":"h1103"},"h1104":{"pronunciation":"baw-lah'","unicode":"בָּלַע","translit":"bâlaʻ","definition":"a primitive root; to make away with (specifically by swallowing); generally, to destroy; cover, destroy, devour, eat up, be at end, spend up, swallow down (up).","strongs_number":"h1104"},"h1105":{"pronunciation":"beh'-lah","unicode":"בֶּלַע","translit":"belaʻ","definition":"from {{h1104}}; a gulp; figuratively, destruction; devouring, that which he hath swallowed up.","strongs_number":"h1105"},"h1106":{"pronunciation":"beh'-lah","unicode":"בֶּלַע","translit":"Belaʻ","definition":"the same as {{h1105}}; Bela, the name of a place, also of an Edomite and of two Israelites; Bela.","strongs_number":"h1106"},"h1107":{"pronunciation":"bil-ad-ay'","unicode":"בִּלְעֲדֵי","translit":"bilʻădêy","definition":"or בַּלְעֲדֵי; constructive plural from {{h1077}} and {{h5703}}, not till, i.e. (as preposition or adverb); except, without, besides; beside, not (in), save, without.","strongs_number":"h1107"},"h1108":{"pronunciation":"bel-ee'","unicode":"בַּלְעִי","translit":"Balʻîy","definition":"patronymically from {{h1106}}; a Belaite (collectively) or descendants of Bela; Belaites.","strongs_number":"h1108"},"h1109":{"pronunciation":"bil-awm'","unicode":"בִּלְעָם","translit":"Bilʻâm","definition":"probably from {{h1077}} and {{h5971}}; not (of the) people, i.e. foreigner; Bilam, a Mesopotamian prophet; also a place in Palestine; Balaam, Bileam.","strongs_number":"h1109"},"h1110":{"pronunciation":"baw-lak'","unicode":"בָּלַק","translit":"bâlaq","definition":"a primitive root; to annihilate; (make) waste.","strongs_number":"h1110"},"h1111":{"pronunciation":"baw-lawk'","unicode":"בָּלָק","translit":"Bâlâq","definition":"from {{h1110}}; waster; Balak, a Moabitish king; Balak.","strongs_number":"h1111"},"h1112":{"pronunciation":"bale-shats-tsar'","unicode":"בֵּלְשַׁאצַּר","translit":"Bêlshaʼtstsar","definition":"or בֵּלְאשַׁצַּרlemma בֵּלְאשַׁצּר missing vowel, corrected to בֵּלְאשַׁצַּר; of foreign origin (compare {{h1095}}); Belshatstsar, a Babylonian king; Belshazzar.","strongs_number":"h1112"},"h1113":{"pronunciation":"bale-shats-tsar'","unicode":"בֵּלְשַׁאצַּר","translit":"Bêlshaʼtstsar","definition":"(Aramaic) corresponding to {{h1112}}; Belshazzar.","strongs_number":"h1113"},"h1114":{"pronunciation":"bil-shawn'","unicode":"בִּלְשָׁן","translit":"Bilshân","definition":"of uncertain derivation; Bilshan, an Israelite; Bilshan.","strongs_number":"h1114"},"h1115":{"pronunciation":"bil-tee'","unicode":"בִּלְתִּי","translit":"biltîy","definition":"constructive feminine of {{h1086}} (equivalent to {{h1097}}); properly, a failure of, i.e. (used only as a negative particle, usually with a prepositional prefix) not, except, without, unless, besides, because not, until, etc.; because un(satiable), beside, but,   continual, except, from, lest, neither, no more, none, not, nothing, save, that no, without.","strongs_number":"h1115"},"h1116":{"pronunciation":"bam-maw'","unicode":"בָּמָה","translit":"bâmâh","definition":"from an unused root (meaning to be high); an elevation; height, high place, wave.","strongs_number":"h1116"},"h1117":{"pronunciation":"baw-maw'","unicode":"בָּמָה","translit":"Bâmâh","definition":"the same as {{h1116}}; Bamah, a place in Palestine; Bamah. See also {{h1120}}.","strongs_number":"h1117"},"h1118":{"pronunciation":"bim-hawl'","unicode":"בִּמְהָל","translit":"Bimhâl","definition":"probably from {{h4107}} with prepositional prefix; with pruning; Bimhal, an Israelite; Bimhal.","strongs_number":"h1118"},"h1119":{"pronunciation":"bem-o'","unicode":"בְּמוֹ","translit":"bᵉmôw","definition":"prolongation for prepositional prefix; in, with, by, etc.; for, in into, through.","strongs_number":"h1119"},"h1120":{"pronunciation":"baw-moth'","unicode":"בָּמוֹת","translit":"Bâmôwth","definition":"plural of {{h1116}}; heights; or (fully) בָּמוֹת בַּעַל; from the same and {{h1168}}; heights of Baal; Bamoth or Bamoth-Baal, a place East of the Jordan; Bamoth, Bamoth-baal.","strongs_number":"h1120"},"h1121":{"pronunciation":"bane","unicode":"בֵּן","translit":"bên","definition":"from {{h1129}}; a son (as a builder of the family name), in the widest sense (of literal and figurative relationship, including grandson, subject, nation, quality or condition, etc., (like father or brother), etc.); afflicted, age, (Ahoh-) (Ammon-) (Hachmon-) (Lev-) ite, (anoint-) ed one, appointed to, ( ) arrow, (Assyr-) (Babylon-) (Egypt-) (Grec-) ian, one born, bough, branch, breed,   (young) bullock,   (young) calf, × came up in, child, colt, × common, × corn, daughter, × of first,   firstborn, foal,   very fruitful,   postage, × in,   kid,   lamb, ( ) man, meet,   mighty,   nephew, old, ( ) people,   rebel,   robber, × servant born, × soldier, son,   spark,   steward,   stranger, × surely, them of,   tumultuous one,   valiant(-est), whelp, worthy, young (one), youth.","strongs_number":"h1121"},"h1122":{"pronunciation":"bane","unicode":"בֵּן","translit":"Bên","definition":"the same as {{h1121}}; Ben, an Israelite; Ben.","strongs_number":"h1122"},"h1123":{"pronunciation":"bane","unicode":"בֵּן","translit":"bên","definition":"(Aramaic) corresponding to {{h1121}}; child, son, young.","strongs_number":"h1123"},"h1124":{"pronunciation":"ben-aw'","unicode":"בְּנָא","translit":"bᵉnâʼ","definition":"(Aramaic) or בְּנָה; (Aramaic), corresponding to {{h1129}}; to build; build, make.","strongs_number":"h1124"},"h1125":{"pronunciation":"ben-ab-ee''-naw-dawb'","unicode":"בֶּן־אֲבִינָדָב","translit":"Ben-ʼĂbîynâdâb","definition":"from {{h1121}} and {{h40}}; (the) son of Abinadab; Ben-Abinadab, an Israelite; the son of Abinadab.","strongs_number":"h1125"},"h1126":{"pronunciation":"ben-o-nee'","unicode":"בֶּן־אוֹנִי","translit":"Ben-ʼÔwnîy","definition":"from {{h1121}} and {{h205}}; son of my sorrow; Ben-Oni, the original name of Benjamin; Ben-oni.","strongs_number":"h1126"},"h1127":{"pronunciation":"ben-gheh'-ber","unicode":"בֶּן־גֶּבֶר","translit":"Ben-Geber","definition":"from {{h1121}} and {{h1397}}; son of (the) hero; Ben-Geber, an Israelite; the son of Geber.","strongs_number":"h1127"},"h1128":{"pronunciation":"ben-deh'-ker","unicode":"בֶּן־דֶּקֶר","translit":"Ben-Deqer","definition":"from {{h1121}} and a derivative of {{h1856}}; son of piercing (or of a lance); Ben-Deker, an Israelite; the son of Dekar.","strongs_number":"h1128"},"h1129":{"pronunciation":"baw-naw'","unicode":"בָּנָה","translit":"bânâh","definition":"a primitive root; to build (literally and figuratively); (begin to) build(-er), obtain children, make, repair, set (up), × surely.","strongs_number":"h1129"},"h1130":{"pronunciation":"ben-had-ad'","unicode":"בֶּן־הֲדַד","translit":"Ben-Hădad","definition":"from {{h1121}} and {{h1908}}; son of Hadad; Ben-Hadad, the name of several Syrian kings; Benhadad.","strongs_number":"h1130"},"h1131":{"pronunciation":"bin-noo'-ee","unicode":"בִּנּוּי","translit":"Binnûwy","definition":"from {{h1129}}; built up; Binnui, an Israelite; Binnui.","strongs_number":"h1131"},"h1132":{"pronunciation":"ben-zo-khayth'","unicode":"בֶּן־זוֹחֵת","translit":"Ben-Zôwchêth","definition":"from {{h1121}} and {{h2105}}; son of Zocheth; Ben-Zocheth, an Israelite; Ben-zoketh.","strongs_number":"h1132"},"h1133":{"pronunciation":"ben-khoor'","unicode":"בֶּן־חוּר","translit":"Ben-Chûwr","definition":"from {{h1121}} and {{h2354}}; son of Chur; Ben-Chur, an Israelite; the son of Hur.","strongs_number":"h1133"},"h1134":{"pronunciation":"ben-khah'-yil","unicode":"בֶּן־חַיִל","translit":"Ben-Chayil","definition":"from {{h1121}} and {{h2428}}; son of might; Ben-Chail, an Israelite; Ben-hail.","strongs_number":"h1134"},"h1135":{"pronunciation":"ben-khaw-nawn'","unicode":"בֶּן־חָנָן","translit":"Ben-Chânân","definition":"from {{h1121}} and {{h2605}}; son of Chanan; Ben-Chanan, an Israelite; Ben-hanan.","strongs_number":"h1135"},"h1136":{"pronunciation":"ben-kheh'-sed","unicode":"בֶּן־חֶסֶד","translit":"Ben-Cheçed","definition":"from {{h1121}} and {{h2617}}; son of kindness; Ben-Chesed, an Israelite; the son of Hesed.","strongs_number":"h1136"},"h1137":{"pronunciation":"baw-nee'","unicode":"בָּנִי","translit":"Bânîy","definition":"from {{h1129}}; built; Bani, the name of five Israelites; Bani.","strongs_number":"h1137"},"h1138":{"pronunciation":"boon-nee'","unicode":"בֻּנִּי","translit":"Bunnîy","definition":"or (fuller) בּוּנִי; from {{h1129}}; built; Bunni or Buni, an Israelite; Bunni.","strongs_number":"h1138"},"h1139":{"pronunciation":"ben-ay'-ber-ak'","unicode":"בְּנֵי־בְּרַק","translit":"Bᵉnêy-Bᵉraq","definition":"from the plural construction of {{h1121}} and {{h1300}}; sons of lightning, Bene-berak, a place in Palestine; Bene-barak.","strongs_number":"h1139"},"h1140":{"pronunciation":"bin-yaw'","unicode":"בִּנְיָה","translit":"binyâh","definition":"feminine from {{h1129}}; a structure; building.","strongs_number":"h1140"},"h1141":{"pronunciation":"ben-aw-yaw'","unicode":"בְּנָיָה","translit":"Bᵉnâyâh","definition":"or בּנָיָהוּ; (prolonged) from {{h1129}} and {{h3050}}; Jah has built; Benajah, the name of twelve Israelites; Benaiah.","strongs_number":"h1141"},"h1142":{"pronunciation":"ben-ay' yah-ak-awn'","unicode":"בְּנֵי יַעֲקָן","translit":"Bᵉnêy Yaʻăqân","definition":"from the plural of {{h1121}} and {{h3292}}; sons of Yaakan; Bene-Jaakan, a place in the Desert; Bene-jaakan.","strongs_number":"h1142"},"h1143":{"pronunciation":"bay-nah'-yim","unicode":"בֵּנַיִם","translit":"bênayim","definition":"dual of {{h996}}; a double interval, i.e. the space between two armies; + champion.","strongs_number":"h1143"},"h1144":{"pronunciation":"bin-yaw-mene'","unicode":"בִּנְיָמִין","translit":"Binyâmîyn","definition":"from {{h1121}} and {{h3225}}; son of (the) right hand; Binjamin, youngest son of Jacob; also the tribe descended from him, and its territory; Benjamin.","strongs_number":"h1144"},"h1145":{"pronunciation":"ben-yem-ee-nee'","unicode":"בֶּן־יְמִינִי","translit":"Ben-yᵉmîynîy","definition":"sometimes (with the article inserted) בֵּן־הַיּמִינִי; with {{h376}} inserted (1 Samuel 9:1) בֶּן־אִישׁ ימִינִי; son of a man of Jemini; or shortened אִישׁ יְמִינִי; (1 Samuel 9:4; Esther 2:5) a man of Jemini, or (1 Samuel 20:1) simply יְמִינִיxlit Yᵉmînîy corrected to Yᵉmîynîy; a Jeminite; (plural) בְּנֵי יְמִינִיxlit Bᵉnîy corrected to Bᵉnêy; patron from {{h1144}}; a Benjaminite, or descendent of Benjamin; Benjamite, of Benjamin.","strongs_number":"h1145"},"h1146":{"pronunciation":"bin-yawn'","unicode":"בִּנְיָן","translit":"binyân","definition":"from {{h1129}}; an edifice; building.","strongs_number":"h1146"},"h1147":{"pronunciation":"bin-yawn'","unicode":"בִּנְיָן","translit":"binyân","definition":"(Aramaic) corresponding to {{h1146}}; building.","strongs_number":"h1147"},"h1148":{"pronunciation":"ben-ee-noo'","unicode":"בְּנִינוּ","translit":"Bᵉnîynûw","definition":"probably from {{h1121}} with pron. suff.; our son; Beninu, an Israelite; Beninu.","strongs_number":"h1148"},"h1149":{"pronunciation":"ben-as'","unicode":"בְּנַס","translit":"bᵉnaç","definition":"(Aramaic) of uncertain affinity; to be enraged; be angry.","strongs_number":"h1149"},"h1150":{"pronunciation":"bin-aw'","unicode":"בִּנְעָא","translit":"Binʻâʼ","definition":"or בִּנְעָה; of uncertain derivation; Bina or Binah, an Israelite; Binea, Bineah.","strongs_number":"h1150"},"h1151":{"pronunciation":"ben-am-mee'","unicode":"בֶּן־עַמִּי","translit":"Ben-ʻAmmîy","definition":"from {{h1121}} and {{h5971}} with pronomial suffix; son of my people; Ben-Ammi, a son of Lot; Ben-ammi.","strongs_number":"h1151"},"h1152":{"pronunciation":"bes-o-deh-yaw'","unicode":"בְּסוֹדְיָה","translit":"Bᵉçôwdᵉyâh","definition":"from {{h5475}} and {{h3050}} with prepositional prefix; in (the) counsel of Jehovah; Besodejah, an Israelite; Besodeiah.","strongs_number":"h1152"},"h1153":{"pronunciation":"bes-ah'-ee","unicode":"בְּסַי","translit":"Bᵉçay","definition":"from {{h947}}; domineering; Besai, one of the Nethinim; Besai.","strongs_number":"h1153"},"h1154":{"pronunciation":"beh'-ser","unicode":"בֶּסֶר","translit":"beçer","definition":"from an unused root meaning to be sour; an immature grape; unripe grape.","strongs_number":"h1154"},"h1155":{"pronunciation":"bo'ser","unicode":"בֹּסֶר","translit":"bôçer","definition":"from the same as {{h1154}}; sour grape.","strongs_number":"h1155"},"h1156":{"pronunciation":"beh-aw'","unicode":"בְּעָא","translit":"bᵉʻâʼ","definition":"(Aramaic) or בְּעָה; (Aramaic), corresponding to {{h1158}}; to seek or ask; ask, desire, make (petition), pray, request, seek.","strongs_number":"h1156"},"h1157":{"pronunciation":"beh-ad'","unicode":"בְּעַד","translit":"bᵉʻad","definition":"from {{h5704}} with prepositional prefix; in up to or over against; generally at, beside, among, behind, for, etc.; about, at by (means of), for, over, through, up (-on), within.","strongs_number":"h1157"},"h1158":{"pronunciation":"baw-aw'","unicode":"בָּעָה","translit":"bâʻâh","definition":"a primitive root; to gush over, i.e. to swell; (figuratively) to desire earnestly; by implication to ask; cause, inquire, seek up, swell out.","strongs_number":"h1158"},"h1159":{"pronunciation":"baw-oo'","unicode":"בָּעוּ","translit":"bâʻûw","definition":"(Aramaic) from {{h1156}}; a request; petition.","strongs_number":"h1159"},"h1160":{"pronunciation":"beh-ore'","unicode":"בְּעוֹר","translit":"Bᵉʻôwr","definition":"from {{h1197}} (in the sense of burning); a lamp; Beor, the name of the father of an Edomitish king; also of that of Balaam; Beor.","strongs_number":"h1160"},"h1161":{"pronunciation":"be-oo-theme'","unicode":"בִּעוּתִים","translit":"biʻûwthîym","definition":"masculine plural from {{h1204}}; alarms; terrors.","strongs_number":"h1161"},"h1162":{"pronunciation":"bo'-az","unicode":"בֹּעַז","translit":"Bôʻaz","definition":"from an unused root of uncertain meaning; Boaz, the ancestor of David; also the name of a pillar in front of the temple; Boaz.","strongs_number":"h1162"},"h1163":{"pronunciation":"baw-at'","unicode":"בָּעַט","translit":"bâʻaṭ","definition":"a primitive root; to trample down, i.e. (figuratively) despise; kick.","strongs_number":"h1163"},"h1164":{"pronunciation":"beh-ee'","unicode":"בְּעִי","translit":"bᵉʻîy","definition":"from {{h1158}}; a prayer; grave.","strongs_number":"h1164"},"h1165":{"pronunciation":"beh-ere'","unicode":"בְּעִיר","translit":"bᵉʻîyr","definition":"from {{h1197}} (in the sense of eating); cattle; beast, cattle.","strongs_number":"h1165"},"h1166":{"pronunciation":"baw-al'","unicode":"בָּעַל","translit":"bâʻal","definition":"a primitive root; also as denominative from {{h1167}}; to be master; hence, to marry; have dominion (over), be husband, marry(-ried, × wife).","strongs_number":"h1166"},"h1167":{"pronunciation":"bah'-al","unicode":"בַּעַל","translit":"baʻal","definition":"from {{h1166}}; a master; hence, a husband, or (figuratively) owner (often used with another noun in modifications of this latter sense); archer,   babbler,   bird, captain, chief man,   confederate,   have to do,   dreamer, those to whom it is due,   furious, those that are given to it, great,   hairy, he that hath it, have,   horseman, husband, lord, man,   married, master, person,   sworn, they of.","strongs_number":"h1167"},"h1168":{"pronunciation":"bah'-al","unicode":"בַּעַל","translit":"Baʻal","definition":"the same as {{h1167}}; Baal, a Phoenician deity; Baal, (plural) Baalim.","strongs_number":"h1168"},"h1169":{"pronunciation":"beh-ale'","unicode":"בְּעֵל","translit":"bᵉʻêl","definition":"(Aramaic) corresponding to {{h1167}}; chancellor.","strongs_number":"h1169"},"h1170":{"pronunciation":"bah'-al ber-eeth'","unicode":"בַּעַל בְּרִית","translit":"Baʻal Bᵉrîyth","definition":"from {{h1168}} and {{h1285}}; Baal of (the) covenant; Baal-Berith, a special deity of the Shechemites; Baal-berith.","strongs_number":"h1170"},"h1171":{"pronunciation":"bah'-al gawd","unicode":"בַּעַל גָּד","translit":"Baʻal Gâd","definition":"from {{h1168}} and {{h1409}}; Baal of Fortune; Baal-Gad, a place in Syria; Baal-gad.","strongs_number":"h1171"},"h1172":{"pronunciation":"bah-al-aw'","unicode":"בַּעֲלָה","translit":"baʻălâh","definition":"feminine of {{h1167}}; a mistress; that hath, mistress.","strongs_number":"h1172"},"h1173":{"pronunciation":"bah-al-aw'","unicode":"בַּעֲלָה","translit":"Baʻălâh","definition":"the same as {{h1172}}; Baalah, the name of three places in Palestine; Baalah.","strongs_number":"h1173"},"h1174":{"pronunciation":"bah'-al haw-mone'","unicode":"בַּעַל הָמוֹן","translit":"Baʻal Hâmôwn","definition":"from {{h1167}} and {{h1995}}; possessor of a multitude; Baal-Hamon, a place in Palestine; Baal-hamon.","strongs_number":"h1174"},"h1175":{"pronunciation":"beh-aw-loth'","unicode":"בְּעָלוֹת","translit":"Bᵉʻâlôwth","definition":"plural of {{h1172}}; mistresses; Bealoth, a place in Palestine; Bealoth, in Aloth (by mistake for a plural from {{h5927}} with prepositional prefix).","strongs_number":"h1175"},"h1176":{"pronunciation":"bah'-al zeb-oob'","unicode":"בַּעַל זְבוּב","translit":"Baʻal Zᵉbûwb","definition":"from {{h1168}} and {{h2070}}; Baal of (the) Fly; Baal-Zebub, a special deity of the Ekronites; Baal-zebub.","strongs_number":"h1176"},"h1177":{"pronunciation":"bah'-al khaw-nawn'","unicode":"בַּעַל חָנָן","translit":"Baʻal Chânân","definition":"from {{h1167}} and {{h2603}}; possessor of grace; Baal-Chanan, the name of an Edomite, also of an Israelite; Baal-hanan.","strongs_number":"h1177"},"h1178":{"pronunciation":"bah'-al khaw-tsore'","unicode":"בַּעַל חָצוֹר","translit":"Baʻal Châtsôwr","definition":"from {{h1167}} and a modification of {{h2691}}; possessor of a village; Baal-Chatsor, a place in Palestine; Baal-hazor.","strongs_number":"h1178"},"h1179":{"pronunciation":"bah'-al kher-mone'","unicode":"בַּעַל חֶרְמוֹן","translit":"Baʻal Chermôwn","definition":"from {{h1167}} and {{h2768}}; possessor of Hermon; Baal-Chermon, a place in Palestine; Baal-hermon.","strongs_number":"h1179"},"h1180":{"pronunciation":"bah-al-ee'","unicode":"בַּעֲלִי","translit":"Baʻălîy","definition":"from {{h1167}} with pron. suff.; my master; Baali, a symbolical name for Jehovah; Baali.","strongs_number":"h1180"},"h1181":{"pronunciation":"bah-al-ay' baw-moth'","unicode":"בַּעֲלֵי בָּמוֹת","translit":"Baʻălêy Bâmôwth","definition":"from the plural of {{h1168}} and the plural of {{h1116}}; Baals of (the) heights; Baale-Bamoth, a place East of the Jordan; lords of the high places.","strongs_number":"h1181"},"h1182":{"pronunciation":"beh-el-yaw-daw'","unicode":"בְּעֶלְיָדָע","translit":"Bᵉʻelyâdâʻ","definition":"from {{h1168}} and {{h3045}}; Baal has known; Beeljada, an Israelite; Beeliada.","strongs_number":"h1182"},"h1183":{"pronunciation":"beh-al-yaw'","unicode":"בְּעַלְיָה","translit":"Bᵉʻalyâh","definition":"from {{h1167}} and {{h3050}}; Jah (is) master; Bealjah, an Israelite; Bealiah.","strongs_number":"h1183"},"h1184":{"pronunciation":"bah-al-ay' yeh-hoo-daw'","unicode":"בַּעֲלֵי יְהוּדָה","translit":"Baʻălêy Yᵉhûwdâh","definition":"from the plural of {{h1167}} and {{h3063}}; masters of Judah; Baale-Jehudah, a place in Palestine; Baale of Judah.","strongs_number":"h1184"},"h1185":{"pronunciation":"bah-al-ece'","unicode":"בַּעֲלִיס","translit":"Baʻălîyç","definition":"probably from a derivative of {{h5965}} with prepositional prefix; in exultation; Baalis, an Ammonitish king; Baalis.","strongs_number":"h1185"},"h1186":{"pronunciation":"bah-al meh-one'","unicode":"בַּעַל מְעוֹן","translit":"Baʻal Mᵉʻôwn","definition":"from {{h1168}} and {{h4583}}; Baal of (the) habitation (of) (compare {{h1010}}); Baal-Meon, a place East of the Jordan; Baal-meon.","strongs_number":"h1186"},"h1187":{"pronunciation":"bah'-al peh-ore'","unicode":"בַּעַל פְּעוֹר","translit":"Baʻal Pᵉʻôwr","definition":"from {{h1168}} and {{h6465}}; Baal of Peor; Baal-Peor, a Moabitish deity; Baal-peor.","strongs_number":"h1187"},"h1188":{"pronunciation":"bah'-al per-aw-tseem'","unicode":"בַּעַל פְּרָצִים","translit":"Baʻal Pᵉrâtsîym","definition":"from {{h1167}} and the plural of {{h6556}}; possessor of breaches; Baal-Peratsim, a place in Palestine; Baal-perazim.","strongs_number":"h1188"},"h1189":{"pronunciation":"bah'-al tsef-one'","unicode":"בַּעַל צְפוֹן","translit":"Baʻal Tsᵉphôwn","definition":"from {{h1168}} and {{h6828}} (in the sense of cold) (according to others an Egyptian form of Typhon, the destroyer); Baal of winter; Baal-Tsephon, a place in Eqypt; Baal-zephon.","strongs_number":"h1189"},"h1190":{"pronunciation":"bah'-al shaw-lee-shaw'","unicode":"בַּעַל שָׁלִשָׁה","translit":"Baʻal Shâlishâh","definition":"from {{h1168}} and {{h8031}}; Baal of Shalishah, Baal-Shalishah, a place in Palestine; Baal-shalisha.","strongs_number":"h1190"},"h1191":{"pronunciation":"bah-al-awth'","unicode":"בַּעֲלָת","translit":"Baʻălâth","definition":"a modification of {{h1172}}; mistressship; Baalath, a place in Palestine; Baalath.","strongs_number":"h1191"},"h1192":{"pronunciation":"bah-al-ath' beh-ayr'","unicode":"בַּעֲלַת בְּאֵר","translit":"Baʻălath Bᵉʼêr","definition":"from {{h1172}} and {{h875}}; mistress of a well; Baalath-Beer, a place in Palestine; Baalath-beer.","strongs_number":"h1192"},"h1193":{"pronunciation":"bah'-al taw-mawr'","unicode":"בַּעַל תָּמָר","translit":"Baʻal Tâmâr","definition":"from {{h1167}} and {{h8558}}; possessor of (the) palm-tree; Baal-Tamar, a place in Palestine; Baal-tamar.","strongs_number":"h1193"},"h1194":{"pronunciation":"beh-ohn'","unicode":"בְּעֹן","translit":"Bᵉʻôn","definition":"probably a contraction of {{h1010}}; Beön, a place East of the Jordan; Beon.","strongs_number":"h1194"},"h1195":{"pronunciation":"bah-an-aw'","unicode":"בַּעֲנָא","translit":"Baʻănâʼ","definition":"the same as {{h1196}}; Baana, the name of four Israelite; Baana, Baanah.","strongs_number":"h1195"},"h1196":{"pronunciation":"bah-an-aw'","unicode":"בַּעֲנָה","translit":"Baʻănâh","definition":"from a derivative of {{h6031}} with prepositional prefix; in affliction; Baanah, the name of four Israelites; Baanah.","strongs_number":"h1196"},"h1197":{"pronunciation":"baw-ar'","unicode":"בָּעַר","translit":"bâʻar","definition":"a primitive root; also as denominative from {{h1198}}; to kindle, i.e. consume (by fire or by eating); to be (-come) brutish; be brutish, bring (put, take) away, burn, (cause to) eat (up), feed, heat, kindle, set (on fire), waste.","strongs_number":"h1197"},"h1198":{"pronunciation":"bah'-ar","unicode":"בַּעַר","translit":"baʻar","definition":"from {{h1197}}; properly, foot (as consumed); i.e. (by exten.) of cattle brutishness; (concretely) stupid; brutish (person), foolish.","strongs_number":"h1198"},"h1199":{"pronunciation":"bah-ar-aw'","unicode":"בָּעֲרָא","translit":"Bâʻărâʼ","definition":"from {{h1198}}; brutish; Baara, an Israelitish woman; Baara.","strongs_number":"h1199"},"h1200":{"pronunciation":"be-ay-raw'","unicode":"בְּעֵרָה","translit":"bᵉʻêrâh","definition":"from {{h1197}}; a burning; fire.","strongs_number":"h1200"}}