{"h1201":{"pronunciation":"bah-shaw'","unicode":"בַּעְשָׁא","translit":"Baʻshâʼ","definition":"from an unused root meaning to stink; offensiveness; Basha, a king of Israel; Baasha.","strongs_number":"h1201"},"h1202":{"pronunciation":"bah-as-ay-yaw'","unicode":"בַּעֲשֵׂיָה","translit":"Baʻăsêyâh","definition":"from {{h6213}} and {{h3050}} with a prepositional prefix; in (the) work of Jah; Baasejah, an Israelite; Baaseiah.","strongs_number":"h1202"},"h1203":{"pronunciation":"beh-esh-ter-aw'","unicode":"בְּעֶשְׁתְּרָה","translit":"Bᵉʻeshtᵉrâh","definition":"from {{h6251}} (as singular of {{h6252}}) with a prepositional prefix; with Ashtoreth; Beeshterah, a place East of the Jordan; Beeshterah.","strongs_number":"h1203"},"h1204":{"pronunciation":"baw-ath'","unicode":"בָּעַת","translit":"bâʻath","definition":"a primitive root; to fear; affright, be (make) afraid, terrify, trouble.","strongs_number":"h1204"},"h1205":{"pronunciation":"beh-aw-thaw'","unicode":"בְּעָתָה","translit":"bᵉʻâthâh","definition":"from {{h1204}}; fear; trouble.","strongs_number":"h1205"},"h1206":{"pronunciation":"botse","unicode":"בֹץ","translit":"bôts","definition":"probably the same as {{h948}}; mud (as whitish clay); mire.","strongs_number":"h1206"},"h1207":{"pronunciation":"bits-tsaw'","unicode":"בִּצָּה","translit":"bitstsâh","definition":"intensive from {{h1206}}; a swamp; fen, mire(-ry place).","strongs_number":"h1207"},"h1208":{"pronunciation":"baw-tsore'","unicode":"בָּצוֹר","translit":"bâtsôwr","definition":"from {{h1219}}; inaccessible, i.e. lofty; vintage (by confusion with {{h1210}}).","strongs_number":"h1208"},"h1209":{"pronunciation":"bay-tsah'-ee","unicode":"בֵּצַי","translit":"Bêtsay","definition":"perhaps the same as {{h1153}}; Betsai, the name of two Israelites; Bezai.","strongs_number":"h1209"},"h1210":{"pronunciation":"baw-tseer'","unicode":"בָּצִיר","translit":"bâtsîyr","definition":"from {{h1219}}; clipped, i.e. the grape crop; vintage.","strongs_number":"h1210"},"h1211":{"pronunciation":"beh'-tsel","unicode":"בֶּצֶל","translit":"betsel","definition":"from an unused root apparently meaning to peel; an onion; onion.","strongs_number":"h1211"},"h1212":{"pronunciation":"bets-al-ale'","unicode":"בְּצַלְאֵל","translit":"Bᵉtsalʼêl","definition":"probably from {{h6738}} and {{h410}} with a prepositional prefix; in (the) shadow (i.e. protection) of God; Betsalel, the name of two Israelites; Bezaleel.","strongs_number":"h1212"},"h1213":{"pronunciation":"bats-looth'","unicode":"בַּצְלוּת","translit":"Batslûwth","definition":"or בַּצְלִית; from the same as {{h1211}}; a peeling; Batsluth or Batslith, an Israelite; Bazlith, Bazluth.","strongs_number":"h1213"},"h1214":{"pronunciation":"baw-tsah'","unicode":"בָּצַע","translit":"bâtsaʻ","definition":"a primitive root; to break off, i.e. (usually) plunder; figuratively, to finish, or (intransitively) stop; (be) covet(-ous), cut (off), finish, fulfill, gain (greedily), get, be given to (covetousness), greedy, perform, be wounded.","strongs_number":"h1214"},"h1215":{"pronunciation":"beh'-tsah","unicode":"בֶּצַע","translit":"betsaʻ","definition":"from {{h1214}}; plunder; by extension, gain (usually unjust); covetousness, (dishonest) gain, lucre, profit.","strongs_number":"h1215"},"h1216":{"pronunciation":"baw-tsake'","unicode":"בָּצֵק","translit":"bâtsêq","definition":"a primitive root; perhaps to swell up, i.e. blister; swell.","strongs_number":"h1216"},"h1217":{"pronunciation":"baw-tsake'","unicode":"בָּצֵק","translit":"bâtsêq","definition":"from {{h1216}}; dough (as swelling by fermentation); dough, flour.","strongs_number":"h1217"},"h1218":{"pronunciation":"bots-cath'","unicode":"בׇּצְקַת","translit":"Botsqath","definition":"from {{h1216}}; a swell of ground; Botscath, a place in Palestine; Bozcath, Boskath.","strongs_number":"h1218"},"h1219":{"pronunciation":"baw-tsar'","unicode":"בָּצַר","translit":"bâtsar","definition":"a primitive root; to clip off; specifically (as denominative from {{h1210}}); to gather grapes; also to be isolated (i.e. inaccessible by height or fortification); cut off, (de-) fenced, fortify, (grape) gather(-er), mighty things, restrain, strong, wall (up), withhold.","strongs_number":"h1219"},"h1220":{"pronunciation":"beh'-tser","unicode":"בֶּצֶר","translit":"betser","definition":"from {{h1219}}; strictly a clipping, i.e. gold (as dug out); gold defence.","strongs_number":"h1220"},"h1221":{"pronunciation":"beh'-tser","unicode":"בֶּצֶר","translit":"Betser","definition":"the same as {{h1220}}, an inaccessible spot; Betser, a place in Palestine; also an Israelite; Bezer.","strongs_number":"h1221"},"h1222":{"pronunciation":"bets-ar'","unicode":"בְּצַר","translit":"bᵉtsar","definition":"another form for {{h1220}}; gold; gold.","strongs_number":"h1222"},"h1223":{"pronunciation":"bots-raw'","unicode":"בׇּצְרָה","translit":"botsrâh","definition":"feminine from {{h1219}}; an enclosure, i.e. sheep fold; Bozrah.","strongs_number":"h1223"},"h1224":{"pronunciation":"bots-raw'","unicode":"בׇּצְרָה","translit":"Botsrâh","definition":"the same as {{h1223}}; Botsrah, a place in Edom; Bozrah.","strongs_number":"h1224"},"h1225":{"pronunciation":"bits-tsaw-rone'","unicode":"בִּצָּרוֹן","translit":"bitstsârôwn","definition":"masculine intensive from {{h1219}}; a fortress; stronghold.","strongs_number":"h1225"},"h1226":{"pronunciation":"bats-tso'-reth","unicode":"בַּצֹּרֶת","translit":"batstsôreth","definition":"feminine intensive from {{h1219}}; restraint (of rain), i.e. drought; dearth, drought.","strongs_number":"h1226"},"h1227":{"pronunciation":"bak-book'","unicode":"בַּקְבּוּק","translit":"Baqbûwq","definition":"the same as {{h1228}}; Bakbuk, one of the Nethinim; Bakbuk.","strongs_number":"h1227"},"h1228":{"pronunciation":"bak-book'","unicode":"בַּקְבֻּק","translit":"baqbuq","definition":"from {{h1238}}; a bottle (from the gurgling in emptying); bottle, cruse.","strongs_number":"h1228"},"h1229":{"pronunciation":"bak-book-yaw'","unicode":"בַּקְבֻּקְיָה","translit":"Baqbuqyâh","definition":"from {{h1228}} and {{h3050}}; emptying (i.e. wasting) of Jah; Bakbukjah, an Israelite; Bakbukiah.","strongs_number":"h1229"},"h1230":{"pronunciation":"bak-bak-kar'","unicode":"בַּקְבַּקַּר","translit":"Baqbaqqar","definition":"reduplicated from {{h1239}}; searcher; Bakbakkar, an Israelite; Bakbakkar.","strongs_number":"h1230"},"h1231":{"pronunciation":"book-kee'","unicode":"בֻּקִּי","translit":"Buqqîy","definition":"from {{h1238}}; wasteful; Bukki, the name of two Israelites; Bukki.","strongs_number":"h1231"},"h1232":{"pronunciation":"book-kee-yaw'","unicode":"בֻּקִּיָּה","translit":"Buqqîyâh","definition":"from {{h1238}} and {{h3050}}; wasting of Jah; Bukkijah, an Israelite; Bukkiah.","strongs_number":"h1232"},"h1233":{"pronunciation":"bek-ee'-ah","unicode":"בְּקִיעַ","translit":"bᵉqîyaʻ","definition":"from {{h1234}}; a fissure; breach, cleft.","strongs_number":"h1233"},"h1234":{"pronunciation":"baw-kah'","unicode":"בָּקַע","translit":"bâqaʻ","definition":"a primitive root; to cleave; generally, to rend, break, rip or open; make a breach, break forth (into, out, in pieces, through, up), be ready to burst, cleave (asunder), cut out, divide, hatch, rend (asunder), rip up, tear, win.","strongs_number":"h1234"},"h1235":{"pronunciation":"beh'-kah","unicode":"בֶּקַע","translit":"beqaʻ","definition":"from {{h1234}}; a section (half) of a shekel, i.e. a beka (a weight and a coin); bekah, half a shekel.","strongs_number":"h1235"},"h1236":{"pronunciation":"bik-aw'","unicode":"בִּקְעָא","translit":"biqʻâʼ","definition":"(Aramaic) corresponding to {{h1237}}; plain.","strongs_number":"h1236"},"h1237":{"pronunciation":"bik-aw'","unicode":"בִּקְעָה","translit":"biqʻâh","definition":"from {{h1234}}; properly, a split, i.e. a wide level valley between mountains; plain, valley.","strongs_number":"h1237"},"h1238":{"pronunciation":"baw-kah'","unicode":"בָּקַק","translit":"bâqaq","definition":"a primitive root; to pour out, i.e. to empty, figuratively, to depopulate; by analogy, to spread out (as a fruitful vine); (make) empty (out), fail, × utterly, make void.","strongs_number":"h1238"},"h1239":{"pronunciation":"baw-kar","unicode":"בָּקַר","translit":"bâqar","definition":"a primitive root; properly, to plough, or (generally) break forth, i.e. (figuratively) to inspect, admire, care for, consider; (make) inquire (-ry), (make) search, seek out.","strongs_number":"h1239"},"h1240":{"pronunciation":"bek-ar'","unicode":"בְּקַר","translit":"bᵉqar","definition":"(Aramaic) corresponding to {{h1239}}; inquire, make search.","strongs_number":"h1240"},"h1241":{"pronunciation":"baw-kawr'","unicode":"בָּקָר","translit":"bâqâr","definition":"from {{h1239}}; a beeve or an animal of the ox family of either gender (as used for plowing); collectively, a herd; beeve, bull (  -ock),   calf,   cow, great (cattle),   heifer, herd, kine, ox.","strongs_number":"h1241"},"h1242":{"pronunciation":"bo'-ker","unicode":"בֹּקֶר","translit":"bôqer","definition":"from {{h1239}}; properly, dawn (as the break of day); generally, morning; ( ) day, early, morning, morrow.","strongs_number":"h1242"},"h1243":{"pronunciation":"bak-kaw-raw'","unicode":"בַּקָּרָה","translit":"baqqârâh","definition":"intensive from {{h1239}}; a looking after; seek out.","strongs_number":"h1243"},"h1244":{"pronunciation":"bik-ko-reth","unicode":"בִּקֹּרֶת","translit":"biqqôreth","definition":"from {{h1239}}; properly, examination, i.e. (by implication) punishment; scourged.","strongs_number":"h1244"},"h1245":{"pronunciation":"baw-kash'","unicode":"בָּקַשׁ","translit":"bâqash","definition":"a primitive root; to search out (by any method, specifically in worship or prayer); by implication, to strive after; ask, beg, beseech, desire, enquire, get, make inquisition, procure, (make) request, require, seek (for).","strongs_number":"h1245"},"h1246":{"pronunciation":"bak-kaw-shaw'","unicode":"בַּקָּשָׁה","translit":"baqqâshâh","definition":"from {{h1245}}; a petition; request.","strongs_number":"h1246"},"h1247":{"pronunciation":"bar","unicode":"בַּר","translit":"bar","definition":"(Aramaic) corresponding to {{h1121}}; a son, grandson, etc.; × old, son.","strongs_number":"h1247"},"h1248":{"pronunciation":"bar","unicode":"בַּר","translit":"bar","definition":"borrowed (as a title) from {{h1247}}; the heir (apparent to the throne); son.","strongs_number":"h1248"},"h1249":{"pronunciation":"bar","unicode":"בַּר","translit":"bar","definition":"from {{h1305}} (in its various senses); beloved; also pure, empty; choice, clean, clear, pure.","strongs_number":"h1249"},"h1250":{"pronunciation":"bawr","unicode":"בָּר","translit":"bâr","definition":"or בַּר; from {{h1305}} (in the sense of winnowing); grain of any kind (even while standing in the field); by extension the open country; corn, wheat.","strongs_number":"h1250"},"h1251":{"pronunciation":"bar","unicode":"בַּר","translit":"bar","definition":"(Aramaic) corresponding to {{h1250}}; a field; field.","strongs_number":"h1251"},"h1252":{"pronunciation":"bore","unicode":"בֹּר","translit":"bôr","definition":"from {{h1305}}; purity; cleanness, pureness.","strongs_number":"h1252"},"h1253":{"pronunciation":"bore","unicode":"בֹּר","translit":"bôr","definition":"the same as {{h1252}}; vegetable lye (from its cleansing); used as a soap for washing, or a flux for metals; × never so, purely.","strongs_number":"h1253"},"h1254":{"pronunciation":"baw-raw'","unicode":"בָּרָא","translit":"bârâʼ","definition":"a primitive root; (absolutely) to create; (qualified) to cut down (a wood), select, feed (as formative processes); choose, create (creator), cut down, dispatch, do, make (fat).","strongs_number":"h1254"},"h1255":{"pronunciation":"ber-o-dak' bal-ad-awn'","unicode":"בְּרֹאדַךְ בַּלְאֲדָן","translit":"Bᵉrôʼdak Balʼădân","definition":"a variation of {{h4757}}; Berodak-Baladan, a Babylonian king; Berodach-baladan.","strongs_number":"h1255"},"h1256":{"pronunciation":"ber-aw-yaw'","unicode":"בְּרָאיָה","translit":"Bᵉrâʼyâh","definition":"from {{h1254}} and {{h8050}}; Jah has created; Berajah, an Israelite; Beraiah.","strongs_number":"h1256"},"h1257":{"pronunciation":"bar-boor'","unicode":"בַּרְבֻּר","translit":"barbur","definition":"by reduplication from {{h1250}}; a fowl (as fattened on grain); fowl.","strongs_number":"h1257"},"h1258":{"pronunciation":"baw-rad'","unicode":"בָּרַד","translit":"bârad","definition":"a primitive root,; to hail; hail.","strongs_number":"h1258"},"h1259":{"pronunciation":"baw-rawd'","unicode":"בָּרָד","translit":"bârâd","definition":"from {{h1258}}; hail; hail(stones).","strongs_number":"h1259"},"h1260":{"pronunciation":"beh'red","unicode":"בֶּרֶד","translit":"Bered","definition":"from {{h1258}}; hail; Bered, the name of a place south of Palestine, also of an Israelite; Bered.","strongs_number":"h1260"},"h1261":{"pronunciation":"baw-rode'","unicode":"בָּרֹד","translit":"bârôd","definition":"from {{h1258}}; spotted (as if with hail); grisled.","strongs_number":"h1261"},"h1262":{"pronunciation":"baw-raw'","unicode":"בָּרָה","translit":"bârâh","definition":"a primitive root; to select; also (as denominative from {{h1250}}) to feed; also (as equivalent to {{h1305}}) to render clear (Ecclesiastes 3:18); to select; to feed; to render clear; choose, (cause to) eat, manifest, (give) meat.","strongs_number":"h1262"},"h1263":{"pronunciation":"baw-rook'","unicode":"בָּרוּךְ","translit":"Bârûwk","definition":"passive participle from {{h1288}}; blessed; Baruk, the name of three Israelites; Baruch.","strongs_number":"h1263"},"h1264":{"pronunciation":"ber-ome'","unicode":"בְּרוֹם","translit":"bᵉrôwm","definition":"probably of foreign origin; damask (stuff of variegated thread); rich apparel.","strongs_number":"h1264"},"h1265":{"pronunciation":"ber-osh'","unicode":"בְּרוֹשׁ","translit":"bᵉrôwsh","definition":"of uncertain derivation; a cypress (?) tree; hence, a lance or a musical instrument (as made of that wood); fir (tree).","strongs_number":"h1265"},"h1266":{"pronunciation":"ber-oth'","unicode":"בְּרוֹת","translit":"bᵉrôwth","definition":"a variation of {{h1265}}; the cypress (or some elastic tree); fir.","strongs_number":"h1266"},"h1267":{"pronunciation":"baw-rooth","unicode":"בָּרוּת","translit":"bârûwth","definition":"from {{h1262}}; food; meat.","strongs_number":"h1267"},"h1268":{"pronunciation":"bay-ro-thaw'","unicode":"בֵּרוֹתָה","translit":"Bêrôwthâh","definition":"or בֵּרֹתַי; probably from {{h1266}}; cypress or cypresslike; Berothah or Berothai, a place north of Palestine; Berothah, Berothai.","strongs_number":"h1268"},"h1269":{"pronunciation":"beer-zoth'","unicode":"בִּרְזוֹת","translit":"Birzôwth","definition":"probably feminine plural from an unused root (apparently mean to pierce); holes; Birzoth, an Israelite; Birzavith (from the marg.).","strongs_number":"h1269"},"h1270":{"pronunciation":"bar-zel'","unicode":"בַּרְזֶל","translit":"barzel","definition":"perhaps from the root of {{h1269}}; iron (as cutting); by extension, an iron implement; (ax) head, iron.","strongs_number":"h1270"},"h1271":{"pronunciation":"bar-zil-lah'-ee","unicode":"בַּרְזִלַּי","translit":"Barzillay","definition":"from {{h1270}}; iron-hearted; Barzillai, the name of three Israelites; Barzillai.","strongs_number":"h1271"},"h1272":{"pronunciation":"baw-rakh'","unicode":"בָּרַח","translit":"bârach","definition":"a primitive root; to bolt, i.e. figuratively, to flee suddenly; chase (away); drive away, fain, flee (away), put to flight, make haste, reach, run away, shoot.","strongs_number":"h1272"},"h1273":{"pronunciation":"bar-khoo-mee'","unicode":"בַּרְחֻמִי","translit":"Barchumîy","definition":"by transposition for {{h978}}; a Barchumite, or native of Bachurim; Barhumite.","strongs_number":"h1273"},"h1274":{"pronunciation":"ber-ee'","unicode":"בְּרִי","translit":"bᵉrîy","definition":"from {{h1262}}; fat; fat.","strongs_number":"h1274"},"h1275":{"pronunciation":"bay-ree'","unicode":"בֵּרִי","translit":"Bêrîy","definition":"probably by contraction from {{h882}}; Beri, an Israelite; Beri.","strongs_number":"h1275"},"h1276":{"pronunciation":"bay-ree'","unicode":"בֵּרִי","translit":"Bêrîy","definition":"of uncertain derivation; (only in the plural and with the article) the Berites, a place in Palestine; Berites.","strongs_number":"h1276"},"h1277":{"pronunciation":"baw-ree'","unicode":"בָּרִיא","translit":"bârîyʼ","definition":"from {{h1254}} (in the sense of {{h1262}}); fatted or plump; fat ((fleshed), -ter), fed, firm, plenteous, rank.","strongs_number":"h1277"},"h1278":{"pronunciation":"ber-ee-aw'","unicode":"בְּרִיאָה","translit":"bᵉrîyʼâh","definition":"feminine from {{h1254}}; a creation, i.e. a novelty; new thing.","strongs_number":"h1278"},"h1279":{"pronunciation":"beer-yaw'","unicode":"בִּרְיָה","translit":"biryâh","definition":"feminine from {{h1262}}; food; meat.","strongs_number":"h1279"},"h1280":{"pronunciation":"ber-ee'-akh","unicode":"בְּרִיחַ","translit":"bᵉrîyach","definition":"from {{h1272}}; a bolt; bar, fugitive.","strongs_number":"h1280"},"h1281":{"pronunciation":"baw-ree'-akh","unicode":"בָּרִיחַ","translit":"bârîyach","definition":"or בָּרִחַ; (shortened) from {{h1272}}; a fugitive, i.e. the serpent (as fleeing), and the constellation by that name; crooked, noble, piercing.","strongs_number":"h1281"},"h1282":{"pronunciation":"baw-ree'-akh","unicode":"בָּרִיחַ","translit":"Bârîyach","definition":"the same as {{h1281}}; Bariach, an Israelite; Bariah.","strongs_number":"h1282"},"h1283":{"pronunciation":"ber-ee'-aw","unicode":"בְּרִיעָה","translit":"Bᵉrîyʻâh","definition":"apparently from the feminine of {{h7451}} with a prepositional prefix; in trouble; Beriah, the name of four Israelites; Beriah.","strongs_number":"h1283"},"h1284":{"pronunciation":"ber-ee-ee'","unicode":"בְּרִיעִי","translit":"Bᵉrîyʻîy","definition":"patronymically from {{h1283}}; a Beriite (collectively) or descendants of Beriah; Beerites.","strongs_number":"h1284"},"h1285":{"pronunciation":"ber-eeth'","unicode":"בְּרִית","translit":"bᵉrîyth","definition":"from {{h1262}} (in the sense of cutting [like {{h1254}}]); a compact (because made by passing between pieces of flesh); confederacy, (con-) feder(-ate), covenant, league.","strongs_number":"h1285"},"h1286":{"pronunciation":"ber-eeth'","unicode":"בְּרִית","translit":"Bᵉrîyth","definition":"the same as {{h1285}}; Berith, a Shechemitish deity; Berith.","strongs_number":"h1286"},"h1287":{"pronunciation":"bo-reeth'","unicode":"בֹּרִית","translit":"bôrîyth","definition":"feminine of {{h1253}}; vegetable alkali; sope.","strongs_number":"h1287"},"h1288":{"pronunciation":"baw-rak'","unicode":"בָּרַךְ","translit":"bârak","definition":"a primitive root; to kneel; by implication to bless God (as an act of adoration), and (vice-versa) man (as a benefit); also (by euphemism) to curse (God or the king, as treason); × abundantly, × altogether, × at all, blaspheme, bless, congratulate, curse, × greatly, × indeed, kneel (down), praise, salute, × still, thank.","strongs_number":"h1288"},"h1289":{"pronunciation":"ber-ak'","unicode":"בְּרַךְ","translit":"bᵉrak","definition":"(Aramaic) corresponding to {{h1288}}; bless, kneel.","strongs_number":"h1289"},"h1290":{"pronunciation":"beh'-rek","unicode":"בֶּרֶךְ","translit":"berek","definition":"from {{h1288}}; a knee; knee.","strongs_number":"h1290"},"h1291":{"pronunciation":"beh'-rek","unicode":"בֶּרֶךְ","translit":"berek","definition":"(Aramaic) corresponding to {{h1290}}; knee.","strongs_number":"h1291"},"h1292":{"pronunciation":"baw-rak-ale'","unicode":"בָּרַכְאֵל","translit":"Bârakʼêl","definition":"from {{h1288}} and {{h410}}, God has blessed; Barakel, the father of one of Job's friends; Barachel.","strongs_number":"h1292"},"h1293":{"pronunciation":"ber-aw-kaw'","unicode":"בְּרָכָה","translit":"Bᵉrâkâh","definition":"from {{h1288}}; benediction; by implication prosperity; blessing, liberal, pool, present.","strongs_number":"h1293"},"h1294":{"pronunciation":"ber-aw-kaw'","unicode":"בְּרָכָה","translit":"Bᵉrâkâh","definition":"the same as {{h1293}}; Berakah, the name of an Israelite, and also of a valley in Palestine; Berachah.","strongs_number":"h1294"},"h1295":{"pronunciation":"ber-ay-kaw'","unicode":"בְּרֵכָה","translit":"bᵉrêkâh","definition":"from {{h1288}}; a reservoir (at which camels kneel as a resting-place); (fish-) pool.","strongs_number":"h1295"},"h1296":{"pronunciation":"beh-rek-yaw'","unicode":"בֶּרֶכְיָה","translit":"Berekyâh","definition":"or בֶּרֶכְיָהוּ; from {{h1290}} and {{h3050}}; knee (i.e. blessing) of Jah; Berekjah, the name of six Israelites; Berachiah, Berechiah.","strongs_number":"h1296"},"h1297":{"pronunciation":"ber-am'","unicode":"בְּרַם","translit":"bᵉram","definition":"(Aramaic) perhaps from {{h7313}} with a prepositional prefix; properly, highly, i.e. surely; but used adversatively, however; but, nevertheless, yet.","strongs_number":"h1297"},"h1298":{"pronunciation":"beh'-rah","unicode":"בֶּרַע","translit":"Beraʻ","definition":"of uncertain derivation; Bera, a Sodomitish king; Bera.","strongs_number":"h1298"},"h1299":{"pronunciation":"baw-rak'","unicode":"בָּרַק","translit":"bâraq","definition":"a primitive root; to lighten (lightning); cast forth.","strongs_number":"h1299"},"h1300":{"pronunciation":"baw-rawk'","unicode":"בָּרָק","translit":"bârâq","definition":"from {{h1299}}; lightning; by analogy, a gleam; concretely, a flashing sword; bright, glitter(-ing sword), lightning.","strongs_number":"h1300"}}