{"h1401":{"pronunciation":"ghib-bawr'","unicode":"גִּבָּר","translit":"gibbâr","definition":"(Aramaic) intensive of {{h1400}}; valiant, or warrior; mighty.","strongs_number":"h1401"},"h1402":{"pronunciation":"ghib-bawr'","unicode":"גִּבָּר","translit":"Gibbâr","definition":"intensive of {{h1399}}; Gibbar, an Israelite; Gibbar.","strongs_number":"h1402"},"h1403":{"pronunciation":"gab-ree-ale'","unicode":"גַּבְרִיאֵל","translit":"Gabrîyʼêl","definition":"from {{h1397}} and {{h410}}; man of God; Gabriel, an archangel; Garbriel.","strongs_number":"h1403"},"h1404":{"pronunciation":"gheb-eh'-reth","unicode":"גְּבֶרֶת","translit":"gᵉbereth","definition":"feminine of {{h1376}}; mistress; lady, mistress.","strongs_number":"h1404"},"h1405":{"pronunciation":"ghib-beth-one'","unicode":"גִּבְּתוֹן","translit":"Gibbᵉthôwn","definition":"intensive from {{h1389}}; a hilly spot; Gibbethon, a place in Palestine; Gibbethon.","strongs_number":"h1405"},"h1406":{"pronunciation":"gawg","unicode":"גָּג","translit":"gâg","definition":"probably by reduplication from {{h1342}}; a roof; by analogy, the top of an altar; roof (of the house), (house) top (of the house).","strongs_number":"h1406"},"h1407":{"pronunciation":"gad","unicode":"גַּד","translit":"gad","definition":"from {{h1413}} (in the sense of cutting); coriander seed (from its furrows); coriander.","strongs_number":"h1407"},"h1408":{"pronunciation":"gad","unicode":"גַּד","translit":"Gad","definition":"a variation of {{h1409}}; Fortune, a Babylonian deity; that troop.","strongs_number":"h1408"},"h1409":{"pronunciation":"gawd","unicode":"גָּד","translit":"gâd","definition":"from {{h1464}} (in the sense of distributing); fortune; troop.","strongs_number":"h1409"},"h1410":{"pronunciation":"gawd","unicode":"גָּד","translit":"Gâd","definition":"from {{h1464}}; Gad, a son of Jacob, including his tribe and its territory; also a prophet; Gad.","strongs_number":"h1410"},"h1411":{"pronunciation":"ghed-aw-bawr'","unicode":"גְּדָבָר","translit":"gᵉdâbâr","definition":"(Aramaic) corresponding to {{h1489}}; a treasurer; treasurer.","strongs_number":"h1411"},"h1412":{"pronunciation":"gud-go'-daw","unicode":"גֻּדְגֹּדָה","translit":"Gudgôdâh","definition":"by reduplication from {{h1413}} (in the sense of cutting) cleft; Gudgodah, a place in the Desert; Gudgodah.","strongs_number":"h1412"},"h1413":{"pronunciation":"gaw-dad'","unicode":"גָּדַד","translit":"gâdad","definition":"a primitive root (compare {{h1464}}); to crowd; also to gash (as if by pressing into); assemble (selves by troops), gather (selves together, self in troops), cut selves.","strongs_number":"h1413"},"h1414":{"pronunciation":"ghed-ad'","unicode":"גְּדַד","translit":"gᵉdad","definition":"(Aramaic) corresponding to {{h1413}}; to cut down; hew down.","strongs_number":"h1414"},"h1415":{"pronunciation":"gaw-daw'","unicode":"גָּדָה","translit":"gâdâh","definition":"from an unused root (meaning to cut off); a border of a river (as cut into by the stream); bank.","strongs_number":"h1415"},"h1416":{"pronunciation":"ghed-ood'","unicode":"גְּדוּד","translit":"gᵉdûwd","definition":"from {{h1413}}; a crowd (especially of soldiers); army, band (of men), company, troop (of robbers).","strongs_number":"h1416"},"h1417":{"pronunciation":"ghed-ood'","unicode":"גְּדוּד","translit":"gᵉdûwd","definition":"or גְּדֻדָה; (feminine) from {{h1413}}; a furrow (as cut); furrow.","strongs_number":"h1417"},"h1418":{"pronunciation":"ghed-oo-daw'","unicode":"גְּדוּדָה","translit":"gᵉdûwdâh","definition":"feminine participle passive of {{h1413}}; an incision; cutting.","strongs_number":"h1418"},"h1419":{"pronunciation":"gaw-dole'","unicode":"גָּדוֹל","translit":"gâdôwl","definition":"or גָּדֹל; (shortened) from {{h1431}}; great (in any sense); hence, older; also insolent; aloud, elder(-est),   exceeding(-ly),   far, (man of) great (man, matter, thing,-er,-ness), high, long, loud, mighty, more, much, noble, proud thing, × sore, (×) very.","strongs_number":"h1419"},"h1420":{"pronunciation":"ghed-oo-law'","unicode":"גְּדוּלָה","translit":"gᵉdûwlâh","definition":"or גְּדֻלָּה; (shortened) or (less accurately) גְּדוּלָּה; feminine of {{h1419}}; greatness; (concretely) mighty acts; dignity, great things(-ness), majesty.","strongs_number":"h1420"},"h1421":{"pronunciation":"ghid-doof'","unicode":"גִּדּוּף","translit":"giddûwph","definition":"or (shortened) גִּדֻּף; and (feminine) גִּדּוּפָהxlit giddûphâh corrected to giddûwphâh; or גִּדֻּפָה; from {{h1422}}; vilification; reproach, reviling.","strongs_number":"h1421"},"h1422":{"pronunciation":"ghed-oo-faw'","unicode":"גְּדוּפָה","translit":"gᵉdûwphâh","definition":"feminine passive participle of {{h1442}}; a revilement; taunt.","strongs_number":"h1422"},"h1423":{"pronunciation":"ghed-ee'","unicode":"גְּדִי","translit":"gᵉdîy","definition":"from the same as {{h1415}}; a young goat (from browsing); kid.","strongs_number":"h1423"},"h1424":{"pronunciation":"gaw-dee'","unicode":"גָּדִי","translit":"Gâdîy","definition":"from {{h1409}}; fortunate; Gadi, an Israelite; Gadi.","strongs_number":"h1424"},"h1425":{"pronunciation":"gaw-dee'","unicode":"גָּדִי","translit":"Gâdîy","definition":"patronymically from {{h1410}}; a Gadite (collectively) or descendants of Gad; Gadites, children of Gad.","strongs_number":"h1425"},"h1426":{"pronunciation":"gad-dee'","unicode":"גַּדִּי","translit":"Gaddîy","definition":"intensive for {{h1424}}; Gaddi, an Israelite; Gaddi.","strongs_number":"h1426"},"h1427":{"pronunciation":"gad-dee-ale'","unicode":"גַּדִּיאֵל","translit":"Gaddîyʼêl","definition":"from {{h1409}} and {{h410}}; fortune of God; Gaddiel, an Israelite; Gaddiel.","strongs_number":"h1427"},"h1428":{"pronunciation":"ghid-yaw'","unicode":"גִּדְיָה","translit":"gidyâh","definition":"or גַּדיָה; the same as {{h1415}}; a river brink; bank.","strongs_number":"h1428"},"h1429":{"pronunciation":"ghed-ee-yaw'","unicode":"גְּדִיָּה","translit":"gᵉdîyâh","definition":"feminine of {{h1423}}; a young female goat; kid.","strongs_number":"h1429"},"h1430":{"pronunciation":"gaw-deesh'","unicode":"גָּדִישׁ","translit":"gâdîysh","definition":"from an unused root (meaning to heap up); a stack of sheaves; by analogy, a tomb; shock (stack) (of corn), tomb.","strongs_number":"h1430"},"h1431":{"pronunciation":"gaw-dal'","unicode":"גָּדַל","translit":"gâdal","definition":"a primitive root; properly, to twist (compare {{h1434}}), i.e.; to be (causatively make) large (in various senses, as in body, mind, estate or honor, also in pride); advance, boast, bring up, exceed, excellent, be(-come, do, give, make, wax), great(-er, come to... estate,   things), grow(up), increase, lift up, magnify(-ifical), be much set by, nourish (up), pass, promote, proudly (spoken), tower.","strongs_number":"h1431"},"h1432":{"pronunciation":"gaw-dale'","unicode":"גָּדֵל","translit":"gâdêl","definition":"from {{h1431}}; large (literally or figuratively); great, grew.","strongs_number":"h1432"},"h1433":{"pronunciation":"go'-del","unicode":"גֹּדֶל","translit":"gôdel","definition":"from {{h1431}}; magnitude (literally or figuratively); greatness, stout(-ness).","strongs_number":"h1433"},"h1434":{"pronunciation":"ghed-eel'","unicode":"גְּדִל","translit":"gᵉdil","definition":"from {{h1431}} (in the sense of twisting); thread, i.e. a tassel or festoon; fringe, wreath.","strongs_number":"h1434"},"h1435":{"pronunciation":"ghid-dale'","unicode":"גִּדֵּל","translit":"Giddêl","definition":"from {{h1431}}; stout; Giddel, the name of one of the Nethinim, also of one of 'Solomon's servants'; Giddel.","strongs_number":"h1435"},"h1436":{"pronunciation":"ghed-al-yaw'","unicode":"גְּדַּלְיָה","translit":"Gᵉdalyâh","definition":"or (prolonged) גְּדַלְיָהוּ; from {{h1431}} and {{h3050}}; Jah has become great; Gedaljah, the name of five Israelites; Gedaliah.","strongs_number":"h1436"},"h1437":{"pronunciation":"ghid-dal'-tee","unicode":"גִּדַּלְתִּי","translit":"Giddaltîy","definition":"from {{h1431}}; I have made great; Giddalti, an Israelite; Giddalti.","strongs_number":"h1437"},"h1438":{"pronunciation":"gaw-dah'","unicode":"גָּדַע","translit":"gâdaʻ","definition":"a primitive root; to fell a tree; generally, to destroy anything; cut (asunder, in sunder, down, off), hew down.","strongs_number":"h1438"},"h1439":{"pronunciation":"ghid-ohn'","unicode":"גִּדְעוֹן","translit":"Gidʻôwn","definition":"from {{h1438}}; feller (i.e. warrior); Gidon, an Israelite; Gideon.","strongs_number":"h1439"},"h1440":{"pronunciation":"ghid-ohm'","unicode":"גִּדְעֹם","translit":"Gidʻôm","definition":"from {{h1438}}; a cutting (i.e. desolation); Gidom, a place in Palestine; Gidom.","strongs_number":"h1440"},"h1441":{"pronunciation":"ghid-o-nee'","unicode":"גִּדְעֹנִי","translit":"Gidʻônîy","definition":"from {{h1438}}; warlike (compare {{h1439}}); Gidoni, an Israelite; Gideoni.","strongs_number":"h1441"},"h1442":{"pronunciation":"gaw-daf'","unicode":"גָּדַף","translit":"gâdaph","definition":"a primitive root; to hack (with words), i.e. revile; blaspheme, reproach.","strongs_number":"h1442"},"h1443":{"pronunciation":"gaw-dar'","unicode":"גָּדַר","translit":"gâdar","definition":"a primitive root; to wall in or around; close up, fence up, hedge, inclose, make up (a wall), mason, repairer.","strongs_number":"h1443"},"h1444":{"pronunciation":"gheh'-der","unicode":"גֶּדֶר","translit":"geder","definition":"from {{h1443}}; a circumvallation; wall.","strongs_number":"h1444"},"h1445":{"pronunciation":"gheh'-der","unicode":"גֶּדֶר","translit":"Geder","definition":"; the same as {{h1444}}; Geder, a place in Palestine; Geder.","strongs_number":"h1445"},"h1446":{"pronunciation":"ghed-ore'","unicode":"גְדֹר","translit":"Gᵉdôr","definition":"or (fully) גְּדוֹר; from {{h1443}}; inclosure; Gedor, a place in Palestine; also the name of three Israelites; Gedor.","strongs_number":"h1446"},"h1447":{"pronunciation":"gaw-dare'","unicode":"גָּדֵר","translit":"gâdêr","definition":"from {{h1443}}; a circumvallation; by implication, an inclosure; fence, hedge, wall.","strongs_number":"h1447"},"h1448":{"pronunciation":"ghed-ay-raw'","unicode":"גְּדֵרָה","translit":"gᵉdêrâh","definition":"feminine of {{h1447}}; inclosure (especially for flocks); (sheep-) cote (fold) hedge, wall.","strongs_number":"h1448"},"h1449":{"pronunciation":"ghed-ay-raw'","unicode":"גְּדֵרָה","translit":"Gᵉdêrâh","definition":"the same as {{h1448}}; (with the article) Gederah, a place in Palestine; Gederah, hedges.","strongs_number":"h1449"},"h1450":{"pronunciation":"ghed-ay-rohth'","unicode":"גְּדֵרוֹת","translit":"Gᵉdêrôwth","definition":"plural of {{h1448}}; walls; Gederoth, a place in Palestine; Gederoth.","strongs_number":"h1450"},"h1451":{"pronunciation":"ghed-ay-ree'","unicode":"גְּדֵרִי","translit":"Gᵉdêrîy","definition":"patrial from {{h1445}}; a Gederite, or inhabitant of Geder; Gederite.","strongs_number":"h1451"},"h1452":{"pronunciation":"ghed-ay-raw-thee'","unicode":"גְּדֵרָתִי","translit":"Gᵉdêrâthîy","definition":"patrial from {{h1449}}; a Gederathite, or inhabitant of Gederah; Gederathite.","strongs_number":"h1452"},"h1453":{"pronunciation":"ghed-ay-ro-thah'-yim","unicode":"גְּדֵרֹתַיִם","translit":"Gᵉdêrôthayim","definition":"dual of {{h1448}}; double wall; Gederothajim, a place in Palestine; Gederothaim.","strongs_number":"h1453"},"h1454":{"pronunciation":"gay","unicode":"גֵּה","translit":"gêh","definition":"probably a clerical error for {{h2088}}; this; this.","strongs_number":"h1454"},"h1455":{"pronunciation":"gaw-haw'","unicode":"גָּהָה","translit":"gâhâh","definition":"a primitive root; to remove (a bandage from a wound, i.e. heal it); cure.","strongs_number":"h1455"},"h1456":{"pronunciation":"gay-haw'","unicode":"גֵּהָה","translit":"gêhâh","definition":"from {{h1455}}; a cure; medicine.","strongs_number":"h1456"},"h1457":{"pronunciation":"gaw-har'","unicode":"גָּהַר","translit":"gâhar","definition":"a primitive root; to prostrate oneself; cast self down, stretch self.","strongs_number":"h1457"},"h1458":{"pronunciation":"gav","unicode":"גַּו","translit":"gav","definition":"another form for {{h1460}}; the back; back.","strongs_number":"h1458"},"h1459":{"pronunciation":"gav","unicode":"גַּו","translit":"gav","definition":"(Aramaic) corresponding to {{h1460}}; the middle; midst, same, there-(where-) in.","strongs_number":"h1459"},"h1460":{"pronunciation":"gave","unicode":"גֵּו","translit":"gêv","definition":"from {{h1342}} (corresponding to {{h1354}}); the back; by analogy, the middle; among, back, body.","strongs_number":"h1460"},"h1461":{"pronunciation":"goob","unicode":"גּוּב","translit":"gûwb","definition":"a primitive root; to dig; husbandman.","strongs_number":"h1461"},"h1462":{"pronunciation":"gobe","unicode":"גּוֹב","translit":"gôwb","definition":"from {{h1461}}; the locust (from its grubbing as a larvae); grasshopper, × great.","strongs_number":"h1462"},"h1463":{"pronunciation":"gohg","unicode":"גּוֹג","translit":"Gôwg","definition":"of uncertain derivation; Gog, the name of an Israelite, also of some northern nation; Gog.","strongs_number":"h1463"},"h1464":{"pronunciation":"goode","unicode":"גּוּד","translit":"gûwd","definition":"a primitive root (akin to {{h1413}}); to crowd upon, i.e. attack; invade, overcome.","strongs_number":"h1464"},"h1465":{"pronunciation":"gay-vaw'","unicode":"גֵּוָה","translit":"gêvâh","definition":"feminine of {{h1460}}; the back, i.e. (by extension) the person; body.","strongs_number":"h1465"},"h1466":{"pronunciation":"gay-vaw'","unicode":"גֵּוָה","translit":"gêvâh","definition":"the same as {{h1465}}; exaltation; (figuratively) arrogance; lifting up, pride.","strongs_number":"h1466"},"h1467":{"pronunciation":"gay-vaw'","unicode":"גֵּוָה","translit":"gêvâh","definition":"(Aramaic) corresponding to {{h1466}}; pride.","strongs_number":"h1467"},"h1468":{"pronunciation":"gooz","unicode":"גּוּז","translit":"gûwz","definition":"a primitive root (compare {{h1494}}); properly, to shear off; but used only in the (figuratively) sense of passing rapidly; bring, cut off.","strongs_number":"h1468"},"h1469":{"pronunciation":"go-zawl'","unicode":"גּוֹזָל","translit":"gôwzâl","definition":"or (shortened) גֹזָלlemma גזָל missing vowel, corrected to גֹזָל; from {{h1497}}; a nestling (as being comparatively nude of feathers); young (pigeon).","strongs_number":"h1469"},"h1470":{"pronunciation":"go-zawn'","unicode":"גּוֹזָן","translit":"Gôwzân","definition":"probably from {{h1468}}; a quarry (as a place of cutting stones); Gozan, a province of Assyria; Gozan.","strongs_number":"h1470"},"h1471":{"pronunciation":"go'-ee","unicode":"גּוֹי","translit":"gôwy","definition":"rarely (shortened) גֹּי; apparently from the same root as {{h1465}} (in the sense of massing); a foreign nation; hence, a Gentile; also (figuratively) a troop of animals, or a flight of locusts; Gentile, heathen, nation, people.","strongs_number":"h1471"},"h1472":{"pronunciation":"ghev-ee-yaw'","unicode":"גְּוִיָּה","translit":"gᵉvîyâh","definition":"prolonged for {{h1465}}; a body, whether alive or dead; (dead) body, carcase, corpse.","strongs_number":"h1472"},"h1473":{"pronunciation":"go-law'","unicode":"גּוֹלָה","translit":"gôwlâh","definition":"or (shortened) גֹּלָה; active participle feminine of {{h1540}}; exile; concretely and collectively exiles; (carried away), captive(-ity), removing.","strongs_number":"h1473"},"h1474":{"pronunciation":"go-lawn'","unicode":"גּוֹלָן","translit":"Gôwlân","definition":"from {{h1473}}; captive; Golan, a place east of the Jordan; Golan.","strongs_number":"h1474"},"h1475":{"pronunciation":"goom-mawts'","unicode":"גּוּמָּץ","translit":"gûwmmâts","definition":"of uncertain derivation; a pit; pit.","strongs_number":"h1475"},"h1476":{"pronunciation":"goo-nee'","unicode":"גּוּנִי","translit":"Gûwnîy","definition":"probably from {{h1598}}; protected; Guni, the name of two Israelites; Guni.","strongs_number":"h1476"},"h1477":{"pronunciation":"goo-nee'","unicode":"גּוּנִי","translit":"Gûwnîy","definition":"patronymically from {{h1476}}; a Gunite (collectively with article prefix) or descendants of Guni; Gunites.","strongs_number":"h1477"},"h1478":{"pronunciation":"gaw-vah'","unicode":"גָּוַע","translit":"gâvaʻ","definition":"a primitive root; to breathe out, i.e. (by implication) expire; die, be dead, give up the ghost, perish.","strongs_number":"h1478"},"h1479":{"pronunciation":"goof","unicode":"גּוּף","translit":"gûwph","definition":"a primitive root; properly, to hollow or arch, i.e. (figuratively) close; to shut; shut.","strongs_number":"h1479"},"h1480":{"pronunciation":"goo-faw'","unicode":"גּוּפָה","translit":"gûwphâh","definition":"from {{h1479}}; a corpse (as closed to sense); body.","strongs_number":"h1480"},"h1481":{"pronunciation":"goor","unicode":"גּוּר","translit":"gûwr","definition":"a primitive root; properly, to turn aside from the road (for a lodging or any other purpose), i.e. sojourn (as a guest); also to shrink, fear (as in a strange place); also to gather for hostility (as afraid); abide, assemble, be afraid, dwell, fear, gather (together), inhabitant, remain, sojourn, stand in awe, (be) stranger, × surely.","strongs_number":"h1481"},"h1482":{"pronunciation":"goor","unicode":"גּוּר","translit":"gûwr","definition":"or (shortened) גֻּר; perhaps from {{h1481}}; a cub (as still abiding in the lair), especially of the lion; whelp, young one.","strongs_number":"h1482"},"h1483":{"pronunciation":"goor","unicode":"גּוּר","translit":"Gûwr","definition":"the same as {{h1482}}; Gur, a place in Palestine; Gur.","strongs_number":"h1483"},"h1484":{"pronunciation":"gore","unicode":"גּוֹר","translit":"gôwr","definition":"or (feminine) גֹּרָה; a variation of {{h1482}}; whelp.","strongs_number":"h1484"},"h1485":{"pronunciation":"goor-bah'-al","unicode":"גּוּר־בַּעַל","translit":"Gûwr-Baʻal","definition":"from {{h1481}} and {{h1168}}; dwelling of Baal; Gur-Baal, a place in Arabia; Gur-baal.","strongs_number":"h1485"},"h1486":{"pronunciation":"go-rawl'","unicode":"גּוֹרָל","translit":"gôwrâl","definition":"or (shortened) גֹּרָל; from an unused root meaning to be rough (as stone); properly, a pebble, i.e. a lot (small stones being used for that purpose); figuratively, a portion or destiny (as if determined by lot); lot.","strongs_number":"h1486"},"h1487":{"pronunciation":"goosh","unicode":"גּוּשׁ","translit":"gûwsh","definition":"or rather (by permutation) גִּישׁ; of uncertain derivation; a mass of earth; clod.","strongs_number":"h1487"},"h1488":{"pronunciation":"gaze","unicode":"גֵּז","translit":"gêz","definition":"from {{h1494}}; a fleece (as shorn); also mown grass; fleece, mowing, mown grass.","strongs_number":"h1488"},"h1489":{"pronunciation":"ghiz-bawr'","unicode":"גִּזְבָּר","translit":"gizbâr","definition":"of foreign derivation; treasurer; treasurer.","strongs_number":"h1489"},"h1490":{"pronunciation":"ghiz-bawr'","unicode":"גִּזְבָּר","translit":"gizbâr","definition":"(Aramaic) corresponding to {{h1489}}; treasurer.","strongs_number":"h1490"},"h1491":{"pronunciation":"gaw-zaw'","unicode":"גָּזָה","translit":"gâzâh","definition":"a primitive root (akin to {{h1468}}); to cut off, i.e. portion out; take.","strongs_number":"h1491"},"h1492":{"pronunciation":"gaz-zaw'","unicode":"גָּזַּה","translit":"gâzzah","definition":"feminine from {{h1494}}; a fleece; fleece.","strongs_number":"h1492"},"h1493":{"pronunciation":"ghee-zo-nee'","unicode":"גִּזוֹנִי","translit":"Gizôwnîy","definition":"patrial from the unused name of a place apparently in Palestine; a Gizonite or inhabitant of Gizoh; Gizonite.","strongs_number":"h1493"},"h1494":{"pronunciation":"gaw-zaz'","unicode":"גָּזַז","translit":"gazâz","definition":"a primitive root (akin to {{h1468}}); to cut off; specifically to shear a flock or shave the hair; figuratively to destroy an enemy; cut off (down), poll, shave, (sheep-) shear(-er).","strongs_number":"h1494"},"h1495":{"pronunciation":"gaw-zaze'","unicode":"גָּזֵז","translit":"Gâzêz","definition":"from {{h1494}}; shearer; Gazez, the name of two Israelites; Gazez.","strongs_number":"h1495"},"h1496":{"pronunciation":"gaw-zeeth'","unicode":"גָּזִית","translit":"gâzîyth","definition":"from {{h1491}}; something cut, i.e. dressed stone; hewed, hewn stone, wrought.","strongs_number":"h1496"},"h1497":{"pronunciation":"gaw-zal'","unicode":"גָּזַל","translit":"gâzal","definition":"a primitive root; to pluck off; specifically to flay, strip or rob; catch, consume, exercise (robbery), pluck (off), rob, spoil, take away (by force, violence), tear.","strongs_number":"h1497"},"h1498":{"pronunciation":"gaw-zale'","unicode":"גָּזֵל","translit":"gâzêl","definition":"from {{h1497}}; robbery, or (concretely) plunder; robbery, thing taken away by violence.","strongs_number":"h1498"},"h1499":{"pronunciation":"ghe'-zel","unicode":"גֵּזֶל","translit":"gêzel","definition":"from {{h1497}}; plunder, i.e. violence; violence, violent perverting.. gozal. See {{h1469}}.","strongs_number":"h1499"},"h1500":{"pronunciation":"ghez-ay-law'","unicode":"גְּזֵלָה","translit":"gᵉzêlâh","definition":"feminine of {{h1498}} and meaning the same; that (he had robbed) (which he took violently away), spoil, violence.","strongs_number":"h1500"}}