{"h1501":{"pronunciation":"gaw-zawm'","unicode":"גָּזָם","translit":"gâzâm","definition":"from an unused root meaning to devour; a kind of locust; palmer-worm.","strongs_number":"h1501"},"h1502":{"pronunciation":"gaz-zawm'","unicode":"גַּזָּם","translit":"Gazzâm","definition":"from the same as {{h1501}}; devourer; Gazzam, one of the Nethinim; Gazzam.","strongs_number":"h1502"},"h1503":{"pronunciation":"geh'-zah","unicode":"גֶּזַע","translit":"gezaʻ","definition":"from an unused root meaning to cut down (trees); the trunk or stump of a tree (as felled or as planted); stem, stock.","strongs_number":"h1503"},"h1504":{"pronunciation":"gaw-zar'","unicode":"גָּזַר","translit":"gâzar","definition":"a primitive root; to cut down or off; (figuratively) to destroy, divide, exclude, or decide; cut down (off), decree, divide, snatch.","strongs_number":"h1504"},"h1505":{"pronunciation":"ghez-ar'","unicode":"גְּזַר","translit":"gᵉzar","definition":"(Aramaic) corresponding to {{h1504}}; to quarry; determine; cut out, soothsayer.","strongs_number":"h1505"},"h1506":{"pronunciation":"gheh'-zer","unicode":"גֶּזֶר","translit":"gezer","definition":"from {{h1504}}; something cut off; a portion; part, piece.","strongs_number":"h1506"},"h1507":{"pronunciation":"gheh'-zer","unicode":"גֶּזֶר","translit":"Gezer","definition":"the same as {{h1506}}; Gezer, a place in Palestine; Gazer, Gezer.","strongs_number":"h1507"},"h1508":{"pronunciation":"ghiz-raw'","unicode":"גִּזְרָה","translit":"gizrâh","definition":"feminine of {{h1506}}; the figure or person (as if cut out); also an inclosure (as separated); polishing, separate place.","strongs_number":"h1508"},"h1509":{"pronunciation":"ghez-ay-raw'","unicode":"גְּזֵרָה","translit":"gᵉzêrâh","definition":"from {{h1504}}; a desert (as separated); not inhabited.","strongs_number":"h1509"},"h1510":{"pronunciation":"ghez-ay-raw'","unicode":"גְּזֵרָה","translit":"gᵉzêrâh","definition":"(Aramaic) from {{h1505}} (as {{h1504}}); a decree; decree.","strongs_number":"h1510"},"h1511":{"pronunciation":"ghiz-ree'","unicode":"גִּזְרִי","translit":"Gizrîy","definition":"(in the m patrial from {{h1507}}; a Gezerite (collectively) or inhabitants of Gezer; but better (as in the text) bytransposition גִּזְרִיxlit Girzîy corrected to Gizrîy; patrial of {{h1630}}; a Grizite (collectively) or member of a native tribe in Palestine; Gezrites.","strongs_number":"h1511"},"h1512":{"pronunciation":"gaw-khone'","unicode":"גָּחוֹן","translit":"gâchôwn","definition":"probably from {{h1518}}; (compare {{h1521}}); the external abdomen, belly (as the source of the faetus); belly.","strongs_number":"h1512"},"h1513":{"pronunciation":"geh'-khel","unicode":"גֶּחֶל","translit":"gechel","definition":"or (feminine) גַּחֶלֶת; from an unused root meaning to glow or kindle; an ember; (burning) coal.","strongs_number":"h1513"},"h1514":{"pronunciation":"gah'-kham","unicode":"גַּחַם","translit":"Gacham","definition":"from an unused root meaning to burn; flame; Gacham, a son of Nahor; Gaham.","strongs_number":"h1514"},"h1515":{"pronunciation":"gah'-khar","unicode":"גַּחַר","translit":"Gachar","definition":"from an unused root meaning to hide; lurker; Gachar, one of the Nethinim; Gahar.","strongs_number":"h1515"},"h1516":{"pronunciation":"gah'-ee","unicode":"גַּיְא","translit":"gayʼ","definition":"or (shortened) גַּי; probably (by transmutation) from the same root as {{h1466}} (abbreviated); a gorge (from its lofty sides; hence, narrow, but not a gully or winter-torrent); valley.","strongs_number":"h1516"},"h1517":{"pronunciation":"gheed","unicode":"גִּיד","translit":"gîyd","definition":"probably from {{h1464}}; a thong (as compressing); by analogy, a tendon; sinew.","strongs_number":"h1517"},"h1518":{"pronunciation":"ghee'-akh","unicode":"גִּיחַ","translit":"gîyach","definition":"or (shortened) גֹּחַ; a primitive root; to gush forth (as water), generally to issue; break forth, labor to bring forth, come forth, draw up, take out.","strongs_number":"h1518"},"h1519":{"pronunciation":"ghee'-akh","unicode":"גִּיחַ","translit":"gîyach","definition":"(Aramaic) or (shortened) גּוּחַ; (Aramaic), corresponding to {{h1518}}; to rush forth; strive.","strongs_number":"h1519"},"h1520":{"pronunciation":"ghee'-akh","unicode":"גִּיחַ","translit":"Gîyach","definition":"from {{h1518}}; a fountain; Giach, a place in Palestine; Giah.","strongs_number":"h1520"},"h1521":{"pronunciation":"ghee-khone'","unicode":"גִּיחוֹן","translit":"Gîychôwn","definition":"or (shortened) גִּחוֹן; from {{h1518}}; stream; Gichon, a river of Paradise; also a valley (or pool) near Jerusalem; Gihon.","strongs_number":"h1521"},"h1522":{"pronunciation":"gay-khah-zee'","unicode":"גֵּיחֲזִי","translit":"Gêychăzîy","definition":"or גֵּחֲזִי; apparently from {{h1516}} and {{h2372}}; valley of a visionary; Gechazi, the servant of Elisha; Gehazi.","strongs_number":"h1522"},"h1523":{"pronunciation":"gheel","unicode":"גִּיל","translit":"gîyl","definition":"or (by permutation) גּוּל; a primitive root; properly, to spin round (under the influence of any violent emotion), i.e. usually rejoice, or (as cringing) fear; be glad, joy, be joyful, rejoice.","strongs_number":"h1523"},"h1524":{"pronunciation":"gheel","unicode":"גִּיל","translit":"gîyl","definition":"from {{h1523}}; a revolution (of time, i.e. an age); also joy; × exceedingly, gladness, × greatly, joy, rejoice(-ing), sort.","strongs_number":"h1524"},"h1525":{"pronunciation":"ghee-law'","unicode":"גִּילָה","translit":"gîylâh","definition":"or גִּילַת; feminine of {{h1524}}; joy; joy, rejoicing.","strongs_number":"h1525"},"h1526":{"pronunciation":"ghee-lo-nee'","unicode":"גִּילֹנִי","translit":"Gîylônîy","definition":"patrial from {{h1542}}; a Gilonite or inhabitant of Giloh; Gilonite.","strongs_number":"h1526"},"h1527":{"pronunciation":"ghee-nath'","unicode":"גִּינַת","translit":"Gîynath","definition":"of uncertain derivation; Ginath, an Israelite; Ginath.","strongs_number":"h1527"},"h1528":{"pronunciation":"gheer","unicode":"גִּיר","translit":"gîyr","definition":"(Aramaic) corresponding to {{h1615}}; lime; plaster.","strongs_number":"h1528"},"h1529":{"pronunciation":"gay-shawn'","unicode":"גֵּישָׁן","translit":"Gêyshân","definition":"from the same as {{h1487}}; lumpish; Geshan, an Israelite; Geshan.","strongs_number":"h1529"},"h1530":{"pronunciation":"gal","unicode":"גַּל","translit":"gal","definition":"from {{h1556}}; something rolled, i.e. a heap of stone or dung (plural ruins), by analogy, a spring of water (plural waves); billow, heap, spring, wave.","strongs_number":"h1530"},"h1531":{"pronunciation":"gole","unicode":"גֹּל","translit":"gôl","definition":"from {{h1556}}; a cup for oil (as round); bowl.","strongs_number":"h1531"},"h1532":{"pronunciation":"gal-lawb'","unicode":"גַּלָּב","translit":"gallâb","definition":"from an unused root meaning to shave; a barber; barber.","strongs_number":"h1532"},"h1533":{"pronunciation":"ghil-bo'-ah","unicode":"גִּלְבֹּעַ","translit":"Gilbôaʻ","definition":"from {{h1530}} and {{h1158}}; fountain of ebullition; Gilboa, a mountain of Palestine; Gilboa.","strongs_number":"h1533"},"h1534":{"pronunciation":"gal-gal'","unicode":"גַּלְגַּל","translit":"galgal","definition":"by reduplication from {{h1556}}; a wheel; by analogy, a whirlwind; also dust (as whirled); heaven, rolling thing, wheel.","strongs_number":"h1534"},"h1535":{"pronunciation":"gal-gal'","unicode":"גַּלְגַּל","translit":"galgal","definition":"(Aramaic) corresponding to {{h1534}}; a wheel; wheel.","strongs_number":"h1535"},"h1536":{"pronunciation":"ghil-gawl'","unicode":"גִּלְגָּל","translit":"gilgâl","definition":"a variation of {{h1534}}; wheel.","strongs_number":"h1536"},"h1537":{"pronunciation":"ghil-gawl'","unicode":"גִּלְגָּל","translit":"Gilgâl","definition":"the same as {{h1536}} (with the article as a properly, noun); Gilgal, the name of three places in Palestine; Gilgal. See also {{h1019}}.","strongs_number":"h1537"},"h1538":{"pronunciation":"gul-go'-leth","unicode":"גֻּלְגֹּלֶת","translit":"gulgôleth","definition":"by reduplication from {{h1556}}; a skull (as round); by implication, a head (in enumeration of persons); head, every man, poll, skull.","strongs_number":"h1538"},"h1539":{"pronunciation":"ghe'-led","unicode":"גֶּלֶד","translit":"geled","definition":"from an unused root probably meaning to polish; the (human) skin (as smooth); skin.","strongs_number":"h1539"},"h1540":{"pronunciation":"gaw-law'","unicode":"גָּלָה","translit":"gâlâh","definition":"a primitive root; to denude (especially in a disgraceful sense); by implication, to exile (captives being usually stripped); figuratively, to reveal; advertise, appear, bewray, bring, (carry, lead, go) captive (into captivity), depart, disclose, discover, exile, be gone, open, × plainly, publish, remove, reveal, × shamelessly, shew, × surely, tell, uncover.","strongs_number":"h1540"},"h1541":{"pronunciation":"ghel-aw'","unicode":"גְּלָה","translit":"gᵉlâh","definition":"(Aramaic) or גְּלָא; (Aramaic), corresponding to {{h1540}}; bring over, carry away, reveal.","strongs_number":"h1541"},"h1542":{"pronunciation":"ghee-lo'","unicode":"גִּלֹה","translit":"Gilôh","definition":"or (fully) גִּילֹה; from {{h1540}}; open; Giloh, a place in Palestine; Giloh.","strongs_number":"h1542"},"h1543":{"pronunciation":"gool-law'","unicode":"גֻּלָּה","translit":"gullâh","definition":"feminine from {{h1556}}; a fountain, bowl or globe (all as round); bowl, pommel, spring.","strongs_number":"h1543"},"h1544":{"pronunciation":"ghil-lool'","unicode":"גִּלּוּל","translit":"gillûwl","definition":"or (shortened) גִּלֻּל; from {{h1556}}; properly, a log (as round); by implication, an idol; idol.","strongs_number":"h1544"},"h1545":{"pronunciation":"ghel-ome'","unicode":"גְּלוֹם","translit":"gᵉlôwm","definition":"from {{h1563}}; clothing (as wrapped); clothes.","strongs_number":"h1545"},"h1546":{"pronunciation":"gaw-looth'","unicode":"גָּלוּת","translit":"gâlûwth","definition":"feminine from {{h1540}}; captivity; concretely, exiles (collectively); (they that are carried away) captives(-ity).","strongs_number":"h1546"},"h1547":{"pronunciation":"gaw-looth'","unicode":"גָּלוּת","translit":"gâlûwth","definition":"(Aramaic) corresponding to {{h1546}}; captivity.","strongs_number":"h1547"},"h1548":{"pronunciation":"gaw-lakh'","unicode":"גָּלַח","translit":"gâlach","definition":"a primitive root; properly, to be bald, i.e. (causatively) to shave; figuratively to lay waste; poll, shave (off).","strongs_number":"h1548"},"h1549":{"pronunciation":"ghil-law-yone'","unicode":"גִּלָּיוֹן","translit":"gillâyôwn","definition":"or גִּלְיוֹן; from {{h1540}}; a tablet for writing (as bare); by analogy, a mirror (as a plate); glass, roll.","strongs_number":"h1549"},"h1550":{"pronunciation":"gaw-leel'","unicode":"גָּלִיל","translit":"gâlîyl","definition":"from {{h1556}}; a valve of a folding door (as turning); also a ring (as round); folding, ring.","strongs_number":"h1550"},"h1551":{"pronunciation":"gaw-leel'","unicode":"גָּלִיל","translit":"Gâlîyl","definition":"or (prolonged) גָּלִילָה; the same as {{h1550}}; a circle (with the article); Galil (as a special circuit) in the North of Palestine; Galilee.","strongs_number":"h1551"},"h1552":{"pronunciation":"ghel-ee-law'","unicode":"גְלִילָה","translit":"gᵉlîylâh","definition":"feminine of {{h1550}}; a circuit or region; border, coast, country.","strongs_number":"h1552"},"h1553":{"pronunciation":"ghel-ee-lowth'","unicode":"גְּלִילוֹת","translit":"Gᵉlîylôwth","definition":"plural of {{h1552}}; circles; Geliloth, a place in Palestine; Geliloth.","strongs_number":"h1553"},"h1554":{"pronunciation":"gal-leem'","unicode":"גַּלִּים","translit":"Gallîym","definition":"plural of {{h1530}}; springs; Gallim, a place in Palestine; Gallim.","strongs_number":"h1554"},"h1555":{"pronunciation":"gol-yath'","unicode":"גׇּלְיַת","translit":"Golyath","definition":"perhaps from {{h1540}}; exile; Goljath, a Philistine; Goliath.","strongs_number":"h1555"},"h1556":{"pronunciation":"gaw-lal'","unicode":"גָּלַל","translit":"gâlal","definition":"a primitive root; to roll (literally or figuratively); commit, remove, roll (away, down, together), run down, seek occasion, trust, wallow.","strongs_number":"h1556"},"h1557":{"pronunciation":"gaw-lawl'","unicode":"גָּלָל","translit":"gâlâl","definition":"from {{h1556}}; dung (as in balls); dung.","strongs_number":"h1557"},"h1558":{"pronunciation":"gaw-lawl'","unicode":"גָּלָל","translit":"gâlâl","definition":"from {{h1556}}; a circumstance (as rolled around); only used adverbially, on account of; because of, for (sake).","strongs_number":"h1558"},"h1559":{"pronunciation":"gaw-lawl'","unicode":"גָּלָל","translit":"Gâlâl","definition":"from {{h1556}}, in the sense of {{h1560}}; great; Galal, the name of two Israelites; Galal.","strongs_number":"h1559"},"h1560":{"pronunciation":"ghel-awl'","unicode":"גְּלָל","translit":"gᵉlâl","definition":"(Aramaic) from a root corresponding to {{h1556}}; weight or size (as if rolled); great.","strongs_number":"h1560"},"h1561":{"pronunciation":"gay'-lel","unicode":"גֵּלֶל","translit":"gêlel","definition":"a variation of {{h1557}}; dung (plural balls of dung); dung.","strongs_number":"h1561"},"h1562":{"pronunciation":"ghe-lal-ah'-ee","unicode":"גִּלֲלַי","translit":"Gilălay","definition":"from {{h1561}}; dungy; Gilalai, an Israelite; Gilalai.","strongs_number":"h1562"},"h1563":{"pronunciation":"gaw-lam'","unicode":"גָּלַם","translit":"gâlam","definition":"a primitive root; to fold; wrap together.","strongs_number":"h1563"},"h1564":{"pronunciation":"go'-lem","unicode":"גֹּלֶם","translit":"gôlem","definition":"from {{h1563}}; a wrapped (and unformed mass, i.e. as the embryo); substance yet being unperfect.","strongs_number":"h1564"},"h1565":{"pronunciation":"gal-mood'","unicode":"גַּלְמוּד","translit":"galmûwd","definition":"probably by prolonged from {{h1563}}; sterile (as wrapped up too hard); figuratively, desolate; desolate, solitary.","strongs_number":"h1565"},"h1566":{"pronunciation":"gaw-lah'","unicode":"גָּלַע","translit":"gâlaʻ","definition":"a primitive root; to be obstinate; (inter-) meddle (with).","strongs_number":"h1566"},"h1567":{"pronunciation":"gal-ade'","unicode":"גַּלְעֵד","translit":"Galʻêd","definition":"from {{h1530}} and {{h5707}}; heap of testimony; Galed, a memorial cairn East of the Jordan; Galeed.","strongs_number":"h1567"},"h1568":{"pronunciation":"ghil-awd'","unicode":"גִּלְעָד","translit":"Gilʻâd","definition":"probably from {{h1567}}; Gilad, a region East of the Jordan; also the name of three Israelites; Gilead, Gileadite.","strongs_number":"h1568"},"h1569":{"pronunciation":"ghil-aw-dee'","unicode":"גִּלְעָדִי","translit":"Gilʻâdîy","definition":"patronymically from {{h1568}}; a Giladite or descendant of Gilad; Gileadite.","strongs_number":"h1569"},"h1570":{"pronunciation":"gaw-lash'","unicode":"גָּלַשׁ","translit":"gâlash","definition":"a primitive root; probably to caper (as a goat); appear.","strongs_number":"h1570"},"h1571":{"pronunciation":"gam","unicode":"גַּם","translit":"gam","definition":"by contraction from an unused root meaning to gather; properly, assemblage; used only adverbially also, even, yea, though; often repeated as correl. both...and; again, alike, also, (so much) as (soon), both (so)...and, but, either...or, even, for all, (in) likewise (manner), moreover, nay...neither, one, then(-refore), though, what, with, yea.","strongs_number":"h1571"},"h1572":{"pronunciation":"gaw-maw'","unicode":"גָּמָא","translit":"gâmâʼ","definition":"a primitive root (literally or figuratively) to absorb; to absorb; swallow, drink.","strongs_number":"h1572"},"h1573":{"pronunciation":"go'-meh","unicode":"גֹּמֶא","translit":"gômeʼ","definition":"from {{h1572}}; properly, an absorbent, i.e. the bulrush (from its porosity); specifically the papyrus; (bul-) rush.","strongs_number":"h1573"},"h1574":{"pronunciation":"go'-med","unicode":"גֹּמֶד","translit":"gômed","definition":"from an unused root apparently meaning to grasp; properly, a span; cubit.","strongs_number":"h1574"},"h1575":{"pronunciation":"gam-mawd'","unicode":"גַּמָּד","translit":"gammâd","definition":"from the same as {{h1574}}; a warrior (as grasping weapons); Gammadims.","strongs_number":"h1575"},"h1576":{"pronunciation":"ghem-ool'","unicode":"גְּמוּל","translit":"gᵉmûwl","definition":"from {{h1580}}; treatment, i.e. an act (of good or ill); by implication, service or requital; as hast served, benefit, desert, deserving, that which he hath given, recompense, reward.","strongs_number":"h1576"},"h1577":{"pronunciation":"gaw-mool'","unicode":"גָּמוּל","translit":"gâmûwl","definition":"passive participle of {{h1580}}; rewarded; Gamul, an Israelite; Gamul. See also {{h1014}}.","strongs_number":"h1577"},"h1578":{"pronunciation":"ghem-oo-law'","unicode":"גְּמוּלָה","translit":"gᵉmûwlâh","definition":"feminine of {{h1576}}; meaning the same; deed, recompense, such a reward.","strongs_number":"h1578"},"h1579":{"pronunciation":"ghim-zo'","unicode":"גִּמְזוֹ","translit":"Gimzôw","definition":"of uncertain derivation; Gimzo, a place in Palestine; Gimzo.","strongs_number":"h1579"},"h1580":{"pronunciation":"gaw-mal'","unicode":"גָּמַל","translit":"gâmal","definition":"a primitive root; to treat a person (well or ill), i.e. benefit or requite; by implication (of toil), to ripen, i.e. (specifically) to wean; bestow on, deal bountifully, do (good), recompense, requite, reward, ripen,   serve, mean, yield.","strongs_number":"h1580"},"h1581":{"pronunciation":"gaw-mawl'","unicode":"גָּמָל","translit":"gâmâl","definition":"apparently from {{h1580}} (in the sense of labor or burden-bearing); a camel; camel.","strongs_number":"h1581"},"h1582":{"pronunciation":"ghem-al-lee'","unicode":"גְּמַלִּי","translit":"Gᵉmallîy","definition":"probably from {{h1581}}; cameldriver; Gemalli, an Israelite; Gemalli.","strongs_number":"h1582"},"h1583":{"pronunciation":"gam-lee-ale'","unicode":"גַּמְלִיאֵל","translit":"Gamlîyʼêl","definition":"from {{h1580}} and {{h410}}; reward of God; Gamliel, an Israelite; Gamaliel.","strongs_number":"h1583"},"h1584":{"pronunciation":"gaw-mar'","unicode":"גָּמַר","translit":"gâmar","definition":"a primitive root; to end (in the sense of completion or failure); cease, come to an end, fail, perfect, perform.","strongs_number":"h1584"},"h1585":{"pronunciation":"ghem-ar'","unicode":"גְּמַר","translit":"gᵉmar","definition":"(Aramaic) corresponding to {{h1584}}; perfect.","strongs_number":"h1585"},"h1586":{"pronunciation":"go'-mer","unicode":"גֹּמֶר","translit":"Gômer","definition":"from {{h1584}}; completion; Gomer, the name of a son of Japheth and of his descendants; also of a Hebrewess; Gomer.","strongs_number":"h1586"},"h1587":{"pronunciation":"ghem-ar-yaw'","unicode":"גְּמַרְיָה","translit":"Gᵉmaryâh","definition":"or גְּמַרְיָהוּ; from {{h1584}} and {{h3050}}; Jah has perfected; Gemarjah, the name of two Israelites; Gemariah.","strongs_number":"h1587"},"h1588":{"pronunciation":"gan","unicode":"גַּן","translit":"gan","definition":"from {{h1598}}; a garden (as fenced); garden.","strongs_number":"h1588"},"h1589":{"pronunciation":"gaw-nab'","unicode":"גָּנַב","translit":"gânab","definition":"a primitive root; to thieve (literally or figuratively); by implication, to deceive; carry away, × indeed, secretly bring, steal (away), get by stealth.","strongs_number":"h1589"},"h1590":{"pronunciation":"gaw-nab'","unicode":"גַּנָּב","translit":"gannâb","definition":"from {{h1589}}; a stealer; thief.","strongs_number":"h1590"},"h1591":{"pronunciation":"ghen-ay-baw'","unicode":"גְּנֵבָה","translit":"gᵉnêbâh","definition":"from {{h1589}}; stealing, i.e. (concretely) something stolen; theft.","strongs_number":"h1591"},"h1592":{"pronunciation":"ghen-oo-bath'","unicode":"גְּנֻבַת","translit":"Gᵉnubath","definition":"from {{h1589}}; theft; Genubath, an Edomitish prince; Genubath.","strongs_number":"h1592"},"h1593":{"pronunciation":"gan-naw'","unicode":"גַּנָּה","translit":"gannâh","definition":"feminine of {{h1588}}; a garden; garden.","strongs_number":"h1593"},"h1594":{"pronunciation":"ghin-naw'","unicode":"גִּנָּה","translit":"ginnâh","definition":"another form for {{h1593}}; garden.","strongs_number":"h1594"},"h1595":{"pronunciation":"gheh'-nez","unicode":"גֶּנֶז","translit":"genez","definition":"from an unused root meaning to store; treasure; by implication, a coffer; chest, treasury.","strongs_number":"h1595"},"h1596":{"pronunciation":"ghen-az'","unicode":"גְּנַז","translit":"gᵉnaz","definition":"(Aramaic) corresponding to {{h1595}}; treasure; treasure.","strongs_number":"h1596"},"h1597":{"pronunciation":"ghin-zak'","unicode":"גִּנְזַךְ","translit":"ginzak","definition":"prolonged from {{h1595}}; a treasury; treasury.","strongs_number":"h1597"},"h1598":{"pronunciation":"gaw-nan'","unicode":"גָּנַן","translit":"gânan","definition":"a primitive root; to hedge about, i.e. (generally) protect; defend.","strongs_number":"h1598"},"h1599":{"pronunciation":"ghin-neth-one","unicode":"גִּנְּתוֹן","translit":"Ginnᵉthôwn","definition":"or גִּנְּתוֹ; from {{h1598}}; gardener; Ginnethon or Ginnetho, an Israelite; Ginnetho, Ginnethon.","strongs_number":"h1599"},"h1600":{"pronunciation":"gaw-aw'","unicode":"גָּעָה","translit":"gâʻâh","definition":"a primitive root; to bellow (as cattle); low.","strongs_number":"h1600"}}