{"h1901":{"pronunciation":"haw-gheeg'","unicode":"הָגִיג","translit":"hâgîyg","definition":"from an unused root akin to {{h1897}}; properly, a murmur, i.e. complaint; meditation, musing.","strongs_number":"h1901"},"h1902":{"pronunciation":"hig-gaw-yone'","unicode":"הִגָּיוֹן","translit":"higgâyôwn","definition":"intensive from {{h1897}}; a murmuring sound, i.e. a musical notation (probably similar to the modern affettuoso to indicate solemnity of movement); by implication, a machination; device, Higgaion, meditation, solemn sound.","strongs_number":"h1902"},"h1903":{"pronunciation":"haw-gheen'","unicode":"הָגִין","translit":"hâgîyn","definition":"of uncertain derivation; perhaps suitable or turning; directly.","strongs_number":"h1903"},"h1904":{"pronunciation":"haw-gawr'","unicode":"הָגָר","translit":"Hâgâr","definition":"of uncertain (perhaps foreign) derivation; Hagar, the mother of Ishmael; Hagar.","strongs_number":"h1904"},"h1905":{"pronunciation":"hag-ree'","unicode":"הַגְרִי","translit":"Hagrîy","definition":"or (prolonged) הַגְרִיאxlit Hagrîʼ corrected to Hagrîyʼ; perhaps patronymically from {{h1904}}; a Hagrite or member of a certain Arabian clan; Hagarene, Hagarite, Haggeri.","strongs_number":"h1905"},"h1906":{"pronunciation":"hade","unicode":"הֵד","translit":"hêd","definition":"for {{h1959}}; a shout; sounding again.","strongs_number":"h1906"},"h1907":{"pronunciation":"had-daw-bawr'","unicode":"הַדָּבָר","translit":"haddâbâr","definition":"(Aramaic) probably of foreign origin; a vizier; counsellor.","strongs_number":"h1907"},"h1908":{"pronunciation":"had-ad'","unicode":"הֲדַד","translit":"Hădad","definition":"probably of foreign origin (compare {{h111}}); Hadad, the name of an idol, and of several kings of Edom; Hadad.","strongs_number":"h1908"},"h1909":{"pronunciation":"had-ad-eh'-zer","unicode":"הֲדַדְעֶזֶר","translit":"Hădadʻezer","definition":"from {{h1908}} and {{h5828}}; Hadad (is his) help; Hadadezer, a Syrian king; Hadadezer. Compare {{h1928}}.","strongs_number":"h1909"},"h1910":{"pronunciation":"had-ad-rim-mone'","unicode":"הֲדַדְרִמּוֹן","translit":"Hădadrimmôwn","definition":"from {{h1908}} and {{h7417}}; Hadad-Rimmon, a place in Palestine; Hadad-rimmon.","strongs_number":"h1910"},"h1911":{"pronunciation":"haw-daw'","unicode":"הָדָה","translit":"hâdâh","definition":"a primitive root (compare {{h3034}}); to stretch forth the hand; put.","strongs_number":"h1911"},"h1912":{"pronunciation":"ho'-doo","unicode":"הֹדוּ","translit":"Hôdûw","definition":"of foreign origin; Hodu (i.e. Hindustan); India.","strongs_number":"h1912"},"h1913":{"pronunciation":"had-o-rawm'","unicode":"הֲדוֹרָם","translit":"Hădôwrâm","definition":"or הֲדֹרָם; probably of foreign derivation; Hadoram, a son of Joktan, and the tribe descended from him; Hadoram.","strongs_number":"h1913"},"h1914":{"pronunciation":"hid-dah'ee","unicode":"הִדַּי","translit":"Hidday","definition":"of uncertain derivation; Hiddai, an Israelite; Hiddai.","strongs_number":"h1914"},"h1915":{"pronunciation":"haw-dak'","unicode":"הָדַךְ","translit":"hâdak","definition":"a primitive root (compare {{h1854}}); to crush with the foot; tread down.","strongs_number":"h1915"},"h1916":{"pronunciation":"had-ome'","unicode":"הֲדֹם","translit":"hădôm","definition":"from an unused root meaning to stamp upon; a footstool; (foot-) stool.","strongs_number":"h1916"},"h1917":{"pronunciation":"had-dawm'","unicode":"הַדָּם","translit":"haddâm","definition":"(Aramaic) from a root corresponding to that of {{h1916}}; something stamped to pieces, i.e. a bit; piece.","strongs_number":"h1917"},"h1918":{"pronunciation":"had-as'","unicode":"הֲדַס","translit":"hădaç","definition":"of uncertain derivation; the myrtle; myrtle (tree).","strongs_number":"h1918"},"h1919":{"pronunciation":"had-as-saw'","unicode":"הֲדַסָּה","translit":"Hădaççâh","definition":"feminine of {{h1918}}; Hadassah (or Esther); Hadassah.","strongs_number":"h1919"},"h1920":{"pronunciation":"haw-daf'","unicode":"הָדַף","translit":"hâdaph","definition":"a primitive root; to push away or down; cast away (out), drive, expel, thrust (away).","strongs_number":"h1920"},"h1921":{"pronunciation":"haw-dar'","unicode":"הָדַר","translit":"hâdar","definition":"a primitive root; to swell up (literally or figuratively, active or passive); by implication, to favor or honour, be high or proud; countenance, crooked place, glorious, honour, put forth.","strongs_number":"h1921"},"h1922":{"pronunciation":"had-ar'","unicode":"הֲדַר","translit":"hădar","definition":"(Aramaic) corresponding to {{h1921}}; to magnify (figuratively); glorify, honour.","strongs_number":"h1922"},"h1923":{"pronunciation":"had-ar'","unicode":"הֲדַר","translit":"hădar","definition":"(Aramaic) from {{h1922}}; magnificence; honour, majesty.","strongs_number":"h1923"},"h1924":{"pronunciation":"had-ar'","unicode":"הֲדַר","translit":"Hădar","definition":"the same as {{h1926}}; Hadar, an Edomite; Hadar.","strongs_number":"h1924"},"h1925":{"pronunciation":"heh'-der","unicode":"הֶדֶר","translit":"heder","definition":"from {{h1921}}; honour; used (figuratively) for the capital city (Jerusalem); glory.","strongs_number":"h1925"},"h1926":{"pronunciation":"haw-dawr'","unicode":"הָדָר","translit":"hâdâr","definition":"from {{h1921}}; magnificence, i.e. ornament or splendor; beauty, comeliness, excellency, glorious, glory, goodly, honour, majesty.","strongs_number":"h1926"},"h1927":{"pronunciation":"had-aw-raw'","unicode":"הֲדָרָה","translit":"hădârâh","definition":"feminine of {{h1926}}; decoration; beauty, honour.","strongs_number":"h1927"},"h1928":{"pronunciation":"had-ar-eh'-zer","unicode":"הֲדַרְעֶזֶר","translit":"Hădarʻezer","definition":"from {{h1924}} and {{h5828}}; Hadar (i.e. Hadad, {{h1908}}) is his help; (i.e. Hadadezer, {{h1909}}); Hadarezer,\ta Syrian king; Hadarezer.","strongs_number":"h1928"},"h1929":{"pronunciation":"haw","unicode":"הָהּ","translit":"hâhh","definition":"a shortened form of {{h162}}; ah! expressing grief; woe worth.","strongs_number":"h1929"},"h1930":{"pronunciation":"ho","unicode":"הוֹ","translit":"hôw","definition":"by permutation from {{h1929}}; oh!; alas.","strongs_number":"h1930"},"h1931":{"pronunciation":"hoo","unicode":"הוּא","translit":"hûwʼ","definition":"of which the feminine (beyond the Pentateuch) is הִיא; he a primitive word, the third person pronoun singular; he (she or it); only expressed when emphatic or without a verb; also (intensively) self, or (especially with the article) the same; sometimes (as demonstrative) this or that; occasionally (instead of copula) as or are; he, as for her, him(-self), it, the same, she (herself), such, that (...it), these, they, this, those, which (is), who.","strongs_number":"h1931"},"h1932":{"pronunciation":"hoo","unicode":"הוּא","translit":"hûwʼ","definition":"(Aramaic) or (feminine) הִיא; (Aramaic), corresponding to {{h1931}}; × are, it, this.","strongs_number":"h1932"},"h1933":{"pronunciation":"haw-vaw'","unicode":"הָוָא","translit":"hâvâʼ","definition":"or הָוָה; a primitive root (compare {{h183}}, {{h1961}}) supposed to mean properly, to breathe; to be (in the sense of existence); be, × have.","strongs_number":"h1933"},"h1934":{"pronunciation":"hav-aw'","unicode":"הָוָא","translit":"hâvâʼ","definition":"(Aramaic) or הָוָה; (Aramaic), corresponding to {{h1933}}; to exist; used in a great variety of applications (especially in connection with other words); be, become,   behold,   came (to pass),   cease,   cleave,   consider,   do,   give,   have,   judge,   keep,   labour,   mingle (self),   put,   see,   seek,   set,   slay,   take heed, tremble,   walk,   would.","strongs_number":"h1934"},"h1935":{"pronunciation":"hode","unicode":"הוֹד","translit":"hôwd","definition":"from an unused root; grandeur (i.e. an imposing form and appearance); beauty, comeliness, excellency, glorious, glory, goodly, honour, majesty.","strongs_number":"h1935"},"h1936":{"pronunciation":"hode","unicode":"הוֹד","translit":"Hôwd","definition":"the same as {{h1935}}; Hod, an Israelite; Hod.","strongs_number":"h1936"},"h1937":{"pronunciation":"ho-dev-aw'","unicode":"הוֹדְוָה","translit":"Hôwdᵉvâh","definition":"a form of {{h1938}}; Hodevah (or Hodevjah), an Israelite; Hodevah.","strongs_number":"h1937"},"h1938":{"pronunciation":"ho-dav-yaw'","unicode":"הוֹדַוְיָה","translit":"Hôwdavyâh","definition":"from {{h1935}} and {{h3050}}; majesty of Jah; Hodavjah, the name of three Israelites; Hodaviah.","strongs_number":"h1938"},"h1939":{"pronunciation":"ho-dah-yeh-vaw'-hoo","unicode":"הוֹדַיְוָהוּ","translit":"Hôwdayvâhûw","definition":"a form of {{h1938}}; Hodajvah, an Israelite; Hodaiah.","strongs_number":"h1939"},"h1940":{"pronunciation":"ho-dee-yaw'","unicode":"הוֹדִיָּה","translit":"Hôwdîyâh","definition":"a form for the feminine of {{h3064}}; a Jewess; Hodiah.","strongs_number":"h1940"},"h1941":{"pronunciation":"ho-dee-yaw'","unicode":"הוֹדִיָּה","translit":"Hôwdîyâh","definition":"a form of {{h1938}}; Hodijah, the name of three Israelites; Hodijah.","strongs_number":"h1941"},"h1942":{"pronunciation":"hav-vaw'","unicode":"הַוָּה","translit":"havvâh","definition":"from {{h1933}} (in the sense of eagerly coveting and rushing upon; by implication, of falling); desire; also ruin; calamity, iniquity, mischief, mischievous (thing), naughtiness, naughty, noisome, perverse thing, substance, very wickedness.","strongs_number":"h1942"},"h1943":{"pronunciation":"ho-vaw'","unicode":"הֹוָה","translit":"hôvâh","definition":"another form for {{h1942}}; ruin; mischief.","strongs_number":"h1943"},"h1944":{"pronunciation":"ho-hawm'","unicode":"הוֹהָם","translit":"Hôwhâm","definition":"of uncertain derivation; Hoham, a Canaanitish king; Hoham.","strongs_number":"h1944"},"h1945":{"pronunciation":"hoh'ee","unicode":"הוֹי","translit":"hôwy","definition":"a prolonged form of {{h1930}} (akin to {{h188}}); oh!; ah, alas, ho, O, woe.","strongs_number":"h1945"},"h1946":{"pronunciation":"hook","unicode":"הוּךְ","translit":"hûwk","definition":"(Aramaic) corresponding to {{h1981}}; to go; causatively, to bring; bring again, come, go (up).","strongs_number":"h1946"},"h1947":{"pronunciation":"ho-lay-law'","unicode":"הוֹלֵלָה","translit":"hôwlêlâh","definition":"feminine active participle of {{h1984}}; folly; madness.","strongs_number":"h1947"},"h1948":{"pronunciation":"ho-lay-looth'","unicode":"הוֹלֵלוּת","translit":"hôwlêlûwth","definition":"from active participle of {{h1984}}; folly; madness.","strongs_number":"h1948"},"h1949":{"pronunciation":"hoom","unicode":"הוּם","translit":"hûwm","definition":"a primitive root (compare {{h2000}}); to make an uproar, or agitate greatly; destroy, move, make a noise, put, ring again.","strongs_number":"h1949"},"h1950":{"pronunciation":"ho-mawm'","unicode":"הוֹמָם","translit":"Hôwmâm","definition":"from {{h2000}}; raging; Homam, an Edomitish chieftain; Homam. Compare {{h1967}}.","strongs_number":"h1950"},"h1951":{"pronunciation":"hoon","unicode":"הוּן","translit":"hûwn","definition":"a primitive root; properly, to be naught, i.e. (figuratively) to be (causatively, act) light; be ready.","strongs_number":"h1951"},"h1952":{"pronunciation":"hone","unicode":"הוֹן","translit":"hôwn","definition":"from the same as {{h1951}} in the sense of {{h202}}; wealth; by implication, enough; enough,   for nought, riches, substance, wealth.","strongs_number":"h1952"},"h1953":{"pronunciation":"ho-shaw-maw'","unicode":"הוֹשָׁמָע","translit":"Hôwshâmâʻ","definition":"from {{h3068}} and {{h8085}}; Jehovah has heard; Hoshama, an Israelite; Hoshama.","strongs_number":"h1953"},"h1954":{"pronunciation":"ho-shay'-ah","unicode":"הוֹשֵׁעַ","translit":"Hôwshêaʻ","definition":"from {{h3467}}; deliverer; Hoshea, the name of five Israelites; Hosea, Hoshea, Oshea.","strongs_number":"h1954"},"h1955":{"pronunciation":"ho-shah-yaw'","unicode":"הוֹשַׁעְיָה","translit":"Hôwshaʻyâh","definition":"from {{h3467}} and {{h3050}}; Jah has saved; Hoshajah, the name of two Israelites; Hoshaiah.","strongs_number":"h1955"},"h1956":{"pronunciation":"ho-theer'","unicode":"הוֹתִיר","translit":"Hôwthîyr","definition":"from {{h3498}}; he has caused to remain; Hothir, an Israelite; Hothir.","strongs_number":"h1956"},"h1957":{"pronunciation":"haw-zaw'","unicode":"הָזָה","translit":"hâzâh","definition":"a primitive root (compare {{h2372}}); to dream; sleep.","strongs_number":"h1957"},"h1958":{"pronunciation":"he","unicode":"הִי","translit":"hîy","definition":"for {{h5092}}; lamentation; woe. (For hiyr. See {{h1931}}, {{h1932}}.)","strongs_number":"h1958"},"h1959":{"pronunciation":"hay-dawd'","unicode":"הֵידָד","translit":"hêydâd","definition":"from an unused root (meaning to shout); acclamation; shout(-ing).","strongs_number":"h1959"},"h1960":{"pronunciation":"hoo-yed-aw'","unicode":"הֻיְּדָה","translit":"huyᵉdâh","definition":"from the same as {{h1959}}; properly, an acclaim, i.e. a choir of singers; thanksgiving.","strongs_number":"h1960"},"h1961":{"pronunciation":"haw-yaw","unicode":"הָיָה","translit":"hâyâh","definition":"a primitive root (compare {{h1933}}); to exist, i.e. be or become, come to pass (always emphatic, and not a mere copula or auxiliary); beacon, × altogether, be(-come), accomplished, committed, like), break, cause, come (to pass), do, faint, fall,   follow, happen, × have, last, pertain, quit (one-) self, require, × use.","strongs_number":"h1961"},"h1962":{"pronunciation":"hah-yaw'","unicode":"הַיָּה","translit":"hayâh","definition":"another form for {{h1943}}; ruin; calamity.","strongs_number":"h1962"},"h1963":{"pronunciation":"hake","unicode":"הֵיךְ","translit":"hêyk","definition":"another form for {{h349}}; how?; how.","strongs_number":"h1963"},"h1964":{"pronunciation":"hay-kawl'","unicode":"הֵיכָל","translit":"hêykâl","definition":"probably from {{h3201}} (in the sense of capacity); a large public building, such as a palace or temple; palace, temple.","strongs_number":"h1964"},"h1965":{"pronunciation":"hay-kal'","unicode":"הֵיכַל","translit":"hêykal","definition":"(Aramaic) corresponding to {{h1964}}; palace, temple.","strongs_number":"h1965"},"h1966":{"pronunciation":"hay-lale'","unicode":"הֵילֵל","translit":"hêylêl","definition":"from {{h1984}} (in the sense of brightness); the morning-star; lucifer.","strongs_number":"h1966"},"h1967":{"pronunciation":"hay-mawm'","unicode":"הֵימָם","translit":"Hêymâm","definition":"another form for {{h1950}}; Hemam, an Idumaean; Hemam.","strongs_number":"h1967"},"h1968":{"pronunciation":"hay-mawn'","unicode":"הֵימָן","translit":"Hêymân","definition":"probably from {{h539}}; faithful; Heman, the name of at least two Israelites; Heman.","strongs_number":"h1968"},"h1969":{"pronunciation":"heen","unicode":"הִין","translit":"hîyn","definition":"probably of Egyptian origin; a hin or liquid measure; hin.","strongs_number":"h1969"},"h1970":{"pronunciation":"haw-kar'","unicode":"הָכַר","translit":"hâkar","definition":"a primitive root; apparently; to injure; make self strange.","strongs_number":"h1970"},"h1971":{"pronunciation":"hak-kaw-raw'","unicode":"הַכָּרָה","translit":"hakkârâh","definition":"from {{h5234}}; respect, i.e. partiality; shew.","strongs_number":"h1971"},"h1972":{"pronunciation":"haw-law'","unicode":"הָלָא","translit":"hâlâʼ","definition":"probably denominatively from {{h1973}}; to remove or be remote; cast far off.","strongs_number":"h1972"},"h1973":{"pronunciation":"haw-leh-aw'","unicode":"הָלְאָה","translit":"hâlᵉʼâh","definition":"from the primitive form of the article (hal); to the distance, i.e. far away; also (of time) thus far; back, beyond, (hence,-) forward, hitherto, thence, forth, yonder.","strongs_number":"h1973"},"h1974":{"pronunciation":"hil-lool'","unicode":"הִלּוּל","translit":"hillûwl","definition":"from {{h1984}} (in the sense of rejoicing); a celebration of thanksgiving for harvest; merry, praise.","strongs_number":"h1974"},"h1975":{"pronunciation":"hal-lawz'","unicode":"הַלָּז","translit":"hallâz","definition":"from {{h1976}}; this or that; side, that, this.","strongs_number":"h1975"},"h1976":{"pronunciation":"hal-law-zeh'","unicode":"הַלָּזֶה","translit":"hallâzeh","definition":"from the article (see {{h1973}}) and {{h2088}}; this very; this.","strongs_number":"h1976"},"h1977":{"pronunciation":"hal-lay-zoo'","unicode":"הַלֵּזוּ","translit":"hallêzûw","definition":"another form of {{h1976}}; that; this.","strongs_number":"h1977"},"h1978":{"pronunciation":"haw-leek'","unicode":"הָלִיךְ","translit":"hâlîyk","definition":"from {{h1980}}; a walk, i.e. (by implication) a step; step.","strongs_number":"h1978"},"h1979":{"pronunciation":"hal-ee-kaw'","unicode":"הֲלִיכָה","translit":"hălîykâh","definition":"feminine of {{h1978}}; a walking; by implication, a procession or march, a caravan; company, going, walk, way.","strongs_number":"h1979"},"h1980":{"pronunciation":"haw-lak'","unicode":"הָלַךְ","translit":"hâlak","definition":"akin to {{h3212}}; a primitive root; to walk (in a great variety of applications, literally and figuratively); (all) along, apace, behave (self), come, (on) continually, be conversant, depart,   be eased, enter, exercise (self),   follow, forth, forward, get, go (about, abroad, along, away, forward, on, out, up and down),   greater, grow, be wont to haunt, lead, march, × more and more, move (self), needs, on, pass (away), be at the point, quite, run (along),   send, speedily, spread, still, surely,   tale-bearer,   travel(-ler), walk (abroad, on, to and fro, up and down, to places), wander, wax, (way-) faring man, × be weak, whirl.","strongs_number":"h1980"},"h1981":{"pronunciation":"hal-ak'","unicode":"הֲלַךְ","translit":"hălak","definition":"(Aramaic) corresponding to {{h1980}} (compare {{h1946}}); to walk; walk.","strongs_number":"h1981"},"h1982":{"pronunciation":"hay'-lek","unicode":"הֵלֶךְ","translit":"hêlek","definition":"from {{h1980}}; properly, a journey, i.e. (by implication) a wayfarer; also a flowing; × dropped, traveller.","strongs_number":"h1982"},"h1983":{"pronunciation":"hal-awk'","unicode":"הֲלָךְ","translit":"hălâk","definition":"(Aramaic) from {{h1981}}; properly, a journey, i.e. (by implication) toll on goods at a road; custom.","strongs_number":"h1983"},"h1984":{"pronunciation":"haw-lal'","unicode":"הָלַל","translit":"hâlal","definition":"a primitive root; to be clear (orig. of sound, but usually of color); to shine; hence, to make a show, to boast; and thus to be (clamorously) foolish; to rave; causatively, to celebrate; also to stultify; (make) boast (self), celebrate, commend, (deal, make), fool(-ish, -ly), glory, give (light), be (make, feign self) mad (against), give in marriage, (sing, be worthy of) praise, rage, renowned, shine.","strongs_number":"h1984"},"h1985":{"pronunciation":"hil-layl'","unicode":"הִלֵּל","translit":"Hillêl","definition":"from {{h1984}}; praising (namely God); Hillel, an Israelite; Hillel.","strongs_number":"h1985"},"h1986":{"pronunciation":"haw-lam'","unicode":"הָלַם","translit":"hâlam","definition":"a primitive root; to strike down; by implication, to hammer, stamp, conquer, disband; beat (down), break (down), overcome, smite (with the hammer).","strongs_number":"h1986"},"h1987":{"pronunciation":"hay'-lem","unicode":"הֶלֶם","translit":"Helem","definition":"from {{h1986}}; smiter; Helem, the name of two Israelites; Helem.","strongs_number":"h1987"},"h1988":{"pronunciation":"hal-ome'","unicode":"הֲלֹם","translit":"hălôm","definition":"from the article (see {{h1973}}); hither; here, hither(-(to)), thither.","strongs_number":"h1988"},"h1989":{"pronunciation":"hal-mooth'","unicode":"הַלְמוּת","translit":"halmûwth","definition":"from {{h1986}}; a hammer (or mallet); hammer.","strongs_number":"h1989"},"h1990":{"pronunciation":"hawm","unicode":"הָם","translit":"Hâm","definition":"of uncertain derivation; Ham, a region of Palestine; Ham.","strongs_number":"h1990"},"h1991":{"pronunciation":"haym","unicode":"הֵם","translit":"hêm","definition":"from {{h1993}}; abundance, i.e. wealth; any of theirs.","strongs_number":"h1991"},"h1992":{"pronunciation":"haym","unicode":"הֵם","translit":"hêm","definition":"or (prolonged) הֵמָּה; masculine plural from {{h1931}}; they (only used when emphatic); it, like, × (how, so) many (soever, more as) they (be), (the) same, × so, × such, their, them, these, they, those, which, who, whom, withal, ye.","strongs_number":"h1992"},"h1993":{"pronunciation":"haw-maw'","unicode":"הָמָה","translit":"hâmâh","definition":"a primitive root (compare {{h1949}}); to make a loud sound (like English 'hum'); by implication, to be in great commotion or tumult, to rage, war, moan, clamor; clamorous, concourse, cry aloud, be disquieted, loud, mourn, be moved, make a noise, rage, roar, sound, be troubled, make in tumult, tumultuous, be in an uproar.","strongs_number":"h1993"},"h1994":{"pronunciation":"him-mo'","unicode":"הִמּוֹ","translit":"himmôw","definition":"(Aramaic) or (prolonged) הִמּוֹן; (Aramaic), corresponding to {{h1992}}; they; × are, them, those.","strongs_number":"h1994"},"h1995":{"pronunciation":"haw-mone'","unicode":"הָמוֹן","translit":"hâmôwn","definition":"or הָמֹן; (Ezekiel 5:7), from {{h1993}}; a noise, tumult, crowd; also disquietude, wealth; abundance, company, many, multitude, multiply, noise, riches, rumbling, sounding, store, tumult.","strongs_number":"h1995"},"h1996":{"pronunciation":"ham-one' gohg","unicode":"הֲמוֹן גּוֹג","translit":"Hămôwn Gôwg","definition":"from {{h1995}} and {{h1463}}; the multitude of Gog; the fanciful name of an emblematic place in Palestine; Hamon-gog.","strongs_number":"h1996"},"h1997":{"pronunciation":"ham-o-naw'","unicode":"הֲמוֹנָה","translit":"Hămôwnâh","definition":"feminine of {{h1995}}; multitude; , the same as {{h1996}}; Hamonah; Hamonah.","strongs_number":"h1997"},"h1998":{"pronunciation":"hem-yaw'","unicode":"הֶמְיָה","translit":"hemyâh","definition":"from {{h1993}}; sound; noise.","strongs_number":"h1998"},"h1999":{"pronunciation":"ham-ool-law'","unicode":"הֲמֻלָּה","translit":"hămullâh","definition":"or (too fully) הֲמוּלָּה; (Jeremiah 11:16), feminine passive participle of an unused root meaning to rush (as rain with a windy roar); a sound; speech, tumult.","strongs_number":"h1999"},"h2000":{"pronunciation":"haw-mam'","unicode":"הָמַם","translit":"hâmam","definition":"a primitive root (compare {{h1949}}, {{h1993}}); properly, to put in commotion; by implication, to disturb, drive, destroy; break, consume, crush, destroy, discomfit, trouble, vex.","strongs_number":"h2000"}}