{"h2001":{"pronunciation":"haw-mawn'","unicode":"הָמָן","translit":"Hâmân","definition":"of foreign derivation; Haman, a Persian vizier; Haman.","strongs_number":"h2001"},"h2002":{"pronunciation":"ham-neek'","unicode":"הַמְנִיךְ","translit":"hamnîyk","definition":"(Aramaic) but the text is הֲמוּנֵךְ; of foreign origin; a necklace; chain.","strongs_number":"h2002"},"h2003":{"pronunciation":"haw-mawce'","unicode":"הָמָס","translit":"hâmâç","definition":"from an unused root apparently meaning to crackle; a dry twig or brushwood; melting.","strongs_number":"h2003"},"h2004":{"pronunciation":"hane","unicode":"הֵן","translit":"hên","definition":"feminine plural from {{h1931}}; they (only used when emphatic); × in, such like, (with) them, thereby, therein, (more than) they, wherein, in which, whom, withal.","strongs_number":"h2004"},"h2005":{"pronunciation":"hane","unicode":"הֵן","translit":"hên","definition":"a primitive particle; lo!; also (as expressing surprise) if; behold, if, lo, though.","strongs_number":"h2005"},"h2006":{"pronunciation":"hane","unicode":"הֵן","translit":"hên","definition":"(Aramaic) corresponding to {{h2005}}; lo! also there(-fore), (un-) less, whether, but, if; (that) if, or, whether.","strongs_number":"h2006"},"h2007":{"pronunciation":"hane'-naw","unicode":"הֵנָּה","translit":"hênnâh","definition":"prolongation for {{h2004}}; themselves (often used emphatic for the copula, also in indirect relation); × in, × such (and such things), their, (into) them, thence, therein, these, they (had), on this side, whose, wherein.","strongs_number":"h2007"},"h2008":{"pronunciation":"hane'-naw","unicode":"הֵנָּה","translit":"hênnâh","definition":"from {{h2004}}; hither or thither (but used both of place and time); here, hither(-to), now, on this (that) side,   since, this (that) way, thitherward,   thus far, to...fro,   yet.","strongs_number":"h2008"},"h2009":{"pronunciation":"hin-nay'","unicode":"הִנֵּה","translit":"hinnêh","definition":"prolongation for {{h2005}}; lo!; behold, lo, see.","strongs_number":"h2009"},"h2010":{"pronunciation":"han-aw-khaw'","unicode":"הֲנָחָה","translit":"hănâchâh","definition":"from {{h5117}}; permission of rest, i.e. quiet; release.","strongs_number":"h2010"},"h2011":{"pronunciation":"hin-nome'","unicode":"הִנֹּם","translit":"Hinnôm","definition":"probably of foreign origin; Hinnom, apparently a Jebusite; Hinnom.","strongs_number":"h2011"},"h2012":{"pronunciation":"hay-nah'","unicode":"הֵנַע","translit":"Hênaʻ","definition":"probably of foreign derivation; Hena, a place apparently in Mesopotamia; Hena.","strongs_number":"h2012"},"h2013":{"pronunciation":"haw-saw'","unicode":"הָסָה","translit":"hâçâh","definition":"a primitive root; to hush; hold peace (tongue), (keep) silence, be silent, still.","strongs_number":"h2013"},"h2014":{"pronunciation":"haf-oo-gaw'","unicode":"הֲפֻגָה","translit":"hăphugâh","definition":"from {{h6313}}; relaxation; intermission.","strongs_number":"h2014"},"h2015":{"pronunciation":"haw-fak'","unicode":"הָפַךְ","translit":"hâphak","definition":"a primitive root; to turn about or over; by implication, to change, overturn, return, pervert; × become, change, come, be converted, give, make (a bed), overthrow (-turn), perverse, retire, tumble, turn (again, aside, back, to the contrary, every way).","strongs_number":"h2015"},"h2016":{"pronunciation":"heh'-fek","unicode":"הֶפֶךְ","translit":"hephek","definition":"; or הֵפֶךְ; from {{h2015}}; a turn, i.e. the reverse; contrary.","strongs_number":"h2016"},"h2017":{"pronunciation":"ho'-fek","unicode":"הֹפֶךְ","translit":"hôphek","definition":"from {{h2015}}; an upset, i.e. (abstract) perversity; turning of things upside down.","strongs_number":"h2017"},"h2018":{"pronunciation":"haf-ay-kaw'","unicode":"הֲפֵכָה","translit":"hăphêkâh","definition":"feminine of {{h2016}}; destruction; overthrow.","strongs_number":"h2018"},"h2019":{"pronunciation":"haf-ak-pak'","unicode":"הֲפַכְפַּךְ","translit":"hăphakpak","definition":"by reduplication from {{h2015}}; very perverse; froward.","strongs_number":"h2019"},"h2020":{"pronunciation":"hats-tsaw-law'","unicode":"הַצָּלָה","translit":"hatstsâlâh","definition":"from {{h5337}}; rescue; deliverance.","strongs_number":"h2020"},"h2021":{"pronunciation":"ho'-tsen","unicode":"הֹצֶן","translit":"hôtsen","definition":"from an unused root meaning apparently to be sharp or strong; a weapon of war; chariot.","strongs_number":"h2021"},"h2022":{"pronunciation":"har","unicode":"הַר","translit":"har","definition":"a shortened form of {{h2042}}; a mountain or range of hills (sometimes used figuratively); hill (country), mount(-ain), × promotion.","strongs_number":"h2022"},"h2023":{"pronunciation":"hore","unicode":"הֹר","translit":"Hôr","definition":"another form of {{h2022}}; mountain; Hor, the name of a peak in Idumaea and of one in Syria; Hor.","strongs_number":"h2023"},"h2024":{"pronunciation":"haw-raw'","unicode":"הָרָא","translit":"Hârâʼ","definition":"perhaps from {{h2022}}; mountainousness; Hara, a region of Media; Hara.","strongs_number":"h2024"},"h2025":{"pronunciation":"har-ale'","unicode":"הַרְאֵל","translit":"harʼêl","definition":"from {{h2022}} and {{h410}}; mount of God; figuratively, the altar of burnt-offering; altar. Compare {{h739}}.","strongs_number":"h2025"},"h2026":{"pronunciation":"haw-rag'","unicode":"הָרַג","translit":"hârag","definition":"a primitive root; to smite with deadly intent; destroy, out of hand, kill, murder(-er), put to (death), make (slaughter), slay(-er), × surely.","strongs_number":"h2026"},"h2027":{"pronunciation":"heh'-reg","unicode":"הֶרֶג","translit":"hereg","definition":"from {{h2026}}; slaughter; be slain, slaughter.","strongs_number":"h2027"},"h2028":{"pronunciation":"har-ay-gaw'","unicode":"הֲרֵגָה","translit":"hărêgâh","definition":"feminine of {{h2027}}; slaughter; slaughter.","strongs_number":"h2028"},"h2029":{"pronunciation":"haw-raw'","unicode":"הָרָה","translit":"hârâh","definition":"a primitive root; to be (or become) pregnant, conceive (literally or figuratively); been, be with child, conceive, progenitor.","strongs_number":"h2029"},"h2030":{"pronunciation":"haw-reh'","unicode":"הָרֶה","translit":"hâreh","definition":"or הָרִי; (Hosea 14:1), from {{h2029}}; pregnant; (be, woman) with child, conceive, × great.","strongs_number":"h2030"},"h2031":{"pronunciation":"har-hor'","unicode":"הַרְהֹר","translit":"harhôr","definition":"(Aramaic) from a root corresponding to {{h2029}}; a mental conception; thought.","strongs_number":"h2031"},"h2032":{"pronunciation":"hay-rone'","unicode":"הֵרוֹן","translit":"hêrôwn","definition":"or הֵרָיוֹן; from {{h2029}}; pregnancy; conception.","strongs_number":"h2032"},"h2033":{"pronunciation":"har-o-ree'","unicode":"הֲרוֹרִי","translit":"Hărôwrîy","definition":"another form for {{h2043}}; a Harorite or mountaineer; Harorite.","strongs_number":"h2033"},"h2034":{"pronunciation":"har-ee-saw'","unicode":"הֲרִיסָה","translit":"hărîyçâh","definition":"from {{h2040}}; something demolished; ruin.","strongs_number":"h2034"},"h2035":{"pronunciation":"har-ee-sooth'","unicode":"הֲרִיסוּת","translit":"hărîyçûwth","definition":"from {{h2040}}; demolition; destruction.","strongs_number":"h2035"},"h2036":{"pronunciation":"ho-rawm'","unicode":"הֹרָם","translit":"Hôrâm","definition":"from an unused root (meaning to tower up); high; Horam, a Canaanitish king; Horam.","strongs_number":"h2036"},"h2037":{"pronunciation":"haw-room'","unicode":"הָרֻם","translit":"Hârum","definition":"passive participle of the same as {{h2036}}; high; Harum, an Israelite; Harum.","strongs_number":"h2037"},"h2038":{"pronunciation":"har-mone'","unicode":"הַרְמוֹן","translit":"harmôwn","definition":"from the same as {{h2036}}; a castle (from its height); palace.","strongs_number":"h2038"},"h2039":{"pronunciation":"haw-rawn'","unicode":"הָרָן","translit":"Hârân","definition":"perhaps from {{h2022}}; mountaineer; Haran, the name of two men; Haran.","strongs_number":"h2039"},"h2040":{"pronunciation":"haw-ras'","unicode":"הָרַס","translit":"hâraç","definition":"a primitive root; to pull down or in pieces, break, destroy; beat down, break (down, through), destroy, overthrow, pluck down, pull down, ruin, throw down, × utterly.","strongs_number":"h2040"},"h2041":{"pronunciation":"heh'-res","unicode":"הֶרֶס","translit":"hereç","definition":"from {{h2040}}; demolition; destruction.","strongs_number":"h2041"},"h2042":{"pronunciation":"haw-rawr'","unicode":"הָרָר","translit":"hârâr","definition":"from an unused root meaning to loom up; a mountain; hill, mount(-ain).","strongs_number":"h2042"},"h2043":{"pronunciation":"hah-raw-ree'","unicode":"הֲרָרִי","translit":"Hărârîy","definition":"or הָרָרִי; (2 Samuel 23:11), or הָארָרִי; (2 Samuel 23:34, last clause), apparently from {{h2042}}; a mountaineer; Hararite.","strongs_number":"h2043"},"h2044":{"pronunciation":"haw-shame'","unicode":"הָשֵׁם","translit":"Hâshêm","definition":"perhaps from the same as {{h2828}}; wealthy; Hashem, an Israelite; Hashem.","strongs_number":"h2044"},"h2045":{"pronunciation":"hashmaw-ooth'","unicode":"הַשְׁמָעוּת","translit":"hashmâʻûwth","definition":"from {{h8085}}; announcement; to cause to hear.","strongs_number":"h2045"},"h2046":{"pronunciation":"hit-took'","unicode":"הִתּוּךְ","translit":"hittûwk","definition":"from {{h5413}}; a melting; is melted.","strongs_number":"h2046"},"h2047":{"pronunciation":"hath-awk'","unicode":"הֲתָךְ","translit":"Hăthâk","definition":"probably of foreign origin; Hathak, a Persian eunuch; Hatach.","strongs_number":"h2047"},"h2048":{"pronunciation":"haw-thal'","unicode":"הָתַל","translit":"hâthal","definition":"a primitive root; to deride; by implication, to cheat; deal deceitfully, deceive, mock.","strongs_number":"h2048"},"h2049":{"pronunciation":"haw-thole'","unicode":"הָתֹל","translit":"hâthôl","definition":"from {{h2048}} (only in plural collectively); a derision; mocker.","strongs_number":"h2049"},"h2050":{"pronunciation":"haw-thath'","unicode":"הָתַת","translit":"hâthath","definition":"a primitive root; properly, to break in upon, i.e. to assail; imagine mischief.","strongs_number":"h2050"},"h2051":{"pronunciation":"ved-awn'","unicode":"וְדָן","translit":"Vᵉdân","definition":"perhaps for {{h5730}}; Vedan (or Aden), a place in Arabia; Dan also.","strongs_number":"h2051"},"h2052":{"pronunciation":"vaw-habe'","unicode":"וָהֵב","translit":"Vâhêb","definition":"of uncertain derivation; Vaheb, a place in Moab; what he did.","strongs_number":"h2052"},"h2053":{"pronunciation":"vaw","unicode":"וָו","translit":"vâv","definition":"probably; a hook (the name of the sixth Hebrew letter); hook.","strongs_number":"h2053"},"h2054":{"pronunciation":"vaw-zawr'","unicode":"וָזָר","translit":"vâzâr","definition":"presumed to be from an unused root meaning to bear guilt; crime; × strange.","strongs_number":"h2054"},"h2055":{"pronunciation":"vah-yez-aw'-thaw","unicode":"וַיְזָתָא","translit":"Vayzâthâʼ","definition":"of foreign origin; Vajezatha, a son of Haman; Vajezatha.","strongs_number":"h2055"},"h2056":{"pronunciation":"vaw-lawd'","unicode":"וָלָד","translit":"vâlâd","definition":"for {{h3206}}; a boy; child.","strongs_number":"h2056"},"h2057":{"pronunciation":"van-yaw'","unicode":"וַנְיָה","translit":"Vanyâh","definition":"perhaps for {{h6043}}; Vanjah, an Israelite; Vaniah.","strongs_number":"h2057"},"h2058":{"pronunciation":"vof-see'","unicode":"וׇפְסִי","translit":"Vophçîy","definition":"probably from {{h3254}}; additional; Vophsi, an Israelite; Vophsi.","strongs_number":"h2058"},"h2059":{"pronunciation":"vash-nee'","unicode":"וַשְׁנִי","translit":"Vashnîy","definition":"probably from {{h3461}}; weak; Vashni, an Israelite; Vashni.","strongs_number":"h2059"},"h2060":{"pronunciation":"vash-tee'","unicode":"וַשְׁתִּי","translit":"Vashtîy","definition":"of Persian origin; Vashti, the queen of Xerxes; Vashti. z","strongs_number":"h2060"},"h2061":{"pronunciation":"zeh-abe'","unicode":"זְאֵב","translit":"zᵉʼêb","definition":"from an unused root meaning to be yellow; a wolf; wolf.","strongs_number":"h2061"},"h2062":{"pronunciation":"zeh-abe'","unicode":"זְאֵב","translit":"Zᵉʼêb","definition":"the same as {{h2061}}; Zeeb, a Midianitish prince; Zeeb.","strongs_number":"h2062"},"h2063":{"pronunciation":"zothe'","unicode":"זֹאת","translit":"zôʼth","definition":"irregular feminine of {{h2088}}; this (often used adverb); hereby (-in, -with), it, likewise, the one (other, same), she, so (much), such (deed), that, therefore, these, this (thing), thus.","strongs_number":"h2063"},"h2064":{"pronunciation":"zaw-bad'","unicode":"זָבַד","translit":"zâbad","definition":"a primitive root; to confer; endure.","strongs_number":"h2064"},"h2065":{"pronunciation":"zeh'-bed","unicode":"זֶבֶד","translit":"zebed","definition":"from {{h2064}}; a gift; dowry.","strongs_number":"h2065"},"h2066":{"pronunciation":"zaw-bawd'","unicode":"זָבָד","translit":"Zâbâd","definition":"from {{h2064}}; giver; Zabad, the name of seven Israelites; Zabad.","strongs_number":"h2066"},"h2067":{"pronunciation":"zab-dee'","unicode":"זַבְדִּי","translit":"Zabdîy","definition":"from {{h2065}}; giving; Zabdi, the name of four Israelites; Zabdi.","strongs_number":"h2067"},"h2068":{"pronunciation":"zab-dee-ale'","unicode":"זַבְדִּיאֵל","translit":"Zabdîyʼêl","definition":"from {{h2065}} and {{h410}}; gift of God; Zabdiel, the name of two Israelites; Zabdiel.","strongs_number":"h2068"},"h2069":{"pronunciation":"zeb-ad-yaw'","unicode":"זְבַדְיָה","translit":"Zᵉbadyâh","definition":"or זְבַדְיָהוּ; from {{h2064}} and {{h3050}}; Jah has given; Zebadjah, the name of nine Israelites; Zebadiah.","strongs_number":"h2069"},"h2070":{"pronunciation":"zeb-oob'","unicode":"זְבוּב","translit":"zᵉbûwb","definition":"from an unused root (meaning to flit); a fly (especially one of a stinging nature); fly.","strongs_number":"h2070"},"h2071":{"pronunciation":"zaw-bood'","unicode":"זָבוּד","translit":"Zâbûwd","definition":"from {{h2064}}; given, Zabud, an Israelite; Zabud.","strongs_number":"h2071"},"h2072":{"pronunciation":"zab-bood'","unicode":"זַבּוּד","translit":"Zabbûwd","definition":"a form of {{h2071}}; given; Zabbud, an Israelite; Zabbud.","strongs_number":"h2072"},"h2073":{"pronunciation":"ze-bool'","unicode":"זְבוּל","translit":"zᵉbûwl","definition":"or זְבֻל; from {{h2082}}; a residence; dwell in, dwelling, habitation.","strongs_number":"h2073"},"h2074":{"pronunciation":"zeb-oo-loon'","unicode":"זְבוּלוּן","translit":"Zᵉbûwlûwn","definition":"or זְבֻלוּן; or זְבוּלֻן; from {{h2082}}; habitation; Zebulon, a son of Jacob; also his territory and tribe; Zebulun.","strongs_number":"h2074"},"h2075":{"pronunciation":"zeb-oo-lo-nee'","unicode":"זְבוּלֹנִי","translit":"Zᵉbûwlônîy","definition":"patronymically from {{h2074}}; a Zebulonite or descendant of Zebulun; Zebulonite.","strongs_number":"h2075"},"h2076":{"pronunciation":"zaw-bakh'","unicode":"זָבַח","translit":"zâbach","definition":"a primitive root; to slaughter an animal (usually in sacrifice); kill, offer, (do) sacrifice, slay.","strongs_number":"h2076"},"h2077":{"pronunciation":"zeh'-bakh","unicode":"זֶבַח","translit":"zebach","definition":"from {{h2076}}; properly, a slaughter, i.e. the flesh of an animal; by implication, a sacrifice (the victim or the act); offer(-ing), sacrifice.","strongs_number":"h2077"},"h2078":{"pronunciation":"zeh'-bakh","unicode":"זֶבַח","translit":"Zebach","definition":"the same as {{h2077}}; sacrifice; Zebach, a Midianitish prince; Zebah.","strongs_number":"h2078"},"h2079":{"pronunciation":"zab-bah'-ee","unicode":"זַבַּי","translit":"Zabbay","definition":"probably by orthographical error for {{h2140}}; Zabbai (or Zaccai), an Israelite; Zabbai.","strongs_number":"h2079"},"h2080":{"pronunciation":"zeb-ee-daw'","unicode":"זְבִידָה","translit":"Zᵉbîydâh","definition":"feminine from {{h2064}}; giving; Zebidah, an Israelitess; Zebudah.","strongs_number":"h2080"},"h2081":{"pronunciation":"zeb-ee-naw'","unicode":"זְבִינָא","translit":"Zᵉbîynâʼ","definition":"from an unused root (meaning to purchase); gainfulness; Zebina, an Israelite; Zebina.","strongs_number":"h2081"},"h2082":{"pronunciation":"zaw-bal'","unicode":"זָבַל","translit":"zâbal","definition":"a primitive root; apparently properly, to inclose, i.e.; to reside; dwell with.","strongs_number":"h2082"},"h2083":{"pronunciation":"zeb-ool'","unicode":"זְבֻל","translit":"Zᵉbul","definition":"the same as {{h2073}}; dwelling; Zebul, an Israelite; Zebul. Compare {{h2073}}.","strongs_number":"h2083"},"h2084":{"pronunciation":"zeb-an'","unicode":"זְבַן","translit":"zᵉban","definition":"(Aramaic) corresponding to the root of {{h2081}}; to acquire by purchase; gain.","strongs_number":"h2084"},"h2085":{"pronunciation":"zawg","unicode":"זָג","translit":"zâg","definition":"from an unused root probably meaning to inclose; the skin of a grape; husk.","strongs_number":"h2085"},"h2086":{"pronunciation":"zade'","unicode":"זֵד","translit":"zêd","definition":"from {{h2102}}; arrogant; presumptuous, proud.","strongs_number":"h2086"},"h2087":{"pronunciation":"zaw-done'","unicode":"זָדוֹן","translit":"zâdôwn","definition":"from {{h2102}}; arrogance; presumptuously, pride, proud (man).","strongs_number":"h2087"},"h2088":{"pronunciation":"zeh","unicode":"זֶה","translit":"zeh","definition":"a primitive word; the masculine demonstrative pronoun, this or that; he, × hence, × here, it(-self), × now, × of him, the one...the other, × than the other, (× out of) the (self) same, such (a one) that, these, this (hath, man), on this side...on that side, × thus, very, which. Compare {{h2063}}, {{h2090}}, {{h2097}}, {{h2098}}.","strongs_number":"h2088"},"h2089":{"pronunciation":"zeh","unicode":"זֶה","translit":"zeh","definition":"(1 Samuel by permutation for {{h7716}}; a sheep; lamb.","strongs_number":"h2089"},"h2090":{"pronunciation":"zo","unicode":"זֹה","translit":"zôh","definition":"for {{h2088}}; this or that; as well as another, it, this, that, thus and thus.","strongs_number":"h2090"},"h2091":{"pronunciation":"zaw-hawb'","unicode":"זָהָב","translit":"zâhâb","definition":"from an unused root meaning to shimmer; gold, figuratively, something gold-colored (i.e. yellow), as oil, a clear sky; gold(-en), fair weather.","strongs_number":"h2091"},"h2092":{"pronunciation":"zaw-ham'","unicode":"זָהַם","translit":"zâham","definition":"a primitive root; to be rancid, i.e. (transitively) to loathe; abhor.","strongs_number":"h2092"},"h2093":{"pronunciation":"zah'-ham","unicode":"זַהַם","translit":"Zaham","definition":"from {{h2092}}; loathing; Zaham, an Israelite; Zaham.","strongs_number":"h2093"},"h2094":{"pronunciation":"zaw-har'","unicode":"זָהַר","translit":"zâhar","definition":"a primitive root; to gleam; figuratively, to enlighten (by caution); admonish, shine, teach, (give) warn(-ing).","strongs_number":"h2094"},"h2095":{"pronunciation":"zeh-har'","unicode":"זְהַר","translit":"zᵉhar","definition":"(Aramaic) corresponding to {{h2094}}; (passively) be admonished; take heed.","strongs_number":"h2095"},"h2096":{"pronunciation":"zo'-har","unicode":"זֹהַר","translit":"zôhar","definition":"from {{h2094}}; brilliancy; brightness.","strongs_number":"h2096"},"h2097":{"pronunciation":"zo","unicode":"זוֹ","translit":"zôw","definition":"for {{h2088}}; this or that; that, this.","strongs_number":"h2097"},"h2098":{"pronunciation":"zoo","unicode":"זוּ","translit":"zûw","definition":"for {{h2088}}; this or that; that, this, × wherein, which, whom.","strongs_number":"h2098"},"h2099":{"pronunciation":"zeev'","unicode":"זִו","translit":"Ziv","definition":"probably from an unused root meaning to be prominent; properly, brightness (compare {{h2122}}), i.e. (figuratively) the month of flowers; Ziv (corresponding to Ijar or May); Zif.","strongs_number":"h2099"},"h2100":{"pronunciation":"zoob","unicode":"זוּב","translit":"zûwb","definition":"a primitive root; to flow freely (as water), i.e. (specifically) to have a (sexual) flux; figuratively, to waste away; also to overflow; flow, gush out, have a (running) issue, pine away, run.","strongs_number":"h2100"}}