{"h2101":{"pronunciation":"zobe","unicode":"זוֹב","translit":"zôwb","definition":"from {{h2100}}; a seminal or menstrual flux; issue.","strongs_number":"h2101"},"h2102":{"pronunciation":"zood","unicode":"זוּד","translit":"zûwd","definition":"or (by permutation) זִיד; a primitive root; to seethe; figuratively, to be insolent; be proud, deal proudly, presume, (come) presumptuously, sod.","strongs_number":"h2102"},"h2103":{"pronunciation":"zood","unicode":"זוּד","translit":"zûwd","definition":"(Aramaic) corresponding to {{h2102}}; to be proud; in pride.","strongs_number":"h2103"},"h2104":{"pronunciation":"zoo-zeem'","unicode":"זוּזִים","translit":"Zûwzîym","definition":"plural probably from the same as {{h2123}}; prominent; Zuzites, an aboriginal tribe of Palestine; Zuzims.","strongs_number":"h2104"},"h2105":{"pronunciation":"zo-khayth'","unicode":"זוֹחֵת","translit":"Zôwchêth","definition":"of uncertain origin; Zocheth, an Israelite; Zoheth.","strongs_number":"h2105"},"h2106":{"pronunciation":"zaw-veeth'","unicode":"זָוִית","translit":"zâvîyth","definition":"apparently from the same root as {{h2099}} (in the sense of prominence); an angle (as projecting), i.e. (by implication) a corner-column (or anta); corner(stone).","strongs_number":"h2106"},"h2107":{"pronunciation":"zool","unicode":"זוּל","translit":"zûwl","definition":"a primitive root (compare {{h2151}}); probably to shake out, i.e. (by implication) to scatter profusely; figuratively, to treat lightly; lavish, despise.","strongs_number":"h2107"},"h2108":{"pronunciation":"zoo-law'","unicode":"זוּלָה","translit":"zûwlâh","definition":"from {{h2107}}; probably scattering, i.e. removal; used adverbially, except; beside, but, only, save.","strongs_number":"h2108"},"h2109":{"pronunciation":"zoon","unicode":"זוּן","translit":"zûwn","definition":"a primitive root; perhaps properly, to be plump, i.e. (transitively) to nourish; feed.","strongs_number":"h2109"},"h2110":{"pronunciation":"zoon","unicode":"זוּן","translit":"zûwn","definition":"(Aramaic) corresponding to {{h2109}}; feed.","strongs_number":"h2110"},"h2111":{"pronunciation":"zoo'-ah","unicode":"זוּעַ","translit":"zûwaʻ","definition":"a primitive root; properly, to shake off, i.e. (figuratively) to agitate (as with fear); move, tremble, vex.","strongs_number":"h2111"},"h2112":{"pronunciation":"zoo'-ah","unicode":"זוּעַ","translit":"zûwaʻ","definition":"(Aramaic) corresponding to {{h2111}}; to shake (with fear); tremble.","strongs_number":"h2112"},"h2113":{"pronunciation":"zev-aw-aw'","unicode":"זְוָעָה","translit":"zᵉvâʻâh","definition":"from {{h2111}}; agitation, fear; be removed, trouble, vexation. Compare {{h2189}}.","strongs_number":"h2113"},"h2114":{"pronunciation":"zoor","unicode":"זוּר","translit":"zûwr","definition":"a primitive root; to turn aside (especially for lodging); hence to be a foreigner, strange, profane; specifically (active participle) to commit adultery; (come from) another (man, place), fanner, go away, (e-) strange(-r, thing, woman).","strongs_number":"h2114"},"h2115":{"pronunciation":"zoor","unicode":"זוּר","translit":"zûwr","definition":"a primitive root (compare {{h6695}}); to press together, tighten; close, rush, thrust together.","strongs_number":"h2115"},"h2116":{"pronunciation":"zoo-reh'","unicode":"זוּרֶה","translit":"zûwreh","definition":"from {{h2115}}; trodden on; that which is crushed.","strongs_number":"h2116"},"h2117":{"pronunciation":"zaw-zaw'","unicode":"זָזָא","translit":"zâzâʼ","definition":"probably from the root of {{h2123}}; prominent; Zaza, an Israelite; Zaza.","strongs_number":"h2117"},"h2118":{"pronunciation":"zaw-khakh'","unicode":"זָחַח","translit":"zâchach","definition":"a primitive root; to shove or displace; loose.","strongs_number":"h2118"},"h2119":{"pronunciation":"zaw-khal'","unicode":"זָחַל","translit":"zâchal","definition":"a primitive root; to crawl; by implication, to fear; be afraid, serpent, worm.","strongs_number":"h2119"},"h2120":{"pronunciation":"zo-kheh'-leth","unicode":"זֹחֶלֶת","translit":"Zôcheleth","definition":"feminine active participle of {{h2119}}; crawling (i.e. serpent); Zocheleth, a boundary stone in. Palestine; Zoheleth.","strongs_number":"h2120"},"h2121":{"pronunciation":"zay-dohn'","unicode":"זֵידוֹן","translit":"zêydôwn","definition":"from {{h2102}}; boiling of water, i.e. wave; proud.","strongs_number":"h2121"},"h2122":{"pronunciation":"zeev","unicode":"זִיו","translit":"zîyv","definition":"(Aramaic) corresponding to {{h2099}}; (figuratively) cheerfulness; brightness, countenance.","strongs_number":"h2122"},"h2123":{"pronunciation":"zeez","unicode":"זִיז","translit":"zîyz","definition":"from an unused root apparently meaning to be conspicuous; fulness of the breast; also a moving creature; abundance, wild beast.","strongs_number":"h2123"},"h2124":{"pronunciation":"zee-zaw'","unicode":"זִיזָא","translit":"Zîyzâʼ","definition":"apparently from the same as {{h2123}}; prominence; Ziza, the name of two Israelites; Ziza.","strongs_number":"h2124"},"h2125":{"pronunciation":"zee-zaw'","unicode":"זִיזָה","translit":"Zîyzâh","definition":"another form for {{h2124}}; Zizah, an Israelite; Zizah.","strongs_number":"h2125"},"h2126":{"pronunciation":"zee-naw'","unicode":"זִינָא","translit":"Zîynâʼ","definition":"from {{h2109}}; well-fed; or perhaps an orthographical error for {{h2124}}; Zina, an Israelite; Zina.","strongs_number":"h2126"},"h2127":{"pronunciation":"zee'-ah","unicode":"זִיעַ","translit":"Zîyaʻ","definition":"from {{h2111}}; agitation; Zia, an Israelite; Zia.","strongs_number":"h2127"},"h2128":{"pronunciation":"zeef","unicode":"זִיף","translit":"Zîyph","definition":"from the same as {{h2203}}; flowing; Ziph, the name of a place in Palestine; also of an Israelite; Ziph.","strongs_number":"h2128"},"h2129":{"pronunciation":"zee-faw'","unicode":"זִיפָה","translit":"Zîyphâh","definition":"feminine of {{h2128}}; a flowing; Ziphah, an Israelite; Ziphah.","strongs_number":"h2129"},"h2130":{"pronunciation":"zee-fee'","unicode":"זִיפִי","translit":"Zîyphîy","definition":"patrial from {{h2128}}; a Ziphite or inhabitant of Ziph; Ziphim, Ziphite.","strongs_number":"h2130"},"h2131":{"pronunciation":"zee-kaw'","unicode":"זִיקָה","translit":"zîyqâh","definition":"(Isaiah 50:11) (feminine); and זִק; or זֵק; from {{h2187}}; properly, what leaps forth, i.e. flash of fire, or a burning arrow; also (from the original sense of the root) a bond; chain, fetter, firebrand, spark.","strongs_number":"h2131"},"h2132":{"pronunciation":"zay'-yith","unicode":"זַיִת","translit":"zayith","definition":"probably from an unused root (akin to {{h2099}}); an olive (as yielding illuminating oil), the tree, the branch or the berry; olive (tree, -yard), Olivet.","strongs_number":"h2132"},"h2133":{"pronunciation":"zay-thawn'","unicode":"זֵיתָן","translit":"Zêythân","definition":"from {{h2132}}; olive grove; Zethan, an Israelite; Zethan.","strongs_number":"h2133"},"h2134":{"pronunciation":"zak","unicode":"זַךְ","translit":"zak","definition":"from {{h2141}}; clear; clean, pure.","strongs_number":"h2134"},"h2135":{"pronunciation":"zaw-kaw'","unicode":"זָכָה","translit":"zâkâh","definition":"a primitive root (compare {{h2141}}); to be translucent; figuratively, to be innocent; be (make) clean, cleanse, be clear, count pure.","strongs_number":"h2135"},"h2136":{"pronunciation":"zaw-koo'","unicode":"זָכוּ","translit":"zâkûw","definition":"(Aramaic) from a root corresponding to {{h2135}}; purity; innocency.","strongs_number":"h2136"},"h2137":{"pronunciation":"zek-oo-keeth","unicode":"זְכוּכִית","translit":"zᵉkûwkîyth","definition":"from {{h2135}}; properly, transparency, i.e. glass; crystal.","strongs_number":"h2137"},"h2138":{"pronunciation":"zaw-koor'","unicode":"זָכוּר","translit":"zâkûwr","definition":"properly, passive participle of {{h2142}}, but used for {{h2145}}; a male (of man or animals); males, men-children.","strongs_number":"h2138"},"h2139":{"pronunciation":"zaw-koor'","unicode":"זַכּוּר","translit":"Zakkûwr","definition":"from {{h2142}}; mindful; Zakkur, the name of seven Israelites; Zaccur, Zacchur.","strongs_number":"h2139"},"h2140":{"pronunciation":"zak-kah'-ee","unicode":"זַכַּי","translit":"Zakkay","definition":"from {{h2141}}; pure; Zakkai, an Israelite; Zaccai.","strongs_number":"h2140"},"h2141":{"pronunciation":"zaw-kak'","unicode":"זָכַךְ","translit":"zâkak","definition":"a primitive root (compare {{h2135}}); to be transparent or clean (phys. or morally); be (make) clean, be pure(-r).","strongs_number":"h2141"},"h2142":{"pronunciation":"zaw-kar'","unicode":"זָכַר","translit":"zâkar","definition":"a primitive root; also as denominative from {{h2145}}; properly, to mark (so as to be recognized), i.e. to remember; by implication, to mention; to be male; × burn (incense), × earnestly, be male, (make) mention (of), be mindful, recount, record(-er), remember, make to be remembered, bring (call, come, keep, put) to (in) remembrance, × still, think on, × well.","strongs_number":"h2142"},"h2143":{"pronunciation":"zay'-ker","unicode":"זֵכֶר","translit":"zêker","definition":"or זֶכֶר; from {{h2142}}; a memento, abstractly recollection (rarely if ever); by implication, commemoration; memorial, memory, remembrance, scent.","strongs_number":"h2143"},"h2144":{"pronunciation":"zeh'-ker","unicode":"זֶכֶר","translit":"Zeker","definition":"the same as {{h2143}}; Zeker, an Israelite; Zeker.","strongs_number":"h2144"},"h2145":{"pronunciation":"zaw-kawr'","unicode":"זָכָר","translit":"zâkâr","definition":"from {{h2142}}; properly, remembered, i.e. a male (of man or animals, as being the most noteworthy sex); × him, male, man(child, -kind).","strongs_number":"h2145"},"h2146":{"pronunciation":"zik-rone'","unicode":"זִכְרוֹן","translit":"zikrôwn","definition":"from {{h2142}}; a memento (or memorable thing, day or writing); memorial, record.","strongs_number":"h2146"},"h2147":{"pronunciation":"zik-ree'","unicode":"זִכְרִי","translit":"Zikrîy","definition":"from {{h2142}}; memorable; Zicri, the name of twelve Israelites; Zichri.","strongs_number":"h2147"},"h2148":{"pronunciation":"zek-ar-yaw'","unicode":"זְכַרְיָה","translit":"Zᵉkaryâh","definition":"or זְכַרְיָהוּ; from {{h2142}} and {{h3050}}; Jah has remembered; Zecarjah, the name of twenty-nine Israelites; Zachariah, Zechariah.","strongs_number":"h2148"},"h2149":{"pronunciation":"zool-looth'","unicode":"זֻלּוּת","translit":"zullûwth","definition":"from {{h2151}}; properly, a shaking, i.e. perhaps a tempest; vilest.","strongs_number":"h2149"},"h2150":{"pronunciation":"zal-zal'","unicode":"זַלְזַל","translit":"zalzal","definition":"by reduplication from {{h2151}}; tremulous, i.e. a twig; sprig.","strongs_number":"h2150"},"h2151":{"pronunciation":"zaw-lal'","unicode":"זָלַל","translit":"zâlal","definition":"a primitive root (compare {{h2107}}); to shake (as in the wind), i.e. to quake; figuratively, to be loose morally, worthless or prodigal; blow down, glutton, riotous (eater), vile.","strongs_number":"h2151"},"h2152":{"pronunciation":"zal-aw-faw'","unicode":"זַלְעָפָה","translit":"zalʻâphâh","definition":"or זִלְעָפָהxlit zilʻâphâph corrected to zilʻâphâh; from {{h2196}}; a glow (of wind or anger); also a famine (as consuming); horrible, horror, terrible.","strongs_number":"h2152"},"h2153":{"pronunciation":"zil-paw","unicode":"זִלְפָּה","translit":"Zilpâh","definition":"; from an unused root apparently meaning to trickle, as myrrh; fragrant dropping; Zilpah, Leah's maid; Zilpah.","strongs_number":"h2153"},"h2154":{"pronunciation":"zim-maw'","unicode":"זִמָּה","translit":"zimmâh","definition":"or זַמָּה; from {{h2161}}; a plan, especially a bad one; heinous crime, lewd(-ly, -ness), mischief, purpose, thought, wicked (device, mind, -ness).","strongs_number":"h2154"},"h2155":{"pronunciation":"zim-maw'","unicode":"זִמָּה","translit":"Zimmâh","definition":"the same as {{h2154}}; Zimmah, the name of two Israelites; Zimmah.","strongs_number":"h2155"},"h2156":{"pronunciation":"zem-o-raw'","unicode":"זְמוֹרָה","translit":"zᵉmôwrâh","definition":"or זְמֹרָה (feminine); and זְמֹר (masculine); from {{h2168}}; a twig (as pruned); vine, branch, slip.","strongs_number":"h2156"},"h2157":{"pronunciation":"zam-zome'","unicode":"זַמְזֹם","translit":"Zamzôm","definition":"from {{h2161}}; intriguing; a Zamzumite, or native tribe of Palestine; Zamzummim.","strongs_number":"h2157"},"h2158":{"pronunciation":"zaw-meer'","unicode":"זָמִיר","translit":"zâmîyr","definition":"or זָמִר; and (feminine) זְמִרָה; from {{h2167}}; a song to be accompanied with instrumental music; psalm(-ist), singing, song.","strongs_number":"h2158"},"h2159":{"pronunciation":"zaw-meer'","unicode":"זָמִיר","translit":"zâmîyr","definition":"from {{h2168}}; a twig (as pruned); branch.","strongs_number":"h2159"},"h2160":{"pronunciation":"zem-ee-raw'","unicode":"זְמִירָה","translit":"Zᵉmîyrâh","definition":"feminine of {{h2158}}; song; Zemirah, an Israelite; Zemira.","strongs_number":"h2160"},"h2161":{"pronunciation":"zaw-mam'","unicode":"זָמַם","translit":"zâmam","definition":"a primitive root; to plan, usually in a bad sense; consider, devise, imagine, plot, purpose, think (evil).","strongs_number":"h2161"},"h2162":{"pronunciation":"zaw-mawm'","unicode":"זָמָם","translit":"zâmâm","definition":"from {{h2161}}; a plot; wicked device.","strongs_number":"h2162"},"h2163":{"pronunciation":"zaw-man'","unicode":"זָמַן","translit":"zâman","definition":"a primitive root; to fix (a time); appoint.","strongs_number":"h2163"},"h2164":{"pronunciation":"zem-an'","unicode":"זְמַן","translit":"zᵉman","definition":"(Aramaic) corresponding to {{h2163}}; to agree (on a time and place); prepare.","strongs_number":"h2164"},"h2165":{"pronunciation":"zem-awn'","unicode":"זְמָן","translit":"zᵉmân","definition":"from {{h2163}}; an appointed occasion; season, time.","strongs_number":"h2165"},"h2166":{"pronunciation":"zem-awn'","unicode":"זְמָן","translit":"zᵉmân","definition":"(Aramaic) from {{h2165}}; the same as {{h2165}}; season, time.","strongs_number":"h2166"},"h2167":{"pronunciation":"zaw-mar'","unicode":"זָמַר","translit":"zâmar","definition":"a primitive root (perhaps identical with {{h2168}} through the idea of striking with the fingers); properly, to touch the strings or parts of a musical instrument, i.e. play upon it; to make music, accompanied by the voice; hence to celebrate in song and music; give praise, sing forth praises, psalms.","strongs_number":"h2167"},"h2168":{"pronunciation":"zaw-mar'","unicode":"זָמַר","translit":"zâmar","definition":"a primitive root (compare {{h2167}}, {{h5568}}, {{h6785}}); to trim (a vine); prune.","strongs_number":"h2168"},"h2169":{"pronunciation":"zeh'-mer","unicode":"זֶמֶר","translit":"zemer","definition":"apparently from {{h2167}} or {{h2168}}; a gazelle (from its lightly touching the ground); chamois.","strongs_number":"h2169"},"h2170":{"pronunciation":"zem-awr'","unicode":"זְמָר","translit":"zᵉmâr","definition":"(Aramaic) from a root corresponding to {{h2167}}; instrumental music; musick.","strongs_number":"h2170"},"h2171":{"pronunciation":"zam-mawr'","unicode":"זַמָּר","translit":"zammâr","definition":"(Aramaic) from the same as {{h2170}}; an instrumental musician; singer.","strongs_number":"h2171"},"h2172":{"pronunciation":"zim-raw'","unicode":"זִמְרָה","translit":"zimrâh","definition":"from {{h2167}}; a musical piece or song to be accompanied by an instrument; melody, psalm.","strongs_number":"h2172"},"h2173":{"pronunciation":"zim-raw'","unicode":"זִמְרָה","translit":"zimrâh","definition":"from {{h2168}}; pruned (i.e. choice) fruit; best fruit.","strongs_number":"h2173"},"h2174":{"pronunciation":"zim-ree'","unicode":"זִמְרִי","translit":"Zimrîy","definition":"from {{h2167}}; musical; Zimri, the name of five Israelites, and of an Arabian tribe; Zimri.","strongs_number":"h2174"},"h2175":{"pronunciation":"zim-rawn'","unicode":"זִמְרָן","translit":"Zimrân","definition":"from {{h2167}}; musical; Zimran, a son of Abraham by Keturah; Zimran.","strongs_number":"h2175"},"h2176":{"pronunciation":"zim-rawth'","unicode":"זִמְרָת","translit":"zimrâth","definition":"from {{h2167}}; instrumental music; by implication, praise; song.","strongs_number":"h2176"},"h2177":{"pronunciation":"zan","unicode":"זַן","translit":"zan","definition":"from {{h2109}}; properly, nourished (or fully developed), i.e. a form or sort; divers kinds, × all manner of store.","strongs_number":"h2177"},"h2178":{"pronunciation":"zan","unicode":"זַן","translit":"zan","definition":"(Aramaic) corresponding to {{h2177}}; sort; kind.","strongs_number":"h2178"},"h2179":{"pronunciation":"zaw-nab'","unicode":"זָנַב","translit":"zânab","definition":"a primitive root meaning to wag; used only as a denominative from {{h2180}}; to curtail, i.e. cut off the rear; smite the hindmost.","strongs_number":"h2179"},"h2180":{"pronunciation":"zaw-nawb'","unicode":"זָנָב","translit":"zânâb","definition":"from {{h2179}} (in the original sense of flapping); the tail (literally or figuratively); tail.","strongs_number":"h2180"},"h2181":{"pronunciation":"zaw-naw'","unicode":"זָנָה","translit":"zânâh","definition":"a primitive root [highly fed and therefore wanton]; to commit adultery (usually of the female, and less often of simple fornication, rarely of involuntary ravishment); figuratively, to commit idolatry (the Jewish people being regarded as the spouse of Jehovah); (cause to) commit fornication, × continually, × great, (be an, play the) harlot, (cause to be, play the) whore, (commit, fall to) whoredom, (cause to) go a-whoring, whorish.","strongs_number":"h2181"},"h2182":{"pronunciation":"zaw-no'-akh","unicode":"זָנוֹחַ","translit":"Zânôwach","definition":"from {{h2186}}; rejected; Zanoach, the name of two places in Palestine; Zanoah.","strongs_number":"h2182"},"h2183":{"pronunciation":"zaw-noon'","unicode":"זָנוּן","translit":"zânûwn","definition":"from {{h2181}}; adultery; figuratively, idolatry; whoredom.","strongs_number":"h2183"},"h2184":{"pronunciation":"zen-ooth'","unicode":"זְנוּת","translit":"zᵉnûwth","definition":"from {{h2181}}; adultery, i.e. (figuratively) infidelity, idolatry; whoredom.","strongs_number":"h2184"},"h2185":{"pronunciation":"zo-noth'","unicode":"זֹנוֹת","translit":"zônôwth","definition":"regarded by some as if from {{h2109}} or an unused root, and applied to military equipments; but evidently the feminine plural active participle of {{h2181}}; harlots; armour.","strongs_number":"h2185"},"h2186":{"pronunciation":"zaw-nakh'","unicode":"זָנַח","translit":"zânach","definition":"a primitive root meaning to push aside, i.e.; reject, forsake, fail; cast away (off), remove far away (off).","strongs_number":"h2186"},"h2187":{"pronunciation":"zaw-nak'","unicode":"זָנַק","translit":"zânaq","definition":"a primitive root; properly, to draw together the feet (as an animal about to dart upon its prey), i.e. to spring forward; leap.","strongs_number":"h2187"},"h2188":{"pronunciation":"zay-aw'","unicode":"זֵעָה","translit":"zêʻâh","definition":"from {{h2111}} (in the sense of {{h3154}}); perspiration; sweat.","strongs_number":"h2188"},"h2189":{"pronunciation":"zah-av-aw'","unicode":"זַעֲוָה","translit":"zaʻăvâh","definition":"by transposition for {{h2113}}; agitation, maltreatment; × removed, trouble.","strongs_number":"h2189"},"h2190":{"pronunciation":"zah-av-awn'","unicode":"זַעֲוָן","translit":"Zaʻăvân","definition":"from {{h2111}}; disquiet; Zaavan, an Idumaean; Zaavan.","strongs_number":"h2190"},"h2191":{"pronunciation":"zeh-ayr'","unicode":"זְעֵיר","translit":"zᵉʻêyr","definition":"from an unused root (akin (by permutation) to {{h6819}}), meaning to dwindle; small; little.","strongs_number":"h2191"},"h2192":{"pronunciation":"zeh-ayr'","unicode":"זְעֵיר","translit":"zᵉʻêyr","definition":"(Aramaic) corresponding to {{h2191}}; little.","strongs_number":"h2192"},"h2193":{"pronunciation":"zaw-ak'","unicode":"זָעַךְ","translit":"zâʻak","definition":"a primitive root; to extinguish; be extinct.","strongs_number":"h2193"},"h2194":{"pronunciation":"zaw-am'","unicode":"זָעַם","translit":"zâʻam","definition":"a primitive root; properly, to foam at the mouth, i.e. to be enraged; abhor, abominable, (be) angry, defy, (have) indignation.","strongs_number":"h2194"},"h2195":{"pronunciation":"zah'-am","unicode":"זַעַם","translit":"zaʻam","definition":"from {{h2194}}; strictly froth at the mouth, i.e. (figuratively) fury (especially of God's displeasure with sin); angry, indignation, rage.","strongs_number":"h2195"},"h2196":{"pronunciation":"zaw-af'","unicode":"זָעַף","translit":"zâʻaph","definition":"a primitive root; properly, to boil up, i.e. (figuratively) to be peevish or angry; fret, sad, worse liking, be wroth.","strongs_number":"h2196"},"h2197":{"pronunciation":"zah'-af","unicode":"זַעַף","translit":"zaʻaph","definition":"from {{h2196}}; anger; indignation, rage(-ing), wrath.","strongs_number":"h2197"},"h2198":{"pronunciation":"zaw-afe'","unicode":"זָעֵף","translit":"zâʻêph","definition":"from {{h2196}}; angry; displeased.","strongs_number":"h2198"},"h2199":{"pronunciation":"zaw-ak'","unicode":"זָעַק","translit":"zâʻaq","definition":"a primitive root; to shriek (from anguish or danger); by analogy, (as a herald) to announce or convene publicly; assemble, call (together), (make a) cry (out), come with such a company, gather (together), cause to be proclaimed.","strongs_number":"h2199"},"h2200":{"pronunciation":"zek'-eek","unicode":"זְעִק","translit":"zᵉʻiq","definition":"(Aramaic) corresponding to {{h2199}}; to make an outcry; cry.","strongs_number":"h2200"}}