{"h2401":{"pronunciation":"khat-aw-aw'","unicode":"חֲטָאָה","translit":"chăṭâʼâh","definition":"feminine of {{h2399}}; an offence, or a sacrifice for it; sin (offering).","strongs_number":"h2401"},"h2402":{"pronunciation":"khat-taw-aw'","unicode":"חַטָּאָה","translit":"chaṭṭâʼâh","definition":"(Aramaic) corresponding to {{h2401}}; an offence, and the penalty or sacrifice for it; sin (offering).","strongs_number":"h2402"},"h2403":{"pronunciation":"khat-taw-aw'","unicode":"חַטָּאָה","translit":"chaṭṭâʼâh","definition":"or חַטָּאת; from {{h2398}}; an offence (sometimes habitual sinfulness), and its penalty, occasion, sacrifice, or expiation; also (concretely) an offender; punishment (of sin), purifying(-fication for sin), sin(-ner, offering).","strongs_number":"h2403"},"h2404":{"pronunciation":"khaw-tab'","unicode":"חָטַב","translit":"châṭab","definition":"a primitive root; to chop or carve wood; cut down, hew(-er), polish.","strongs_number":"h2404"},"h2405":{"pronunciation":"khat-oo-baw'","unicode":"חֲטֻבָה","translit":"chăṭubâh","definition":"feminine passive participle of {{h2404}}; properly, a carving; hence, a tapestry (as figured); carved.","strongs_number":"h2405"},"h2406":{"pronunciation":"khit-taw'","unicode":"חִטָּה","translit":"chiṭṭâh","definition":"of uncertain derivation; wheat, whether the grain or the plant; wheat(-en).","strongs_number":"h2406"},"h2407":{"pronunciation":"khat-toosh'","unicode":"חַטּוּשׁ","translit":"Chaṭṭûwsh","definition":"from an unused root of uncertain signification; Chattush, the name of four or five Israelites; Hattush.","strongs_number":"h2407"},"h2408":{"pronunciation":"khat-ee'","unicode":"חֲטִי","translit":"chăṭîy","definition":"(Aramaic) from a root corresponding to {{h2398}}; an offence; sin.","strongs_number":"h2408"},"h2409":{"pronunciation":"khat-taw-yaw'","unicode":"חֲטָּיָא","translit":"chăṭṭâyâʼ","definition":"(Aramaic) from the same as {{h2408}}; an expiation; sin offering.","strongs_number":"h2409"},"h2410":{"pronunciation":"khat-ee-taw'","unicode":"חֲטִיטָא","translit":"Chăṭîyṭâʼ","definition":"from an unused root apparently meaning to dig out; explorer; Chatita, a temple porter; Hatita.","strongs_number":"h2410"},"h2411":{"pronunciation":"khat-teel'","unicode":"חַטִּיל","translit":"Chaṭṭîyl","definition":"from an unused root apparently meaning to wave; fluctuating; Chattil, one of 'Solomon's servants'; Hattil.","strongs_number":"h2411"},"h2412":{"pronunciation":"khat-ee-faw'","unicode":"חֲטִיפָא","translit":"Chăṭîyphâʼ","definition":"from {{h2414}}; robber; Chatipha, one of the Nethinim; Hatipha.","strongs_number":"h2412"},"h2413":{"pronunciation":"khaw-tam'","unicode":"חָטַם","translit":"châṭam","definition":"a primitive root; to stop; refrain.","strongs_number":"h2413"},"h2414":{"pronunciation":"khaw-taf'","unicode":"חָטַף","translit":"châṭaph","definition":"a primitive root; to clutch; hence, to seize as a prisoner; catch.","strongs_number":"h2414"},"h2415":{"pronunciation":"kho'-ter","unicode":"חֹטֵר","translit":"chôṭêr","definition":"from an unused root of uncertain signification; a twig; rod.","strongs_number":"h2415"},"h2416":{"pronunciation":"khah'-ee","unicode":"חַי","translit":"chay","definition":"from {{h2421}}; alive; hence, raw (flesh); fresh (plant, water, year), strong; also (as noun, especially in the feminine singular and masculine plural) life (or living thing), whether literally or figuratively; age, alive, appetite, (wild) beast, company, congregation, life(-time), live(-ly), living (creature, thing), maintenance,   merry, multitude,   (be) old, quick, raw, running, springing, troop.","strongs_number":"h2416"},"h2417":{"pronunciation":"khah'-ee","unicode":"חַי","translit":"chay","definition":"(Aramaic) from {{h2418}}; alive; also (as noun in plural) life; life, that liveth, living.","strongs_number":"h2417"},"h2418":{"pronunciation":"khah-yaw'","unicode":"חֲיָא","translit":"chăyâʼ","definition":"(Aramaic) or חֲיָה; (Aramaic), corresponding to {{h2421}}; to live; live, keep alive.","strongs_number":"h2418"},"h2419":{"pronunciation":"khee-ale'","unicode":"חִיאֵל","translit":"Chîyʼêl","definition":"from {{h2416}} and {{h410}}; living of God; Chiel, an Israelite; Hiel.","strongs_number":"h2419"},"h2420":{"pronunciation":"khee-daw'","unicode":"חִידָה","translit":"chîydâh","definition":"from {{h2330}}; a puzzle, hence, a trick, conundrum, sententious maxim; dark saying (sentence, speech), hard question, proverb, riddle.","strongs_number":"h2420"},"h2421":{"pronunciation":"khaw-yaw'","unicode":"חָיָה","translit":"châyâh","definition":"a primitive root (compare {{h2331}}, {{h2421}}); to live, whether literally or figuratively; causatively, to revive; keep (leave, make) alive, × certainly, give (promise) life, (let, suffer to) live, nourish up, preserve (alive), quicken, recover, repair, restore (to life), revive, (× God) save (alive, life, lives), × surely, be whole.","strongs_number":"h2421"},"h2422":{"pronunciation":"khaw-yeh'","unicode":"חָיֶה","translit":"châyeh","definition":"from {{h2421}}; vigorous; lively.","strongs_number":"h2422"},"h2423":{"pronunciation":"khay-vaw'","unicode":"חֵיוָא","translit":"chêyvâʼ","definition":"(Aramaic) from {{h2418}}; an animal; beast.","strongs_number":"h2423"},"h2424":{"pronunciation":"khah-yooth'","unicode":"חַיּוּת","translit":"chayûwth","definition":"from {{h2421}}; life; × living.","strongs_number":"h2424"},"h2425":{"pronunciation":"khaw-yah'-ee","unicode":"חָיַי","translit":"châyay","definition":"a primitive root (compare {{h2421}}); to live; causatively to revive; live, save life.","strongs_number":"h2425"},"h2426":{"pronunciation":"khale","unicode":"חֵיל","translit":"chêyl","definition":"or (shortened) חֵל; a collateral form of {{h2428}}; an army; also (by analogy,) an intrenchment; army, bulwark, host,   poor, rampart, trench, wall.","strongs_number":"h2426"},"h2427":{"pronunciation":"kheel","unicode":"חִיל","translit":"chîyl","definition":"and (feminine) חִילָה; from {{h2342}}; a throe (expectant of childbirth); pain, pang, sorrow.","strongs_number":"h2427"},"h2428":{"pronunciation":"khah'-yil","unicode":"חַיִל","translit":"chayil","definition":"from {{h2342}}; probably a force, whether of men, means or other resources; an army, wealth, virtue, valor, strength; able, activity, ( ) army, band of men (soldiers), company, (great) forces, goods, host, might, power, riches, strength, strong, substance, train, ( ) valiant(-ly), valour, virtuous(-ly), war, worthy(-ily).","strongs_number":"h2428"},"h2429":{"pronunciation":"khah'-yil","unicode":"חַיִל","translit":"chayil","definition":"(Aramaic) corresponding to {{h2428}}; an army, or strength; aloud, army, × most (mighty), power.","strongs_number":"h2429"},"h2430":{"pronunciation":"khay-law'","unicode":"חֵילָה","translit":"chêylâh","definition":"feminine of {{h2428}}; an intrenchment; bulwark.","strongs_number":"h2430"},"h2431":{"pronunciation":"khay-lawm'","unicode":"חֵילָם","translit":"Chêylâm","definition":"or חֵלָאםxlit Chêlʼâm corrected to Chêlâʼm; from {{h2428}}; fortress; Chelam, a place East of Palestine; Helam.","strongs_number":"h2431"},"h2432":{"pronunciation":"khee-lane'","unicode":"חִילֵן","translit":"Chîylên","definition":"from {{h2428}}; fortress; Chilen, a place in Palestine; Hilen.","strongs_number":"h2432"},"h2433":{"pronunciation":"kheen","unicode":"חִין","translit":"chîyn","definition":"another form for {{h2580}}; beauty; comely.","strongs_number":"h2433"},"h2434":{"pronunciation":"khah'-yits","unicode":"חַיִץ","translit":"chayits","definition":"another form for {{h2351}}; a wall; wall.","strongs_number":"h2434"},"h2435":{"pronunciation":"khee-tsone'","unicode":"חִיצוֹן","translit":"chîytsôwn","definition":"from {{h2434}}; properly, the (outer) wall side; hence, exterior; figuratively, secular (as opposed to sacred); outer, outward, utter, without.","strongs_number":"h2435"},"h2436":{"pronunciation":"khake","unicode":"חֵיק","translit":"chêyq","definition":"or חֵק; and חוֹק; from an unused root, apparently meaning to inclose; the bosom (literally or figuratively); bosom, bottom, lap, midst, within.","strongs_number":"h2436"},"h2437":{"pronunciation":"khee-raw'","unicode":"חִירָה","translit":"Chîyrâh","definition":"from {{h2357}} in the sense of splendor; Chirah, an Adullamite; Hirah.","strongs_number":"h2437"},"h2438":{"pronunciation":"khee-rawm'","unicode":"חִירָם","translit":"Chîyrâm","definition":"or חִירוֹםlemma חִירֹם missing vav, corrected to חִירוֹם; another form of {{h2361}}; Chiram or Chirom, the name of two Tyrians; Hiram, Huram.","strongs_number":"h2438"},"h2439":{"pronunciation":"kheesh","unicode":"חִישׁ","translit":"chîysh","definition":"another form of {{h2363}}; to hurry; make haste.","strongs_number":"h2439"},"h2440":{"pronunciation":"kheesh","unicode":"חִישׁ","translit":"chîysh","definition":"from {{h2439}}; properly, a hurry; hence (adverb) quickly; soon.","strongs_number":"h2440"},"h2441":{"pronunciation":"khake","unicode":"חֵךְ","translit":"chêk","definition":"probably from {{h2596}} in the sense of tasting; properly, the palate or inside of the mouth; hence, the mouth itself (as the organ of speech, taste and kissing); (roof of the) mouth, taste.","strongs_number":"h2441"},"h2442":{"pronunciation":"khaw-kaw'","unicode":"חָכָה","translit":"châkâh","definition":"a primitive root (apparently akin to {{h2707}} through the idea of piercing); properly, to adhere to; hence, to await; long, tarry, wait.","strongs_number":"h2442"},"h2443":{"pronunciation":"khak-kaw'","unicode":"חַכָּה","translit":"chakkâh","definition":"probably from {{h2442}}; a hook (as adhering); angle, hook.","strongs_number":"h2443"},"h2444":{"pronunciation":"khak-ee-law'","unicode":"חֲכִילָה","translit":"Chăkîylâh","definition":"from the same as {{h2447}}; dark; Chakilah, a hill in Palestine; Hachilah.","strongs_number":"h2444"},"h2445":{"pronunciation":"khak-keem'","unicode":"חַכִּים","translit":"chakkîym","definition":"(Aramaic) from a root corresponding to {{h2449}}; wise, i.e. a Magian; wise.","strongs_number":"h2445"},"h2446":{"pronunciation":"khak-al-yaw'","unicode":"חֲכַלְיָה","translit":"Chăkalyâh","definition":"from the base of {{h2447}} and {{h3050}}; darkness of Jah; Chakaljah, an Israelite; Hachaliah.","strongs_number":"h2446"},"h2447":{"pronunciation":"khak-leel'","unicode":"חַכְלִיל","translit":"chaklîyl","definition":"by reduplication from an unused root apparently meaning to be dark; darkly flashing (only of the eyes); in a good sense, brilliant (as stimulated by wine); red.","strongs_number":"h2447"},"h2448":{"pronunciation":"khak-lee-looth'","unicode":"חַכְלִלוּת","translit":"chaklilûwth","definition":"from {{h2447}}; flash (of the eyes); in a bad sense, blearedness; redness.","strongs_number":"h2448"},"h2449":{"pronunciation":"khaw-kam'","unicode":"חָכַם","translit":"châkam","definition":"a primitive root,; to be wise (in mind, word or act); × exceeding, teach wisdom, be (make self, shew self) wise, deal (never so) wisely, make wiser.","strongs_number":"h2449"},"h2450":{"pronunciation":"khaw-kawm'","unicode":"חָכָם","translit":"châkâm","definition":"from {{h2449}}; wise, (i.e. intelligent, skilful or artful); cunning (man), subtil, (un-), wise((hearted), man).","strongs_number":"h2450"},"h2451":{"pronunciation":"khok-maw'","unicode":"חׇכְמָה","translit":"chokmâh","definition":"from {{h2449}}; wisdom (in a good sense); skilful, wisdom, wisely, wit.","strongs_number":"h2451"},"h2452":{"pronunciation":"khok-maw'","unicode":"חׇכְמָה","translit":"chokmâh","definition":"(Aramaic) corresponding to {{h2451}}; wisdom; wisdom.","strongs_number":"h2452"},"h2453":{"pronunciation":"khak-mo-nee'","unicode":"חַכְמוֹנִי","translit":"Chakmôwnîy","definition":"from {{h2449}}; skilful; Chakmoni, an Israelite; Hachmoni, Hachmonite.","strongs_number":"h2453"},"h2454":{"pronunciation":"khok-moth'","unicode":"חׇכְמוֹת","translit":"chokmôwth","definition":"or חַכְמוֹת; collateral forms of {{h2451}}; wisdom; wisdom, every wise (woman).","strongs_number":"h2454"},"h2455":{"pronunciation":"khole","unicode":"חֹל","translit":"chôl","definition":"from {{h2490}}; properly, exposed; hence, profane; common, profane (place), unholy.","strongs_number":"h2455"},"h2456":{"pronunciation":"khaw-law'","unicode":"חָלָא","translit":"châlâʼ","definition":"a primitive root (compare {{h2470}}); to be sick; be diseased.","strongs_number":"h2456"},"h2457":{"pronunciation":"khel-aw'","unicode":"חֶלְאָה","translit":"chelʼâh","definition":"from {{h2456}}; properly, disease; hence, rust; scum.","strongs_number":"h2457"},"h2458":{"pronunciation":"khel-aw'","unicode":"חֶלְאָה","translit":"Chelʼâh","definition":"the same as {{h2457}}; Chelah, an Israelitess; Helah.","strongs_number":"h2458"},"h2459":{"pronunciation":"kheh'-leb","unicode":"חֶלֶב","translit":"cheleb","definition":"or חֵלֶב; from an unused root meaning to be fat; fat, whether literally or figuratively; hence, the richest or choice part; × best, fat(-ness), × finest, grease, marrow.","strongs_number":"h2459"},"h2460":{"pronunciation":"khay'-leb","unicode":"חֵלֶב","translit":"Chêleb","definition":"the same as {{h2459}}; fatness; Cheleb, an Israelite; Heleb.","strongs_number":"h2460"},"h2461":{"pronunciation":"khaw-lawb'","unicode":"חָלָב","translit":"châlâb","definition":"from the same as {{h2459}}; milk (as the richness of kine); cheese, milk, sucking.","strongs_number":"h2461"},"h2462":{"pronunciation":"khel-baw'","unicode":"חֶלְבָּה","translit":"Chelbâh","definition":"feminine of {{h2459}}; fertility; Chelbah, a place in Palestine; Helbah.","strongs_number":"h2462"},"h2463":{"pronunciation":"khel-bone'","unicode":"חֶלְבּוֹן","translit":"Chelbôwn","definition":"from {{h2459}}; fruitful; Chelbon, a place in Syria; Helbah.","strongs_number":"h2463"},"h2464":{"pronunciation":"khel-ben-aw'","unicode":"חֶלְבְּנָה","translit":"chelbᵉnâh","definition":"from {{h2459}}; galbanam, an odorous gum (as if fatty); galbanum.","strongs_number":"h2464"},"h2465":{"pronunciation":"kheh'-led","unicode":"חֶלֶד","translit":"cheled","definition":"from an unused root apparently meaning to glide swiftly; life (as a fleeting portion of time); hence, the world (as transient); age, short time, world.","strongs_number":"h2465"},"h2466":{"pronunciation":"khay'-led","unicode":"חֵלֶד","translit":"chêled","definition":"the same as {{h2465}}; Cheled, an Israelite; Heled.","strongs_number":"h2466"},"h2467":{"pronunciation":"kho'-led","unicode":"חֹלֶד","translit":"chôled","definition":"from the same as {{h2465}}; a weasel (from its gliding motion); weasel.","strongs_number":"h2467"},"h2468":{"pronunciation":"khool-daw'","unicode":"חֻלְדָּה","translit":"Chuldâh","definition":"feminine of {{h2467}}; Chuldah, an Israelitess; Huldah.","strongs_number":"h2468"},"h2469":{"pronunciation":"khel-dah'-ee","unicode":"חֶלְדַּי","translit":"Chelday","definition":"from {{h2466}}; worldliness; Cheldai, the name of two Israelites; Heldai.","strongs_number":"h2469"},"h2470":{"pronunciation":"khaw-law'","unicode":"חָלָה","translit":"châlâh","definition":"a primitive root (compare {{h2342}}, {{h2470}}, {{h2490}}); properly, to be rubbed or worn; hence (figuratively) to be weak, sick, afflicted; or (causatively) to grieve, make sick; also to stroke (in flattering), entreat; beseech, (be) diseased, (put to) grief, be grieved, (be) grievous, infirmity, intreat, lay to, put to pain, × pray, make prayer, be (fall, make) sick, sore, be sorry, make suit (× supplication), woman in travail, be (become) weak, be wounded.","strongs_number":"h2470"},"h2471":{"pronunciation":"khal-law'","unicode":"חַלָּה","translit":"challâh","definition":"from {{h2490}}; a cake (as usually punctured); cake.","strongs_number":"h2471"},"h2472":{"pronunciation":"khal-ome'","unicode":"חֲלוֹם","translit":"chălôwm","definition":"or (shortened) חֲלֹם; from {{h2492}}; a dream; dream(-er).","strongs_number":"h2472"},"h2473":{"pronunciation":"kho-lone'","unicode":"חֹלוֹן","translit":"Chôlôwn","definition":"or (shortened) חֹלֹן; probably from {{h2344}}; sandy; Cholon, the name of two places in Palestine; Holon.","strongs_number":"h2473"},"h2474":{"pronunciation":"khal-lone'","unicode":"חַלּוֹן","translit":"challôwn","definition":"a window (as perforated); window.","strongs_number":"h2474"},"h2475":{"pronunciation":"khal-ofe'","unicode":"חֲלוֹף","translit":"chălôwph","definition":"from {{h2498}}; properly, surviving; by implication (collectively) orphans; × destruction.","strongs_number":"h2475"},"h2476":{"pronunciation":"khal-oo-shaw'","unicode":"חֲלוּשָׁה","translit":"chălûwshâh","definition":"feminine passive participle of {{h2522}}; defeat; being overcome.","strongs_number":"h2476"},"h2477":{"pronunciation":"khal-akh'","unicode":"חֲלַח","translit":"Chălach","definition":"probably of foreign origin; Chalach, a region of Assyria; Halah.","strongs_number":"h2477"},"h2478":{"pronunciation":"khal-khool'","unicode":"חַלְחוּל","translit":"Chalchûwl","definition":"by reduplication from {{h2342}}; contorted; Chalchul, a place in Palestine; Halhul.","strongs_number":"h2478"},"h2479":{"pronunciation":"khal-khaw-law'","unicode":"חַלְחָלָה","translit":"chalchâlâh","definition":"feminine from the same as {{h2478}}; writhing (in childbirth); by implication, terror; (great, much) pain.","strongs_number":"h2479"},"h2480":{"pronunciation":"khaw-lat'","unicode":"חָלַט","translit":"châlaṭ","definition":"a primitive root; to snatch at; catch.","strongs_number":"h2480"},"h2481":{"pronunciation":"khal-ee'","unicode":"חֲלִי","translit":"chălîy","definition":"from {{h2470}}; a trinket (as polished); jewel, ornament.","strongs_number":"h2481"},"h2482":{"pronunciation":"khal-ee'","unicode":"חֲלִי","translit":"Chălîy","definition":"the same as {{h2481}}; Chali, a place in Palestine; Hali.","strongs_number":"h2482"},"h2483":{"pronunciation":"khol-ee'","unicode":"חֳלִי","translit":"chŏlîy","definition":"from {{h2470}}; malady, anxiety, calamity; disease, grief, (is) sick(-ness).","strongs_number":"h2483"},"h2484":{"pronunciation":"khel-yaw'","unicode":"חֶלְיָה","translit":"chelyâh","definition":"feminine of {{h2481}}; a trinket; jewel.","strongs_number":"h2484"},"h2485":{"pronunciation":"khaw-leel'","unicode":"חָלִיל","translit":"châlîyl","definition":"from {{h2490}}; a flute (as perforated); pipe.","strongs_number":"h2485"},"h2486":{"pronunciation":"khaw-lee'-law","unicode":"חָלִילָה","translit":"châlîylâh","definition":"or חָלִלָה; a directive from {{h2490}}; literal for a profaned thing; used (interj.) far be it!; be far, (× God) forbid.","strongs_number":"h2486"},"h2487":{"pronunciation":"khal-ee-faw'","unicode":"חֲלִיפָה","translit":"chălîyphâh","definition":"from {{h2498}}; alternation; change, course.","strongs_number":"h2487"},"h2488":{"pronunciation":"khal-ee-tsaw'","unicode":"חֲלִיצָה","translit":"chălîytsâh","definition":"from {{h2503}}; spoil; armour.","strongs_number":"h2488"},"h2489":{"pronunciation":"khay-lek-aw'","unicode":"חֵלְכָא","translit":"chêlᵉkâʼ","definition":"or חֵלְכָה; apparently from an unused root probably meaning to be dark or (figuratively) unhappy; a wretch, i.e. unfortunate; poor.","strongs_number":"h2489"},"h2490":{"pronunciation":"khaw-lal'","unicode":"חָלַל","translit":"châlal","definition":"a primitive root (compare {{h2470}}); also\tdenominative (from {{h2485}}); properly, to bore, i.e. (by implication) to wound, to dissolve; figuratively, to profane (a person, place or thing), to break (one's word), to begin (as if by an 'opening wedge'); to play (the flute); begin (× men began), defile, × break, defile, × eat (as common things), × first, × gather the grape thereof, × take inheritance, pipe, player on instruments, pollute, (cast as) profane (self), prostitute, slay (slain), sorrow, stain, wound.","strongs_number":"h2490"},"h2491":{"pronunciation":"khaw-lawl'","unicode":"חָלָל","translit":"châlâl","definition":"from {{h2490}}; pierced (especially to death); figuratively, polluted; kill, profane, slain (man), × slew, (deadly) wounded.","strongs_number":"h2491"},"h2492":{"pronunciation":"khaw-lam'","unicode":"חָלַם","translit":"châlam","definition":"a primitive root; properly, to bind firmly, i.e. (by implication) to be (causatively to make) plump; also (through the figurative sense of dumbness) to dream; (cause to) dream(-er), be in good liking, recover.","strongs_number":"h2492"},"h2493":{"pronunciation":"khay'-lem","unicode":"חֵלֶם","translit":"chêlem","definition":"(Aramaic) from a root corresponding to {{h2492}}; a dream; dream.","strongs_number":"h2493"},"h2494":{"pronunciation":"khay'lem","unicode":"חֵלֶם","translit":"Chêlem","definition":"from {{h2492}}; a dream; Chelem, an Israelite; Helem. Compare {{h2469}}.","strongs_number":"h2494"},"h2495":{"pronunciation":"khal-law-mooth'","unicode":"חַלָּמוּת","translit":"challâmûwth","definition":"from {{h2492}} (in the sense of insipidity); probably purslain; egg.","strongs_number":"h2495"},"h2496":{"pronunciation":"klal-law-meesh'","unicode":"חַלָּמִישׁ","translit":"challâmîysh","definition":"probably from {{h2492}} (in the sense of hardness); flint; flint(-y), rock.","strongs_number":"h2496"},"h2497":{"pronunciation":"khay-lone'","unicode":"חֵלֹן","translit":"Chêlôn","definition":"from {{h2428}}; strong; Chelon, an Israelite; Helon.","strongs_number":"h2497"},"h2498":{"pronunciation":"khaw-laf'","unicode":"חָלַף","translit":"châlaph","definition":"a primitive root; properly, to slide by, i.e. (by implication) to hasten away, pass on, spring up, pierce or change; abolish, alter, change, cut off, go on forward, grow up, be over, pass (away, on, through), renew, sprout, strike through.","strongs_number":"h2498"},"h2499":{"pronunciation":"khal-af'","unicode":"חֲלַף","translit":"chălaph","definition":"(Aramaic) corresponding to {{h2498}}; to pass on (of time); pass.","strongs_number":"h2499"},"h2500":{"pronunciation":"klay'-lef","unicode":"חֵלֶף","translit":"chêleph","definition":"from {{h2498}}; properly, exchange; hence (as preposition) instead of; × for.","strongs_number":"h2500"}}