{"h2501":{"pronunciation":"kheh'lef","unicode":"חֶלֶף","translit":"Cheleph","definition":"the same as {{h2500}}; change; Cheleph, a place in Palestine; Heleph.","strongs_number":"h2501"},"h2502":{"pronunciation":"khaw-lats'","unicode":"חָלַץ","translit":"châlats","definition":"a primitive root; to pull off; hence (intensively) to strip, (reflex.) to depart; by implication, to deliver, equip (for fight); present, strengthen; arm (self), (go, ready) armed (× man, soldier), deliver, draw out, make fat, loose, (ready) prepared, put off, take away, withdraw self.","strongs_number":"h2502"},"h2503":{"pronunciation":"kheh'-lets","unicode":"חֶלֶץ","translit":"Chelets","definition":"or חֵלֶץ; from {{h2502}}; perhaps, strength; Chelets, the name of two Israelites; Helez.","strongs_number":"h2503"},"h2504":{"pronunciation":"khaw-lawts'","unicode":"חָלָץ","translit":"châlâts","definition":"from {{h2502}} (in the sense of strength); only in the dual; the loins (as the seat of vigor); loins, reins.","strongs_number":"h2504"},"h2505":{"pronunciation":"khaw-lak'","unicode":"חָלַק","translit":"châlaq","definition":"a primitive root; to be smooth (figuratively); by implication (as smooth stones were used for lots) to apportion or separate; deal, distribute, divide, flatter, give, (have, im-) part(-ner), take away a portion, receive, separate self, (be) smooth(-er).","strongs_number":"h2505"},"h2506":{"pronunciation":"khay'lek","unicode":"חֵלֶק","translit":"chêleq","definition":"from {{h2505}}; properly, smoothness (of the tongue); also an allotment; flattery, inheritance, part, × partake, portion.","strongs_number":"h2506"},"h2507":{"pronunciation":"khay'-lek","unicode":"חֵלֶק","translit":"Chêleq","definition":"the same as {{h2506}}; portion; Chelek, an Israelite; Helek.","strongs_number":"h2507"},"h2508":{"pronunciation":"khal-awk'","unicode":"חֲלָק","translit":"chălâq","definition":"(Aramaic) from a root corresponding to {{h2505}}; a part; portion.","strongs_number":"h2508"},"h2509":{"pronunciation":"khaw-lawk'","unicode":"חָלָק","translit":"châlâq","definition":"from {{h2505}}; smooth (especially of tongue); flattering, smooth.","strongs_number":"h2509"},"h2510":{"pronunciation":"khaw-lawk'","unicode":"חָלָק","translit":"Châlâq","definition":"the same as {{h2509}}; bare; Chalak, a mountain of Idumaea; Halak.","strongs_number":"h2510"},"h2511":{"pronunciation":"khal-lawk'","unicode":"חַלָּק","translit":"challâq","definition":"from {{h2505}}; smooth; smooth.","strongs_number":"h2511"},"h2512":{"pronunciation":"khal-look'","unicode":"חַלֻּק","translit":"challuq","definition":"from {{h2505}}; smooth; smooth.","strongs_number":"h2512"},"h2513":{"pronunciation":"khel-kaw'","unicode":"חֶלְקָה","translit":"chelqâh","definition":"feminine of {{h2506}}; properly, smoothness; figuratively, flattery; also an allotment; field, flattering(-ry), ground, parcel, part, piece of land (ground), plat, portion, slippery place, smooth (thing).","strongs_number":"h2513"},"h2514":{"pronunciation":"khal-ak-kaw'","unicode":"חֲלַקָּה","translit":"chălaqqâh","definition":"feminine from {{h2505}}; flattery; flattery.","strongs_number":"h2514"},"h2515":{"pronunciation":"khal-ook-kaw'","unicode":"חֲלֻקָּה","translit":"chăluqqâh","definition":"feminine of {{h2512}}; a distribution; division.","strongs_number":"h2515"},"h2516":{"pronunciation":"khel-kee'","unicode":"חֶלְקִי","translit":"Chelqîy","definition":"patronymically from {{h2507}}; a Chelkite or descendant of Chelek; Helkites.","strongs_number":"h2516"},"h2517":{"pronunciation":"khel-kah'ee","unicode":"חֶלְקַי","translit":"Chelqay","definition":"from {{h2505}}; apportioned; Chelkai, an Israelite; Helkai.","strongs_number":"h2517"},"h2518":{"pronunciation":"khil-kee-yaw'","unicode":"חִלְקִיָּה","translit":"Chilqîyâh","definition":"or חִלְקִיָּהוּ; from {{h2506}} and {{h3050}}; portion of Jah; Chilhijah, the name of eight Israelites; Hillkiah.","strongs_number":"h2518"},"h2519":{"pronunciation":"khal-ak-lak-kaw'","unicode":"חֲלַקְלַקָּה","translit":"chălaqlaqqâh","definition":"by reduplication from {{h2505}}; properly, something very smooth; i.e. a treacherous spot; figuratively, blandishment; flattery, slippery.","strongs_number":"h2519"},"h2520":{"pronunciation":"khel-kath'","unicode":"חֶלְקַת","translit":"Chelqath","definition":"a form of {{h2513}}; smoothness; Chelkath, a place in Palestine; Helkath.","strongs_number":"h2520"},"h2521":{"pronunciation":"khel-kath' hatstsoo-reem'","unicode":"חֶלְקַת הַצֻּרִים","translit":"Chelqath hats-Tsurîym","definition":"from {{h2520}} and the plural of {{h6697}}, with the article inserted; smoothness of the rocks; Chelkath Hats-tsurim, a place in Palestine; Helkath-hazzurim.","strongs_number":"h2521"},"h2522":{"pronunciation":"khaw-lash'","unicode":"חָלַשׁ","translit":"châlash","definition":"a primitive root; to prostrate; by implication, to overthrow, decay; discomfit, waste away, weaken.","strongs_number":"h2522"},"h2523":{"pronunciation":"khal-lawsh'","unicode":"חַלָּשׁ","translit":"challâsh","definition":"from {{h2522}}; frail; weak.","strongs_number":"h2523"},"h2524":{"pronunciation":"khawm","unicode":"חָם","translit":"châm","definition":"from the same as {{h2346}}; a father-in-law (as in affinity); father in law.","strongs_number":"h2524"},"h2525":{"pronunciation":"khawm","unicode":"חָם","translit":"châm","definition":"from {{h2552}}; hot; hot, warm.","strongs_number":"h2525"},"h2526":{"pronunciation":"khawm","unicode":"חָם","translit":"Châm","definition":"the same as {{h2525}}; hot (from the tropical habitat); Cham, a son of Noah; also (as a patronymic) his descendants or their country; Ham.","strongs_number":"h2526"},"h2527":{"pronunciation":"khome","unicode":"חֹם","translit":"chôm","definition":"from {{h2552}}; heat; heat, to be hot (warm).","strongs_number":"h2527"},"h2528":{"pronunciation":"khem-aw'","unicode":"חֱמָא","translit":"chĕmâʼ","definition":"(Aramaic) or חֲמָה; (Aramaic), corresponding to {{h2534}}; anger; fury.","strongs_number":"h2528"},"h2529":{"pronunciation":"khem-aw'","unicode":"חֶמְאָה","translit":"chemʼâh","definition":"or (shortened) חֵמָה; from the same root as {{h2346}}; curdled milk or cheese; butter.","strongs_number":"h2529"},"h2530":{"pronunciation":"khaw-mad'","unicode":"חָמַד","translit":"châmad","definition":"a primitive root; to delight in; beauty, greatly beloved, covet, delectable thing, (× great) delight, desire, goodly, lust, (be) pleasant (thing), precious (thing).","strongs_number":"h2530"},"h2531":{"pronunciation":"kheh'-med","unicode":"חֶמֶד","translit":"chemed","definition":"from {{h2530}}; delight; desirable, pleasant.","strongs_number":"h2531"},"h2532":{"pronunciation":"khem-daw'","unicode":"חֶמְדָּה","translit":"chemdâh","definition":"feminine of {{h2531}}; delight; desire, goodly, pleasant, precious.","strongs_number":"h2532"},"h2533":{"pronunciation":"khem-dawn'","unicode":"חֶמְדָּן","translit":"Chemdân","definition":"from {{h2531}}; pleasant; Chemdan, an Idumaean; Hemdan.","strongs_number":"h2533"},"h2534":{"pronunciation":"khay-maw'","unicode":"חֵמָה","translit":"chêmâh","definition":"or (Daniel 11:44) חֵמָא; from {{h3179}}; heat; figuratively, anger, poison (from its fever); anger, bottles, hot displeasure, furious(-ly, -ry), heat, indignation, poison, rage, wrath(-ful). See {{h2529}}.","strongs_number":"h2534"},"h2535":{"pronunciation":"kham-maw'","unicode":"חַמָּה","translit":"chammâh","definition":"from {{h2525}}; heat; by implication, the sun; heat, sun.","strongs_number":"h2535"},"h2536":{"pronunciation":"kham-moo-ale'","unicode":"חַמּוּאֵל","translit":"Chammûwʼêl","definition":"from {{h2535}} and {{h410}}; anger of God; Chammuel, an Israelite; Hamuel.","strongs_number":"h2536"},"h2537":{"pronunciation":"kham-oo-tal'","unicode":"חֲמוּטַל","translit":"Chămûwṭal","definition":"or חֲמִיטַל; from {{h2524}} and {{h2919}}; father-in-law of dew; Chamutal or Chamital, an Israelitess; Hamutal.","strongs_number":"h2537"},"h2538":{"pronunciation":"khaw-mool'","unicode":"חָמוּל","translit":"Châmûwl","definition":"from {{h2550}}; pitied; Chamul, an Israelite; Hamul.","strongs_number":"h2538"},"h2539":{"pronunciation":"khaw-moo-lee'","unicode":"חָמוּלִי","translit":"Châmûwlîy","definition":"patronymically from {{h2538}}; a Chamulite (collectively) or descendants of Chamul; Hamulites.","strongs_number":"h2539"},"h2540":{"pronunciation":"kham-mone'","unicode":"חַמּוֹן","translit":"Chammôwn","definition":"from {{h2552}}; warm spring; Chammon, the name of two places in Palestine; Hammon.","strongs_number":"h2540"},"h2541":{"pronunciation":"khaw-motse'","unicode":"חָמוֹץ","translit":"châmôwts","definition":"from {{h2556}}; properly, violent; by implication, a robber; oppressed.","strongs_number":"h2541"},"h2542":{"pronunciation":"kham-mook'","unicode":"חַמּוּק","translit":"chammûwq","definition":"from {{h2559}}; a wrapping, i.e. drawers; joints.","strongs_number":"h2542"},"h2543":{"pronunciation":"kham-ore'","unicode":"חֲמוֹר","translit":"chămôwr","definition":"or (shortened) חֲמֹר; from {{h2560}}; a male ass (from its dun red); (he) ass.","strongs_number":"h2543"},"h2544":{"pronunciation":"kham-ore'","unicode":"חֲמוֹר","translit":"Chămôwr","definition":"the same as {{h2543}}; donkey; Chamor, a Canaanite; Hamor.","strongs_number":"h2544"},"h2545":{"pronunciation":"kham-oth'","unicode":"חֲמוֹת","translit":"chămôwth","definition":"or (shortened) חֲמֹת; feminine of {{h2524}}; a mother-in-law; mother in law.","strongs_number":"h2545"},"h2546":{"pronunciation":"kho'met","unicode":"חֹמֶט","translit":"chômeṭ","definition":"from an unused root probably meaning, to lie low; a lizard (as creeping); snail.","strongs_number":"h2546"},"h2547":{"pronunciation":"khoom-taw'","unicode":"חֻמְטָה","translit":"Chumṭâh","definition":"feminine of {{h2546}}; low; Chumtah, a place in Palestine; Humtah.","strongs_number":"h2547"},"h2548":{"pronunciation":"khaw-meets'","unicode":"חָמִיץ","translit":"châmîyts","definition":"from {{h2556}}; seasoned, i.e. salt provender; clean.","strongs_number":"h2548"},"h2549":{"pronunciation":"kham-ee-shee'","unicode":"חֲמִישִׁי","translit":"chămîyshîy","definition":"or חֲמִשִּׁי; ordinal from {{h2568}}; fifth; also a fifth; fifth (part).","strongs_number":"h2549"},"h2550":{"pronunciation":"khaw-mal'","unicode":"חָמַל","translit":"châmal","definition":"a primitive root; to commiserate; by implication, to spare; have compassion, (have) pity, spare.","strongs_number":"h2550"},"h2551":{"pronunciation":"khem-law'","unicode":"חֶמְלָה","translit":"chemlâh","definition":"from {{h2550}}; commiseration; merciful, pity.","strongs_number":"h2551"},"h2552":{"pronunciation":"khaw-mam'","unicode":"חָמַם","translit":"châmam","definition":"a primitive root; to be hot (literally or figuratively); enflame self, get (have) heat, be (wax) hot, (be, wax) warm (self, at).","strongs_number":"h2552"},"h2553":{"pronunciation":"kham-mawn'","unicode":"חַמָּן","translit":"chammân","definition":"from {{h2535}}; a sun-pillar; idol, image.","strongs_number":"h2553"},"h2554":{"pronunciation":"khaw-mas'","unicode":"חָמַס","translit":"châmaç","definition":"a primitive root; to be violent; by implication, to maltreat; make bare, shake off, violate, do violence, take away violently, wrong, imagine wrongfully.","strongs_number":"h2554"},"h2555":{"pronunciation":"khaw-mawce'","unicode":"חָמָס","translit":"châmâç","definition":"from {{h2554}}; violence; by implication, wrong; by metonymy unjust gain; cruel(-ty), damage, false, injustice, × oppressor, unrighteous, violence (against, done), violent (dealing), wrong.","strongs_number":"h2555"},"h2556":{"pronunciation":"khaw-mates'","unicode":"חָמֵץ","translit":"châmêts","definition":"a primitive root; to be pungent; i.e. in taste (sour, i.e. literally fermented, or figuratively, harsh), in color (dazzling); cruel (man), dyed, be grieved, leavened.","strongs_number":"h2556"},"h2557":{"pronunciation":"khaw-mates'","unicode":"חָמֵץ","translit":"châmêts","definition":"from {{h2556}}; ferment, (figuratively) extortion; leaven, leavened (bread).","strongs_number":"h2557"},"h2558":{"pronunciation":"kho'-mets","unicode":"חֹמֶץ","translit":"chômets","definition":"from {{h2556}}; vinegar; vinegar.","strongs_number":"h2558"},"h2559":{"pronunciation":"khaw-mak'","unicode":"חָמַק","translit":"châmaq","definition":"a primitive root; properly, to wrap; hence, to depart (i.e. turn about); go about, withdraw self.","strongs_number":"h2559"},"h2560":{"pronunciation":"khaw-mar'","unicode":"חָמַר","translit":"châmar","definition":"a primitive root; also\tas denominative (from {{h2564}}); properly, to boil up; hence, to ferment (with scum); to glow (with redness); to smear with pitch; daub, befoul, be red, trouble.","strongs_number":"h2560"},"h2561":{"pronunciation":"kheh'-mer","unicode":"חֶמֶר","translit":"chemer","definition":"from {{h2560}}; wine (as fermenting); × pure, red wine.","strongs_number":"h2561"},"h2562":{"pronunciation":"kham-ar'","unicode":"חֲמַר","translit":"chămar","definition":"(Aramaic) corresponding to {{h2561}}; wine; wine.","strongs_number":"h2562"},"h2563":{"pronunciation":"kho'mer","unicode":"חֹמֶר","translit":"chômer","definition":"from {{h2560}}; properly, a bubbling up, i.e. of water, a wave; of earth, mire or clay (cement); also a heap; hence, a chomer or dry measure; clay, heap, homer, mire, motion.","strongs_number":"h2563"},"h2564":{"pronunciation":"khay-mawr'","unicode":"חֵמָר","translit":"chêmâr","definition":"from {{h2560}}; bitumen (as rising to the surface); slime(-pit).","strongs_number":"h2564"},"h2565":{"pronunciation":"kham-o-raw'","unicode":"חֲמֹרָה","translit":"chămôrâh","definition":"from {{h2560}} (compare {{h2563}}); a heap; heap.","strongs_number":"h2565"},"h2566":{"pronunciation":"kham-rawn'","unicode":"חַמְרָן","translit":"Chamrân","definition":"from {{h2560}}; red; Chamran, an Idumaean; Amran.","strongs_number":"h2566"},"h2567":{"pronunciation":"khaw-mash'","unicode":"חָמַשׁ","translit":"châmash","definition":"a denominative from {{h2568}}; to tax a fifth; take up the fifth participle","strongs_number":"h2567"},"h2568":{"pronunciation":"khaw-maysh'","unicode":"חָמֵשׁ","translit":"châmêsh","definition":"masculine חֲמִשָּׁה; a primitive numeral; five; fif(-teen), fifth, five (× apiece).","strongs_number":"h2568"},"h2569":{"pronunciation":"kho'-mesh","unicode":"חֹמֶשׁ","translit":"chômesh","definition":"from {{h2567}}; a fifth tax; fifth participle","strongs_number":"h2569"},"h2570":{"pronunciation":"kho'-mesh","unicode":"חֹמֶשׁ","translit":"chômesh","definition":"from an unused root probably meaning, to be stout; the abdomen (as obese); fifth (rib).","strongs_number":"h2570"},"h2571":{"pronunciation":"khaw-moosh'","unicode":"חָמֻשׁ","translit":"châmush","definition":"passive participle of the same as {{h2570}}; staunch, i.e. able-bodied soldiers; armed (men), harnessed.","strongs_number":"h2571"},"h2572":{"pronunciation":"kham-ish-sheem'","unicode":"חֲמִשִּׁים","translit":"chămishshîym","definition":"multiple of {{h2568}}; fifty; fifty.","strongs_number":"h2572"},"h2573":{"pronunciation":"khay'-meth","unicode":"חֵמֶת","translit":"chêmeth","definition":"from the same as {{h2346}}; a skin bottle (as tied up); bottle.","strongs_number":"h2573"},"h2574":{"pronunciation":"kham-awth'","unicode":"חֲמָת","translit":"Chămâth","definition":"from the same as {{h2346}}; walled; Chamath, a place in Syria; Hamath, Hemath.","strongs_number":"h2574"},"h2575":{"pronunciation":"klam-math'","unicode":"חַמַּת","translit":"Chammath","definition":"a variation for the first part of {{h2576}}; hot springs; Chammath, a place in Palestine; Hammath.","strongs_number":"h2575"},"h2576":{"pronunciation":"kham-moth' dore","unicode":"חַמֹּת דֹּאר","translit":"Chammôth Dôʼr","definition":"from the plural of {{h2535}} and {{h1756}}; hot springs of Dor; Chammath-Dor, a place in Palestine; Hamath-Dor.","strongs_number":"h2576"},"h2577":{"pronunciation":"kham-aw-thee'","unicode":"חֲמָתִי","translit":"Chămâthîy","definition":"patrial from {{h2574}}; a Chamathite or native of Chamath; Hamathite.","strongs_number":"h2577"},"h2578":{"pronunciation":"kham-ath' tso-baw'","unicode":"חֲמַת צוֹבָה","translit":"Chămath Tsôwbâh","definition":"from {{h2574}} and {{h6678}}; Chamath of Tsobah; probably the same as {{h2574}}; Chamath-Tsobah; Hamath-Zobah.","strongs_number":"h2578"},"h2579":{"pronunciation":"kham-ath' rab-baw'","unicode":"חֲמַת רַבָּה","translit":"Chămath Rabbâh","definition":"from {{h2574}} and {{h7237}}; Chamath of Rabbah; probably the same as {{h2574}}.; Chamath-Rabbah","strongs_number":"h2579"},"h2580":{"pronunciation":"khane","unicode":"חֵן","translit":"chên","definition":"from {{h2603}}; graciousness, i.e. subjective (kindness, favor) or objective (beauty); favour, grace(-ious), pleasant, precious, (well-) favoured.","strongs_number":"h2580"},"h2581":{"pronunciation":"khane","unicode":"חֵן","translit":"Chên","definition":"the same as {{h2580}}; grace; Chen, a figurative name for an Israelite; Hen.","strongs_number":"h2581"},"h2582":{"pronunciation":"khay-naw-dawd'","unicode":"חֵנָדָד","translit":"Chênâdâd","definition":"probably from {{h2580}} and {{h1908}}; favor of Hadad; Chenadad, an Israelite; Henadad.","strongs_number":"h2582"},"h2583":{"pronunciation":"khaw-naw'","unicode":"חָנָה","translit":"chânâh","definition":"a primitive root (compare {{h2603}}); properly, to incline; by implication, to decline (of the slanting rays of evening); specifically, to pitch a tent; generally to encamp (for abode or siege); abide (in tents), camp, dwell, encamp, grow to an end, lie, pitch (tent), rest in tent.","strongs_number":"h2583"},"h2584":{"pronunciation":"khan-naw'","unicode":"חַנָּה","translit":"Channâh","definition":"from {{h2603}}; favored; Channah, an Israelitess; Hannah.","strongs_number":"h2584"},"h2585":{"pronunciation":"khan-oke'","unicode":"חֲנוֹךְ","translit":"Chănôwk","definition":"from {{h2596}}; initiated; Chanok, an antediluvian patriach; Enoch.","strongs_number":"h2585"},"h2586":{"pronunciation":"khaw-noon'","unicode":"חָנוּן","translit":"Chânûwn","definition":"from {{h2603}}; favored; Chanun, the name of an Ammonite and of two Israelites; Hanun.","strongs_number":"h2586"},"h2587":{"pronunciation":"khan-noon'","unicode":"חַנּוּן","translit":"channûwn","definition":"from {{h2603}}; gracious; gracious.","strongs_number":"h2587"},"h2588":{"pronunciation":"khaw-nooth'","unicode":"חָנוּת","translit":"chânûwth","definition":"from {{h2583}}; properly, a vault or cell (with an arch); by implication, a prison; cabin.","strongs_number":"h2588"},"h2589":{"pronunciation":"klan-noth'","unicode":"חַנּוֹת","translit":"channôwth","definition":"from {{h2603}} (in the sense of prayer); supplication; be gracious, intreated.","strongs_number":"h2589"},"h2590":{"pronunciation":"khaw-nat'","unicode":"חָנַט","translit":"chânaṭ","definition":"a primitive root; to spice; by implication, to embalm; also to ripen; embalm, put forth.","strongs_number":"h2590"},"h2591":{"pronunciation":"khint-taw'","unicode":"חִנְטָא","translit":"chinṭâʼ","definition":"(Aramaic) corresponding to {{h2406}}; wheat; wheat.","strongs_number":"h2591"},"h2592":{"pronunciation":"khan-nee-ale'","unicode":"חַנִּיאֵל","translit":"Channîyʼêl","definition":"from {{h2603}} and {{h410}}; favor of God; Channiel, the name of two Israelites; Hanniel.","strongs_number":"h2592"},"h2593":{"pronunciation":"kaw-neek'","unicode":"חָנִיךְ","translit":"chânîyk","definition":"from {{h2596}}; initiated; i.e. practiced; trained.","strongs_number":"h2593"},"h2594":{"pronunciation":"khan-ee-naw'","unicode":"חֲנִינָה","translit":"chănîynâh","definition":"from {{h2603}}; graciousness; favour.","strongs_number":"h2594"},"h2595":{"pronunciation":"khan-eeth'","unicode":"חֲנִית","translit":"chănîyth","definition":"from {{h2583}}; a lance (for thrusting, like pitching a tent); javelin, spear.","strongs_number":"h2595"},"h2596":{"pronunciation":"khaw-nak'","unicode":"חָנַךְ","translit":"chânak","definition":"a primitive root; (compare {{h2614}}); properly, to narrow; figuratively, to initiate or discipline; dedicate, train up.","strongs_number":"h2596"},"h2597":{"pronunciation":"chan-ook-kaw'","unicode":"חֲנֻכָּא","translit":"chănukkâʼ","definition":"(Aramaic) corresponding to {{h2598}}; consecration; dedication.","strongs_number":"h2597"},"h2598":{"pronunciation":"khan-ook-kaw'","unicode":"חֲנֻכָּה","translit":"chănukkâh","definition":"from {{h2596}}; initiation, i.e. consecration; dedicating(-tion).","strongs_number":"h2598"},"h2599":{"pronunciation":"khan-o-kee'","unicode":"חֲנֹכִי","translit":"Chănôkîy","definition":"patronymically from {{h2585}}; a Chanokite (collectively) or descendants of Chanok; Hanochites.","strongs_number":"h2599"},"h2600":{"pronunciation":"khin-nawm'","unicode":"חִנָּם","translit":"chinnâm","definition":"from {{h2580}}; gratis, i.e. devoid of cost, reason or advantage; without a cause (cost, wages), causeless, to cost nothing, free(-ly), innocent, for nothing (nought, in vain.","strongs_number":"h2600"}}