{"h2701":{"pronunciation":"khats-ar'soo-saw'","unicode":"חֲצַר סוּסָה","translit":"Chătsar Çûwçâh","definition":"from {{h2691}} and {{h5484}}; village of cavalry; Chatsar-Susah, a place in Palestine; Hazar-susah.","strongs_number":"h2701"},"h2702":{"pronunciation":"khats-ar' soo-seem'","unicode":"חֲצַר סוּסִים","translit":"Chătsar Çûwçîym","definition":"from {{h2691}} and the plural of {{h5483}}; village of horses; Chatsar-Susim, a place in Palestine; Hazar-susim.","strongs_number":"h2702"},"h2703":{"pronunciation":"khats-ar' ay-none'","unicode":"חֲצַר עֵינוֹן","translit":"Chătsar ʻÊynôwn","definition":"from {{h2691}} and a derivative of {{h5869}}; village of springs; Chatsar-Enon, a place in Palestine; Hazar-enon.","strongs_number":"h2703"},"h2704":{"pronunciation":"khats-ar' ay-nawn'","unicode":"חֲצַר עֵינָן","translit":"Chătsar ʻÊynân","definition":"from {{h2691}} and the same as {{h5881}}; village of springs; Chatsar-Enan, a place in Palestine; Hazar-enan.","strongs_number":"h2704"},"h2705":{"pronunciation":"khats-ar' shoo-awl'","unicode":"חֲצַר שׁוּעָל","translit":"Chătsar Shûwʻâl","definition":"from {{h2691}} and {{h7776}}; village of (the) fox; Chatsar-Shual, a place in Palestine; Hazar-shual.","strongs_number":"h2705"},"h2706":{"pronunciation":"khoke","unicode":"חֹק","translit":"chôq","definition":"from {{h2710}}; an enactment; hence, an appointment (of time, space, quantity, labor or usage); appointed, bound, commandment, convenient, custom, decree(-d), due, law, measure, × necessary, ordinance(-nary), portion, set time, statute, task.","strongs_number":"h2706"},"h2707":{"pronunciation":"khaw-kaw'","unicode":"חָקָה","translit":"châqâh","definition":"a primitive root; to carve; by implication, to delineate; also to entrench; carved work, portrayed, set a print.","strongs_number":"h2707"},"h2708":{"pronunciation":"khook-kaw'","unicode":"חֻקָּה","translit":"chuqqâh","definition":"feminine of {{h2706}}, and meaning substantially the same; appointed, custom, manner, ordinance, site, statute.","strongs_number":"h2708"},"h2709":{"pronunciation":"khah-oo-faw'","unicode":"חֲקוּפָא","translit":"Chăqûwphâʼ","definition":"from an unused root probably meaning to bend; crooked; Chakupha, one of the Nethinim; Hakupha.","strongs_number":"h2709"},"h2710":{"pronunciation":"khaw-kak'","unicode":"חָקַק","translit":"châqaq","definition":"a primitive root; properly, to hack, i.e. engrave (Judges 5:14, to be a scribe simply); by implication, to enact (laws being cut in stone or metal tablets in primitive times) or (gen.) prescribe; appoint, decree, governor, grave, lawgiver, note, pourtray, print, set.","strongs_number":"h2710"},"h2711":{"pronunciation":"khay'-kek","unicode":"חֵקֶק","translit":"chêqeq","definition":"from {{h2710}}; an enactment, a resolution; decree, thought.","strongs_number":"h2711"},"h2712":{"pronunciation":"Khook-koke'","unicode":"חֻקֹּק","translit":"Chuqqôq","definition":"or (fully) חוּקֹק; from {{h2710}}; appointed; Chukkok or Chukok, a place in Palestine; Hukkok, Hukok.","strongs_number":"h2712"},"h2713":{"pronunciation":"khaw-kar'","unicode":"חָקַר","translit":"châqar","definition":"a primitive root; properly, to penetrate; hence, to examine intimately; find out, (make) search (out), seek (out), sound, try.","strongs_number":"h2713"},"h2714":{"pronunciation":"khay'-ker","unicode":"חֵקֶר","translit":"chêqer","definition":"from {{h2713}}; examination, enumeration, deliberation; finding out, number, (un-) search(-able, -ed, out, -ing).","strongs_number":"h2714"},"h2715":{"pronunciation":"khore","unicode":"חֹר","translit":"chôr","definition":"or (fully) חוֹר; from {{h2787}}; (compare {{h2751}}); properly, white or pure (from the cleansing or shining power of fire); hence (figuratively) noble (in rank); noble.","strongs_number":"h2715"},"h2716":{"pronunciation":"kheh'-reh","unicode":"חֶרֶא","translit":"chereʼ","definition":"from an unused (and vulgar) root probably meaning to evacuate the bowels; excrement; dung. Also חֲרִי.","strongs_number":"h2716"},"h2717":{"pronunciation":"khaw-rab'","unicode":"חָרַב","translit":"chârab","definition":"or חֲרֵב; a primitive root; to parch (through drought) i.e. (by analogy,) to desolate, destroy, kill; decay, (be) desolate, destroy(-er), (be) dry (up), slay, × surely, (lay, lie, make) waste.","strongs_number":"h2717"},"h2718":{"pronunciation":"khar-ab'","unicode":"חֲרַב","translit":"chărab","definition":"(Aramaic) a root corresponding to {{h2717}}; to demolish; destroy.","strongs_number":"h2718"},"h2719":{"pronunciation":"kheh'-reb","unicode":"חֶרֶב","translit":"chereb","definition":"from {{h2717}}; drought; also a cutting instrument (from its destructive effect), as a knife, sword, or other sharp implement; axe, dagger, knife, mattock, sword, tool.","strongs_number":"h2719"},"h2720":{"pronunciation":"khaw-rabe'","unicode":"חָרֵב","translit":"chârêb","definition":"from {{h2717}}; parched or ruined; desolate, dry, waste.","strongs_number":"h2720"},"h2721":{"pronunciation":"kho'-reb","unicode":"חֹרֶב","translit":"chôreb","definition":"a collaterally form of {{h2719}}; drought or desolation; desolation, drought, dry, heat, × utterly, waste.","strongs_number":"h2721"},"h2722":{"pronunciation":"kho-rabe'","unicode":"חֹרֵב","translit":"Chôrêb","definition":"from {{h2717}}; desolate; Choreb, a (generic) name for the Sinaitic mountains; Horeb.","strongs_number":"h2722"},"h2723":{"pronunciation":"khor-baw'","unicode":"חׇרְבָּה","translit":"chorbâh","definition":"feminine of {{h2721}}; properly, drought, i.e. (by implication) a desolation; decayed place, desolate (place, -tion), destruction, (laid) waste (place).","strongs_number":"h2723"},"h2724":{"pronunciation":"khaw-raw-baw'","unicode":"חָרָבָה","translit":"chârâbâh","definition":"feminine of {{h2720}}; a desert; dry (ground, land).","strongs_number":"h2724"},"h2725":{"pronunciation":"khar-aw-bone'","unicode":"חֲרָבוֹן","translit":"chărâbôwn","definition":"from {{h2717}}; parching heat; drought.","strongs_number":"h2725"},"h2726":{"pronunciation":"khar-bo-naw'","unicode":"חַרְבוֹנָא","translit":"Charbôwnâʼ","definition":"or חַרְבוֹנָה; of Persian origin; Charbona or Charbonah, a eunuch of Xerxes; Harbona, Harbonah.","strongs_number":"h2726"},"h2727":{"pronunciation":"khaw-rag'","unicode":"חָרַג","translit":"chârag","definition":"a primitive root; properly, to leap suddenly, i.e. (by implication) to be dismayed; be afraid.","strongs_number":"h2727"},"h2728":{"pronunciation":"khar-gole'","unicode":"חָרְגֹּל","translit":"chârᵉgôl","definition":"from {{h2727}}; the leaping insect, i.e. a locust; beetle.","strongs_number":"h2728"},"h2729":{"pronunciation":"khaw-rad'","unicode":"חָרַד","translit":"chârad","definition":"a primitive root; to shudder with terror; hence, to fear; also to hasten (with anxiety); be (make) afraid, be careful, discomfit, fray (away), quake, tremble.","strongs_number":"h2729"},"h2730":{"pronunciation":"khaw-rade'","unicode":"חָרֵד","translit":"chârêd","definition":"from {{h2729}}; fearful; also reverential; afraid, trembling.","strongs_number":"h2730"},"h2731":{"pronunciation":"khar-aw-daw'","unicode":"חֲרָדָה","translit":"chărâdâh","definition":"feminine of {{h2730}}; fear, anxiety; care, × exceedingly, fear, quaking, trembling.","strongs_number":"h2731"},"h2732":{"pronunciation":"khar-aw-daw'","unicode":"חֲרָדָה","translit":"Chărâdâh","definition":"the same as {{h2731}}; Charadah, a place in the Desert; Haradah.","strongs_number":"h2732"},"h2733":{"pronunciation":"khar-o-dee'","unicode":"חֲרֹדִי","translit":"Chărôdîy","definition":"patrial from a derivative of {{h2729}} (compare {{h5878}}); a Charodite, or inhabitant of Charod; Harodite.","strongs_number":"h2733"},"h2734":{"pronunciation":"khaw-raw'","unicode":"חָרָה","translit":"chârâh","definition":"a primitive root (compare {{h2787}}); to glow or grow warm; figuratively (usually) to blaze up, of anger, zeal, jealousy; be angry, burn, be displeased, × earnestly, fret self, grieve, be (wax) hot, be incensed, kindle, × very, be wroth. See {{h8474}}.","strongs_number":"h2734"},"h2735":{"pronunciation":"khore hag-ghid-gawd'","unicode":"חֹר הַגִּדְגָּד","translit":"Chôr hag-Gidgâd","definition":"from {{h2356}} and a collateral (masculine) form of {{h1412}}, with the article interposed; hole of the cleft; Chor-hag-Gidgad, a place in the Desert; Hor-hagidgad.","strongs_number":"h2735"},"h2736":{"pronunciation":"khar-hah-yaw'","unicode":"חַרְהֲיָה","translit":"Charhăyâh","definition":"; from {{h2734}} and {{h3050}}; fearing Jah; Charhajah, an Israelite; Harhaiah.","strongs_number":"h2736"},"h2737":{"pronunciation":"khaw-rooz'","unicode":"חָרוּז","translit":"chârûwz","definition":"from an unused root meaning to perforate; properly, pierced, i.e. a bead of pearl, gems or jewels (as strung); chain.","strongs_number":"h2737"},"h2738":{"pronunciation":"khaw-rool'","unicode":"חָרוּל","translit":"chârûwl","definition":"or (shortened) חָרֻל; apparently, a passive participle of an unused root probably meaning to be prickly; properly, pointed, i.e. a bramble or other thorny weed; nettle.","strongs_number":"h2738"},"h2739":{"pronunciation":"khar-oo-maf'","unicode":"חֲרוּמַף","translit":"chărûwmaph","definition":"from passive participle of {{h2763}} and {{h639}}; snub-nosed; Charumaph, an Israelite; Harumaph.","strongs_number":"h2739"},"h2740":{"pronunciation":"khaw-rone'","unicode":"חָרוֹן","translit":"chârôwn","definition":"or (shortened) חָרֹן; from {{h2734}}; a burning of anger; sore displeasure, fierce(-ness), fury, (fierce) wrath(-ful).","strongs_number":"h2740"},"h2741":{"pronunciation":"khar-oo-fee'","unicode":"חֲרוּפִי","translit":"Chărûwphîy","definition":"a patrial from (probably) a collateral form of {{h2756}}; a Charuphite or inhabitant of Charuph (or Chariph); Haruphite.","strongs_number":"h2741"},"h2742":{"pronunciation":"khaw-roots'","unicode":"חֲרוּץ","translit":"chărûwts","definition":"or חָרֻץ; passive participle of {{h2782}}; properly, incised or (active) incisive; hence (as noun masculine or feminine) a trench (as dug), gold (as mined), a threshing-sledge (having sharp teeth); (figuratively) determination; also eager; decision, diligent, (fine) gold, pointed things, sharp, threshing instrument, wall.","strongs_number":"h2742"},"h2743":{"pronunciation":"khaw-roots'","unicode":"חָרוּץ","translit":"Chârûwts","definition":"the same as {{h2742}}; earnest; Charuts, an Israelite; Haruz.","strongs_number":"h2743"},"h2744":{"pronunciation":"khar-khoor'","unicode":"חַרְחוּר","translit":"Charchûwr","definition":"a fuller form of {{h2746}}; inflammation; Charchur, one of the Nethinim; Harhur.","strongs_number":"h2744"},"h2745":{"pronunciation":"khar-khas'","unicode":"חַרְחַס","translit":"Charchaç","definition":"from the same as {{h2775}}; perhaps shining; Charchas, an Israelite; Harhas.","strongs_number":"h2745"},"h2746":{"pronunciation":"khar-khoor'","unicode":"חַרְחֻר","translit":"charchur","definition":"from {{h2787}}; fever (as hot); extreme burning.","strongs_number":"h2746"},"h2747":{"pronunciation":"kheh'-ret","unicode":"חֶרֶט","translit":"chereṭ","definition":"from a primitive root meaning to engrave; a chisel or graver; also a style for writing; graving tool, pen.","strongs_number":"h2747"},"h2748":{"pronunciation":"khar-tome'","unicode":"חַרְטֹם","translit":"charṭôm","definition":"from the same as {{h2747}}; a horoscopist (as drawing magical lines or circles); magician.","strongs_number":"h2748"},"h2749":{"pronunciation":"khar-tome'","unicode":"חַרְטֹם","translit":"charṭôm","definition":"(Aramaic) the same as {{h2748}}; magician.","strongs_number":"h2749"},"h2750":{"pronunciation":"khor-ee'","unicode":"חֳרִי","translit":"chŏrîy","definition":"from {{h2734}}; a burning (i.e. intense) anger; fierce, × great, heat.","strongs_number":"h2750"},"h2751":{"pronunciation":"kho-ree'","unicode":"חֹרִי","translit":"chôrîy","definition":"from the same as {{h2353}}; white bread; white.","strongs_number":"h2751"},"h2752":{"pronunciation":"kho-ree'","unicode":"חֹרִי","translit":"Chôrîy","definition":"from {{h2356}}; cave-dweller or troglodyte; a Chorite or aboriginal Idumaean; Horims, Horites.","strongs_number":"h2752"},"h2753":{"pronunciation":"kho-ree'","unicode":"חֹרִי","translit":"Chôrîy","definition":"or חוֹרִי; the same as {{h2752}}; Chori, the name of two men; Hori.","strongs_number":"h2753"},"h2754":{"pronunciation":"khaw-reet'","unicode":"חָרִיט","translit":"chârîyṭ","definition":"or חָרִט; from the same as {{h2747}}; properly, cut out (or hollow), i.e. (by implication) a pocket; bag, crisping pin.","strongs_number":"h2754"},"h2755":{"pronunciation":"khar-ay'-yo-neem'","unicode":"חֲרֵי־יוֹנִים","translit":"chărêy-yôwnîym","definition":"from the plural of {{h2716}} and the plural of {{h3123}}; or perhaps rather the plural of a single word חֲרָאיוֹן, probably a kind of vegetable; excrements of doves; doves' dung.","strongs_number":"h2755"},"h2756":{"pronunciation":"khaw-reef'","unicode":"חָרִיף","translit":"Chârîyph","definition":"from {{h2778}}; autumnal; Chariph, the name of two Israelites; Hariph.","strongs_number":"h2756"},"h2757":{"pronunciation":"khaw-reets'","unicode":"חָרִיץ","translit":"chârîyts","definition":"or חֲרִץ; from {{h2782}}; (compare {{h2742}}); properly, incisure or (passively) incised; hence, a threshing-sledge (with sharp teeth); also a slice (as cut); cheese, harrow.","strongs_number":"h2757"},"h2758":{"pronunciation":"khaw-reesh'","unicode":"חָרִישׁ","translit":"chârîysh","definition":"from {{h2790}}; ploughing or its season; earing (time), ground.","strongs_number":"h2758"},"h2759":{"pronunciation":"khar-ee-shee'","unicode":"חֲרִישִׁי","translit":"chărîyshîy","definition":"from {{h2790}} in the sense of silence; quiet, i.e. sultry (as feminine noun, the sirocco or hot east wind); vehement.","strongs_number":"h2759"},"h2760":{"pronunciation":"khaw-rak'","unicode":"חָרַךְ","translit":"chârak","definition":"a primitive root; to braid (i.e. to entangle or snare) or catch (game) in a net; roast.","strongs_number":"h2760"},"h2761":{"pronunciation":"khar-ak'","unicode":"חֲרַךְ","translit":"chărak","definition":"(Aramaic) a root probably allied to the equivalent of {{h2787}}; to scorch; singe.","strongs_number":"h2761"},"h2762":{"pronunciation":"kheh'-rek","unicode":"חֶרֶךְ","translit":"cherek","definition":"from {{h2760}}; properly, a net, i.e. (by analogy) lattice; lattice.","strongs_number":"h2762"},"h2763":{"pronunciation":"khaw-ram'","unicode":"חָרַם","translit":"châram","definition":"a primitive root; to seclude; specifically (by a ban) to devote to religious uses (especially destruction); physical and reflexive, to be blunt as to the nose; make accursed, consecrate, (utterly) destroy, devote, forfeit, have a flat nose, utterly (slay, make away).","strongs_number":"h2763"},"h2764":{"pronunciation":"khay'-rem","unicode":"חֵרֶם","translit":"chêrem","definition":"or (Zechariah 14:11) חֶרֶם; from {{h2763}}; physical (as shutting in) a net (either literally or figuratively); usually a doomed object; abstractly extermination; (ac-) curse(-d, -d thing), dedicated thing, things which should have been utterly destroyed, (appointed to) utter destruction, devoted (thing), net.","strongs_number":"h2764"},"h2765":{"pronunciation":"khor-ame'","unicode":"חֳרֵם","translit":"Chŏrêm","definition":"from {{h2763}}; devoted; Chorem, a place in Palestine; Horem.","strongs_number":"h2765"},"h2766":{"pronunciation":"khaw-reem'","unicode":"חָרִם","translit":"Chârim","definition":"from {{h2763}}; snub-nosed; Charim, an Israelite; Harim.","strongs_number":"h2766"},"h2767":{"pronunciation":"khor-maw'","unicode":"חׇרְמָה","translit":"Chormâh","definition":"from {{h2763}}; devoted; Chormah, a place in Palestine; Hormah.","strongs_number":"h2767"},"h2768":{"pronunciation":"kher-mone'","unicode":"חֶרְמוֹן","translit":"Chermôwn","definition":"from {{h2763}}; abrupt; Chermon, a mount of Palestine; Hermon.","strongs_number":"h2768"},"h2769":{"pronunciation":"kher-mo-neem'","unicode":"חֶרְמוֹנִים","translit":"Chermôwnîym","definition":"plural of {{h2768}}; Hermons, i.e. its peaks; the Hermonites.","strongs_number":"h2769"},"h2770":{"pronunciation":"kher-mashe'","unicode":"חֶרְמֵשׁ","translit":"chermêsh","definition":"from {{h2763}}; a sickle (as cutting); sickle.","strongs_number":"h2770"},"h2771":{"pronunciation":"kaw-rawn'","unicode":"חָרָן","translit":"Chârân","definition":"from {{h2787}}; parched; Charan, the name of a man and also of a place; Haran.","strongs_number":"h2771"},"h2772":{"pronunciation":"kho-ro-nee'","unicode":"חֹרֹנִי","translit":"Chôrônîy","definition":"patrial from {{h2773}}; a Choronite or inhabitant of Choronaim; Horonite.","strongs_number":"h2772"},"h2773":{"pronunciation":"kho-ro-nah'-yim","unicode":"חֹרֹנַיִם","translit":"Chôrônayim","definition":"dual of a derivative from {{h2356}}; double cave-town; Choronajim, a place in Moab; Horonaim.","strongs_number":"h2773"},"h2774":{"pronunciation":"khar-neh'fer","unicode":"חַרְנֶפֶר","translit":"Charnepher","definition":"of uncertain derivation; Charnepher, an Israelite; Harnepher.","strongs_number":"h2774"},"h2775":{"pronunciation":"kheh'-res","unicode":"חֶרֶס","translit":"chereç","definition":"or (with a directive enclitic) חַרְסָה; from an unused root meaning to scrape; also perhaps from the mediating idea of {{h2777}}; the sun; sun.","strongs_number":"h2775"},"h2776":{"pronunciation":"kheh'-res","unicode":"חֶרֶס","translit":"Chereç","definition":"the same as {{h2775}}; shining; Cheres, a mountain in Palestine; Heres.","strongs_number":"h2776"},"h2777":{"pronunciation":"khar-sooth'","unicode":"חַרְסוּת","translit":"charçûwth","definition":"from {{h2775}} (apparently in the sense of a red tile used for scraping); a potsherd, i.e. (by implication) a pottery; the name of a gate at Jerusalem; east.","strongs_number":"h2777"},"h2778":{"pronunciation":"khaw-raf'","unicode":"חָרַף","translit":"châraph","definition":"a primitive root; also\tdenominative (from {{h2779}}); to pull off, i.e. (by implication) to expose (as by stripping); specifically, to betroth (as if a surrender); figuratively, to carp at, i.e. defame; to spend the winter; betroth, blaspheme, defy, jeopard, rail, reproach, upbraid.","strongs_number":"h2778"},"h2779":{"pronunciation":"kho'-ref","unicode":"חֹרֶף","translit":"chôreph","definition":"from {{h2778}}; properly, the crop gathered, i.e. (by implication) the autumn (and winter) season; figuratively, ripeness of age; cold, winter (-house), youth.","strongs_number":"h2779"},"h2780":{"pronunciation":"khaw-rafe'","unicode":"חָרֵף","translit":"Chârêph","definition":"from {{h2778}}; reproachful; Chareph, an Israelite; Hareph.","strongs_number":"h2780"},"h2781":{"pronunciation":"kher-paw'","unicode":"חֶרְפָּה","translit":"cherpâh","definition":"from {{h2778}}; contumely, disgrace, the pudenda; rebuke, reproach(-fully), shame.","strongs_number":"h2781"},"h2782":{"pronunciation":"khaw-rats'","unicode":"חָרַץ","translit":"chârats","definition":"a primitive root; properly, to point sharply, i.e. (literally) to wound; figuratively, to be alert, to decide; bestir self, decide, decree, determine, maim, move.","strongs_number":"h2782"},"h2783":{"pronunciation":"khar-ats'","unicode":"חֲרַץ","translit":"chărats","definition":"(Aramaic) from a root corresponding to {{h2782}} in the sense of vigor; the loin (as the seat of strength); loin.","strongs_number":"h2783"},"h2784":{"pronunciation":"khar-tsoob-baw'","unicode":"חַרְצֻבָּה","translit":"chartsubbâh","definition":"of uncertain derivation; a fetter; figuratively, a pain; band.","strongs_number":"h2784"},"h2785":{"pronunciation":"kchar-tsan'","unicode":"חַרְצַן","translit":"chartsan","definition":"from {{h2782}}; a sour grape (as sharp in taste); kernel.","strongs_number":"h2785"},"h2786":{"pronunciation":"khaw-rak'","unicode":"חָרַק","translit":"châraq","definition":"a primitive root; to grate the teeth; gnash.","strongs_number":"h2786"},"h2787":{"pronunciation":"khaw-rar'","unicode":"חָרַר","translit":"chârar","definition":"a primitive root; to glow, i.e. literally (to melt, burn, dry up) or figuratively (to show or incite passion); be angry, burn, dry, kindle.","strongs_number":"h2787"},"h2788":{"pronunciation":"khaw-rare'","unicode":"חָרֵר","translit":"chârêr","definition":"from {{h2787}}; arid; parched place.","strongs_number":"h2788"},"h2789":{"pronunciation":"kheh'-res","unicode":"חֶרֶשׂ","translit":"cheres","definition":"a collateral form mediating between {{h2775}} and {{h2791}}; a piece of pottery; earth(-en), (pot-) sherd,   stone.","strongs_number":"h2789"},"h2790":{"pronunciation":"khaw-rash'","unicode":"חָרַשׁ","translit":"chârash","definition":"a primitive root; to scratch, i.e. (by implication) to engrave, plough; hence (from the use of tools) to fabricate (of any material); figuratively, to devise (in a bad sense); hence (from the idea of secrecy) to be silent, to let alone; hence (by implication) to be deaf (as an accompaniment of dumbness); × altogether, cease, conceal, be deaf, devise, ear, graven, imagine, leave off speaking, hold peace, plow(-er, man), be quiet, rest, practise secretly, keep silence, be silent, speak not a word, be still, hold tongue, worker.","strongs_number":"h2790"},"h2791":{"pronunciation":"kheh'-resh","unicode":"חֶרֶשׁ","translit":"cheresh","definition":"from {{h2790}}; magical craft; also silence; cunning, secretly.","strongs_number":"h2791"},"h2792":{"pronunciation":"kheh'-resh","unicode":"חֶרֶשׁ","translit":"Cheresh","definition":"the same as {{h2791}}; Cheresh, a Levite; Heresh.","strongs_number":"h2792"},"h2793":{"pronunciation":"kho'-resh","unicode":"חֹרֶשׁ","translit":"chôresh","definition":"from {{h2790}}; a forest (perhaps as furnishing the material for fabric); bough, forest, shroud, wood.","strongs_number":"h2793"},"h2794":{"pronunciation":"kho-rashe'","unicode":"חֹרֵשׁ","translit":"chôrêsh","definition":"active participle of {{h2790}}; a fabricator or mechanic; artificer.","strongs_number":"h2794"},"h2795":{"pronunciation":"khay-rashe'","unicode":"חֵרֵשׁ","translit":"chêrêsh","definition":"from {{h2790}}; deaf (whether literally or spiritual); deaf.","strongs_number":"h2795"},"h2796":{"pronunciation":"khaw-rawsh'","unicode":"חָרָשׁ","translit":"chârâsh","definition":"from {{h2790}}; a fabricator or any material; artificer, ( ) carpenter, craftsman, engraver, maker,   mason, skilful, ( ) smith, worker, workman, such as wrought.","strongs_number":"h2796"},"h2797":{"pronunciation":"khar-shaw'","unicode":"חַרְשָׁא","translit":"Charshâʼ","definition":"from {{h2792}}; magician; Charsha, one of the Nethinim; Harsha.","strongs_number":"h2797"},"h2798":{"pronunciation":"khar-aw-sheem'","unicode":"חֲרָשִׁים","translit":"Chărâshîym","definition":"plural of {{h2796}}; mechanics, the name of a valley in Jerusalem; Charashim, craftsmen.","strongs_number":"h2798"},"h2799":{"pronunciation":"khar-o'-sheth","unicode":"חֲרֹשֶׁת","translit":"chărôsheth","definition":"from {{h2790}}; mechanical work; carving, cutting.","strongs_number":"h2799"},"h2800":{"pronunciation":"khar-o'-sheth","unicode":"חֲרֹשֶׁת","translit":"Chărôsheth","definition":"the same as {{h2799}}; Charosheth, a place in Palestine; Harosheth.","strongs_number":"h2800"}}