{"h3301":{"pronunciation":"yif-deh-yaw'","unicode":"יִפְדְּיָה","translit":"Yiphdᵉyâh","definition":"from {{h6299}} and {{h3050}}; Jah will liberate; Jiphdejah, an Israelite; Iphedeiah.","strongs_number":"h3301"},"h3302":{"pronunciation":"yaw-faw'","unicode":"יָפָה","translit":"yâphâh","definition":"a primitive root; properly, to be bright, i.e. (by implication) beautiful; be beautiful, be (make self) fair(-r), deck.","strongs_number":"h3302"},"h3303":{"pronunciation":"yaw-feh'","unicode":"יָפֶה","translit":"yâpheh","definition":"from {{h3302}}; beautiful (literally or figuratively); beautiful, beauty, comely, fair(-est, one),   goodly, pleasant, well.","strongs_number":"h3303"},"h3304":{"pronunciation":"yef-eh' fee-yaw'","unicode":"יְפֵה־פִיָּה","translit":"yᵉphêh-phîyâh","definition":"from {{h3302}} by reduplication; very beautiful; very fair.","strongs_number":"h3304"},"h3305":{"pronunciation":"yaw-fo'","unicode":"יָפוֹ","translit":"Yâphôw","definition":"or יָפוֹא; (Ezra 3:7), from {{h3302}}; beautiful; Japho, a place in Palestine; Japha, Joppa.","strongs_number":"h3305"},"h3306":{"pronunciation":"yaw-fakh'","unicode":"יָפַח","translit":"yâphach","definition":"a primitive root; properly, to breathe hard, i.e. (by implication) to sigh; bewail self.","strongs_number":"h3306"},"h3307":{"pronunciation":"yaw-fay'-akh","unicode":"יָפֵחַ","translit":"yâphêach","definition":"from {{h3306}}; properly, puffing, i.e. (figuratively) meditating; such as breathe out.","strongs_number":"h3307"},"h3308":{"pronunciation":"yof-ee'","unicode":"יֳפִי","translit":"yŏphîy","definition":"from {{h3302}}; beauty; beauty.","strongs_number":"h3308"},"h3309":{"pronunciation":"yaw-fee'-ah","unicode":"יָפִיעַ","translit":"Yâphîyaʻ","definition":"from {{h3313}}; bright; Japhia, the name of a Canaanite, an Israelite, and a place in Palestine; Japhia.","strongs_number":"h3309"},"h3310":{"pronunciation":"yaf-late'","unicode":"יַפְלֵט","translit":"Yaphlêṭ","definition":"from {{h6403}}; he will deliver; Japhlet, an Israelite; Japhlet.","strongs_number":"h3310"},"h3311":{"pronunciation":"yaf-lay-tee'","unicode":"יַפְלֵטִי","translit":"Yaphlêṭîy","definition":"patronymically from {{h3310}}; a Japhletite or descendant of Japhlet; Japhleti.","strongs_number":"h3311"},"h3312":{"pronunciation":"yef-oon-neh'","unicode":"יְפֻנֶּה","translit":"Yᵉphunneh","definition":"from {{h6437}}; he will be prepared; Jephunneh, the name of two Israelites; Jephunneh.","strongs_number":"h3312"},"h3313":{"pronunciation":"yaw-fah'","unicode":"יָפַע","translit":"yâphaʻ","definition":"a primitive root; to shine; be light, shew self, (cause to) shine (forth).","strongs_number":"h3313"},"h3314":{"pronunciation":"yif-aw'","unicode":"יִפְעָה","translit":"yiphʻâh","definition":"from {{h3313}}; splendor or (figuratively) beauty; brightness.","strongs_number":"h3314"},"h3315":{"pronunciation":"yeh'-feth","unicode":"יֶפֶת","translit":"Yepheth","definition":"from {{h6601}}; expansion; Jepheth, a son of Noah; also his posterity; Japheth.","strongs_number":"h3315"},"h3316":{"pronunciation":"yif-tawkh'","unicode":"יִפְתָּח","translit":"Yiphtâch","definition":"from {{h6605}}; he will open; Jiphtach, an Israelite; also a place in Palestine; Jephthah, Jiphtah.","strongs_number":"h3316"},"h3317":{"pronunciation":"yif-tach-ale'","unicode":"יִפְתַּח־אֵל","translit":"Yiphtach-ʼêl","definition":"from {{h6605}} and {{h410}}; God will open; Jiphtach-el, a place in Palestine; Jiphthah-el.","strongs_number":"h3317"},"h3318":{"pronunciation":"yaw-tsaw'","unicode":"יָצָא","translit":"yâtsâʼ","definition":"a primitive root; to go (causatively, bring) out, in a great variety of applications, literally and figuratively, direct and proxim.; × after, appear, × assuredly, bear out, × begotten, break out, bring forth (out, up), carry out, come (abroad, out, thereat, without),   be condemned, depart(-ing, -ure), draw forth, in the end, escape, exact, fail, fall (out), fetch forth (out), get away (forth, hence, out), (able to, cause to, let) go abroad (forth, on, out), going out, grow, have forth (out), issue out, lay (lie) out, lead out, pluck out, proceed, pull out, put away, be risen, × scarce, send with commandment, shoot forth, spread, spring out, stand out, × still, × surely, take forth (out), at any time, × to (and fro), utter.","strongs_number":"h3318"},"h3319":{"pronunciation":"yets-aw'","unicode":"יְצָא","translit":"yᵉtsâʼ","definition":"(Aramaic) corresponding to {{h3318}}; finish.","strongs_number":"h3319"},"h3320":{"pronunciation":"yaw-tsab'","unicode":"יָצַב","translit":"yâtsab","definition":"a primitive root; to place (any thing so as to stay); reflexively, to station, offer, continue; present selves, remaining, resort, set (selves), (be able to, can, with-) stand (fast, forth, -ing, still, up).","strongs_number":"h3320"},"h3321":{"pronunciation":"yets-abe'","unicode":"יְצַב","translit":"yᵉtsab","definition":"(Aramaic) corresponding to {{h3320}}; to be firm; hence, to speak surely; truth.","strongs_number":"h3321"},"h3322":{"pronunciation":"yaw-tsag'","unicode":"יָצַג","translit":"yâtsag","definition":"a primitive root; to place permanently; establish, leave, make, present, put, set, stay.","strongs_number":"h3322"},"h3323":{"pronunciation":"yits-hawr'","unicode":"יִצְהָר","translit":"yitshâr","definition":"from {{h6671}}; oil (as producing light); figuratively, anointing; anointed oil.","strongs_number":"h3323"},"h3324":{"pronunciation":"yits-hawr'","unicode":"יִצְהָר","translit":"Yitshâr","definition":"the same as {{h3323}}; Jitshar, an Israelite; Izhar.","strongs_number":"h3324"},"h3325":{"pronunciation":"yits-haw-ree'","unicode":"יִצְהָרִי","translit":"Yitshârîy","definition":"patronymically from {{h3324}}; a Jitsharite or descendant of Jitshar; Izeharites, Izharites.","strongs_number":"h3325"},"h3326":{"pronunciation":"yaw-tsoo'-ah","unicode":"יָצוּעַ","translit":"yâtsûwaʻ","definition":"passive participle of {{h3331}}; spread, i.e. a bed; (architecture) an extension, i.e. wing or lean-to (a single story or collectively); bed, chamber, couch.","strongs_number":"h3326"},"h3327":{"pronunciation":"yits-khawk'","unicode":"יִצְחָק","translit":"Yitschâq","definition":"from {{h6711}}; laughter (i.e. mochery); Jitschak (or Isaac), son of Abraham; Isaac. Compare {{h3446}}.","strongs_number":"h3327"},"h3328":{"pronunciation":"yits-khar'","unicode":"יִצְחַר","translit":"Yitschar","definition":"from the same as {{h6713}}; he will shine; Jitschar, an Israelite; and Zehoar (from the margin).","strongs_number":"h3328"},"h3329":{"pronunciation":"yaw-tsee'","unicode":"יָצִיא","translit":"yâtsîyʼ","definition":"from {{h3318}}; issue, i.e. offspring; those that came forth.","strongs_number":"h3329"},"h3330":{"pronunciation":"yats-tseeb'","unicode":"יַצִּיב","translit":"yatstsîyb","definition":"(Aramaic) from {{h3321}}; fixed, sure; concretely, certainty; certain(-ty), true, truth.","strongs_number":"h3330"},"h3331":{"pronunciation":"yaw-tsah'","unicode":"יַצַע","translit":"yatsaʻ","definition":"a primitive root; to strew as a surface; make (one's) bed, × lie, spread.","strongs_number":"h3331"},"h3332":{"pronunciation":"yaw-tsak'","unicode":"יָצַק","translit":"yâtsaq","definition":"a primitive root; properly, to pour out (transitive or intransitive); by implication, to melt or cast as metal; by extension, to place firmly, to stiffen or grow hard; cast, cleave fast, be (as) firm, grow, be hard, lay out, molten, overflow, pour (out), run out, set down, stedfast.","strongs_number":"h3332"},"h3333":{"pronunciation":"yets-oo-kaw'","unicode":"יְצֻקָה","translit":"yᵉtsuqâh","definition":"passive participle feminine of {{h3332}}; poured out, i.e. run into a mould; when it was cast.","strongs_number":"h3333"},"h3334":{"pronunciation":"yaw-tsar'","unicode":"יָצַר","translit":"yâtsar","definition":"a primitive root; to press (intransitive), i.e. be narrow; figuratively, be in distress; be distressed, be narrow, be straitened (in straits), be vexed.","strongs_number":"h3334"},"h3335":{"pronunciation":"yaw-tsar'","unicode":"יָצַר","translit":"yâtsar","definition":"probably identical with {{h3334}} (through the squeezing into shape); (compare {{h3331}}); to mould into a form; especially as a potter; figuratively, to determine (i.e. form a resolution); × earthen, fashion, form, frame, make(-r), potter, purpose.","strongs_number":"h3335"},"h3336":{"pronunciation":"yay'-tser","unicode":"יֵצֶר","translit":"yêtser","definition":"from {{h3335}}; a form; figuratively, conception (i.e. purpose); frame, thing framed, imagination, mind, work.","strongs_number":"h3336"},"h3337":{"pronunciation":"yay-tser","unicode":"יֵצֶר","translit":"Yêtser","definition":"the same as {{h3336}}; Jetser, an Israelite; Jezer.","strongs_number":"h3337"},"h3338":{"pronunciation":"yaw-tsoor'","unicode":"יָצֻר","translit":"yâtsur","definition":"passive participle of {{h3335}}; structure, i.e. limb or part; member.ql","strongs_number":"h3338"},"h3339":{"pronunciation":"yits-ree'","unicode":"יִצְרִי","translit":"Yitsrîy","definition":"from {{h3335}}; formative; Jitsri, an Israelite; Isri.","strongs_number":"h3339"},"h3340":{"pronunciation":"yits-ree'","unicode":"יִצְרִי","translit":"Yitsrîy","definition":"; patronymically from {{h3337}}; a Jitsrite (collectively) or descendants of Jetser; Jezerites.","strongs_number":"h3340"},"h3341":{"pronunciation":"yaw-tsath'","unicode":"יָצַת","translit":"yâtsath","definition":"a primitive root; to burn or set on fire; figuratively, to desolate; burn (up), be desolate, set (on) fire (fire), kindle.","strongs_number":"h3341"},"h3342":{"pronunciation":"yeh'-keb","unicode":"יֶקֶב","translit":"yeqeb","definition":"from an unused root meaning to excavate; a trough (as dug out); specifically, a wine-vat (whether the lower one, into which the juice drains; or the upper, in which the grapes are crushed); fats, presses, press-fat, wine(-press).","strongs_number":"h3342"},"h3343":{"pronunciation":"yek-ab-tseh-ale'","unicode":"יְקַבְצְאֵל","translit":"Yᵉqabtsᵉʼêl","definition":"from {{h6908}} and {{h410}}; God will gather; Jekabtseel, a place in Palestine; Jekabzeel. Compare {{h6909}}.","strongs_number":"h3343"},"h3344":{"pronunciation":"yaw-kad'","unicode":"יָקַד","translit":"yâqad","definition":"a primitive root; to burn; (be) burn(-ing), × from the hearth, kindle.","strongs_number":"h3344"},"h3345":{"pronunciation":"yek-ad'","unicode":"יְקַד","translit":"yᵉqad","definition":"(Aramaic) corresponding to {{h3344}}; burning.","strongs_number":"h3345"},"h3346":{"pronunciation":"yek-ay-daw'","unicode":"יְקֵדָא","translit":"yᵉqêdâʼ","definition":"(Aramaic) from {{h3345}}; a conflagration; burning.","strongs_number":"h3346"},"h3347":{"pronunciation":"yok-deh-awm'","unicode":"יׇקְדְעָם","translit":"Yoqdᵉʻâm","definition":"from {{h3344}} and {{h5971}}; burning of (the) people; Jokdeam, a place in Palestine; Jokdeam.","strongs_number":"h3347"},"h3348":{"pronunciation":"yaw-keh'","unicode":"יָקֶה","translit":"Yâqeh","definition":"from an unused root probably meaning to obey; obedient; Jakeh, a symbolical name (for Solomon); Jakeh.","strongs_number":"h3348"},"h3349":{"pronunciation":"yik-kaw-haw'","unicode":"יִקָּהָה","translit":"yiqqâhâh","definition":"from the same as {{h3348}}; obedience; gathering, to obey.","strongs_number":"h3349"},"h3350":{"pronunciation":"yek-ode'","unicode":"יְקוֹד","translit":"yᵉqôwd","definition":"from {{h3344}}; a burning; burning.","strongs_number":"h3350"},"h3351":{"pronunciation":"yek-oom'","unicode":"יְקוּם","translit":"yᵉqûwm","definition":"from {{h6965}}; properly, standing (extant), i.e. by implication, a living thing; (living) substance.","strongs_number":"h3351"},"h3352":{"pronunciation":"yaw-koshe'","unicode":"יָקוֹשׁ","translit":"yâqôwsh","definition":"from {{h3369}}; properly, entangling; hence, a snarer; fowler.","strongs_number":"h3352"},"h3353":{"pronunciation":"yaw-koosh'","unicode":"יָקוּשׁ","translit":"yâqûwsh","definition":"passive participle of {{h3369}}; properly, entangled, i.e. by implication (intransitively) a snare, or (transitive) a snarer; fowler, snare.","strongs_number":"h3353"},"h3354":{"pronunciation":"yek-ooth-ee'-ale","unicode":"יְקוּתִיאֵל","translit":"Yᵉqûwthîyʼêl","definition":"from the same as {{h3348}} and {{h410}}; obedience of God; Jekuthiel, an Israelite; Jekuthiel.","strongs_number":"h3354"},"h3355":{"pronunciation":"yok-tawn'","unicode":"יׇקְטָן","translit":"Yoqṭân","definition":"from {{h6994}}; he will be made little; Joktan, an Arabian patriarch; Joktan.","strongs_number":"h3355"},"h3356":{"pronunciation":"yaw-keem'","unicode":"יָקִים","translit":"Yâqîym","definition":"from {{h6965}}; he will raise; Jakim, the name of two Israelites; Jakim. Compare {{h3079}}.","strongs_number":"h3356"},"h3357":{"pronunciation":"yak-keer'","unicode":"יַקִּיר","translit":"yaqqîyr","definition":"from {{h3365}}; precious; dear.","strongs_number":"h3357"},"h3358":{"pronunciation":"yak-keer'","unicode":"יַקִּיר","translit":"yaqqîyr","definition":"(Aramaic) corresponding to {{h3357}}; noble, rare.","strongs_number":"h3358"},"h3359":{"pronunciation":"yek-am-yaw'","unicode":"יְקַמְיָה","translit":"Yᵉqamyâh","definition":"from {{h6965}} and {{h3050}}; Jah will rise; Jekamjah, the name of two Israelites; Jekamiah. Compare {{h3079}}.","strongs_number":"h3359"},"h3360":{"pronunciation":"yek-am'-awm","unicode":"יְקַמְעָם","translit":"Yᵉqamʻâm","definition":"from {{h6965}} and {{h5971}}; (the) people will rise; Jekamam, an Israelite; Jekameam. Compare {{h3079}}, {{h3361}}.","strongs_number":"h3360"},"h3361":{"pronunciation":"yok-meh-awm'","unicode":"יׇקְמְעָם","translit":"Yoqmᵉʻâm","definition":"from {{h6965}} and {{h5971}}; (the) people will be raised; Jokmeam, a place in Palestine; Jokmeam. Compare {{h3360}}, {{h3362}}.","strongs_number":"h3361"},"h3362":{"pronunciation":"yok-neh-awm'","unicode":"יׇקְנְעָם","translit":"Yoqnᵉʻâm","definition":"from {{h6969}} and {{h5971}}; (the) people will be lamented; Jokneam, a place in Palestine; Jokneam.","strongs_number":"h3362"},"h3363":{"pronunciation":"yaw-kah'","unicode":"יָקַע","translit":"yâqaʻ","definition":"a primitive root; properly, to sever oneself, i.e. (by implication) to be dislocated; figuratively, to abandon; causatively, to impale (and thus allow to drop to pieces by rotting); be alienated, depart, hang (up), be out of joint.","strongs_number":"h3363"},"h3364":{"pronunciation":"yaw-kats'","unicode":"יָקַץ","translit":"yâqats","definition":"a primitive root; to awake (intransitive); (be) awake(-d).","strongs_number":"h3364"},"h3365":{"pronunciation":"yaw-kar'","unicode":"יָקַר","translit":"yâqar","definition":"a primitive root; properly, apparently, to be heavy, i.e. (figuratively) valuable; causatively, to make rare (figuratively, to inhibit); be (make) precious, be prized, be set by, withdraw.","strongs_number":"h3365"},"h3366":{"pronunciation":"yek-awr'","unicode":"יְקָר","translit":"yᵉqâr","definition":"from {{h3365}}; value, i.e. (concretely) wealth; abstractly, costliness, dignity; honour, precious (things), price.","strongs_number":"h3366"},"h3367":{"pronunciation":"yek-awr'","unicode":"יְקָר","translit":"yᵉqâr","definition":"(Aramaic) corresponding to {{h3366}}; glory, honour.","strongs_number":"h3367"},"h3368":{"pronunciation":"yaw-kawr'","unicode":"יָקָר","translit":"yâqâr","definition":"from {{h3365}}; valuable (objectively or subjectively); brightness, clear, costly, excellent, fat, honourable women, precious, reputation.","strongs_number":"h3368"},"h3369":{"pronunciation":"yaw-koshe'","unicode":"יָקֹשׁ","translit":"yâqôsh","definition":"a primitive root; to ensnare (literally or figuratively); fowler (lay a) snare.","strongs_number":"h3369"},"h3370":{"pronunciation":"yok-shawn'","unicode":"יׇקְשָׁן","translit":"Yoqshân","definition":"from {{h3369}}; insidious; Jokshan, an Arabian patriarch; Jokshan.","strongs_number":"h3370"},"h3371":{"pronunciation":"yok-theh-ale'","unicode":"יׇקְתְאֵל","translit":"Yoqthᵉʼêl","definition":"probably from the same as {{h3348}} and {{h410}}; veneration of God (compare {{h3354}}); Joktheel, the name of a place in Palestine, and of one in Idumaea; Joktheel.","strongs_number":"h3371"},"h3372":{"pronunciation":"yaw-ray'","unicode":"יָרֵא","translit":"yârêʼ","definition":"a primitive root; to fear; morally to revere; causatively to frighten; affright, be (make) afraid, dread(-ful), (put in) fear(-ful, -fully, -ing), (be had in) reverence(-end), × see, terrible (act, -ness, thing).","strongs_number":"h3372"},"h3373":{"pronunciation":"yaw-ray'","unicode":"יָרֵא","translit":"yârêʼ","definition":"from {{h3372}}; fearing; morally, reverent; afraid, fear (-ful).","strongs_number":"h3373"},"h3374":{"pronunciation":"yir-aw'","unicode":"יִרְאָה","translit":"yirʼâh","definition":"feminine of {{h3373}}; fear (also used as infinitive); morally, reverence; × dreadful, × exceedingly, fear(-fulness).","strongs_number":"h3374"},"h3375":{"pronunciation":"yir-ohn'","unicode":"יִרְאוֹן","translit":"Yirʼôwn","definition":"from {{h3372}}; fearfulness; Jiron, a place in Palestine; Iron.","strongs_number":"h3375"},"h3376":{"pronunciation":"yir-ee-yaw'","unicode":"יִרְאִיָּיה","translit":"Yirʼîyâyh","definition":"from {{h3373}} and {{h3050}}; fearful of Jah; Jirijah, an Israelite; Irijah.","strongs_number":"h3376"},"h3377":{"pronunciation":"yaw-rabe'","unicode":"יָרֵב","translit":"Yârêb","definition":"from {{h7378}}; he will contend; Jareb, a symbolical name for Assyria; Jareb. Compare {{h3402}}.","strongs_number":"h3377"},"h3378":{"pronunciation":"yer-oob-bah'-al","unicode":"יְרֻבַּעַל","translit":"Yᵉrubbaʻal","definition":"from {{h7378}} and {{h1168}}; Baal will contend; Jerubbaal, a symbolic name of Gideon; Jerubbaal.","strongs_number":"h3378"},"h3379":{"pronunciation":"yaw-rob-awm'","unicode":"יָרׇבְעָם","translit":"Yârobʻâm","definition":"from {{h7378}} and {{h5971}}; (the) people will contend; Jarobam, the name of two Israelite kings; Jeroboam.","strongs_number":"h3379"},"h3380":{"pronunciation":"yer-oob-beh'-sheth","unicode":"יְרֻבֶּשֶׁת","translit":"Yᵉrubbesheth","definition":"from {{h7378}} and {{h1322}}; shame (i.e. the idol) will contend; Jerubbesheth, a symbolic name for Gideon; Jerubbesheth.","strongs_number":"h3380"},"h3381":{"pronunciation":"yaw-rad'","unicode":"יָרַד","translit":"yârad","definition":"a primitive root; to descend (literally, to go downwards; or conventionally to a lower region, as the shore, a boundary, the enemy, etc.; or figuratively, to fall); causatively, to bring down (in all the above applications); × abundantly, bring down, carry down, cast down, (cause to) come(-ing) down, fall (down), get down, go(-ing) down(-ward), hang down, × indeed, let down, light (down), put down (off), (cause to, let) run down, sink, subdue, take down.","strongs_number":"h3381"},"h3382":{"pronunciation":"yeh'-red","unicode":"יֶרֶד","translit":"Yered","definition":"from {{h3381}}; a descent; Jered, the name of an antediluvian, and of an Israelite; Jared.","strongs_number":"h3382"},"h3383":{"pronunciation":"yar-dane'","unicode":"יַרְדֵּן","translit":"Yardên","definition":"from {{h3381}}; a descender; Jarden, the principal river of Palestine; Jordan.","strongs_number":"h3383"},"h3384":{"pronunciation":"yaw-raw'","unicode":"יָרָה","translit":"yârâh","definition":"or (2 Chronicles 26:15) יָרָא; a primitive root; properly, to flow as water (i.e. to rain); transitively, to lay or throw (especially an arrow, i.e. to shoot); figuratively, to point out (as if by aiming the finger), to teach; ( ) archer, cast, direct, inform, instruct, lay, shew, shoot, teach(-er,-ing), through.","strongs_number":"h3384"},"h3385":{"pronunciation":"yer-oo-ale'","unicode":"יְרוּאֵל","translit":"Yᵉrûwʼêl","definition":"from {{h3384}} and {{h410}}; founded of God; Jeruel, a place in Palestine; Jeruel.","strongs_number":"h3385"},"h3386":{"pronunciation":"yaw-ro'-akh","unicode":"יָרוֹחַ","translit":"Yârôwach","definition":"perhaps denominative from {{h3394}}; (born at the) new moon; Jaroach, an Israelite; Jaroah.","strongs_number":"h3386"},"h3387":{"pronunciation":"yaw-roke'","unicode":"יָרוֹק","translit":"yârôwq","definition":"from {{h3417}}; green, i.e. an herb; green thing.","strongs_number":"h3387"},"h3388":{"pronunciation":"yer-oo-shaw'","unicode":"יְרוּשָׁא","translit":"Yᵉrûwshâʼ","definition":"or יְרוּשָׁה feminine passive participle of {{h3423}}; possessed; Jerusha or Jerushah, as Israelitess; Jerusha, Jerushah.","strongs_number":"h3388"},"h3389":{"pronunciation":"yer-oo-shaw-lah'-im","unicode":"יְרוּשָׁלִַ͏ם","translit":"Yᵉrûwshâlaim","definition":"rarely יְרוּשָׁלַיִם; a dual (in allusion to its two main hills (the true pointing, at least of the former reading, seems to be that of {{h3390}})); probably from (the passive participle of) {{h3384}} and {{h7999}}; founded peaceful; Jerushalaim or Jerushalem, the capital city of Palestine; Jerusalem.","strongs_number":"h3389"},"h3390":{"pronunciation":"yer-oo-shaw-lame'","unicode":"יְרוּשָׁלֵם","translit":"Yᵉrûwshâlêm","definition":"(Aramaic) corresponding to {{h3389}}","strongs_number":"h3390"},"h3391":{"pronunciation":"yeh'-rakh","unicode":"יֶרַח","translit":"yerach","definition":"from a unused root of uncertain signification; a lunation, i.e. month; month, moon.","strongs_number":"h3391"},"h3392":{"pronunciation":"yeh'-rakh","unicode":"יֶרַח","translit":"Yerach","definition":"the same as {{h3391}}; Jerach, an Arabian patriarch; Jerah.","strongs_number":"h3392"},"h3393":{"pronunciation":"yeh-rakh'","unicode":"יְרַח","translit":"yᵉrach","definition":"(Aramaic) corresponding to {{h3391}}; a month; month.","strongs_number":"h3393"},"h3394":{"pronunciation":"yaw-ray'-akh","unicode":"יָרֵחַ","translit":"yârêach","definition":"from the same as {{h3391}}; the moon; moon. Yrechow. See {{h3405}}.","strongs_number":"h3394"},"h3395":{"pronunciation":"yer-o-khawm'","unicode":"יְרֹחָם","translit":"Yᵉrôchâm","definition":"from {{h7355}}; compassionate; Jerocham, the name of seven or eight Israelites; Jeroham.","strongs_number":"h3395"},"h3396":{"pronunciation":"yer-akh-meh-ale'","unicode":"יְרַחְמְאֵל","translit":"Yᵉrachmᵉʼêl","definition":"from {{h7355}} and {{h410}}; God will compassionate; Jerachmeel, the name of three Israelites; Jerahmeel.","strongs_number":"h3396"},"h3397":{"pronunciation":"yer-akh-meh-ay-lee'","unicode":"יְרַחְמְאֵלִי","translit":"Yᵉrachmᵉʼêlîy","definition":"patronymically from {{h3396}}; a Jerachmeelite or descendant of Jerachmeel; Jerahmeelites.","strongs_number":"h3397"},"h3398":{"pronunciation":"yar-khaw'","unicode":"יַרְחָע","translit":"Yarchâʻ","definition":"probably of Egyptian origin; Jarcha, an Egyptian; Jarha.","strongs_number":"h3398"},"h3399":{"pronunciation":"yaw-rat'","unicode":"יָרַט","translit":"yâraṭ","definition":"a primitive root; to precipitate or hurl (rush) headlong; (intransitively) to be rash; be perverse, turn over.","strongs_number":"h3399"},"h3400":{"pronunciation":"yer-ee-ale'","unicode":"יְרִיאֵל","translit":"Yᵉrîyʼêl","definition":"from {{h3384}} and {{h410}}; thrown of God; Jeriel, an Israelite; Jeriel. Compare {{h3385}}.","strongs_number":"h3400"}}