{"h4001":{"pronunciation":"meb-oo-saw'","unicode":"מְבוּסָה","translit":"mᵉbûwçâh","definition":"from {{h947}}; a trampling; treading (trodden) down (under foot).","strongs_number":"h4001"},"h4002":{"pronunciation":"mab-boo'-ah","unicode":"מַבּוּעַ","translit":"mabbûwaʻ","definition":"from {{h5042}}; a fountain; fountain, spring.","strongs_number":"h4002"},"h4003":{"pronunciation":"meb-oo-kah'","unicode":"מְבוּקָה","translit":"mᵉbûwqâh","definition":"from the same as {{h950}}; emptiness; void.","strongs_number":"h4003"},"h4004":{"pronunciation":"mib-khore'","unicode":"מִבְחוֹר","translit":"mibchôwr","definition":"from {{h977}}; select, i.e. well fortified; choice.","strongs_number":"h4004"},"h4005":{"pronunciation":"mib-khawr'","unicode":"מִבְחָר","translit":"mibchâr","definition":"from {{h977}}; select, i.e. best; choice(-st), chosen.","strongs_number":"h4005"},"h4006":{"pronunciation":"mib-khawr'","unicode":"מִבְחָר","translit":"Mibchâr","definition":"the same as {{h4005}}; Mibchar, an Israelite; Mibhar.","strongs_number":"h4006"},"h4007":{"pronunciation":"mab-bawt'","unicode":"מַבָּט","translit":"mabbâṭ","definition":"or מֶבָּט; from {{h5027}}; something expected, i.e. (abstractly) expectation; expectation.","strongs_number":"h4007"},"h4008":{"pronunciation":"mib-taw'","unicode":"מִבְטָא","translit":"mibṭâʼ","definition":"from {{h981}}; a rash utterance (hasty vow); (that which...) uttered (out of).","strongs_number":"h4008"},"h4009":{"pronunciation":"mib-tawkh'","unicode":"מִבְטָח","translit":"mibṭâch","definition":"from {{h982}}; properly, a refuge, i.e. (objective) security, or (subjective) assurance; confidence, hope, sure, trust.","strongs_number":"h4009"},"h4010":{"pronunciation":"mab-leeg-eeth'","unicode":"מַבְלִיגִית","translit":"mablîygîyth","definition":"from {{h1082}}; desistance (or rather desolation); comfort self.","strongs_number":"h4010"},"h4011":{"pronunciation":"mib-neh'","unicode":"מִבְנֶה","translit":"mibneh","definition":"from {{h1129}}; a building; frame.","strongs_number":"h4011"},"h4012":{"pronunciation":"meb-oon-hah'-ee","unicode":"מְבֻנַּי","translit":"Mᵉbunnay","definition":"from {{h1129}}; built up; Mebunnai, an Israelite; Mebunnai.","strongs_number":"h4012"},"h4013":{"pronunciation":"mib-tsawr'","unicode":"מִבְצָר","translit":"mibtsâr","definition":"also (in plural) feminine (Daniel 11:l5) מִבְצָרָה; from {{h1219}}; a fortification, castle, or fortified city; figuratively, a defender; (de-, most) fenced, fortress, (most) strong (hold).","strongs_number":"h4013"},"h4014":{"pronunciation":"mib-tsawr'","unicode":"מִבְצָר","translit":"Mibtsâr","definition":"the same as {{h4013}}; Mibtsar, an Idumaean; Mibzar.","strongs_number":"h4014"},"h4015":{"pronunciation":"mib-rawkh'","unicode":"מִבְרָח","translit":"mibrâch","definition":"from {{h1272}}; a refugee; fugitive.","strongs_number":"h4015"},"h4016":{"pronunciation":"maw-boosh'","unicode":"מָבֻשׁ","translit":"mâbush","definition":"from {{h954}}; (plural) the (male) pudenda; secrets.","strongs_number":"h4016"},"h4017":{"pronunciation":"mib-sawm'","unicode":"מִבְשָׂם","translit":"Mibsâm","definition":"from the same as {{h1314}}; fragrant; Mibsam, the name of an Ishmaelite and of an Israelite; Mibsam.","strongs_number":"h4017"},"h4018":{"pronunciation":"meb-ash-shel-aw'","unicode":"מְבַשְּׁלָה","translit":"mᵉbashshᵉlâh","definition":"from {{h1310}}; a cooking hearth; boiling-place.","strongs_number":"h4018"},"h4019":{"pronunciation":"mag-beesh'","unicode":"מַגְבִּישׁ","translit":"Magbîysh","definition":"from the same as {{h1378}}; stiffening; Magbish, an Israelite, or a place in Palestine; Magbish.","strongs_number":"h4019"},"h4020":{"pronunciation":"mig-baw-law'","unicode":"מִגְבָּלָה","translit":"migbâlâh","definition":"from {{h1379}}; a border; end.","strongs_number":"h4020"},"h4021":{"pronunciation":"mig-baw-aw'","unicode":"מִגְבָּעָה","translit":"migbâʻâh","definition":"from the same as {{h1389}}; a cap (as hemispherical); bonnet.","strongs_number":"h4021"},"h4022":{"pronunciation":"meh'-ghed","unicode":"מֶגֶד","translit":"meged","definition":"from an unused root probably meaning to be eminent; properly, a distinguished thing; hence something valuable, as a product or fruit; pleasant, precious fruit (thing).","strongs_number":"h4022"},"h4023":{"pronunciation":"meg-id-done'","unicode":"מְגִדּוֹן","translit":"Mᵉgiddôwn","definition":"(Zechariah {{h12}}) or מְגִדּוֹ; from {{h1413}}; rendezvous; Megiddon or Megiddo, a place in Palestine; Megiddo, Megiddon.","strongs_number":"h4023"},"h4024":{"pronunciation":"mig-dole'","unicode":"מִגְדּוֹל","translit":"Migdôwl","definition":"or מִגְדֹּל; probably of Egyptian origin; Migdol, a place in Egypt; Migdol, tower.","strongs_number":"h4024"},"h4025":{"pronunciation":"mag-dee-ale'","unicode":"מַגְדִּיאֵל","translit":"Magdîyʼêl","definition":"from {{h4022}} and {{h410}}; preciousness of God; Magdiel, an Idumaean; Magdiel.","strongs_number":"h4025"},"h4026":{"pronunciation":"mig-dawl'","unicode":"מִגְדָּל","translit":"migdâl","definition":"also (in plural) feminine מִגְדָּלָה; from {{h1431}}; a tower (from its size or height); by analogy, a rostrum; figuratively, a (pyramidal) bed of flowers; castle, flower, tower. Compare the names following.","strongs_number":"h4026"},"h4027":{"pronunciation":"mig-dal-ale'","unicode":"מִגְדַּל־אֵל","translit":"Migdal-ʼÊl","definition":"from {{h4026}} and {{h410}}; tower of God; Migdal-El, a place in Palestine; Migdal-el.","strongs_number":"h4027"},"h4028":{"pronunciation":"migdal-gawd'","unicode":"מִגְדַּל־גָּד","translit":"Migdal-Gâd","definition":"from {{h4026}} and {{h1408}}; tower of Fortune; Migdal-Gad, a place in Palestine; Migdal-gad.","strongs_number":"h4028"},"h4029":{"pronunciation":"mig-dal'-ay'-der","unicode":"מִגְדַּל־עֵדֶר","translit":"Migdal-ʻÊder","definition":"from {{h4026}} and {{h5739}}; tower of a flock; Migdal-Eder, a place in Palestine; Migdal-eder, tower of the flock.","strongs_number":"h4029"},"h4030":{"pronunciation":"mig-daw-naw'","unicode":"מִגְדָּנָה","translit":"migdânâh","definition":"from the same as {{h4022}}; preciousness, i.e. a gem; precious thing, present.","strongs_number":"h4030"},"h4031":{"pronunciation":"maw-gogue'","unicode":"מָגוֹג","translit":"Mâgôwg","definition":"from {{h1463}}; Magog, a son of Japheth; also a barbarous northern region; Magog.","strongs_number":"h4031"},"h4032":{"pronunciation":"maw-gore'","unicode":"מָגוֹר","translit":"mâgôwr","definition":"or (Lamentations 2:22) מָגוּר; from {{h1481}} in the sense of fearing; a fright (objective or subjective); fear, terror. Compare {{h4036}}.","strongs_number":"h4032"},"h4033":{"pronunciation":"maw-goor'","unicode":"מָגוּר","translit":"mâgûwr","definition":"or מָגֻר; from {{h1481}} in the sense of lodging; a temporary abode; by extension, a permanent residence; dwelling, pilgrimage, where sojourn, be a stranger. Compare {{h4032}}.","strongs_number":"h4033"},"h4034":{"pronunciation":"meg-o-raw'","unicode":"מְגוֹרַה","translit":"mᵉgôwrah","definition":"feminine of {{h4032}}; affright; fear.","strongs_number":"h4034"},"h4035":{"pronunciation":"meg-oo-raw'","unicode":"מְגוּרָה","translit":"mᵉgûwrâh","definition":"feminine of {{h4032}} or of {{h4033}}; a fright; also a granary; barn, fear.","strongs_number":"h4035"},"h4036":{"pronunciation":"maw-gore' mis-saw-beeb'","unicode":"מָגוֹר מִסָּבִיב","translit":"Mâgôwr miç-Çâbîyb","definition":"from {{h4032}} and {{h5439}} with the preposition inserted; affright from around; Magor-mis-Sabib, a symbolic name of Pashur; Magormissabib.","strongs_number":"h4036"},"h4037":{"pronunciation":"mag-zay-raw'","unicode":"מַגְזֵרָה","translit":"magzêrâh","definition":"from {{h1504}}; a cutting implement, i.e. a blade; axe.","strongs_number":"h4037"},"h4038":{"pronunciation":"mag-gawl'","unicode":"מַגָּל","translit":"maggâl","definition":"from an unused root meaning to reap; a sickle; sickle.","strongs_number":"h4038"},"h4039":{"pronunciation":"meg-il-law'","unicode":"מְגִלָּה","translit":"mᵉgillâh","definition":"from {{h1556}}; a roll; roll, volume.","strongs_number":"h4039"},"h4040":{"pronunciation":"meg-il-law'","unicode":"מְגִלָּה","translit":"mᵉgillâh","definition":"(Aramaic) corresponding to {{h4039}}; roll.","strongs_number":"h4040"},"h4041":{"pronunciation":"meg-am-maw'","unicode":"מְגַמָּה","translit":"mᵉgammâh","definition":"from the same as {{h1571}}; properly, accumulation, i.e. impulse or direction; sup up.","strongs_number":"h4041"},"h4042":{"pronunciation":"maw-gan'","unicode":"מָגַן","translit":"mâgan","definition":"a denominative from {{h4043}}; properly, to shield; encompass with; figuratively, to rescue, to hand safely over (i.e. surrender); deliver.","strongs_number":"h4042"},"h4043":{"pronunciation":"maw-gane'","unicode":"מָגֵן","translit":"mâgên","definition":"also (in plural) feminine מְגִנָּה; from {{h1598}}; a shield (i.e. the small one or buckler); figuratively, a protector; also the scaly hide of the crocodile; × armed, buckler, defence, ruler,   scale, shield.","strongs_number":"h4043"},"h4044":{"pronunciation":"meg-in-naw'","unicode":"מְגִנָּה","translit":"mᵉginnâh","definition":"from {{h4042}}; a covering (in a bad sense), i.e. blindness or obduracy; sorrow. See also {{h4043}}.","strongs_number":"h4044"},"h4045":{"pronunciation":"mig-eh'-reth","unicode":"מִגְעֶרֶת","translit":"migʻereth","definition":"from {{h1605}}; reproof (i.e. curse); rebuke.","strongs_number":"h4045"},"h4046":{"pronunciation":"mag-gay-faw'","unicode":"מַגֵּפָה","translit":"maggêphâh","definition":"from {{h5062}}; a pestilence; by analogy, defeat; (× be) plague(-d), slaughter, stroke.","strongs_number":"h4046"},"h4047":{"pronunciation":"mag-pee-awsh'","unicode":"מַגְפִּיעָשׁ","translit":"Magpîyʻâsh","definition":"apparently from {{h1479}} or {{h5062}} and {{h6211}}; exterminator of (the) moth; Magpiash, an Israelite; Magpiash.","strongs_number":"h4047"},"h4048":{"pronunciation":"maw-gar'","unicode":"מָגַר","translit":"mâgar","definition":"a primitive root; to yield up; intensively, to precipitate; cast down, terror.","strongs_number":"h4048"},"h4049":{"pronunciation":"meg-ar'","unicode":"מְגַר","translit":"mᵉgar","definition":"(Aramaic) corresponding to {{h4048}}; to overthrow; destroy.","strongs_number":"h4049"},"h4050":{"pronunciation":"meg-ay-raw'","unicode":"מְגֵרָה","translit":"mᵉgêrâh","definition":"from {{h1641}}; a saw; axe, saw.","strongs_number":"h4050"},"h4051":{"pronunciation":"mig-rone'","unicode":"מִגְרוֹן","translit":"Migrôwn","definition":"from {{h4048}}; precipice; Migron, a place in Palestine; Migron.","strongs_number":"h4051"},"h4052":{"pronunciation":"mig-raw-aw'","unicode":"מִגְרָעָה","translit":"migrâʻâh","definition":"from {{h1639}}; a ledge or offset; narrowed rest.","strongs_number":"h4052"},"h4053":{"pronunciation":"mig-raw-faw'","unicode":"מִגְרָפָה","translit":"migrâphâh","definition":"from {{h1640}}; something thrown off (by the spade), i.e. a clod; clod.","strongs_number":"h4053"},"h4054":{"pronunciation":"mig-rawsh'","unicode":"מִגְרָשׁ","translit":"migrâsh","definition":"also (in plural) feminine (Ezekiel 27:28) מִגְרָשָׁה; from {{h1644}}; a suburb (i.e. open country whither flocks are driven from pasture); hence, the area around a building, or the margin of the sea; cast out, suburb.","strongs_number":"h4054"},"h4055":{"pronunciation":"mad","unicode":"מַד","translit":"mad","definition":"or מֵד; from {{h4058}}; properly, extent, i.e. height; also a measure; by implication, a vesture (as measured); also a carpet; armour, clothes, garment, judgment, measure, raiment, stature.","strongs_number":"h4055"},"h4056":{"pronunciation":"mad-bakh'","unicode":"מַדְבַּח","translit":"madbach","definition":"(Aramaic) from {{h1684}}; a sacrificial altar; altar.","strongs_number":"h4056"},"h4057":{"pronunciation":"mid-bawr'","unicode":"מִדְבָּר","translit":"midbâr","definition":"from {{h1696}} in the sense of driving; a pasture (i.e. open field, whither cattle are driven); by implication, a desert; also speech (including its organs); desert, south, speech, wilderness.","strongs_number":"h4057"},"h4058":{"pronunciation":"maw-dad'","unicode":"מָדַד","translit":"mâdad","definition":"a primitive root; properly, to stretch; by implication, to measure (as if by stretching a line); figuratively, to be extended; measure, mete, stretch self.","strongs_number":"h4058"},"h4059":{"pronunciation":"mid-dad'","unicode":"מִדַּד","translit":"middad","definition":"from {{h5074}}; flight; be gone.","strongs_number":"h4059"},"h4060":{"pronunciation":"mid-daw'","unicode":"מִדָּה","translit":"middâh","definition":"feminine of {{h4055}}; properly, extension, i.e. height or breadth; also a measure (including its standard); hence a portion (as measured) or a vestment; specifically, tribute (as measured); garment, measure(-ing, meteyard, piece, size, (great) stature, tribute, wide.","strongs_number":"h4060"},"h4061":{"pronunciation":"mid-daw'","unicode":"מִדָּה","translit":"middâh","definition":"(Aramaic) or מִנְדָּה; (Aramaic), corresponding to {{h4060}}; tribute in money; toll, tribute.","strongs_number":"h4061"},"h4062":{"pronunciation":"mad-hay-baw'","unicode":"מַדְהֵבָה","translit":"madhêbâh","definition":"perhaps from the equivalent of {{h1722}}; goldmaking, i.e. exactness; golden city.","strongs_number":"h4062"},"h4063":{"pronunciation":"meh'-dev","unicode":"מֶדֶו","translit":"medev","definition":"from an unused root meaning to stretch; properly, extent, i.e. measure; by implication, a dress (as measured); garment.","strongs_number":"h4063"},"h4064":{"pronunciation":"mad-veh'","unicode":"מַדְוֶה","translit":"madveh","definition":"from {{h1738}}; sickness; disease.","strongs_number":"h4064"},"h4065":{"pronunciation":"mad-doo'akh","unicode":"מַדּוּחַ","translit":"maddûwach","definition":"from {{h5080}}; seduction; cause of banishment.","strongs_number":"h4065"},"h4066":{"pronunciation":"maw-dohn'","unicode":"מָדוֹן","translit":"mâdôwn","definition":"from {{h1777}}; a contest or quarrel; brawling, contention(-ous), discord, strife. Compare {{h4079}}, {{h4090}}.","strongs_number":"h4066"},"h4067":{"pronunciation":"maw-dohn'","unicode":"מָדוֹן","translit":"mâdôwn","definition":"from the same as {{h4063}}; extensiveness, i.e. height; stature.","strongs_number":"h4067"},"h4068":{"pronunciation":"maw-dohn'","unicode":"מָדוֹן","translit":"Mâdôwn","definition":"the same as {{h4067}}; Madon, a place in Palestine; Madon.","strongs_number":"h4068"},"h4069":{"pronunciation":"mad-doo'-ah","unicode":"מַדּוּעַ","translit":"maddûwaʻ","definition":"or מַדֻּעַ; from {{h4100}} and the passive participle of {{h3045}}; what (is) known?; i.e. (by implication) (adverbially) why?; how, wherefore, why.","strongs_number":"h4069"},"h4070":{"pronunciation":"med-ore'","unicode":"מְדוֹר","translit":"mᵉdôwr","definition":"(Aramaic) or מְדֹר; (Aramaic), or מְדָר; (Aramaic), from {{h1753}}; a dwelling; dwelling.","strongs_number":"h4070"},"h4071":{"pronunciation":"med-oo-raw'","unicode":"מְדוּרָה","translit":"mᵉdûwrâh","definition":"or מְדֻרָה; from {{h1752}} in the sense of accumulation; a pile of fuel; pile (for fire).","strongs_number":"h4071"},"h4072":{"pronunciation":"mid-kheh'","unicode":"מִדְחֶה","translit":"midcheh","definition":"from {{h1760}}; overthrow; ruin.","strongs_number":"h4072"},"h4073":{"pronunciation":"med-akh-faw'","unicode":"מְדַחְפָה","translit":"mᵉdachphâh","definition":"from {{h1765}}; a push, i.e. ruin; overthrow.","strongs_number":"h4073"},"h4074":{"pronunciation":"maw-dah'-ee","unicode":"מָדַי","translit":"Mâday","definition":"of foreign derivation; Madai, a country of central Asia; Madai, Medes, Media.","strongs_number":"h4074"},"h4075":{"pronunciation":"maw-dah'-ee","unicode":"מָדַי","translit":"Mâday","definition":"patrial from {{h4074}}; a Madian or native of Madai; Mede.","strongs_number":"h4075"},"h4076":{"pronunciation":"maw-dah'-ee","unicode":"מָדַי","translit":"Mâday","definition":"(Aramaic) corresponding to {{h4074}}; Mede(-s).","strongs_number":"h4076"},"h4077":{"pronunciation":"maw-dah'-ee","unicode":"מָדַי","translit":"Mâday","definition":"(Aramaic) corresponding to {{h4075}}; Median.","strongs_number":"h4077"},"h4078":{"pronunciation":"mad-dah'-ee","unicode":"מַדַּי","translit":"madday","definition":"from {{h4100}} and {{h1767}}; what (is) enough, i.e. sufficiently; sufficiently.","strongs_number":"h4078"},"h4079":{"pronunciation":"mid-yawn'","unicode":"מִדְיָן","translit":"midyân","definition":"a variation for {{h4066}}; brawling, contention(-ous).","strongs_number":"h4079"},"h4080":{"pronunciation":"mid-yawn'","unicode":"מִדְיָן","translit":"Midyân","definition":"the same as {{h4079}}; Midjan, a son of Abraham; also his country and (collectively) his descendants; Midian, Midianite.","strongs_number":"h4080"},"h4081":{"pronunciation":"mid-deen'","unicode":"מִדִּין","translit":"Middîyn","definition":"a variation for {{h4080}}; Middin.","strongs_number":"h4081"},"h4082":{"pronunciation":"med-ee-naw'","unicode":"מְדִינָה","translit":"mᵉdîynâh","definition":"from {{h1777}}; properly, a judgeship, i.e. jurisdiction; by implication, a district (as ruled by a judge); generally, a region; (× every) province.","strongs_number":"h4082"},"h4083":{"pronunciation":"med-ee-naw'","unicode":"מְדִינָה","translit":"mᵉdîynâh","definition":"(Aramaic) corresponding to {{h4082}}; province.","strongs_number":"h4083"},"h4084":{"pronunciation":"mid-yaw-nee'","unicode":"מִדְיָנִי","translit":"Midyânîy","definition":"patronymical or patrial from {{h4080}}; a Midjanite or descendant (native) of Midjan; Midianite. Compare {{h4092}}.","strongs_number":"h4084"},"h4085":{"pronunciation":"med-o-kaw'","unicode":"מְדֹכָה","translit":"mᵉdôkâh","definition":"from {{h1743}}; a mortar; mortar.","strongs_number":"h4085"},"h4086":{"pronunciation":"mad-mane'","unicode":"מַדְמֵן","translit":"Madmên","definition":"from the same as {{h1828}}; dunghill; Madmen, a place in Palestine; Madmen.","strongs_number":"h4086"},"h4087":{"pronunciation":"mad-may-naw'","unicode":"מַדְמֵנָה","translit":"madmênâh","definition":"feminine from the same as {{h1828}}; a dunghill; dunghill.","strongs_number":"h4087"},"h4088":{"pronunciation":"mad-may-naw'","unicode":"מַדְמֵנָה","translit":"Madmênâh","definition":"the same as {{h4087}}; Madmenah, a place in Palestine; Madmenah.","strongs_number":"h4088"},"h4089":{"pronunciation":"mad-man-naw'","unicode":"מַדְמַנָּה","translit":"Madmannâh","definition":"a variation for {{h4087}}; Madmannah, a place in Palestine; Madmannah.","strongs_number":"h4089"},"h4090":{"pronunciation":"med-awn'","unicode":"מְדָן","translit":"mᵉdân","definition":"a form of {{h4066}}; discord, strife.","strongs_number":"h4090"},"h4091":{"pronunciation":"med-awn'","unicode":"מְדָן","translit":"Mᵉdân","definition":"the same as {{h4090}}; Medan, a son of Abraham; Medan.","strongs_number":"h4091"},"h4092":{"pronunciation":"med-aw-nee'","unicode":"מְדָנִי","translit":"Mᵉdânîy","definition":"a variation of {{h4084}}; Midianite.","strongs_number":"h4092"},"h4093":{"pronunciation":"mad-daw'","unicode":"מַדָּע","translit":"maddâʻ","definition":"or מַדַּע; from {{h3045}}; intelligence or consciousness; knowledge, science, thought.","strongs_number":"h4093"},"h4094":{"pronunciation":"mad-kaw-raw'","unicode":"מַדְקָרָה","translit":"madqârâh","definition":"from {{h1856}}; a wound; piercing.","strongs_number":"h4094"},"h4095":{"pronunciation":"mad-ray-gaw'","unicode":"מַדְרֵגָה","translit":"madrêgâh","definition":"from an unused root meaning to step; properly, a step; by implication, a steep or inaccessible place; stair, steep place.","strongs_number":"h4095"},"h4096":{"pronunciation":"mid-rawk'","unicode":"מִדְרָךְ","translit":"midrâk","definition":"from {{h1869}}; a treading, i.e. a place for stepping on; (foot-) breadth.","strongs_number":"h4096"},"h4097":{"pronunciation":"mid-rawsh'","unicode":"מִדְרָשׁ","translit":"midrâsh","definition":"from {{h1875}}; properly, an investigation, i.e. (by implication) a treatise or elaborate compilation; story.","strongs_number":"h4097"},"h4098":{"pronunciation":"med-oosh-shaw'","unicode":"מְדֻשָּׁה","translit":"mᵉdushshâh","definition":"from {{h1758}}; a threshing, i.e. (concretely and figuratively) down-trodden people; threshing.","strongs_number":"h4098"},"h4099":{"pronunciation":"med-aw-thaw'","unicode":"מְדָתָא","translit":"Mᵉdâthâʼ","definition":"of Persian origin; Medatha, the father of Haman; Hammedatha (including the article).","strongs_number":"h4099"},"h4100":{"pronunciation":"maw","unicode":"מָה","translit":"mâh","definition":"or מַה; or מָ; or מַ; also מֶה; a primitive particle; properly, interrogative what? (including how?why?when?); but also exclamation, what! (including how!), or indefinitely what (including whatever, and even relatively, that which); often used with prefixes in various adverbial or conjunctive senses; how (long, oft, (-soever)), (no-) thing, what (end, good, purpose, thing), whereby(-fore, -in, -to, -with), (for) why.","strongs_number":"h4100"}}