{"h4401":{"pronunciation":"mal-aw-kee'","unicode":"מַלְאָכִי","translit":"Malʼâkîy","definition":"from the same as {{h4397}}; ministrative; Malaki, a prophet; Malachi.","strongs_number":"h4401"},"h4402":{"pronunciation":"mil-layth'","unicode":"מִלֵּאת","translit":"millêʼth","definition":"from {{h4390}}; fulness, i.e. (concretely) a plump socket (of the eye); × fitly.","strongs_number":"h4402"},"h4403":{"pronunciation":"mal-boosh'","unicode":"מַלְבּוּשׁ","translit":"malbûwsh","definition":"or מַלְבֻּשׁ; from {{h3847}}; a garment, or (collectively) clothing; apparel, raiment, vestment.","strongs_number":"h4403"},"h4404":{"pronunciation":"mal-bane'","unicode":"מַלְבֵּן","translit":"malbên","definition":"from {{h3835}} (denominative); a brickkiln; brickkiln.","strongs_number":"h4404"},"h4405":{"pronunciation":"mil-law'","unicode":"מִלָּה","translit":"millâh","definition":"from {{h4448}} (plural masculine as if from מִלֶּה; a word; collectively, a discourse; figuratively, a topic; answer, by-word, matter, any thing (what) to say, to speak(-ing), speak, talking, word.","strongs_number":"h4405"},"h4406":{"pronunciation":"mil-law'","unicode":"מִלָּה","translit":"millâh","definition":"(Aramaic) corresponding to {{h4405}}; a word, command, discourse, or subject; commandment, matter, thing. word.","strongs_number":"h4406"},"h4407":{"pronunciation":"mil-lo'","unicode":"מִלּוֹא","translit":"millôwʼ","definition":"or מִלֹּא; (2 Kings 12:20), from {{h4390}}; a rampart (as filled in), i.e. the citadel; Millo. See also {{h1037}}.","strongs_number":"h4407"},"h4408":{"pronunciation":"mal-loo'-akh","unicode":"מַלּוּחַ","translit":"mallûwach","definition":"from {{h4414}}; sea-purslain (from its saltness); mallows.","strongs_number":"h4408"},"h4409":{"pronunciation":"mal-luke'","unicode":"מַלּוּךְ","translit":"Mallûwk","definition":"or מַלּוּכִי; (Nehemiah 12:14), from {{h4427}}; regnant; Malluk, the name of five Israelites; Malluch, Melichu (from the margin).","strongs_number":"h4409"},"h4410":{"pronunciation":"mel-oo-kaw'","unicode":"מְלוּכָה","translit":"mᵉlûwkâh","definition":"feminine passive participle of {{h4427}}; something ruled, i.e. a realm; kingsom, king's, × royal.","strongs_number":"h4410"},"h4411":{"pronunciation":"maw-lone'","unicode":"מָלוֹן","translit":"mâlôwn","definition":"from {{h3885}}; a lodgment, i.e. caravanserai or encampment; inn, place where...lodge, lodging (place).","strongs_number":"h4411"},"h4412":{"pronunciation":"mel-oo-naw'","unicode":"מְלוּנָה","translit":"mᵉlûwnâh","definition":"feminine from {{h3885}}; a hut, a hammock; cottage, lodge.","strongs_number":"h4412"},"h4413":{"pronunciation":"mal-lo'-thee","unicode":"מַלּוֹתִי","translit":"Mallôwthîy","definition":"apparently from {{h4448}}; I have talked (i.e. loquacious); Mallothi, an Israelite; Mallothi.","strongs_number":"h4413"},"h4414":{"pronunciation":"maw-lakh'","unicode":"מָלַח","translit":"mâlach","definition":"a primitive root; also as denominative from {{h4417}}; properly, to rub to pieces or pulverize; intransitively, to disappear as dust; also to salt whether internally (to season with salt) or externally (to rub with salt); × at all, salt, season, temper together, vanish away.","strongs_number":"h4414"},"h4415":{"pronunciation":"mel-akh'","unicode":"מְלַח","translit":"mᵉlach","definition":"(Aramaic) corresponding to {{h4414}}; to eat salt, i.e. (generally) subsist; have maintenance.","strongs_number":"h4415"},"h4416":{"pronunciation":"mel-akh'","unicode":"מְלַח","translit":"mᵉlach","definition":"(Aramaic) from {{h4415}}; salt; maintenance, salt.","strongs_number":"h4416"},"h4417":{"pronunciation":"meh'-lakh","unicode":"מֶלַח","translit":"melach","definition":"from {{h4414}}; properly, powder, i.e. (specifically) salt (as easily pulverized and dissolved); salt(-pit).","strongs_number":"h4417"},"h4418":{"pronunciation":"maw-lawkh'","unicode":"מָלָח","translit":"mâlâch","definition":"from {{h4414}} in its original sense; a rag or old garment; rotten rag.","strongs_number":"h4418"},"h4419":{"pronunciation":"mal-lawkh'","unicode":"מַלָּח","translit":"mallâch","definition":"from {{h4414}} in its second. sense; a sailor (as following 'the salt'); mariner.","strongs_number":"h4419"},"h4420":{"pronunciation":"mel-ay-khaw'","unicode":"מְלֵחָה","translit":"mᵉlêchâh","definition":"from {{h4414}} (in its denominative sense); understood as land ({{h776}}); properly, salted (i.e. land), i.e. a desert; barren land(-ness), salt (land).","strongs_number":"h4420"},"h4421":{"pronunciation":"mil-khaw-maw'","unicode":"מִלְחָמָה","translit":"milchâmâh","definition":"from {{h3898}} (in the sense of fighting); a battle (i.e. the engagement); generally, war (i.e. war-fare); battle, fight(-ing), war(-rior).","strongs_number":"h4421"},"h4422":{"pronunciation":"maw-lat'","unicode":"מָלַט","translit":"mâlaṭ","definition":"a primitive root; properly, to be smooth, i.e. (by implication) to escape (as if by slipperiness); causatively, to release or rescue; specifically, to bring forth young, emit sparks; deliver (self), escape, lay, leap out, let alone, let go, preserve, save, × speedily, × surely.","strongs_number":"h4422"},"h4423":{"pronunciation":"meh'-let","unicode":"מֶלֶט","translit":"meleṭ","definition":"from {{h4422}},; cement (from its plastic smoothness); clay.","strongs_number":"h4423"},"h4424":{"pronunciation":"mel-at-yaw'","unicode":"מְלַטְיָה","translit":"Mᵉlaṭyâh","definition":"from {{h4423}} and {{h3050}}; (whom) Jah has delivered; Melatjah, a Gibeonite; Melatiah.","strongs_number":"h4424"},"h4425":{"pronunciation":"mel-ee-law'","unicode":"מְלִילָה","translit":"mᵉlîylâh","definition":"from {{h4448}}number 4449, corrected to 4448b (in the sense of cropping (compare {{h4135}})); a head of grain (as cut off); ear.","strongs_number":"h4425"},"h4426":{"pronunciation":"mel-ee-tsaw'","unicode":"מְלִיצָה","translit":"mᵉlîytsâh","definition":"from {{h3887}}; an aphorism; also a satire; interpretation, taunting.","strongs_number":"h4426"},"h4427":{"pronunciation":"maw-lak'","unicode":"מָלַךְ","translit":"mâlak","definition":"a primitive root; to reign; inceptively, to ascend the throne; causatively, to induct into royalty; hence (by implication) to take counsel; consult, × indeed, be (make, set a, set up) king, be (make) queen, (begin to, make to) reign(-ing), rule, × surely.","strongs_number":"h4427"},"h4428":{"pronunciation":"meh'-lek","unicode":"מֶלֶךְ","translit":"melek","definition":"from {{h4427}}; a king; king, royal.","strongs_number":"h4428"},"h4429":{"pronunciation":"meh'-lek","unicode":"מֶלֶךְ","translit":"Melek","definition":"the same as {{h4428}}; king; Melek, the name of two Israelites; Melech, Hammelech (by including the article).","strongs_number":"h4429"},"h4430":{"pronunciation":"meh'-lek","unicode":"מֶלֶךְ","translit":"melek","definition":"(Aramaic) corresponding to {{h4428}}; a king; king, royal.","strongs_number":"h4430"},"h4431":{"pronunciation":"mel-ak'","unicode":"מְלַךְ","translit":"mᵉlak","definition":"(Aramaic) from a root corresponding to {{h4427}} in the sense of consultation; advice; counsel.","strongs_number":"h4431"},"h4432":{"pronunciation":"mo'-lek","unicode":"מֹלֶךְ","translit":"Môlek","definition":"from {{h4427}}; Molek (i.e. king), the chief deity of the Ammonites; Molech. Compare {{h4445}}.","strongs_number":"h4432"},"h4433":{"pronunciation":"mal-kaw'","unicode":"מַלְכָּא","translit":"malkâʼ","definition":"(Aramaic) corresponding to {{h4436}}; a queen; queen.","strongs_number":"h4433"},"h4434":{"pronunciation":"mal-ko'-deth","unicode":"מַלְכֹּדֶת","translit":"malkôdeth","definition":"from {{h3920}}; a snare; trap.","strongs_number":"h4434"},"h4435":{"pronunciation":"mil-kaw'","unicode":"מִלְכָּה","translit":"Milkâh","definition":"a form of {{h4436}}; queen; Milcah, the name of a Hebrewess and of an Israelite; Milcah.","strongs_number":"h4435"},"h4436":{"pronunciation":"mal-kaw'","unicode":"מַלְכָּה","translit":"malkâh","definition":"feminine of {{h4428}}; a queen; queen.","strongs_number":"h4436"},"h4437":{"pronunciation":"mal-koo'","unicode":"מַלְכוּ","translit":"malkûw","definition":"(Aramaic) corresponding to {{h4438}}; dominion (abstractly or concretely); kingdom, kingly, realm, reign.","strongs_number":"h4437"},"h4438":{"pronunciation":"mal-kooth'","unicode":"מַלְכוּת","translit":"malkûwth","definition":"or מַלְכֻת; or (in plural) מַלְכֻיָּה; from {{h4427}}; a rule; concretely, a dominion; empire, kingdom, realm, reign, royal.","strongs_number":"h4438"},"h4439":{"pronunciation":"mal-kee-ale'","unicode":"מַלְכִּיאֵל","translit":"Malkîyʼêl","definition":"from {{h4428}} and {{h410}}; king of (i.e. appointed by) God; Malkiel, an Israelite; Malchiel.","strongs_number":"h4439"},"h4440":{"pronunciation":"mal-kee-ay-lee'","unicode":"מַלְכִּיאֵלִי","translit":"Malkîyʼêlîy","definition":"patronymical from {{h4439}}; a Malkielite or descendant of Malkiel; Malchielite.","strongs_number":"h4440"},"h4441":{"pronunciation":"mal-kee-yaw'","unicode":"מַלְכִּיָּה","translit":"Malkîyâh","definition":"or מַלְכִּיָּהוּlemma מַלְכִּיָהוּ missing dagesh, corrected to מַלְכִּיָּהוּ; (Jeremiah 38:6), from {{h4428}} and {{h3050}}; king of (i.e. appointed by) Jah; Malkijah, the name of ten Israelites; Malchiah, Malchijah.","strongs_number":"h4441"},"h4442":{"pronunciation":"mal-kee-tseh'-dek","unicode":"מַלְכִּי־צֶדֶק","translit":"Malkîy-Tsedeq","definition":"from {{h4428}} and {{h6664}}; king of right; Malki-Tsedek, an early king in Palestine; Melchizedek.","strongs_number":"h4442"},"h4443":{"pronunciation":"mal-kee-rawm'","unicode":"מַלְכִּירָם","translit":"Malkîyrâm","definition":"from {{h4428}} and {{h7311}}; king of a high one (i.e. of exaltation); Malkiram, an Israelite; Malchiram.","strongs_number":"h4443"},"h4444":{"pronunciation":"mal-kee-shoo'-ah","unicode":"מַלְכִּישׁוּעַ","translit":"Malkîyshûwaʻ","definition":"from {{h4428}} and {{h7769}}; king of wealth; Malkishua, an Israelite; Malchishua.","strongs_number":"h4444"},"h4445":{"pronunciation":"mal-kawm'","unicode":"מַלְכָּם","translit":"Malkâm","definition":"or מִלְכּוֹם; from {{h4428}} for {{h4432}}; Malcam or Milcom, the national idol of the Ammonites; Malcham, Milcom.","strongs_number":"h4445"},"h4446":{"pronunciation":"mel-eh'-keth","unicode":"מְלֶכֶת","translit":"mᵉleketh","definition":"from {{h4427}}; a queen; queen.","strongs_number":"h4446"},"h4447":{"pronunciation":"mo-leh'-keth","unicode":"מֹלֶכֶת","translit":"Môleketh","definition":"feminine active participle of {{h4427}}; queen; Moleketh, an Israelitess; Hammoleketh (including the article).","strongs_number":"h4447"},"h4448":{"pronunciation":"maw-lal'","unicode":"מָלַל","translit":"mâlal","definition":"a primitive root; to speak (mostly poetical) or say; say, speak, utter.","strongs_number":"h4448"},"h4449":{"pronunciation":"mel-al'","unicode":"מְלַל","translit":"mᵉlal","definition":"(Aramaic) corresponding to {{h4448}}; to speak; say, speak(-ing).","strongs_number":"h4449"},"h4450":{"pronunciation":"mee-lal-ah'-ee","unicode":"מִלֲלַי","translit":"Milălay","definition":"from {{h4448}}; talkative; Milalai, an Israelite; Milalai.","strongs_number":"h4450"},"h4451":{"pronunciation":"mal-mawd'","unicode":"מַלְמָד","translit":"malmâd","definition":"from {{h3925}}; a goad for oxen; goad.","strongs_number":"h4451"},"h4452":{"pronunciation":"maw-lats'","unicode":"מָלַץ","translit":"mâlats","definition":"a primitive root; to be smooth, i.e. (figuratively) pleasant; be sweet.","strongs_number":"h4452"},"h4453":{"pronunciation":"mel-tsawr'","unicode":"מֶלְצָר","translit":"meltsâr","definition":"of Persian derivation; the butler or other officer in the Babylonian court; Melzar.","strongs_number":"h4453"},"h4454":{"pronunciation":"maw-lak'","unicode":"מָלַק","translit":"mâlaq","definition":"a primitive root; to crack a joint; by implication, to wring the neck of a fowl (without separating it); wring off.","strongs_number":"h4454"},"h4455":{"pronunciation":"mal-ko'-akh","unicode":"מַלְקוֹחַ","translit":"malqôwach","definition":"from {{h3947}}; transitively (in dual) the jaws (as taking food); intransitively, spoil [and captives] (as taken); booty, jaws, prey.","strongs_number":"h4455"},"h4456":{"pronunciation":"mal-koshe'","unicode":"מַלְקוֹשׁ","translit":"malqôwsh","definition":"from {{h3953}}; (compare {{h3954}}); the spring rain; figuratively, eloquence; latter rain.","strongs_number":"h4456"},"h4457":{"pronunciation":"mel-kawkh'","unicode":"מֶלְקָח","translit":"melqâch","definition":"or מַלְקָח; from {{h3947}}; (only in dual) tweezers; snuffers, tongs.","strongs_number":"h4457"},"h4458":{"pronunciation":"mel-taw-khaw'","unicode":"מֶלְתָּחָה","translit":"meltâchâh","definition":"from an unused root meaning to spread out; a wardrobe (i.e. room where clothing is spread); vestry.","strongs_number":"h4458"},"h4459":{"pronunciation":"mal-taw-aw'","unicode":"מַלְתָּעָה","translit":"maltâʻâh","definition":"transp. for {{h4973}}; a grinder, i.e. back tooth; great tooth.","strongs_number":"h4459"},"h4460":{"pronunciation":"mam-meg-oo-raw'","unicode":"מַמְּגֻרָה","translit":"mammᵉgurâh","definition":"from {{h4048}} (in the sense of depositing); a granary; barn.","strongs_number":"h4460"},"h4461":{"pronunciation":"may-mad'","unicode":"מֵמַד","translit":"mêmad","definition":"from {{h4058}}; a measure; measure.","strongs_number":"h4461"},"h4462":{"pronunciation":"mem-oo-kawn'","unicode":"מְמוּכָן","translit":"Mᵉmûwkân","definition":"or (transp.) מוֹמֻכָן; (Esther 1:16), of Persian derivation; Memucan or Momucan, a Persian satrap; Memucan.","strongs_number":"h4462"},"h4463":{"pronunciation":"maw-mothe'","unicode":"מָמוֹת","translit":"mâmôwth","definition":"from {{h4191}}; a mortal disease; concretely, a corpse; death.","strongs_number":"h4463"},"h4464":{"pronunciation":"mam-zare'","unicode":"מַמְזֵר","translit":"mamzêr","definition":"from an unused root meaning to alienate; a mongrel, i.e. born of a Jewish father and a heathen mother; bastard.","strongs_number":"h4464"},"h4465":{"pronunciation":"mim-kawr'","unicode":"מִמְכָּר","translit":"mimkâr","definition":"from {{h4376}}; merchandise; abstractly, a selling; × ought, (that which cometh of) sale, that which...sold, ware.","strongs_number":"h4465"},"h4466":{"pronunciation":"mim-keh'-reth","unicode":"מִמְכֶּרֶת","translit":"mimkereth","definition":"feminine of {{h4465}}; a sale; sold as.","strongs_number":"h4466"},"h4467":{"pronunciation":"mam-law-kaw'","unicode":"מַמְלָכָה","translit":"mamlâkâh","definition":"from {{h4427}}; dominion, i.e. (abstractly) the estate (rule) or (concretely) the country (realm); kingdom, king's, reign, royal.","strongs_number":"h4467"},"h4468":{"pronunciation":"mam-law-kooth'","unicode":"מַמְלָכוּת","translit":"mamlâkûwth","definition":"a form of {{h4467}} and equiv. to it; kingdom, reign.","strongs_number":"h4468"},"h4469":{"pronunciation":"mam-sawk'","unicode":"מַמְסָךְ","translit":"mamçâk","definition":"from {{h4537}}; mixture, i.e. (specifically) wine mixed (with water or spices); drink-offering, mixed wine.","strongs_number":"h4469"},"h4470":{"pronunciation":"meh'-mer","unicode":"מֶמֶר","translit":"memer","definition":"from an unused root meaning to grieve; sorrow; bitterness.","strongs_number":"h4470"},"h4471":{"pronunciation":"mam-ray'","unicode":"מַמְרֵא","translit":"Mamrêʼ","definition":"from {{h4754}}(in the sense of vigor); lusty; Mamre, an Amorite; Mamre.","strongs_number":"h4471"},"h4472":{"pronunciation":"mam-rore'","unicode":"מַמְרֹר","translit":"mamrôr","definition":"from {{h4843}}; a bitterness, i.e. (figuratively) calamity; bitterness.","strongs_number":"h4472"},"h4473":{"pronunciation":"mim-shakh'","unicode":"מִמְשַׁח","translit":"mimshach","definition":"from {{h4886}}, in the sense of expansion; outspread (i.e. with outstretched wings); anointed.","strongs_number":"h4473"},"h4474":{"pronunciation":"mim-shawl'","unicode":"מִמְשָׁל","translit":"mimshâl","definition":"from {{h4910}}; a ruler or (abstractly) rule; dominion, that ruled.","strongs_number":"h4474"},"h4475":{"pronunciation":"mem-shaw-law'","unicode":"מֶמְשָׁלָה","translit":"memshâlâh","definition":"feminine of {{h4474}}; rule; also (concretely in plural) a realm or a ruler; dominion, government, power, to rule.","strongs_number":"h4475"},"h4476":{"pronunciation":"mim-shawk'","unicode":"מִמְשָׁק","translit":"mimshâq","definition":"from the same as {{h4943}}; a possession; breeding.","strongs_number":"h4476"},"h4477":{"pronunciation":"mam-tak'","unicode":"מַמְתַּק","translit":"mamtaq","definition":"from {{h4985}}; something sweet (literally or figuratively); (most) sweet.","strongs_number":"h4477"},"h4478":{"pronunciation":"mawn","unicode":"מָן","translit":"mân","definition":"from {{h4100}}; literally a whatness (so to speak), i.e. manna (so called from the question about it); manna.","strongs_number":"h4478"},"h4479":{"pronunciation":"mawn","unicode":"מָן","translit":"mân","definition":"(Aramaic) from {{h4101}}; who or what (properly, interrogatively, hence, also indefinitely and relatively); what, who(-msoever,   -so).","strongs_number":"h4479"},"h4480":{"pronunciation":"min","unicode":"מִן","translit":"min","definition":"or מִנִּי; or מִנֵּי; (constructive plural) (Isaiah 30:11); for {{h4482}}; properly, a part of; hence (prepositionally), from or out of in many senses; above, after, among, at, because of, by (reason of), from (among), in, × neither, × nor, (out) of, over, since, × then, through, × whether, with.","strongs_number":"h4480"},"h4481":{"pronunciation":"min","unicode":"מִן","translit":"min","definition":"(Aramaic) corresponding to {{h4480}}; according, after,   because,   before, by, for, from, × him, × more than, (out) of, part, since, × these, to, upon,   when.","strongs_number":"h4481"},"h4482":{"pronunciation":"mane","unicode":"מֵן","translit":"mên","definition":"from an unused root meaning to apportion; a part; hence, a musical chord (as parted into strings); in [the same] (Psalm 68:23), stringed instrument (Psalm 150:4), whereby (Psalm 45:8 [defective plural]).","strongs_number":"h4482"},"h4483":{"pronunciation":"men-aw'","unicode":"מְנָא","translit":"mᵉnâʼ","definition":"(Aramaic) or מְנָה; (Aramaic), corresponding to {{h4487}}; to count, appoint; number, ordain, set.","strongs_number":"h4483"},"h4484":{"pronunciation":"men-ay'","unicode":"מְנֵא","translit":"mᵉnêʼ","definition":"(Aramaic) passive participle of {{h4483}}; numbered; Mene.","strongs_number":"h4484"},"h4485":{"pronunciation":"man-ghee-naw'","unicode":"מַנְגִּינָה","translit":"mangîynâh","definition":"from {{h5059}}; a satire; music.","strongs_number":"h4485"},"h4486":{"pronunciation":"man-dah'","unicode":"מַנְדַּע","translit":"mandaʻ","definition":"(Aramaic) corresponding to {{h4093}}; wisdom or intelligence; knowledge, reason, understanding.","strongs_number":"h4486"},"h4487":{"pronunciation":"maw-naw'","unicode":"מָנָה","translit":"mânâh","definition":"a primitive root; properly, to weigh out; by implication, to allot or constitute officially; also to enumerate or enroll; appoint, count, number, prepare, set, tell.","strongs_number":"h4487"},"h4488":{"pronunciation":"maw-neh'","unicode":"מָנֶה","translit":"mâneh","definition":"from {{h4487}}; properly, a fixed weight or measured amount, i.e. (techn.) a maneh or mina; maneh, pound.","strongs_number":"h4488"},"h4489":{"pronunciation":"mo-neh'","unicode":"מֹנֶה","translit":"môneh","definition":"from {{h4487}}; properly, something weighed out, i.e. (figuratively) a portion of time, i.e. an instance; time.","strongs_number":"h4489"},"h4490":{"pronunciation":"maw-naw'","unicode":"מָנָה","translit":"mânâh","definition":"from {{h4487}}; properly, something weighed out, i.e. (generally) a division; specifically (of food) a ration; also a lot; such things as belonged, part, portion.","strongs_number":"h4490"},"h4491":{"pronunciation":"min-hawg'","unicode":"מִנְהָג","translit":"minhâg","definition":"from {{h5090}}; the driving (of a chariot); driving.","strongs_number":"h4491"},"h4492":{"pronunciation":"min-haw-raw'","unicode":"מִנְהָרָה","translit":"minhârâh","definition":"from {{h5102}}; properly, a channel or fissure, i.e. (by implication) a cavern; den.","strongs_number":"h4492"},"h4493":{"pronunciation":"maw-node'","unicode":"מָנוֹד","translit":"mânôwd","definition":"from {{h5110}}; a nodding or toss (of the head in derision); shaking.","strongs_number":"h4493"},"h4494":{"pronunciation":"maw-no'-akh","unicode":"מָנוֹחַ","translit":"mânôwach","definition":"from {{h5117}}; quiet, i.e. (concretely) a settled spot, or (figuratively) a home; (place of) rest.","strongs_number":"h4494"},"h4495":{"pronunciation":"maw-no'-akh","unicode":"מָנוֹחַ","translit":"Mânôwach","definition":"the same as {{h4494}}; rest; Manoach, an Israelite; Manoah.","strongs_number":"h4495"},"h4496":{"pronunciation":"men-oo-khaw'","unicode":"מְנוּחָה","translit":"mᵉnûwchâh","definition":"or מְנֻחָה; feminine of {{h4495}}; repose or (adverbially) peacefully; figuratively, consolation (specifically, matrimony); hence (concretely) an abode; comfortable, ease, quiet, rest(-ing place), still.","strongs_number":"h4496"},"h4497":{"pronunciation":"maw-nohn'","unicode":"מָנוֹן","translit":"mânôwn","definition":"from {{h5125}}; a continuator, i.e. heir; son.","strongs_number":"h4497"},"h4498":{"pronunciation":"maw-noce'","unicode":"מָנוֹס","translit":"mânôwç","definition":"from {{h5127}}; a retreat (literally or figuratively); abstractly, a fleeing; × apace, escape, way to flee, flight, refuge.","strongs_number":"h4498"},"h4499":{"pronunciation":"men-oo-saw'","unicode":"מְנוּסָה","translit":"mᵉnûwçâh","definition":"or מְנֻסָה; feminine of {{h4498}}; retreat; fleeing, flight.","strongs_number":"h4499"},"h4500":{"pronunciation":"maw-nore'","unicode":"מָנוֹר","translit":"mânôwr","definition":"from {{h5214}}; a yoke (properly, for plowing), i.e. the frame of a loom; beam.","strongs_number":"h4500"}}