{"h4601":{"pronunciation":"mah-ak-aw'","unicode":"מַעֲכָה","translit":"Maʻăkâh","definition":"or מַעֲכָת; (Joshua 13:13), from {{h4600}}; depression; Maakah (or Maakath), the name of a place in Syria, also of a Mesopotamian, of three Israelites, and of four Israelitesses and one Syrian woman; Maachah, Maachathites. See also {{h1038}}.","strongs_number":"h4601"},"h4602":{"pronunciation":"mah-ak-aw-thee'","unicode":"מַעֲכָתִי","translit":"Maʻăkâthîy","definition":"patrial from {{h4601}}; a Maakathite, or inhabitant of Maakah; Maachathite.","strongs_number":"h4602"},"h4603":{"pronunciation":"maw-al'","unicode":"מָעַל","translit":"mâʻal","definition":"a primitive root; properly, to cover up; used only figuratively, to act covertly, i.e. treacherously; transgress, (commit, do a) trespass(-ing).","strongs_number":"h4603"},"h4604":{"pronunciation":"mah'-al","unicode":"מַעַל","translit":"maʻal","definition":"from {{h4603}}; treachery, i.e. sin; falsehood, grievously, sore, transgression, trespass, × very.","strongs_number":"h4604"},"h4605":{"pronunciation":"mah'al","unicode":"מַעַל","translit":"maʻal","definition":"from {{h5927}}; properly,the upper part, used only adverbially with prefix upward, above, overhead, from the top, etc.; above, exceeding(-ly), forward, on (× very) high, over, up(-on, -ward), very.","strongs_number":"h4605"},"h4606":{"pronunciation":"may-awl'","unicode":"מֵעָל","translit":"mêʻâl","definition":"(Aramaic) from {{h5954}}; (only in plural as singular) the setting (of the sun); going down.","strongs_number":"h4606"},"h4607":{"pronunciation":"mo'-al","unicode":"מֹעַל","translit":"môʻal","definition":"from {{h5927}}; a raising (of the hands); lifting up.","strongs_number":"h4607"},"h4608":{"pronunciation":"mah-al-eh'","unicode":"מַעֲלֶה","translit":"maʻăleh","definition":"from {{h5927}}; an elevation, i.e. (concretely) acclivity or platform; abstractly (the relation or state) a rise or (figuratively) priority; ascent, before, chiefest, cliff, that goeth up, going up, hill, mounting up, stairs.","strongs_number":"h4608"},"h4609":{"pronunciation":"mah-al-aw'","unicode":"מַעֲלָה","translit":"maʻălâh","definition":"feminine of {{h4608}}; elevation, i.e. the act (literally, a journey to a higher place, figuratively, a thought arising), or (concretely) the condition (literally, a step or grade-mark, figuratively, a superiority of station); specifically a climactic progression (in certain Psalms); things that come up, (high) degree, deal, go up, stair, step, story.","strongs_number":"h4609"},"h4610":{"pronunciation":"mah-al-ay' ak-rabbeem'","unicode":"מַעֲלֵה עַקְרַבִּים","translit":"Maʻălêh ʻAqrabbîym","definition":"from {{h4608}} and (the plural of) {{h6137}}; Steep of Scorpions, a place in the Desert; Maaleh-accrabim, the ascent (going up) of Akrabbim.","strongs_number":"h4610"},"h4611":{"pronunciation":"mah-al-awl'","unicode":"מַעֲלָל","translit":"maʻălâl","definition":"from {{h5953}}; an act (good or bad); doing, endeavour, invention, work.","strongs_number":"h4611"},"h4612":{"pronunciation":"mah-am-awd'","unicode":"מַעֲמָד","translit":"maʻămâd","definition":"from {{h5975}}; (figuratively) a position; attendance, office, place, state.","strongs_number":"h4612"},"h4613":{"pronunciation":"moh-om-awd'","unicode":"מׇעֳמָד","translit":"moʻŏmâd","definition":"from {{h5975}}; literally a foothold; standing.","strongs_number":"h4613"},"h4614":{"pronunciation":"mah-am-aw-saw'","unicode":"מַעֲמָסָה","translit":"maʻămâçâh","definition":"from {{h6006}}; burdensomeness; burdensome.","strongs_number":"h4614"},"h4615":{"pronunciation":"mah-am-awk'","unicode":"מַעֲמָק","translit":"maʻămâq","definition":"from {{h6009}}; a deep; deep, depth.","strongs_number":"h4615"},"h4616":{"pronunciation":"mah'-an","unicode":"מַעַן","translit":"maʻan","definition":"from {{h6030}}; properly, heed, i.e. purpose; used only adverbially, on account of (as a motive or an aim), teleologically, in order that; because of, to the end (intent) that, for (to,... 's sake),   lest, that, to.","strongs_number":"h4616"},"h4617":{"pronunciation":"mah-an-eh'","unicode":"מַעֲנֶה","translit":"maʻăneh","definition":"from {{h6030}}; a reply (favorable or contradictory); answer, × himself.","strongs_number":"h4617"},"h4618":{"pronunciation":"mah-an-aw'","unicode":"מַעֲנָה","translit":"maʻănâh","definition":"from {{h6031}}, in the sense of depression or tilling; a furrow; acre, furrow.","strongs_number":"h4618"},"h4619":{"pronunciation":"mah'-ats","unicode":"מַעַץ","translit":"Maʻats","definition":"from {{h6095}}; closure; Maats, an Israelite; Maaz.","strongs_number":"h4619"},"h4620":{"pronunciation":"mah-ats-ay-baw'","unicode":"מַעֲצֵבָה","translit":"maʻătsêbâh","definition":"from {{h6087}}; anguish; sorrow.","strongs_number":"h4620"},"h4621":{"pronunciation":"mah-ats-awd'","unicode":"מַעֲצָד","translit":"maʻătsâd","definition":"from an unused root meaning to hew; an axe; ax, tongs.","strongs_number":"h4621"},"h4622":{"pronunciation":"mah-tsore'","unicode":"מַעְצוֹר","translit":"maʻtsôwr","definition":"from {{h6113}}; objectively, a hindrance; restraint.","strongs_number":"h4622"},"h4623":{"pronunciation":"mah-tsawr'","unicode":"מַעְצָר","translit":"maʻtsâr","definition":"from {{h6113}}; subjectively, control; rule.","strongs_number":"h4623"},"h4624":{"pronunciation":"mah-ak-eh'","unicode":"מַעֲקֶה","translit":"maʻăqeh","definition":"from an unused root meaning to repress; a parapet; battlement.","strongs_number":"h4624"},"h4625":{"pronunciation":"mah-ak-awsh'","unicode":"מַעֲקָשׁ","translit":"maʻăqâsh","definition":"from {{h6140}}; a crook (in a road); crooked thing.","strongs_number":"h4625"},"h4626":{"pronunciation":"mah'-ar","unicode":"מַעַר","translit":"maʻar","definition":"from {{h6168}}; a nude place, i.e. (literally) the pudenda, or (figuratively) a vacant space; nakedness, proportion.","strongs_number":"h4626"},"h4627":{"pronunciation":"mah-ar-awb'","unicode":"מַעֲרָב","translit":"maʻărâb","definition":"from {{h6148}}, in the sense of trading; traffic; by implication, mercantile goods; market, merchandise.","strongs_number":"h4627"},"h4628":{"pronunciation":"mah-ar-awb'","unicode":"מַעֲרָב","translit":"maʻărâb","definition":"or (feminine) מַעֲרָבָה; from {{h6150}}, in the sense of shading; the west (as a region of the evening sun); west.","strongs_number":"h4628"},"h4629":{"pronunciation":"mah-ar-eh'","unicode":"מַעֲרֶה","translit":"maʻăreh","definition":"from {{h6168}}; a nude place, i.e. a common; meadows.","strongs_number":"h4629"},"h4630":{"pronunciation":"mah-ar-aw'","unicode":"מַעֲרָה","translit":"maʻărâh","definition":"feminine of {{h4629}}; an open spot; army (from the margin).","strongs_number":"h4630"},"h4631":{"pronunciation":"meh-aw-raw'","unicode":"מְעָרָה","translit":"mᵉʻârâh","definition":"from {{h5783}}; a cavern (as dark); cave, den, hole.","strongs_number":"h4631"},"h4632":{"pronunciation":"meh-aw-raw'","unicode":"מְעָרָה","translit":"Mᵉʻârâh","definition":"the same as {{h4631}}; cave; Mearah, a place in Palestine; Mearah.","strongs_number":"h4632"},"h4633":{"pronunciation":"mah-ar-awk'","unicode":"מַעֲרָךְ","translit":"maʻărâk","definition":"from {{h6186}}; an arrangement, i.e. (figuratively) mental disposition; preparation.","strongs_number":"h4633"},"h4634":{"pronunciation":"mah-ar-aw-kaw'","unicode":"מַעֲרָכָה","translit":"maʻărâkâh","definition":"feminine of {{h4633}}; an arrangement; concretely, a pile; specifically a military array; army, fight, be set in order, ordered place, rank, row.","strongs_number":"h4634"},"h4635":{"pronunciation":"mah-ar-eh'-keth","unicode":"מַעֲרֶכֶת","translit":"maʻăreketh","definition":"from {{h6186}}; an arrangement, i.e. (concretely) a pile (of loaves); row, shewbread.","strongs_number":"h4635"},"h4636":{"pronunciation":"mah-ar-ome'","unicode":"מַעֲרֹם","translit":"maʻărôm","definition":"from {{h6191}}, in the sense of stripping; bare; naked.","strongs_number":"h4636"},"h4637":{"pronunciation":"mah-ar-aw-tsaw'","unicode":"מַעֲרָצָה","translit":"maʻărâtsâh","definition":"from {{h6206}}; violence; terror.","strongs_number":"h4637"},"h4638":{"pronunciation":"mah-ar-awth'","unicode":"מַעֲרָת","translit":"Maʻărâth","definition":"a form of {{h4630}}; waste; Maarath, a place in Palestine; Maarath.","strongs_number":"h4638"},"h4639":{"pronunciation":"mah-as-eh'","unicode":"מַעֲשֶׂה","translit":"maʻăseh","definition":"from {{h6213}}; an action (good or bad); generally, a transaction; abstractly, activity; by implication, a product (specifically, a poem) or (generally) property; act, art,   bakemeat, business, deed, do(-ing), labor, thing made, ware of making, occupation, thing offered, operation, possession, × well, (handy-, needle-, net-) work(ing, -manship), wrought.","strongs_number":"h4639"},"h4640":{"pronunciation":"mah-as-ah'ee","unicode":"מַעֲשַׂי","translit":"Maʻăsay","definition":"from {{h6213}}; operative; Maasai, an Israelite; Maasiai.","strongs_number":"h4640"},"h4641":{"pronunciation":"mah-as-ay-yaw'","unicode":"מַעֲשֵׂיָה","translit":"Maʻăsêyâh","definition":"or מַעֲשֵׂיָהוּ; from {{h4639}} and {{h3050}}; work of Jah; Maasejah, the name of sixteen Israelites; Maaseiah.","strongs_number":"h4641"},"h4642":{"pronunciation":"mah-ash-ak-kaw'","unicode":"מַעֲשַׁקָּה","translit":"maʻăshaqqâh","definition":"from {{h6231}}; oppression; oppression, × oppressor.","strongs_number":"h4642"},"h4643":{"pronunciation":"mah-as-ayr'","unicode":"מַעֲשֵׂר","translit":"maʻăsêr","definition":"or מַעֲשַׂר; and (in plural) feminine מַעַשְׂרָה; from {{h6240}}; a tenth; especially a tithe; tenth (part), tithe(-ing).","strongs_number":"h4643"},"h4644":{"pronunciation":"mofe","unicode":"מֹף","translit":"Môph","definition":"of Egyptian origin; Moph, the capital of Lower Egypt; Memphis. Compare {{h5297}}.","strongs_number":"h4644"},"h4645":{"pronunciation":"mif-gaw'","unicode":"מִפְגָּע","translit":"miphgâʻ","definition":"from {{h6293}}; an object of attack; mark.","strongs_number":"h4645"},"h4646":{"pronunciation":"map-pawkh'","unicode":"מַפָּח","translit":"mappâch","definition":"from {{h5301}}; a breathing out (of life), i.e. expiring; giving up.","strongs_number":"h4646"},"h4647":{"pronunciation":"map-poo'-akh","unicode":"מַפֻּחַ","translit":"mappuach","definition":"from {{h5301}}; the bellows (i.e. blower) of a forge; bellows.","strongs_number":"h4647"},"h4648":{"pronunciation":"mef-ee-bo'-sheth","unicode":"מְפִיבֹשֶׁת","translit":"Mᵉphîybôsheth","definition":"or מְפִבֹשֶׁת; probably from {{h6284}} and {{h1322}}; dispeller of shame (i.e. of Baal); Mephibosheth, the name of two Israelites; Mephibosheth.","strongs_number":"h4648"},"h4649":{"pronunciation":"moop-peem'","unicode":"מֻפִּים","translit":"Muppîym","definition":"a plural apparently from {{h5130}}; wavings; Muppim, an Israelite; Muppim. Compare {{h8206}}.","strongs_number":"h4649"},"h4650":{"pronunciation":"may-feets'","unicode":"מֵפִיץ","translit":"mêphîyts","definition":"from {{h6327}}; a breaker, i.e. mallet; maul.","strongs_number":"h4650"},"h4651":{"pronunciation":"map-pawl'","unicode":"מַפָּל","translit":"mappâl","definition":"from {{h5307}}; a falling off, i.e. chaff; also something pendulous, i.e. a flap; flake, refuse.","strongs_number":"h4651"},"h4652":{"pronunciation":"mif-law-aw'","unicode":"מִפְלָאָה","translit":"miphlâʼâh","definition":"from {{h6381}}; a miracle; wondrous work.","strongs_number":"h4652"},"h4653":{"pronunciation":"mif-lag-gaw'","unicode":"מִפְלַגָּה","translit":"miphlaggâh","definition":"from {{h6385}}; a classification; division.","strongs_number":"h4653"},"h4654":{"pronunciation":"map-paw-law'","unicode":"מַפָּלָה","translit":"mappâlâh","definition":"or מַפֵּלָה; from {{h5307}}; something fallen, i.e. a ruin; ruin(-ous).","strongs_number":"h4654"},"h4655":{"pronunciation":"mif-lawt'","unicode":"מִפְלָט","translit":"miphlâṭ","definition":"from {{h6403}}; an escape; escape.","strongs_number":"h4655"},"h4656":{"pronunciation":"mif-leh'-tseth","unicode":"מִפְלֶצֶת","translit":"miphletseth","definition":"from {{h6426}}; a terror, i.e. an idol; idol.","strongs_number":"h4656"},"h4657":{"pronunciation":"mif-lawce'","unicode":"מִפְלָשׂ","translit":"miphlâs","definition":"from an unused root meaning to balance; a poising; balancing.","strongs_number":"h4657"},"h4658":{"pronunciation":"map-peh'-leth","unicode":"מַפֶּלֶת","translit":"mappeleth","definition":"from {{h5307}}; fall, i.e. decadence; concretely, a ruin; specifically a carcase; carcase, fall, ruin.","strongs_number":"h4658"},"h4659":{"pronunciation":"mif-awl'","unicode":"מִפְעָל","translit":"miphʻâl","definition":"or (feminine) מִפְעָלָה; from {{h6466}}; a performance; work.","strongs_number":"h4659"},"h4660":{"pronunciation":"map-pawts'","unicode":"מַפָּץ","translit":"mappâts","definition":"from {{h5310}}; a smiting to pieces; slaughter.","strongs_number":"h4660"},"h4661":{"pronunciation":"map-pates'","unicode":"מַפֵּץ","translit":"mappêts","definition":"from {{h5310}}; a smiter, i.e. a war club; battle ax.","strongs_number":"h4661"},"h4662":{"pronunciation":"mif-kawd'","unicode":"מִפְקָד","translit":"miphqâd","definition":"from {{h6485}}; an appointment, i.e. mandate; concretely, a designated spot; specifically, a census; appointed place, commandment, number.","strongs_number":"h4662"},"h4663":{"pronunciation":"mif-kawd'","unicode":"מִפְקָד","translit":"Miphqâd","definition":"the same as {{h4662}}; assignment; Miphkad, the name of a gate in Jerusalem; Miphkad.","strongs_number":"h4663"},"h4664":{"pronunciation":"mif-rawts'","unicode":"מִפְרָץ","translit":"miphrâts","definition":"from {{h6555}}; a break (in the shore), i.e. a haven; breach.","strongs_number":"h4664"},"h4665":{"pronunciation":"mif-reh'-keth","unicode":"מִפְרֶקֶת","translit":"miphreqeth","definition":"from {{h6561}}; properly, a fracture, i.e. joint (vertebrae) of the neck; neck.","strongs_number":"h4665"},"h4666":{"pronunciation":"mif-rawce'","unicode":"מִפְרָשׂ","translit":"miphrâs","definition":"from {{h6566}}; an expansion; that which...spreadest forth, spreading.","strongs_number":"h4666"},"h4667":{"pronunciation":"mif-saw-aw'","unicode":"מִפְשָׂעָה","translit":"miphsâʻâh","definition":"from {{h6585}}; a stride, i.e. (by euphemism) the crotch; buttocks.","strongs_number":"h4667"},"h4668":{"pronunciation":"maf-tay'-akh","unicode":"מַפְתֵּחַ","translit":"maphtêach","definition":"from {{h6605}}; an opener, i.e. a key; key.","strongs_number":"h4668"},"h4669":{"pronunciation":"mif-tawkh'","unicode":"מִפְתָּח","translit":"miphtâch","definition":"from {{h6605}}; an aperture, i.e. (figuratively) utterance; opening.","strongs_number":"h4669"},"h4670":{"pronunciation":"mif-tawn'","unicode":"מִפְתָּן","translit":"miphtân","definition":"from the same as {{h6620}}; a stretcher, i.e. a sill; threshold.","strongs_number":"h4670"},"h4671":{"pronunciation":"motes","unicode":"מֹץ","translit":"môts","definition":"or מוֹץ; (Zephaniah 2:2), from {{h4160}}; chaff (as pressed out, i.e. winnowed or (rather) threshed loose); chaff.","strongs_number":"h4671"},"h4672":{"pronunciation":"maw-tsaw'","unicode":"מָצָא","translit":"mâtsâʼ","definition":"a primitive root; properly, to come forth to, i.e. appear or exist; transitively, to attain, i.e. find or acquire; figuratively, to occur, meet or be present; be able, befall, being, catch, × certainly, (cause to) come (on, to, to hand), deliver, be enough (cause to) find(-ing, occasion, out), get (hold upon), × have (here), be here, hit, be left, light (up-) on, meet (with), × occasion serve, (be) present, ready, speed, suffice, take hold on.","strongs_number":"h4672"},"h4673":{"pronunciation":"mats-tsawb'","unicode":"מַצָּב","translit":"matstsâb","definition":"from {{h5324}}; a fixed spot; figuratively, an office, a military post; garrison, station, place where...stood.","strongs_number":"h4673"},"h4674":{"pronunciation":"moots-tsawb'","unicode":"מֻצָּב","translit":"mutstsâb","definition":"from {{h5324}}; a station, i.e. military post; mount.","strongs_number":"h4674"},"h4675":{"pronunciation":"mats-tsaw-baw'","unicode":"מַצָּבָה","translit":"matstsâbâh","definition":"or מִצָּבָה; feminine of {{h4673}}; a military guard; army, garrison.","strongs_number":"h4675"},"h4676":{"pronunciation":"mats-tsay-baw'","unicode":"מַצֵּבָה","translit":"matstsêbâh","definition":"feminine (causatively) participle of {{h5324}}; something stationed, i.e. a column or (memorial stone); by analogy, an idol; garrison, (standing) image, pillar.","strongs_number":"h4676"},"h4677":{"pronunciation":"mets-o-baw-yaw'","unicode":"מְצֹבָיָה","translit":"Mᵉtsôbâyâh","definition":"apparently from {{h4672}} and {{h3050}}; found of Jah; Metsobajah, a place in Palestine; Mesobaite.","strongs_number":"h4677"},"h4678":{"pronunciation":"mats-tseh'-beth","unicode":"מַצֶּבֶת","translit":"matstsebeth","definition":"from {{h5324}}; something stationary, i.e. a monumental stone; also the stock of a tree; pillar, substance.","strongs_number":"h4678"},"h4679":{"pronunciation":"mets-ad'","unicode":"מְצַד","translit":"mᵉtsad","definition":"or מְצָד; or (feminine) מְצָדָה; from {{h6679}}; a fastness (as a covert of ambush); castle, fort, (strong) hold, munition.","strongs_number":"h4679"},"h4680":{"pronunciation":"maw-tsaw'","unicode":"מָצָה","translit":"mâtsâh","definition":"a primitive root; to suck out; by implication, to drain, to squeeze out; suck, wring (out).","strongs_number":"h4680"},"h4681":{"pronunciation":"mo-tsaw'","unicode":"מֹצָה","translit":"Môtsâh","definition":"active participle feminine of {{h4680}}; drained; Motsah, a place in Palestine; Mozah.","strongs_number":"h4681"},"h4682":{"pronunciation":"mats-tsaw'","unicode":"מַצָּה","translit":"matstsâh","definition":"from {{h4711}} in the sense of greedily devouring for sweetness; properly, sweetness; concretely, sweet (i.e. not soured or bittered with yeast); specifically, an unfermented cake or loaf, or (elliptically) the festival of Passover (because no leaven was then used); unleaved (bread, cake), without leaven.","strongs_number":"h4682"},"h4683":{"pronunciation":"mats-tsaw'","unicode":"מַצָּה","translit":"matstsâh","definition":"from {{h5327}}; a quarrel; contention, debate, strife.","strongs_number":"h4683"},"h4684":{"pronunciation":"mats-haw-law'","unicode":"מַצְהָלָה","translit":"matshâlâh","definition":"from {{h6670}}; a whinnying (through impatience for battle or lust); neighing.","strongs_number":"h4684"},"h4685":{"pronunciation":"maw-tsode'","unicode":"מָצוֹד","translit":"mâtsôwd","definition":"or (feminine) מְצוֹדָה; or מצֹדָה; from {{h6679}}; also (by interchange for {{h4679}}); a net (for capturing animals or fishes); a fastness or (beseiging) tower; bulwark, hold, munition, net, snare.","strongs_number":"h4685"},"h4686":{"pronunciation":"maw-tsood'","unicode":"מָצוּד","translit":"mâtsûwd","definition":"or (feminine) מְצוּדָה; or מְצֻדָה; for {{h4685}}; a net, or (abstractly) capture; also a fastness; castle, defense, fort(-ress), (strong) hold, be hunted, net, snare, strong place.","strongs_number":"h4686"},"h4687":{"pronunciation":"mits-vaw'","unicode":"מִצְוָה","translit":"mitsvâh","definition":"from {{h6680}}; a command, whether human or divine (collectively, the Law); (which was) commanded(-ment), law, ordinance, precept.","strongs_number":"h4687"},"h4688":{"pronunciation":"mets-o-law'","unicode":"מְצוֹלָה","translit":"mᵉtsôwlâh","definition":"or מְצֹלָה; also מְצוּלָה; or מְצֻלָה; from the same as {{h6683}}; a deep place (of water or mud); bottom, deep, depth.","strongs_number":"h4688"},"h4689":{"pronunciation":"maw-tsoke'","unicode":"מָצוֹק","translit":"mâtsôwq","definition":"from {{h6693}}; a narrow place, i.e. (abstractly and figuratively) confinement or disability; anguish, distress, straitness.","strongs_number":"h4689"},"h4690":{"pronunciation":"maw-tsook'","unicode":"מָצוּק","translit":"mâtsûwq","definition":"or מָצֻק; from {{h6693}}; something narrow, i.e. a column or hilltop; pillar, situate.","strongs_number":"h4690"},"h4691":{"pronunciation":"mets-oo-kaw'","unicode":"מְצוּקָה","translit":"mᵉtsûwqâh","definition":"or מְצֻקָה; feminine of {{h4690}}; narrowness, i.e. (figuratively) trouble; anguish, distress.","strongs_number":"h4691"},"h4692":{"pronunciation":"maw-tsore'","unicode":"מָצוֹר","translit":"mâtsôwr","definition":"or מָצוּר; from {{h6696}}; something hemming in, i.e. (objectively) a mound (of besiegers), (abstractly) a siege, (figuratively) distress; or (subjectively) a fastness; besieged, bulwark, defence, fenced, fortress, siege, strong (hold), tower.","strongs_number":"h4692"},"h4693":{"pronunciation":"maw-tsore'","unicode":"מָצוֹר","translit":"mâtsôwr","definition":"the same as {{h4692}} in the sense of a limit; Egypt (as the border of Palestine); besieged places, defense, fortified.","strongs_number":"h4693"},"h4694":{"pronunciation":"mets-oo-raw'","unicode":"מְצוּרָה","translit":"mᵉtsûwrâh","definition":"or מְצֻרָה; feminine of {{h4692}}; a hemming in, i.e. (objectively) a mound (of siege), or (subjectively) a rampart (of protection), (abstractly) fortification; fenced (city, fort, munition, strong hold.","strongs_number":"h4694"},"h4695":{"pronunciation":"mats-tsooth'","unicode":"מַצּוּת","translit":"matstsûwth","definition":"from {{h5327}}; a quarrel; that contended.","strongs_number":"h4695"},"h4696":{"pronunciation":"may'-tsakh","unicode":"מֵצַח","translit":"mêtsach","definition":"from an unused root meaning to be clear, i.e. conspicuous; the forehead (as open and prominent); brow, forehead,   impudent.","strongs_number":"h4696"},"h4697":{"pronunciation":"mits-khaw'","unicode":"מִצְחָה","translit":"mitschâh","definition":"from the same as {{h4696}}; a shinpiece of armor (as prominent), only plural; greaves.","strongs_number":"h4697"},"h4698":{"pronunciation":"mets-il-law'","unicode":"מְצִלָּה","translit":"mᵉtsillâh","definition":"from {{h6750}}; a tinkler, i.e. a bell; bell.","strongs_number":"h4698"},"h4699":{"pronunciation":"mets-ool-law'","unicode":"מְצֻלָּה","translit":"mᵉtsullâh","definition":"from {{h6751}}; shade; bottom.","strongs_number":"h4699"},"h4700":{"pronunciation":"mets-ay'-leth","unicode":"מְצֵלֶת","translit":"mᵉtsêleth","definition":"from {{h6750}}; (only dual) double tinklers, i.e. cymbals; cymbals.","strongs_number":"h4700"}}