{"h4701":{"pronunciation":"mits-neh'-feth","unicode":"מִצְנֶפֶת","translit":"mitsnepheth","definition":"from {{h6801}}; a tiara, i.e. official turban (of a king or high priest); diadem, mitre.","strongs_number":"h4701"},"h4702":{"pronunciation":"mats-tsaw'","unicode":"מַצָּע","translit":"matstsâʻ","definition":"from {{h3331}}; a couch; bed.","strongs_number":"h4702"},"h4703":{"pronunciation":"mits-awd'","unicode":"מִצְעָד","translit":"mitsʻâd","definition":"from {{h6805}}; a step; figuratively, companionship; going, step.","strongs_number":"h4703"},"h4704":{"pronunciation":"mits-tseh-ee-raw'","unicode":"מִצְּעִירָה","translit":"mitstsᵉʻîyrâh","definition":"feminine of {{h4705}}; properly, littleness; concretely, diminutive; little.","strongs_number":"h4704"},"h4705":{"pronunciation":"mits-awr'","unicode":"מִצְעָר","translit":"mitsʻâr","definition":"from {{h6819}}; petty (in size or number); adverbially, a short (time); little one (while), small.","strongs_number":"h4705"},"h4706":{"pronunciation":"mits-awr'","unicode":"מִצְעָר","translit":"Mitsʻâr","definition":"the same as {{h4705}}; Mitsar, a peak of Lebanon; Mizar.","strongs_number":"h4706"},"h4707":{"pronunciation":"mits-peh'","unicode":"מִצְפֶּה","translit":"mitspeh","definition":"from {{h6822}}; an observatory, especially for military purposes; watch tower.","strongs_number":"h4707"},"h4708":{"pronunciation":"mits-peh'","unicode":"מִצְפֶּה","translit":"Mitspeh","definition":"the same as {{h4707}}; Mitspeh, the name of five places in Palestine; Mizpeh, watch tower. Compare {{h4709}}.","strongs_number":"h4708"},"h4709":{"pronunciation":"mits-paw'","unicode":"מִצְפָּה","translit":"Mitspâh","definition":"feminine of {{h4708}}; Mitspah, the name of two places in Palestine; Mitspah. (This seems rather to be only an orthographic variation of {{h4708}} when 'in pause'.)","strongs_number":"h4709"},"h4710":{"pronunciation":"mits-poon'","unicode":"מִצְפֻּן","translit":"mitspun","definition":"from {{h6845}}; a secret (place or thing, perhaps, treasure); hidden thing.","strongs_number":"h4710"},"h4711":{"pronunciation":"maw-tsats'","unicode":"מָצַץ","translit":"mâtsats","definition":"a primitive root; to suck; milk.","strongs_number":"h4711"},"h4712":{"pronunciation":"may-tsar'","unicode":"מֵצַר","translit":"mêtsar","definition":"from {{h6869}}; something tight, i.e. (figuratively) trouble; distress, pain, strait.","strongs_number":"h4712"},"h4713":{"pronunciation":"mits-ree'","unicode":"מִצְרִי","translit":"Mitsrîy","definition":"from {{h4714}}; a Mitsrite, or inhabitant of Mitsrajim; Egyptian, of Egypt.","strongs_number":"h4713"},"h4714":{"pronunciation":"mits-rah'-yim","unicode":"מִצְרַיִם","translit":"Mitsrayim","definition":"dual of {{h4693}}; Mitsrajim, i.e. Upper and Lower Egypt; Egypt, Egyptians, Mizraim.","strongs_number":"h4714"},"h4715":{"pronunciation":"mits-rafe'","unicode":"מִצְרֵף","translit":"mitsrêph","definition":"from {{h6884}}; a crucible; fining pot.","strongs_number":"h4715"},"h4716":{"pronunciation":"mak","unicode":"מַק","translit":"maq","definition":"from {{h4743}}; properly, a melting, i.e. putridity; rottenness, stink.","strongs_number":"h4716"},"h4717":{"pronunciation":"mak-kaw-baw'","unicode":"מַקָּבָה","translit":"maqqâbâh","definition":"from {{h5344}}; properly, a perforatrix, i.e. a hammer (as piercing); hammer.","strongs_number":"h4717"},"h4718":{"pronunciation":"mak-keh'-beth","unicode":"מַקֶּבֶת","translit":"maqqebeth","definition":"from {{h5344}}; properly, a perforator, i.e. a hammer (as piercing); also (intransitively) a perforation, i.e. a quarry; hammer, hole.","strongs_number":"h4718"},"h4719":{"pronunciation":"mak-kay-daw'","unicode":"מַקֵּדָה","translit":"Maqqêdâh","definition":"from the same as {{h5348}} in the denominative sense of herding (compare {{h5349}}); fold; Makkedah, a place in Palestine; Makkedah.","strongs_number":"h4719"},"h4720":{"pronunciation":"mik-dawsh'","unicode":"מִקְדָּשׁ","translit":"miqdâsh","definition":"or מִקְּדָשׁ; (Exodus 15:17), from {{h6942}}; a consecrated thing or place, especially, a palace, sanctuary (whether of Jehovah or of idols) or asylum; chapel, hallowed part, holy place, sanctuary.","strongs_number":"h4720"},"h4721":{"pronunciation":"mak-hale'","unicode":"מַקְהֵל","translit":"maqhêl","definition":"or (feminine) מַקְהֵלָה; from {{h6950}}; an assembly; congregation.","strongs_number":"h4721"},"h4722":{"pronunciation":"mak-hay-loth'","unicode":"מַקְהֵלֹת","translit":"Maqhêlôth","definition":"plural of {{h4721}} (feminine); assemblies; Makheloth, a place in the Desert; Makheloth.","strongs_number":"h4722"},"h4723":{"pronunciation":"mik-veh'","unicode":"מִקְוֶה","translit":"miqveh","definition":"or מִקְוֵה; (1 Kings 10:28), or מִקְוֵאlemma מִּקְוֵא extra dagesh, corrected to מִקְוֵא; (2 Chronicles 1:16), from {{h6960}}; something waited for, i.e. confidence (objective or subjective); also a collection, i.e. (of water) a pond, or (of men and horses) a caravan or drove; abiding, gathering together, hope, linen yarn, plenty (of water), pool.","strongs_number":"h4723"},"h4724":{"pronunciation":"mik-vaw'","unicode":"מִקְוָה","translit":"miqvâh","definition":"feminine of {{h4723}}; a collection, i.e. (of water) a reservoir; ditch.","strongs_number":"h4724"},"h4725":{"pronunciation":"maw-kome'","unicode":"מָקוֹם","translit":"mâqôwm","definition":"or מָקֹם; also (feminine) מְקוֹמָה; or מְקֹמָה; from {{h6965}}; properly, a standing, i.e. a spot; but used widely of a locality (general or specific); also (figuratively) of a condition (of body or mind); country, × home, × open, place, room, space, × whither(-soever).","strongs_number":"h4725"},"h4726":{"pronunciation":"maw-kore'","unicode":"מָקוֹר","translit":"mâqôwr","definition":"or מָקֹר; from {{h6979}}; properly, something dug, i.e. a (general) source (of water, even when naturally flowing; also of tears, blood (by euphemism, of the female pudenda); figuratively, of happiness, wisdom, progeny); fountain, issue, spring, well(-spring).","strongs_number":"h4726"},"h4727":{"pronunciation":"mik-kawkh'","unicode":"מִקָּח","translit":"miqqâch","definition":"from {{h3947}}; reception; taking.","strongs_number":"h4727"},"h4728":{"pronunciation":"mak-kaw-khaw'","unicode":"מַקָּחָה","translit":"maqqâchâh","definition":"from {{h3947}}; something received, i.e. merchandise (purchased); ware.","strongs_number":"h4728"},"h4729":{"pronunciation":"mik-tawr'","unicode":"מִקְטָר","translit":"miqṭâr","definition":"from {{h6999}}; something to fume (incense) on i.e. a hearth place; to burn...upon.","strongs_number":"h4729"},"h4730":{"pronunciation":"mik-teh'-reth","unicode":"מִקְטֶרֶת","translit":"miqṭereth","definition":"feminine of {{h4729}}; something to fume (incense) in, i.e. a coal-pan; censer.","strongs_number":"h4730"},"h4731":{"pronunciation":"mak-kale","unicode":"מַקֵּל","translit":"maqqêl","definition":"or (feminine) מַקְּלָה; from an unused root meaning apparently to germinate; a shoot, i.e. stick (with leaves on, or for walking, striking, guiding, divining); rod, (hand-)staff.","strongs_number":"h4731"},"h4732":{"pronunciation":"mik-lohth'","unicode":"מִקְלוֹת","translit":"Miqlôwth","definition":"(or perhaps mik-kel-ohth') plural of (feminine) {{h4731}}; rods; Mikloth, a place in the Desert; Mikloth.","strongs_number":"h4732"},"h4733":{"pronunciation":"mik-lawt'","unicode":"מִקְלָט","translit":"miqlâṭ","definition":"from {{h7038}} in the sense of taking in; an asylum (as a receptacle); refuge.","strongs_number":"h4733"},"h4734":{"pronunciation":"mik-lah'-ath","unicode":"מִקְלַעַת","translit":"miqlaʻath","definition":"from {{h7049}}; a sculpture (probably in bas-relief); carved (figure), carving, graving.","strongs_number":"h4734"},"h4735":{"pronunciation":"mik-neh'","unicode":"מִקְנֶה","translit":"miqneh","definition":"from {{h7069}}; something bought, i.e. property, but only live stock; abstractly, acquisition; cattle, flock, herd, possession, purchase, substance.","strongs_number":"h4735"},"h4736":{"pronunciation":"mik-naw'","unicode":"מִקְנָה","translit":"miqnâh","definition":"feminine of {{h4735}}; properly, a buying, i.e. acquisition; concretely, a piece of property (land or living); also the sum paid; (he that is) bought, possession, piece, purchase.","strongs_number":"h4736"},"h4737":{"pronunciation":"mik-nay-yaw'-hoo","unicode":"מִקְנֵיָהוּ","translit":"Miqnêyâhûw","definition":"from {{h4735}} and {{h3050}}; possession of Jah; Miknejah, an Israelite; Mikneiah.","strongs_number":"h4737"},"h4738":{"pronunciation":"mik-sawn'","unicode":"מִקְסָם","translit":"miqçâm","definition":"from {{h7080}}; an augury; divination.","strongs_number":"h4738"},"h4739":{"pronunciation":"maw-kats'","unicode":"מָקַץ","translit":"Mâqats","definition":"from {{h7112}}; end; Makats, a place in Palestine; Makaz.","strongs_number":"h4739"},"h4740":{"pronunciation":"mak-tso'-ah","unicode":"מַקְצוֹעַ","translit":"maqtsôwaʻ","definition":"or מַקְצֹעַ; or (feminine) מַקְצֹעָה; from {{h7106}} in the denominative sense of bending; an angle or recess; corner, turning.","strongs_number":"h4740"},"h4741":{"pronunciation":"mak-tsoo-aw'","unicode":"מַקְצֻעָה","translit":"maqtsuʻâh","definition":"from {{h7106}}; a scraper, i.e. a carving chisel; plane.","strongs_number":"h4741"},"h4742":{"pronunciation":"mek-oots-aw'","unicode":"מְקֻצְעָה","translit":"mᵉqutsʻâh","definition":"from {{h7106}} in the denominative sense of bending; an angle; corner.","strongs_number":"h4742"},"h4743":{"pronunciation":"maw-kak'","unicode":"מָקַק","translit":"mâqaq","definition":"' a primitive root; to melt; figuratively, to flow, dwindle, vanish; consume away, be corrupt, dissolve, pine away.","strongs_number":"h4743"},"h4744":{"pronunciation":"mik-raw'","unicode":"מִקְרָא","translit":"miqrâʼ","definition":"from {{h7121}}; something called out, i.e. a public meeting (the act, the persons, or the place); also a rehearsal; assembly, calling, convocation, reading.","strongs_number":"h4744"},"h4745":{"pronunciation":"mik-reh'","unicode":"מִקְרֶה","translit":"miqreh","definition":"from {{h7136}}; something met with, i.e. an accident or fortune; something befallen, befalleth, chance, event, hap(-peneth).","strongs_number":"h4745"},"h4746":{"pronunciation":"mek-aw-reh'","unicode":"מְקָרֶה","translit":"mᵉqâreh","definition":"from {{h7136}}; properly, something meeting, i.e. a frame (of timbers); building.","strongs_number":"h4746"},"h4747":{"pronunciation":"mek-ay-raw'","unicode":"מְקֵרָה","translit":"mᵉqêrâh","definition":"from the same as {{h7119}}; a cooling off; × summer.","strongs_number":"h4747"},"h4748":{"pronunciation":"mik-sheh'","unicode":"מִקְשֶׁה","translit":"miqsheh","definition":"from {{h7185}} in the sense of knotting up round and hard; something turned (rounded), i.e. a curl (of tresses); × well (set) hair.","strongs_number":"h4748"},"h4749":{"pronunciation":"mik-shaw'","unicode":"מִקְשָׁה","translit":"miqshâh","definition":"feminine of {{h4748}}; rounded work, i.e. moulded by hammering (repoussé); beaten (out of one piece, work), upright, whole piece.","strongs_number":"h4749"},"h4750":{"pronunciation":"mik-shaw'","unicode":"מִקְשָׁה","translit":"miqshâh","definition":"denominative from {{h7180}}; literally a cucumbered field, i.e. a cucumber patch; garden of cucumbers.","strongs_number":"h4750"},"h4751":{"pronunciation":"mar","unicode":"מַר","translit":"mar","definition":"or (feminine) מָרָה; from {{h4843}}; bitter (literally or figuratively); also (as noun) bitterness, or (adverbially) bitterly; angry, bitter(-ly, -ness), chafed, discontented, × great, heavy.","strongs_number":"h4751"},"h4752":{"pronunciation":"mar","unicode":"מַר","translit":"mar","definition":"from {{h4843}} in its original sense of distillation; a drop; drop.","strongs_number":"h4752"},"h4753":{"pronunciation":"more","unicode":"מֹר","translit":"môr","definition":"or מוֹר; from {{h4843}}; myrrh (as distilling in drops, and also as bitter); myrrh.","strongs_number":"h4753"},"h4754":{"pronunciation":"maw-raw'","unicode":"מָרָא","translit":"mârâʼ","definition":"a primitive root; to rebel; hence (through the idea of maltreating) to whip, i.e. lash (self with wings, as the ostrich in running); be filthy, lift up self.","strongs_number":"h4754"},"h4755":{"pronunciation":"maw-raw'","unicode":"מָרָא","translit":"Mârâʼ","definition":"for {{h4751}} feminine; bitter; Mara, a symbolic name of Naomi; Mara.","strongs_number":"h4755"},"h4756":{"pronunciation":"maw-ray'","unicode":"מָרֵא","translit":"mârêʼ","definition":"(Aramaic) from a root corresponding to {{h4754}} in the sense of domineering; a master; lord, Lord.","strongs_number":"h4756"},"h4757":{"pronunciation":"mer-o-dak' bal-awdawn'","unicode":"מְרֹאדַךְ בַּלְאָדָן","translit":"Mᵉrôʼdak Balʼâdân","definition":"of foreign derivation; Merodak-Baladan, a Babylonian king; Merodach-baladan. Compare {{h4781}}.","strongs_number":"h4757"},"h4758":{"pronunciation":"mar-eh'","unicode":"מַרְאֶה","translit":"marʼeh","definition":"from {{h7200}}; a view (the act of seeing); also an appearance (the thing seen), whether (real) a shape (especially if handsome, comeliness; often plural the looks), or (mental) a vision; × apparently, appearance(-reth), × as soon as beautiful(-ly), countenance, fair, favoured, form, goodly, to look (up) on (to), look(-eth), pattern, to see, seem, sight, visage, vision.","strongs_number":"h4758"},"h4759":{"pronunciation":"mar-aw'","unicode":"מַרְאָה","translit":"marʼâh","definition":"feminine of {{h4758}}; a vision; also (causatively) a mirror; looking glass, vision.","strongs_number":"h4759"},"h4760":{"pronunciation":"moor-aw'","unicode":"מֻרְאָה","translit":"murʼâh","definition":"apparently feminine passive causative participle of {{h7200}}; something conspicuous, i.e. the craw of a bird (from its prominence); crop.","strongs_number":"h4760"},"h4761":{"pronunciation":"mar-aw-shaw'","unicode":"מַרְאָשָׁה","translit":"marʼâshâh","definition":"denominative from {{h7218}}; properly, headship, i.e. (plural for collective) dominion; principality.","strongs_number":"h4761"},"h4762":{"pronunciation":"mar-ay-shaw'","unicode":"מַרְאֵשָׁה","translit":"Marʼêshâh","definition":"or מַרֵשָׁה; formed like {{h4761}}; summit; Mareshah, the name of two Israelites and of a place in Palestine; Mareshah.","strongs_number":"h4762"},"h4763":{"pronunciation":"mer-ah-ash-aw'","unicode":"מְרַאֲשָׁה","translit":"mᵉraʼăshâh","definition":"formed like {{h4761}}; properly, a headpiece, i.e. (plural for adverbial) at (or as) the head-rest (or pillow); bolster, head, pillow. Compare {{h4772}}.","strongs_number":"h4763"},"h4764":{"pronunciation":"may-rawb'","unicode":"מֵרָב","translit":"Mêrâb","definition":"from {{h7231}}; increase; Merab, a daughter of Saul; Merab.","strongs_number":"h4764"},"h4765":{"pronunciation":"mar-bad'","unicode":"מַרְבַד","translit":"marbad","definition":"from {{h7234}}; a coverlet; covering of tapestry.","strongs_number":"h4765"},"h4766":{"pronunciation":"mar-beh'","unicode":"מַרְבֶה","translit":"marbeh","definition":"from {{h7235}}; properly, increasing; as noun, greatness, or (adverbially) greatly; great, increase.","strongs_number":"h4766"},"h4767":{"pronunciation":"meer-baw'","unicode":"מִרְבָּה","translit":"mirbâh","definition":"from {{h7235}}; abundance, i.e. a great quantity; much.","strongs_number":"h4767"},"h4768":{"pronunciation":"mar-beeth'","unicode":"מַרְבִּית","translit":"marbîyth","definition":"from {{h7235}}; a multitude; also offspring; specifically interest (on capital); greatest part, greatness, increase, multitude.","strongs_number":"h4768"},"h4769":{"pronunciation":"mar-bates'","unicode":"מַרְבֵּץ","translit":"marbêts","definition":"from {{h7257}}; a reclining place, i.e. fold (for flocks); couching place, place to lie down.","strongs_number":"h4769"},"h4770":{"pronunciation":"mar-bake'","unicode":"מַרְבֵּק","translit":"marbêq","definition":"from an unused root meaning to tie up; a stall (for cattle); × fat(-ted), stall.","strongs_number":"h4770"},"h4771":{"pronunciation":"mar-go'-ah","unicode":"מַרְגּוֹעַ","translit":"margôwaʻ","definition":"from {{h7280}}; a resting place; rest.","strongs_number":"h4771"},"h4772":{"pronunciation":"mar-ghel-aw'","unicode":"מַרְגְלָה","translit":"margᵉlâh","definition":"denominative from {{h7272}}; (plural for collective) a footpiece, i.e. (adverbially) at the foot, or (direct.) the foot itself; feet. Compare {{h4763}}.","strongs_number":"h4772"},"h4773":{"pronunciation":"mar-gay-maw'","unicode":"מַרְגֵּמָה","translit":"margêmâh","definition":"from {{h7275}}; a stone-heap; sling.","strongs_number":"h4773"},"h4774":{"pronunciation":"mar-gay-aw'","unicode":"מַרְגֵּעָה","translit":"margêʻâh","definition":"from {{h7280}}; rest; refreshing.","strongs_number":"h4774"},"h4775":{"pronunciation":"maw-rad'","unicode":"מָרַד","translit":"mârad","definition":"a primitive root; to rebel; rebel(-lious).","strongs_number":"h4775"},"h4776":{"pronunciation":"mer-ad'","unicode":"מְרַד","translit":"mᵉrad","definition":"(Aramaic) from a root corresponding to {{h4775}}; rebellion; rebellion.","strongs_number":"h4776"},"h4777":{"pronunciation":"meh'-red","unicode":"מֶרֶד","translit":"mered","definition":"from {{h4775}}; rebellion; rebellion.","strongs_number":"h4777"},"h4778":{"pronunciation":"meh'-red","unicode":"מֶרֶד","translit":"Mered","definition":"the same as {{h4777}}; Mered, an Israelite; Mered.","strongs_number":"h4778"},"h4779":{"pronunciation":"maw-rawd'","unicode":"מָרָד","translit":"mârâd","definition":"(Aramaic) from the same as {{h4776}}; rebellious; rebellious.","strongs_number":"h4779"},"h4780":{"pronunciation":"mar-dooth'","unicode":"מַרְדּוּת","translit":"mardûwth","definition":"from {{h4775}}; rebelliousness; × rebellious.","strongs_number":"h4780"},"h4781":{"pronunciation":"mer-o-dawk'","unicode":"מְרֹדָךְ","translit":"Mᵉrôdâk","definition":"of foreign derivation; Merodak, a Babylonian idol; Merodach. Compare {{h4757}}.","strongs_number":"h4781"},"h4782":{"pronunciation":"mor-dek-ah'-ee","unicode":"מׇרְדְּכַי","translit":"Mordᵉkay","definition":"of foreign derivation; Mordecai, an Israelite; Mordecai.","strongs_number":"h4782"},"h4783":{"pronunciation":"moor-dawf'","unicode":"מֻרְדָּף","translit":"murdâph","definition":"from {{h7291}}; persecuted; persecuted.","strongs_number":"h4783"},"h4784":{"pronunciation":"maw-raw'","unicode":"מָרָה","translit":"mârâh","definition":"a primitive root; to be (causatively, make) bitter (or unpleasant); (figuratively) to rebel (or resist; causatively, to provoke); bitter, change, be disobedient, disobey, grievously, provocation, provoke(-ing), (be) rebel (against, -lious).","strongs_number":"h4784"},"h4785":{"pronunciation":"maw-raw'","unicode":"מָרָה","translit":"Mârâh","definition":"the same as {{h4751}} feminine; bitter; Marah, a place in the Desert; Marah.","strongs_number":"h4785"},"h4786":{"pronunciation":"mo-raw'","unicode":"מֹרָה","translit":"môrâh","definition":"from {{h4843}}; bitterness, i.e. (figuratively) trouble; grief.","strongs_number":"h4786"},"h4787":{"pronunciation":"mor-raw'","unicode":"מׇרָּה","translit":"morrâh","definition":"a form of {{h4786}}; trouble; bitterness.","strongs_number":"h4787"},"h4788":{"pronunciation":"maw-rood'","unicode":"מָרוּד","translit":"mârûwd","definition":"from {{h7300}} in the sense of maltreatment; an outcast; (abstractly) destitution; cast out, misery.","strongs_number":"h4788"},"h4789":{"pronunciation":"may-roze'","unicode":"מֵרוֹז","translit":"Mêrôwz","definition":"of uncertain derivation; Meroz, a place in Palestine; Meroz.","strongs_number":"h4789"},"h4790":{"pronunciation":"mer-o-akh'","unicode":"מְרוֹחַ","translit":"mᵉrôwach","definition":"from {{h4799}}; bruised, i.e. emasculated; broken.","strongs_number":"h4790"},"h4791":{"pronunciation":"maw-rome'","unicode":"מָרוֹם","translit":"mârôwm","definition":"from {{h7311}}; altitude, i.e. concretely (an elevated place), abstractly (elevation, figuratively (elation), or adverbially (aloft); (far) above, dignity, haughty, height, (most, on) high (one, place), loftily, upward.","strongs_number":"h4791"},"h4792":{"pronunciation":"may-rome'","unicode":"מֵרוֹם","translit":"Mêrôwm","definition":"formed like {{h4791}}; height; Merom, a lake in Palestine; Merom.","strongs_number":"h4792"},"h4793":{"pronunciation":"may-rotes'","unicode":"מֵרוֹץ","translit":"mêrôwts","definition":"from {{h7323}}; a run (the trial of speed); race.","strongs_number":"h4793"},"h4794":{"pronunciation":"mer-oo-tsaw'","unicode":"מְרוּצָה","translit":"mᵉrûwtsâh","definition":"or מְרֻצָה; feminine of {{h4793}}; a race (the act), whether the manner or the progress; course, running. Compare {{h4835}}.","strongs_number":"h4794"},"h4795":{"pronunciation":"maw-rook'","unicode":"מָרוּק","translit":"mârûwq","definition":"from {{h4838}}; properly, rubbed; but used abstractly, a rubbing (with perfumery); purification.","strongs_number":"h4795"},"h4796":{"pronunciation":"maw-rohth'","unicode":"מָרוֹת","translit":"Mârôwth","definition":"plural of {{h4751}} feminine; bitter springs; Maroth, a place in Palestine; Maroth.","strongs_number":"h4796"},"h4797":{"pronunciation":"meer-zakh'","unicode":"מִרְזַח","translit":"mirzach","definition":"from an unused root meaning to scream; a cry, i.e. (of job), a revel; banquet.","strongs_number":"h4797"},"h4798":{"pronunciation":"mar-zay'-akh","unicode":"מַרְזֵחַ","translit":"marzêach","definition":"formed like {{h4797}}; a cry, i.e. (of grief) a lamentation; mourning.","strongs_number":"h4798"},"h4799":{"pronunciation":"maw-rakh'","unicode":"מָרַח","translit":"mârach","definition":"a primitive root; properly, to soften by rubbing or pressure; hence (medicinally) to apply as an emollient; lay for a plaister.","strongs_number":"h4799"},"h4800":{"pronunciation":"mer-khawb'","unicode":"מֶרְחָב","translit":"merchâb","definition":"from {{h7337}}; enlargement, either literally (an open space, usually in a good sense), or figuratively (liberty); breadth, large place (room).","strongs_number":"h4800"}}