{"h4801":{"pronunciation":"mer-khawk'","unicode":"מֶרְחָק","translit":"merchâq","definition":"; from {{h7368}}; remoteness, i.e. (concretely) a distant place; often (adverbially) from afar; (a-, dwell in, very) far (country, off). See also {{h1023}}.","strongs_number":"h4801"},"h4802":{"pronunciation":"mar-kheh'-sheth","unicode":"מַרְחֶשֶׁת","translit":"marchesheth","definition":"from {{h7370}}; a stewpan; fryingpan.","strongs_number":"h4802"},"h4803":{"pronunciation":"maw-rat'","unicode":"מָרַט","translit":"mâraṭ","definition":"a primitive root; to polish; by implication, to make bald (the head), to gall (the shoulder); also, to sharpen; bright, furbish, (have his) hair (be) fallen off, peeled, pluck off (hair).","strongs_number":"h4803"},"h4804":{"pronunciation":"mer-at'","unicode":"מְרַט","translit":"mᵉraṭ","definition":"(Aramaic) corresponding to {{h4803}}; to pull off; be plucked.","strongs_number":"h4804"},"h4805":{"pronunciation":"mer-ee'","unicode":"מְרִי","translit":"mᵉrîy","definition":"from {{h4784}}; bitterness, i.e. (figuratively) rebellion; concretely, bitter, or rebellious; bitter, (most) rebel(-lion, -lious).","strongs_number":"h4805"},"h4806":{"pronunciation":"mer-ee'","unicode":"מְרִיא","translit":"mᵉrîyʼ","definition":"from {{h4754}} in the sense of grossness, through the idea of domineering (compare {{h4756}}); stall-fed; often (as noun) a beeve; fat (fed) beast (cattle, -ling).","strongs_number":"h4806"},"h4807":{"pronunciation":"mer-eeb' bah'-al","unicode":"מְרִיב בַּעַל","translit":"Mᵉrîyb Baʻal","definition":"from {{h7378}} and {{h1168}}; quarreller of Baal, Merib-Baal, an epithet of Gideon; Merib-baal. Compare {{h4810}}.","strongs_number":"h4807"},"h4808":{"pronunciation":"mer-ee-baw'","unicode":"מְרִיבָה","translit":"mᵉrîybâh","definition":"from {{h7378}}; quarrel; provocation, strife.","strongs_number":"h4808"},"h4809":{"pronunciation":"mer-ee-baw'","unicode":"מְרִיבָה","translit":"Mᵉrîybâh","definition":"the same as {{h4808}}; Meribah, the name of two places in the Desert; Meribah.","strongs_number":"h4809"},"h4810":{"pronunciation":"mer-ee' bah'-al","unicode":"מְרִי בַעַל","translit":"Mᵉrîy Baʻal","definition":"from {{h4805}} and {{h1168}}; rebellion of (i.e. against) Baal; Meri-Baal, an epithet of Gideon; Meri-baal. Compare {{h4807}}.","strongs_number":"h4810"},"h4811":{"pronunciation":"mer-aw-yaw'","unicode":"מְרָיָה","translit":"Mᵉrâyâh","definition":"from {{h4784}}; rebellion; Merajah, an Israelite; Meraiah. Compare {{h3236}}.","strongs_number":"h4811"},"h4812":{"pronunciation":"mer-aw-yohth'","unicode":"מְרָיוֹת","translit":"Mᵉrâyôwth","definition":"plural of {{h4811}}; rebellious; Merajoth, the name of two Israelites; Meraioth.","strongs_number":"h4812"},"h4813":{"pronunciation":"meer-yawm'","unicode":"מִרְיָם","translit":"Miryâm","definition":"from {{h4805}}; rebelliously; Mirjam, the name of two Israelitesses; Miriam.","strongs_number":"h4813"},"h4814":{"pronunciation":"mer-ee-rooth'","unicode":"מְרִירוּת","translit":"mᵉrîyrûwth","definition":"from {{h4843}}; bitterness, i.e. (figuratively) grief; bitterness.","strongs_number":"h4814"},"h4815":{"pronunciation":"mer-ee-ree'","unicode":"מְרִירִי","translit":"mᵉrîyrîy","definition":"from {{h4843}}; bitter, i.e. poisonous; bitter.","strongs_number":"h4815"},"h4816":{"pronunciation":"mo'-rek","unicode":"מֹרֶךְ","translit":"môrek","definition":"perhaps from {{h7401}}; softness, i.e. (figuratively) fear; faintness.","strongs_number":"h4816"},"h4817":{"pronunciation":"mer-kawb'","unicode":"מֶרְכָּב","translit":"merkâb","definition":"from {{h7392}}; a chariot; also a seat (in a vehicle); chariot, covering, saddle.","strongs_number":"h4817"},"h4818":{"pronunciation":"mer-kaw-baw'","unicode":"מֶרְכָּבָה","translit":"merkâbâh","definition":"feminine of {{h4817}}; a chariot; chariot. See also {{h1024}}.","strongs_number":"h4818"},"h4819":{"pronunciation":"mar-ko'-leth","unicode":"מַרְכֹּלֶת","translit":"markôleth","definition":"from {{h7402}}; a mart; merchandise.","strongs_number":"h4819"},"h4820":{"pronunciation":"meer-maw'","unicode":"מִרְמָה","translit":"mirmâh","definition":"from {{h7411}} in the sense of deceiving; fraud; craft, deceit(-ful, -fully), false, feigned, guile, subtilly, treachery.","strongs_number":"h4820"},"h4821":{"pronunciation":"meer-maw'","unicode":"מִרְמָה","translit":"Mirmâh","definition":"the same as {{h4820}}; Mirmah, an Israelite; Mirma.","strongs_number":"h4821"},"h4822":{"pronunciation":"mer-ay-mohth'","unicode":"מְרֵמוֹת","translit":"Mᵉrêmôwth","definition":"plural from {{h7311}}; heights; Meremoth, the name of two Israelites; Meremoth.","strongs_number":"h4822"},"h4823":{"pronunciation":"meer-mawce'","unicode":"מִרְמָס","translit":"mirmâç","definition":"from {{h7429}}; abasement (the act or the thing); tread (down) -ing, (to be) trodden (down) under foot.","strongs_number":"h4823"},"h4824":{"pronunciation":"may-ro-no-thee'","unicode":"מֵרֹנֹתִי","translit":"Mêrônôthîy","definition":"patrial from an unused noun; a Meronothite, or inhabitant of some (otherwise unknown) Meronoth.; Meronothite.","strongs_number":"h4824"},"h4825":{"pronunciation":"meh'-res","unicode":"מֶרֶס","translit":"Mereç","definition":"of foreign derivation; Meres, a Persian; Meres.","strongs_number":"h4825"},"h4826":{"pronunciation":"mar-sen-aw'","unicode":"מַרְסְנָא","translit":"Marçᵉnâʼ","definition":"of foreign derivation; Marsena, a Persian; Marsena.","strongs_number":"h4826"},"h4827":{"pronunciation":"may-rah'","unicode":"מֵרַע","translit":"mêraʻ","definition":"from {{h7489}}; used as (abstract) noun, wickedness; do mischief.","strongs_number":"h4827"},"h4828":{"pronunciation":"may-ray'-ah","unicode":"מֵרֵעַ","translit":"mêrêaʻ","definition":"from {{h7462}} in the sense of companionship; a friend; companion, friend.","strongs_number":"h4828"},"h4829":{"pronunciation":"meer-eh'","unicode":"מִרְעֶה","translit":"mirʻeh","definition":"from {{h7462}} in the sense of feeding; pasture (the place or the act); also the haunt of wild animals; feeding place, pasture.","strongs_number":"h4829"},"h4830":{"pronunciation":"meer-eeth'","unicode":"מִרְעִית","translit":"mirʻîyth","definition":"from {{h7462}} in the sense of feeding; pasturage; concretely, a flock; flock, pasture.","strongs_number":"h4830"},"h4831":{"pronunciation":"mar-al-aw'","unicode":"מַרְעֲלָה","translit":"Marʻălâh","definition":"from {{h7477}}; perhaps, earthquake; Maralah, a place in Palestine; Maralah.","strongs_number":"h4831"},"h4832":{"pronunciation":"mar-pay'","unicode":"מַרְפֵּא","translit":"marpêʼ","definition":"from {{h7495}}; properly, curative, i.e. literally (concretely) a medicine, or (abstractly) a cure; figuratively (concretely) deliverance, or (abstractly) placidity; (in-)cure(-able), healing(-lth), remedy, sound, wholesome, yielding.","strongs_number":"h4832"},"h4833":{"pronunciation":"meer-paws'","unicode":"מִרְפָּשׂ","translit":"mirpâs","definition":"from {{h7515}}; muddled water; that which...have fouled.","strongs_number":"h4833"},"h4834":{"pronunciation":"maw-rats'","unicode":"מָרַץ","translit":"mârats","definition":"a primitive root; properly, to press, i.e. (figuratively) to be pungent or vehement; to irritate; embolden, be forcible, grievous, sore.","strongs_number":"h4834"},"h4835":{"pronunciation":"mer-oo-tsaw'","unicode":"מְרֻצָה","translit":"mᵉrutsâh","definition":"from {{h7533}}; oppression; violence. See also {{h4794}}.","strongs_number":"h4835"},"h4836":{"pronunciation":"mar-tsay'-ah","unicode":"מַרְצֵעַ","translit":"martsêaʻ","definition":"from {{h7527}}; an awl; aul.","strongs_number":"h4836"},"h4837":{"pronunciation":"mar-tseh'-feth","unicode":"מַרְצֶפֶת","translit":"martsepheth","definition":"from {{h7528}}; a pavement; pavement.","strongs_number":"h4837"},"h4838":{"pronunciation":"maw-rak'","unicode":"מָרַק","translit":"mâraq","definition":"a primitive root; to polish; by implication, to sharpen; also to rinse; bright, furbish, scour.","strongs_number":"h4838"},"h4839":{"pronunciation":"maw-rawk'","unicode":"מָרָק","translit":"mârâq","definition":"from {{h4838}}; soup (as if a rinsing); broth. See also {{h6564}}.","strongs_number":"h4839"},"h4840":{"pronunciation":"mer-kawkh'","unicode":"מֶרְקָח","translit":"merqâch","definition":"from {{h7543}}; a spicy herb; × sweet.","strongs_number":"h4840"},"h4841":{"pronunciation":"mer-kaw-khaw'","unicode":"מֶרְקָחָה","translit":"merqâchâh","definition":"feminine of {{h4840}}; abstractly, a seasoning (with spicery); concretely, an unguentkettle (for preparing spiced oil); pot of ointment, × well.","strongs_number":"h4841"},"h4842":{"pronunciation":"meer-kakh'-ath","unicode":"מִרְקַחַת","translit":"mirqachath","definition":"from {{h7543}}; an aromatic unguent; also an unguent-pot; prepared by the apothecaries' art, compound, ointment.","strongs_number":"h4842"},"h4843":{"pronunciation":"maw-rar'","unicode":"מָרַר","translit":"mârar","definition":"a primitive root; properly, to trickle (see {{h4752}}); but used only as a denominative from {{h4751}}; to be (causatively, make) bitter (literally or figuratively); (be, be in, deal, have, make) bitter(-ly, -ness), be moved with choler, (be, have sorely, it) grieved(-eth), provoke, vex.","strongs_number":"h4843"},"h4844":{"pronunciation":"mer-ore'","unicode":"מְרֹר","translit":"mᵉrôr","definition":"or מְרוֹר; from {{h4843}}; a bitter herb; bitter(-ness).","strongs_number":"h4844"},"h4845":{"pronunciation":"mer-ay-raw'","unicode":"מְרֵרָה","translit":"mᵉrêrâh","definition":"from {{h4843}}; bile (from its bitterness); gall.","strongs_number":"h4845"},"h4846":{"pronunciation":"mer-o-raw'","unicode":"מְרֹרָה","translit":"mᵉrôrâh","definition":"or מְרוֹרָה; from {{h4843}}; properly, bitterness; concretely, a bitter thing; specifically bile; also venom (of a serpent); bitter (thing), gall.","strongs_number":"h4846"},"h4847":{"pronunciation":"mer-aw-ree'","unicode":"מְרָרִי","translit":"Mᵉrârîy","definition":"from {{h4843}}; bitter; Merari, an Israelite; Merari. See also {{h4848}}.","strongs_number":"h4847"},"h4848":{"pronunciation":"mer-aw-ree'","unicode":"מְרָרִי","translit":"Mᵉrârîy","definition":"from {{h4847}}; a Merarite (collectively), or descendants of Merari; Merarites.","strongs_number":"h4848"},"h4849":{"pronunciation":"meer-shah'-ath","unicode":"מִרְשַׁעַת","translit":"mirshaʻath","definition":"from {{h7561}}; a female wicked doer; wicked woman.","strongs_number":"h4849"},"h4850":{"pronunciation":"mer-aw-thah'-yim","unicode":"מְרָתַיִם","translit":"Mᵉrâthayim","definition":"dual of {{h4751}} feminine; double bitterness; Merathajim, an epithet of Babylon; Merathaim.","strongs_number":"h4850"},"h4851":{"pronunciation":"mash","unicode":"מַשׁ","translit":"Mash","definition":"of foreign derivation; Mash, a son of Aram, and the people descended from him; Mash.","strongs_number":"h4851"},"h4852":{"pronunciation":"may-shaw'","unicode":"מֵשָׁא","translit":"Mêshâʼ","definition":"of foreign derivation; Mesha, a place in Arabia; Mesha.","strongs_number":"h4852"},"h4853":{"pronunciation":"mas-saw'","unicode":"מַשָּׂא","translit":"massâʼ","definition":"from {{h5375}}; a burden; specifically, tribute, or (abstractly) porterage; figuratively, an utterance, chiefly a doom, especially singing; mental, desire; burden, carry away, prophecy, × they set, song, tribute.","strongs_number":"h4853"},"h4854":{"pronunciation":"mas-saw'","unicode":"מַשָּׂא","translit":"Massâʼ","definition":"the same as {{h4853}}; burden; Massa, a son of Ishmael; Massa.","strongs_number":"h4854"},"h4855":{"pronunciation":"mash-shaw'","unicode":"מַשָּׁא","translit":"mashshâʼ","definition":"from {{h5383}}; a loan; by implication, interest on a debt; exaction, usury.","strongs_number":"h4855"},"h4856":{"pronunciation":"mas-so'","unicode":"מַשֹּׂא","translit":"massôʼ","definition":"from {{h5375}}; partiality (as a lifting up); respect.","strongs_number":"h4856"},"h4857":{"pronunciation":"mash-awb'","unicode":"מַשְׁאָב","translit":"mashʼâb","definition":"from {{h7579}}; a trough for cattle to drink from; place of drawing water.","strongs_number":"h4857"},"h4858":{"pronunciation":"mas-saw-aw'","unicode":"מַשָּׂאָה","translit":"massâʼâh","definition":"from {{h5375}}; a conflagration (from the rising of smoke); burden.","strongs_number":"h4858"},"h4859":{"pronunciation":"mash-shaw-aw'","unicode":"מַשָּׁאָה","translit":"mashshâʼâh","definition":"feminine of {{h4855}}; a loan; × any(-thing), debt.","strongs_number":"h4859"},"h4860":{"pronunciation":"mash-shaw-ohn'","unicode":"מַשָּׁאוֹן","translit":"mashshâʼôwn","definition":"from {{h5377}}; dissimulation; deceit.","strongs_number":"h4860"},"h4861":{"pronunciation":"mish-awl'","unicode":"מִשְׁאָל","translit":"Mishʼâl","definition":"from {{h7592}}; request; Mishal, a place in Palestine; Mishal, Misheal. Compare {{h4913}}.","strongs_number":"h4861"},"h4862":{"pronunciation":"mish-aw-law'","unicode":"מִשְׁאָלָה","translit":"mishʼâlâh","definition":"from {{h7592}}; a request; desire, petition.","strongs_number":"h4862"},"h4863":{"pronunciation":"mish-eh'-reth","unicode":"מִשְׁאֶרֶת","translit":"mishʼereth","definition":"from {{h7604}} in the original sense of swelling; a kneading-trough (in which the dough rises); kneading trough, store.","strongs_number":"h4863"},"h4864":{"pronunciation":"mas-ayth'","unicode":"מַשְׂאֵת","translit":"masʼêth","definition":"from {{h5375}}; properly, (abstractly) a raising (as of the hands in prayer), or rising (of flame); figuratively, an utterance; concretely, a beacon (as raised); a present (as taken), mess, or tribute; figuratively, a reproach (as a burden); burden, collection, sign of fire, (great) flame, gift, lifting up, mess, oblation, reward.","strongs_number":"h4864"},"h4865":{"pronunciation":"mish-bets-aw'","unicode":"מִשְׁבְּצָה","translit":"mishbᵉtsâh","definition":"from {{h7660}}; a brocade; by analogy, a (reticulated) setting of a gem; ouch, wrought.","strongs_number":"h4865"},"h4866":{"pronunciation":"mish-bare'","unicode":"מִשְׁבֵּר","translit":"mishbêr","definition":"from {{h7665}}; the orifice of the womb (from which the fœtus breaks forth); birth, breaking forth.","strongs_number":"h4866"},"h4867":{"pronunciation":"mish-bawr'","unicode":"מִשְׁבָּר","translit":"mishbâr","definition":"from {{h7665}}; a breaker (of the sea); billow, wave.","strongs_number":"h4867"},"h4868":{"pronunciation":"mish-bawth'","unicode":"מִשְׁבָּת","translit":"mishbâth","definition":"from {{h7673}}; cessation, i.e. destruction; sabbath.","strongs_number":"h4868"},"h4869":{"pronunciation":"mis-gawb'","unicode":"מִשְׂגָּב","translit":"misgâb","definition":"from {{h7682}}; properly, a cliff (or other lofty or inaccessible place); abstractly, altitude; figuratively, a refuge; Misgab, a place in Moab; defence, high fort (tower), refuge, Misgab.","strongs_number":"h4869"},"h4870":{"pronunciation":"mish-gay'","unicode":"מִשְׁגֶּה","translit":"mishgeh","definition":"from {{h7686}}; an error; oversight.","strongs_number":"h4870"},"h4871":{"pronunciation":"maw-shaw'","unicode":"מָשָׁה","translit":"mâshâh","definition":"a primitive root; to pull out (literally or figuratively); draw(out).","strongs_number":"h4871"},"h4872":{"pronunciation":"mo-sheh'","unicode":"מֹשֶׁה","translit":"Môsheh","definition":"from {{h4871}}; drawing out (of the water), i.e. rescued; Mosheh, the Israelite lawgiver; Moses.","strongs_number":"h4872"},"h4873":{"pronunciation":"mo-sheh'","unicode":"מֹשֶׁה","translit":"Môsheh","definition":"(Aramaic) corresponding to {{h4872}}; Moses.","strongs_number":"h4873"},"h4874":{"pronunciation":"mash-sheh'","unicode":"מַשֶּׁה","translit":"mashsheh","definition":"from {{h5383}}; a debt; creditor.","strongs_number":"h4874"},"h4875":{"pronunciation":"meh-o-aw'","unicode":"מְשׁוֹאָה","translit":"mᵉshôwʼâh","definition":"or מְשֹׁאָה; from the same as {{h7722}}; (a) ruin, abstractly (the act) or concretely (the wreck); desolation, waste.","strongs_number":"h4875"},"h4876":{"pronunciation":"mash-shoo-aw'","unicode":"מַשּׁוּאָה","translit":"mashshûwʼâh","definition":"or מַשֻּׁאָה; for {{h4875}}; ruin; desolation, destruction.","strongs_number":"h4876"},"h4877":{"pronunciation":"mesh-o-bawb'","unicode":"מְשׁוֹבָב","translit":"Mᵉshôwbâb","definition":"from {{h7725}}; returned; Meshobab, an Israelite; Meshobab.","strongs_number":"h4877"},"h4878":{"pronunciation":"mesh-oo-baw'","unicode":"מְשׁוּבָה","translit":"mᵉshûwbâh","definition":"or מְשֻׁבָה; from {{h7725}}; apostasy; backsliding, turning away.","strongs_number":"h4878"},"h4879":{"pronunciation":"mesh-oo-gaw'","unicode":"מְשׁוּגָה","translit":"mᵉshûwgâh","definition":"from an unused root meaning to stray; mistake; error.","strongs_number":"h4879"},"h4880":{"pronunciation":"maw-shote'","unicode":"מָשׁוֹט","translit":"mâshôwṭ","definition":"or מִשּׁוֹט; from {{h7751}}; an oar; oar.","strongs_number":"h4880"},"h4881":{"pronunciation":"mes-oo-kaw'","unicode":"מְשׂוּכָה","translit":"mᵉsûwkâh","definition":"or מְשֻׂכָה; from {{h7753}}; a hedge; hedge.","strongs_number":"h4881"},"h4882":{"pronunciation":"mesh-oo-saw'","unicode":"מְשׁוּסָה","translit":"mᵉshûwçâh","definition":"from an unused root meaning to plunder; spoilation; spoil.","strongs_number":"h4882"},"h4883":{"pronunciation":"mas-sore'","unicode":"מַשּׂוֹר","translit":"massôwr","definition":"from an unused root meaning to rasp; a saw; saw.","strongs_number":"h4883"},"h4884":{"pronunciation":"mes-oo-raw'","unicode":"מְשׂוּרָה","translit":"mᵉsûwrâh","definition":"from an unused root meaning apparently to divide; a measure (for liquids); measure.","strongs_number":"h4884"},"h4885":{"pronunciation":"maw-soce'","unicode":"מָשׂוֹשׂ","translit":"mâsôws","definition":"from {{h7797}}; delight, concretely (the cause or object) or abstractly (the feeling); joy, mirth, rejoice.","strongs_number":"h4885"},"h4886":{"pronunciation":"maw-shakh'","unicode":"מָשַׁח","translit":"mâshach","definition":"a primitive root; to rub with oil, i.e. to anoint; by implication, to consecrate; also to paint; anoint, paint.","strongs_number":"h4886"},"h4887":{"pronunciation":"mesh-akh'","unicode":"מְשַׁח","translit":"mᵉshach","definition":"(Aramaic) from a root corresponding to {{h4886}}; oil; oil.","strongs_number":"h4887"},"h4888":{"pronunciation":"meesh-khaw'","unicode":"מִשְׁחָה","translit":"mishchâh","definition":"or מׇשְׁחָה; from {{h4886}}; unction (the act); by implication, a consecratory gift; (to be) anointed(-ing), ointment.","strongs_number":"h4888"},"h4889":{"pronunciation":"mash-kheeth'","unicode":"מַשְׁחִית","translit":"mashchîyth","definition":"from {{h7843}}; destructive, i.e. (as noun) destruction, literally (specifically a snare) or figuratively (corruption); corruption, (to) destroy(-ing), destruction, trap, × utterly.","strongs_number":"h4889"},"h4890":{"pronunciation":"mis-khawk'","unicode":"מִשְׂחַק","translit":"mischaq","definition":"from {{h7831}}; a laughing-stock; scorn.","strongs_number":"h4890"},"h4891":{"pronunciation":"mish-khawr'","unicode":"מִשְׁחָר","translit":"mishchâr","definition":"from {{h7836}} in the sense of day breaking; dawn; morning.","strongs_number":"h4891"},"h4892":{"pronunciation":"mash-khayth'","unicode":"מַשְׁחֵת","translit":"mashchêth","definition":"for {{h4889}}; destruction; destroying.","strongs_number":"h4892"},"h4893":{"pronunciation":"mish-khawth'","unicode":"מִשְׁחָת","translit":"mishchâth","definition":"or מׇשְׁחָת; from {{h7843}}; disfigurement; corruption, marred.","strongs_number":"h4893"},"h4894":{"pronunciation":"mish-to'-akh","unicode":"מִשְׁטוֹחַ","translit":"mishṭôwach","definition":"or מִשְׁטַח; from {{h7849}}; a spreading-place; (to) spread (forth, -ing, upon).","strongs_number":"h4894"},"h4895":{"pronunciation":"mas-tay-maw'","unicode":"מַשְׂטֵמָה","translit":"masṭêmâh","definition":"from the same as {{h7850}}; enmity; hatred.","strongs_number":"h4895"},"h4896":{"pronunciation":"mish-tawr'","unicode":"מִשְׁטָר","translit":"mishṭâr","definition":"from {{h7860}}; jurisdiction; dominion.","strongs_number":"h4896"},"h4897":{"pronunciation":"meh'-shee","unicode":"מֶשִׁי","translit":"meshîy","definition":"from {{h4871}}; silk (as drawn from the cocoon); silk.","strongs_number":"h4897"},"h4898":{"pronunciation":"mesh-ay-zab-ale'","unicode":"מְשֵׁיזַבְאֵל","translit":"Mᵉshêyzabʼêl","definition":"from an equiv. to {{h7804}} and {{h410}}; delivered of God; Meshezabel, an Israelite; Meshezabeel.","strongs_number":"h4898"},"h4899":{"pronunciation":"maw-shee'-akh","unicode":"מָשִׁיחַ","translit":"mâshîyach","definition":"from {{h4886}}; anointed; usually a consecrated person (as a king, priest, or saint); specifically, the Messiah; anointed, Messiah.","strongs_number":"h4899"},"h4900":{"pronunciation":"maw-shak'","unicode":"מָשַׁךְ","translit":"mâshak","definition":"a primitive root; to draw, used in a great variety of applications (including to sow, to sound, to prolong, to develop, to march, to remove, to delay, to be tall, etc.); draw (along, out), continue, defer, extend, forbear, × give, handle, make (pro-, sound) long, × sow, scatter, stretch out.","strongs_number":"h4900"}}