{"h4901":{"pronunciation":"meh'shek","unicode":"מֶשֶׁךְ","translit":"meshek","definition":"from {{h4900}}; a sowing; also a possession; precious, price.","strongs_number":"h4901"},"h4902":{"pronunciation":"meh'-shek","unicode":"מֶשֶׁךְ","translit":"Meshek","definition":"the same in form as {{h4901}}, but probably of foreign derivation; Meshek, a son of Japheth, and the people descended from him; Mesech, Meshech.","strongs_number":"h4902"},"h4903":{"pronunciation":"mish-kab'","unicode":"מִשְׁכַּב","translit":"mishkab","definition":"(Aramaic) corresponding to {{h4904}}; a bed; bed.","strongs_number":"h4903"},"h4904":{"pronunciation":"mish-kawb'","unicode":"מִשְׁכָּב","translit":"mishkâb","definition":"from {{h7901}}; a bed (figuratively, a bier); abstractly, sleep; by euphemism, carnal intercourse; bed(-chamber), couch, lieth (lying) with.","strongs_number":"h4904"},"h4905":{"pronunciation":"mas-keel'","unicode":"מַשְׂכִּיל","translit":"maskîyl","definition":"from {{h7919}}; instructive, i.e. a didactic poem; Maschil.","strongs_number":"h4905"},"h4906":{"pronunciation":"mas-keeth'","unicode":"מַשְׂכִּית","translit":"maskîyth","definition":"from the same as {{h7906}}; a figure (carved on stone, the wall, or any object); figuratively, imagination; conceit, image(-ry), picture, × wish.","strongs_number":"h4906"},"h4907":{"pronunciation":"mish-kan'","unicode":"מִשְׁכַּן","translit":"mishkan","definition":"(Aramaic) corresponding to {{h4908}}; residence; habitation.","strongs_number":"h4907"},"h4908":{"pronunciation":"mish-kawn'","unicode":"מִשְׁכָּן","translit":"mishkân","definition":"from {{h7931}}; a residence (including a shepherd's hut, the lair of animals, figuratively, the grave; also the Temple); specifically, the Tabernacle (properly, its wooden walls); dwelleth, dwelling (place), habitation, tabernacle, tent.","strongs_number":"h4908"},"h4909":{"pronunciation":"mas-koh'-reth","unicode":"מַשְׂכֹּרֶת","translit":"maskôreth","definition":"from {{h7936}}; wages or a reward; reward, wages.","strongs_number":"h4909"},"h4910":{"pronunciation":"maw-shal'","unicode":"מָשַׁל","translit":"mâshal","definition":"a primitive root; to rule; (have, make to have) dominion, governor, × indeed, reign, (bear, cause to, have) rule(-ing, -r), have power.","strongs_number":"h4910"},"h4911":{"pronunciation":"maw-shal'","unicode":"מָשַׁל","translit":"mâshal","definition":"denominative from {{h4912}}; to liken, i.e. (transitively) to use figurative language (an allegory, adage, song or the like); intransitively, to resemble; be(-come) like, compare, use (as a) proverb, speak (in proverbs), utter.","strongs_number":"h4911"},"h4912":{"pronunciation":"maw-shawl'","unicode":"מָשָׁל","translit":"mâshâl","definition":"apparently from {{h4910}} in some original sense of superiority in mental action; properly, a pithy maxim, usually of metaphorical nature; hence, a simile (as an adage, poem, discourse); byword, like, parable, proverb.","strongs_number":"h4912"},"h4913":{"pronunciation":"maw-shawl'","unicode":"מָשָׁל","translit":"Mâshâl","definition":"for {{h4861}}; Mashal, a place in Palestine; Mashal.","strongs_number":"h4913"},"h4914":{"pronunciation":"mesh-ol'","unicode":"מְשֹׁל","translit":"mᵉshôl","definition":"from {{h4911}}; a satire; byword.","strongs_number":"h4914"},"h4915":{"pronunciation":"mo'-shel","unicode":"מֹשֶׁל","translit":"môshel","definition":"(1) from {{h4910}}; (2) from {{h4911}}; empire; a parallel; dominion, like.","strongs_number":"h4915"},"h4916":{"pronunciation":"mish-lo'-akh","unicode":"מִשְׁלוֹחַ","translit":"mishlôwach","definition":"or מִשְׁלֹחַ; also מִשְׁלָח; from {{h7971}}; a sending out, i.e. (abstractly) presentation (favorable), or seizure (unfavorable); also (concretely) a place of dismissal, or a business to be discharged; to lay, to put, sending (forth), to set.","strongs_number":"h4916"},"h4917":{"pronunciation":"mish-lakh'-ath","unicode":"מִשְׁלַחַת","translit":"mishlachath","definition":"feminine of {{h4916}}; a mission, i.e. (abstractly and favorable) release, or (concretely and unfavorable) an army; discharge, sending.","strongs_number":"h4917"},"h4918":{"pronunciation":"mesh-ool-lawm'","unicode":"מְשֻׁלָּם","translit":"Mᵉshullâm","definition":"from {{h7999}}; allied; Meshullam, the name of seventeen Israelites; Meshullam.","strongs_number":"h4918"},"h4919":{"pronunciation":"mesh-il-lay-mohth'","unicode":"מְשִׁלֵּמוֹת","translit":"Mᵉshillêmôwth","definition":"plural from {{h7999}}; reconciliations; Meshillemoth, an Israelite; Meshillemoth. Compare {{h4921}}.","strongs_number":"h4919"},"h4920":{"pronunciation":"mesh-eh-lem-yaw'","unicode":"מְשֶׁלֶמְיָה","translit":"Mᵉshelemyâh","definition":"or מְשֶׁלֶמְיָהוּ; from {{h7999}} and {{h3050}}; ally of Jah; Meshelemjah, an Israelite; Meshelemiah.","strongs_number":"h4920"},"h4921":{"pronunciation":"mesh-il-lay-meeth'","unicode":"מְשִׁלֵּמִית","translit":"Mᵉshillêmîyth","definition":"from {{h7999}}; reconciliation; Meshillemith, an Israelite; Meshillemith. Compare {{h4919}}.","strongs_number":"h4921"},"h4922":{"pronunciation":"mesh-ool-leh'-meth'","unicode":"מְשֻׁלֶּמֶת","translit":"Mᵉshullemeth","definition":"feminine of {{h4918}}; Meshullemeth, an Israelitess; Meshullemeth.","strongs_number":"h4922"},"h4923":{"pronunciation":"mesh-am-maw'","unicode":"מְשַׁמָּה","translit":"mᵉshammâh","definition":"from {{h8074}}; a waste or amazement; astonishment, desolate.","strongs_number":"h4923"},"h4924":{"pronunciation":"mash-mawn'","unicode":"מַשְׁמָן","translit":"mashmân","definition":"from {{h8080}}; fat, i.e. (literally and abstractly) fatness; but usually (figuratively and concretely) a rich dish, a fertile field, a robust man; fat (one, -ness, -test, -test place).","strongs_number":"h4924"},"h4925":{"pronunciation":"mish-man-naw'","unicode":"מִשְׁמַנָּה","translit":"Mishmannâh","definition":"from {{h8080}}; fatness; Mashmannah, an Israelite; Mishmannah.","strongs_number":"h4925"},"h4926":{"pronunciation":"mish-maw'","unicode":"מִשְׁמָע","translit":"mishmâʻ","definition":"from {{h8085}}; a report; hearing.","strongs_number":"h4926"},"h4927":{"pronunciation":"mish-maw'","unicode":"מִשְׁמָע","translit":"Mishmâʻ","definition":"the same as {{h4926}}; Mishma, the name of a son of Ishmael, and of an Israelite; Mishma.","strongs_number":"h4927"},"h4928":{"pronunciation":"mish-mah'-ath","unicode":"מִשְׁמַעַת","translit":"mishmaʻath","definition":"feminine of {{h4926}}; audience, i.e. the royal court; also obedience, i.e. (concretely) a subject; bidding, guard, obey.","strongs_number":"h4928"},"h4929":{"pronunciation":"mish-mawr'","unicode":"מִשְׁמָר","translit":"mishmâr","definition":"from {{h8104}}; a guard (the man, the post or the prison); a deposit (figuratively); also (as observed) a usage (abstractly), or an example (concretely); diligence, guard, office, prison, ward, watch.","strongs_number":"h4929"},"h4930":{"pronunciation":"mas-mer-aw'","unicode":"מַשְׂמְרָה","translit":"masmᵉrâh","definition":"for {{h4548}} fem.; a peg; nail.","strongs_number":"h4930"},"h4931":{"pronunciation":"mish-mer'-reth","unicode":"מִשְׁמֶרֶת","translit":"mishmereth","definition":"feminine of {{h4929}}; watch, i.e. the act (custody), or (concretely) the sentry, the post; objectively preservation, or (concretely) safe; figuratively observance, i.e. (abstractly) duty or (objectively) a usage or party; charge, keep, or to be kept, office, ordinace, safeguard, ward, watch.","strongs_number":"h4931"},"h4932":{"pronunciation":"mish-neh'","unicode":"מִשְׁנֶה","translit":"mishneh","definition":"from {{h8138}}; properly, a repetition, i.e. a duplicate (copy of a document), or a double (in amount); by implication, a second (in order, rank, age, quality or location); college, copy, double, fatlings, next, second (order), twice as much.","strongs_number":"h4932"},"h4933":{"pronunciation":"mesh-is-saw'","unicode":"מְשִׁסָּה","translit":"mᵉshiççâh","definition":"from {{h8155}}; plunder; booty, spoil.","strongs_number":"h4933"},"h4934":{"pronunciation":"mish-ole'","unicode":"מִשְׁעוֹל","translit":"mishʻôwl","definition":"from the same as {{h8168}}; a hollow, i.e. a narrow passage; path.","strongs_number":"h4934"},"h4935":{"pronunciation":"mish-ee'","unicode":"מִשְׁעִי","translit":"mishʻîy","definition":"probably from {{h8159}}; inspection; to supple.","strongs_number":"h4935"},"h4936":{"pronunciation":"mish-awm'","unicode":"מִשְׁעָם","translit":"Mishʻâm","definition":"apparently from {{h8159}}; inspection; Misham, an Israelite; Misham.","strongs_number":"h4936"},"h4937":{"pronunciation":"mish-ane'","unicode":"מִשְׁעֵן","translit":"mishʻên","definition":"or מִשְׁעָן; from {{h8172}}; a support (concretely), i.e. (figuratively) a protector or sustenance; stay.","strongs_number":"h4937"},"h4938":{"pronunciation":"mish-ay-naw'","unicode":"מִשְׁעֵנָה","translit":"mishʻênâh","definition":"or מִשְׁעֶנֶת; feminine of {{h4937}}; support (abstractly), i.e. (figuratively) sustenance or (concretely) a walking-stick; staff.","strongs_number":"h4938"},"h4939":{"pronunciation":"mis-pawkh'","unicode":"מִשְׂפָּח","translit":"mispâch","definition":"from {{h5596}}; slaughter; oppression.","strongs_number":"h4939"},"h4940":{"pronunciation":"mish-paw-khaw'","unicode":"מִשְׁפָּחָה","translit":"mishpâchâh","definition":"from {{h8192}} (compare {{h8198}}); a family, i.e. circle of relatives; figuratively, a class (of persons), a species (of animals) or sort (of things); by extension a tribe or people; family, kind(-red).","strongs_number":"h4940"},"h4941":{"pronunciation":"mish-pawt'","unicode":"מִשְׁפָּט","translit":"mishpâṭ","definition":"from {{h8199}}; properly, a verdict (favorable or unfavorable) pronounced judicially, especially a sentence or formal decree (human or (participant's) divine law, individual or collective), including the act, the place, the suit, the crime, and the penalty; abstractly, justice, including a participant's right or privilege (statutory or customary), or even a style; adversary, ceremony, charge, × crime, custom, desert, determination, discretion, disposing, due, fashion, form, to be judged, judgment, just(-ice, -ly), (manner of) law(-ful), manner, measure, (due) order, ordinance, right, sentence, usest, × worthy,   wrong.","strongs_number":"h4941"},"h4942":{"pronunciation":"mish-pawth'","unicode":"מִשְׁפָּת","translit":"mishpâth","definition":"from {{h8192}}; a stall for cattle (only dual); burden, sheepfold.","strongs_number":"h4942"},"h4943":{"pronunciation":"meh'-shek","unicode":"מֶשֶׁק","translit":"mesheq","definition":"from an unused root meaning to hold; possession; steward.","strongs_number":"h4943"},"h4944":{"pronunciation":"mash-shawk'","unicode":"מַשָּׁק","translit":"mashshâq","definition":"from {{h8264}}; a traversing, i.e. rapid motion; running to and fro.","strongs_number":"h4944"},"h4945":{"pronunciation":"mash-keh'","unicode":"מַשְׁקֶה","translit":"mashqeh","definition":"from {{h8248}}; properly, causing to drink, i.e. a butler; by implication (intransitively), drink (itself); figuratively, a well-watered region; butler(-ship), cupbearer, drink(-ing), fat pasture, watered.","strongs_number":"h4945"},"h4946":{"pronunciation":"mish-kole'","unicode":"מִשְׁקוֹל","translit":"mishqôwl","definition":"from {{h8254}}; weight; weight.","strongs_number":"h4946"},"h4947":{"pronunciation":"mash-kofe'","unicode":"מַשְׁקוֹף","translit":"mashqôwph","definition":"from {{h8259}} in its original sense of overhanging; a lintel; lintel.","strongs_number":"h4947"},"h4948":{"pronunciation":"mish-kawl'","unicode":"מִשְׁקָל","translit":"mishqâl","definition":"from {{h8254}}; weight (numerically estimated); hence, weighing (the act); (full) weight.","strongs_number":"h4948"},"h4949":{"pronunciation":"mish-keh'-leth","unicode":"מִשְׁקֶלֶת","translit":"mishqeleth","definition":"or מִשְׁקֹלֶת; feminine of {{h4948}} or {{h4947}}; a weight, i.e. a plummet (with line attached); plummet.","strongs_number":"h4949"},"h4950":{"pronunciation":"mish-kaw'","unicode":"מִשְׁקָע","translit":"mishqâʻ","definition":"from {{h8257}}; a settling place (of water), i.e. a pond; deep.","strongs_number":"h4950"},"h4951":{"pronunciation":"mis-raw'","unicode":"מִשְׂרָה","translit":"misrâh","definition":"from {{h8280}}; empire; government.","strongs_number":"h4951"},"h4952":{"pronunciation":"mish-raw'","unicode":"מִשְׁרָה","translit":"mishrâh","definition":"from {{h8281}} in the sense of loosening; maceration, i.e. steeped juice; liquor.","strongs_number":"h4952"},"h4953":{"pronunciation":"mash-ro-kee'","unicode":"מַשְׁרוֹקִי","translit":"mashrôwqîy","definition":"(Aramaic) from a root corresponding to {{h8319}}; a (musical) pipe (from its whistling sound); flute.","strongs_number":"h4953"},"h4954":{"pronunciation":"mish-raw-ee'","unicode":"מִשְׁרָעִי","translit":"Mishrâʻîy","definition":"patrial from an unused noun from an unused root; probably meaning to stretch out; extension; a Mishraite, or inhabitant (collectively) of Mishra; Mishraites.","strongs_number":"h4954"},"h4955":{"pronunciation":"mis-raw-faw'","unicode":"מִשְׂרָפָה","translit":"misrâphâh","definition":"from {{h8313}}; combustion, i.e. cremation (of a corpse), or calcination (of lime); burning.","strongs_number":"h4955"},"h4956":{"pronunciation":"mis-ref-ohth' mah'-yim","unicode":"מִשְׂרְפוֹת מַיִם","translit":"Misrᵉphôwth mayim","definition":"from the plural of {{h4955}} and {{h4325}}; burnings of water; Misrephoth-Majim, a place in Palestine; Misrephoth-mayim.","strongs_number":"h4956"},"h4957":{"pronunciation":"mas-ray-kaw'","unicode":"מַשְׂרֵקָה","translit":"Masrêqâh","definition":"a form for {{h7796}} used denominatively; vineyard; Masrekah, a place in Idumaea; Masrekah.","strongs_number":"h4957"},"h4958":{"pronunciation":"mas-rayth'","unicode":"מַשְׂרֵת","translit":"masrêth","definition":"apparently from an unused root meaning to perforate, i.e. hollow out; a pan; pan.","strongs_number":"h4958"},"h4959":{"pronunciation":"maw-shash'","unicode":"מָשַׁשׁ","translit":"mâshash","definition":"a primitive root; to feel of; by implication, to grope; feel, grope, search.","strongs_number":"h4959"},"h4960":{"pronunciation":"mish-teh'","unicode":"מִשְׁתֶּה","translit":"mishteh","definition":"from {{h8354}}; drink, by implication, drinking (the act); also (by implication) a banquet or (generally) feast; banquet, drank, drink, feast((-ed), -ing).","strongs_number":"h4960"},"h4961":{"pronunciation":"mish-teh'","unicode":"מִשְׁתֶּה","translit":"mishteh","definition":"(Aramaic) corresponding to {{h4960}}; a banquet; banquet.","strongs_number":"h4961"},"h4962":{"pronunciation":"math","unicode":"מַת","translit":"math","definition":"from the same as {{h4970}}; properly, an adult (as of full length); by implication, a man (only in the plural); few, × friends, men, persons, × small.","strongs_number":"h4962"},"h4963":{"pronunciation":"math-bane'","unicode":"מַתְבֵּן","translit":"mathbên","definition":"denominative from {{h8401}}; straw in the heap; straw.","strongs_number":"h4963"},"h4964":{"pronunciation":"meh-theg","unicode":"מֶתֶג","translit":"metheg","definition":"from an unused root meaning to curb; a bit; bit, bridle.","strongs_number":"h4964"},"h4965":{"pronunciation":"meh'-theg haw-am-maw'","unicode":"מֶתֶג הָאַמָּה","translit":"Metheg hâ-ʼAmmâh","definition":"from {{h4964}} and {{h520}} with the art. interposed; bit of the metropolis; Metheg-ha-Ammah, an epithet of Gath; Metheg-ammah.","strongs_number":"h4965"},"h4966":{"pronunciation":"maw-thoke'","unicode":"מָתוֹק","translit":"mâthôwq","definition":"or מָתוּק; from {{h4985}}; sweet; sweet(-er, -ness).","strongs_number":"h4966"},"h4967":{"pronunciation":"meth-oo-shaw-ale'","unicode":"מְתוּשָׁאֵל","translit":"Mᵉthûwshâʼêl","definition":"from {{h4962}} and {{h410}}, with the relative interposed; man who (is) of God; Methusael, an antediluvian patriarch; Methusael.","strongs_number":"h4967"},"h4968":{"pronunciation":"meth-oo-sheh'-lakh","unicode":"מְתוּשֶׁלַח","translit":"Mᵉthûwshelach","definition":"from {{h4962}} and {{h7973}}; man of a dart; Methushelach, an antediluvian patriarch; Methuselah.","strongs_number":"h4968"},"h4969":{"pronunciation":"maw-thakh'","unicode":"מָתַח","translit":"mâthach","definition":"a primitive root; to stretch out; spread out.","strongs_number":"h4969"},"h4970":{"pronunciation":"maw-thah'ee","unicode":"מָתַי","translit":"mâthay","definition":"from an unused root meaning to extend; properly, extent (of time); but used only adverbially (especially with other particle prefixes), when (either relative or interrogative); long, when.","strongs_number":"h4970"},"h4971":{"pronunciation":"math-ko'-neth","unicode":"מַתְכֹנֶת","translit":"mathkôneth","definition":"or מַתְכֻנֶת; from {{h8505}} in the transferred sense of measuring; proportion (in size, number or ingredients); composition, measure, state, tale.","strongs_number":"h4971"},"h4972":{"pronunciation":"mat-tel-aw-aw'","unicode":"מַתְּלָאָה","translit":"mattᵉlâʼâh","definition":"from {{h4100}} and {{h8513}}; what a trouble!; what a weariness.","strongs_number":"h4972"},"h4973":{"pronunciation":"meth-al-leh-aw'","unicode":"מְתַלְּעָה","translit":"mᵉthallᵉʻâh","definition":"contr. from {{h3216}}; properly, a biter, i.e. a tooth; cheek (jaw) tooth, jaw.","strongs_number":"h4973"},"h4974":{"pronunciation":"meth-ohm'","unicode":"מְתֹם","translit":"mᵉthôm","definition":"from {{h8552}}; wholesomeness; also (adverb) completely; men (by reading {{h4962}}), soundness.","strongs_number":"h4974"},"h4975":{"pronunciation":"mo'-then","unicode":"מֹתֶן","translit":"môthen","definition":"from an unused root meaning to be slender; properly, the waist or small of the back; only in plural the loins; greyhound, loins, side.","strongs_number":"h4975"},"h4976":{"pronunciation":"mat-tawn'","unicode":"מַתָּן","translit":"mattân","definition":"from {{h5414}}; a present; gift, to give, reward.","strongs_number":"h4976"},"h4977":{"pronunciation":"mat-tawn'","unicode":"מַתָּן","translit":"Mattân","definition":"the same as {{h4976}}; Mattan, the name of a priest of Baal, and of an Israelite; Mattan.","strongs_number":"h4977"},"h4978":{"pronunciation":"mat-ten-aw'","unicode":"מַתְּנָא","translit":"mattᵉnâʼ","definition":"(Aramaic) corresponding to {{h4979}}; gift.","strongs_number":"h4978"},"h4979":{"pronunciation":"mat-taw-naw'","unicode":"מַתָּנָה","translit":"mattânâh","definition":"feminine of {{h4976}}; a present; specifically (in a good sense), a sacrificial offering, (in a bad sense) a bribe; gift.","strongs_number":"h4979"},"h4980":{"pronunciation":"mat-taw-naw'","unicode":"מַתָּנָה","translit":"Mattânâh","definition":"the same as {{h4979}}; Mattanah, a place in the Desert; Mattanah.","strongs_number":"h4980"},"h4981":{"pronunciation":"mith-nee'","unicode":"מִתְנִי","translit":"Mithnîy","definition":"probably patrial from an unused noun meaning slenderness; a Mithnite, or inhabitant of Methen; Mithnite.","strongs_number":"h4981"},"h4982":{"pronunciation":"mat-ten-ah'ee","unicode":"מַתְּנַי","translit":"Mattᵉnay","definition":"from {{h4976}}; liberal; Mattenai, the name of three Israelites; Mattenai.","strongs_number":"h4982"},"h4983":{"pronunciation":"mat-tan-yaw'","unicode":"מַתַּנְיָה","translit":"Mattanyâh","definition":"or מַתַּנְיָהוּ; from {{h4976}} and {{h3050}}; gift of Jah; Mattanjah, the name of ten Israelites; Mattaniah.","strongs_number":"h4983"},"h4984":{"pronunciation":"mith-nas-say'","unicode":"מִתְנַשֵּׂא","translit":"mithnassêʼ","definition":"from {{h5375}}; (used as abstractly) supreme exaltation; exalted.","strongs_number":"h4984"},"h4985":{"pronunciation":"maw-thak'","unicode":"מָתַק","translit":"mâthaq","definition":"a primitive root; to suck, by implication, to relish, or (intransitively) be sweet; be (made, × take) sweet.","strongs_number":"h4985"},"h4986":{"pronunciation":"meh'-thek","unicode":"מֶתֶק","translit":"metheq","definition":"from {{h4985}}; figuratively, pleasantness (of discourse); sweetness.","strongs_number":"h4986"},"h4987":{"pronunciation":"mo'-thek","unicode":"מֹתֶק","translit":"môtheq","definition":"from {{h4985}}; sweetness; sweetness.","strongs_number":"h4987"},"h4988":{"pronunciation":"maw-thawk'","unicode":"מָתָק","translit":"mâthâq","definition":"from {{h4985}}; a dainty, i.e. (generally) food; feed sweetly.","strongs_number":"h4988"},"h4989":{"pronunciation":"mith-kaw'","unicode":"מִתְקָה","translit":"Mithqâh","definition":"feminine of {{h4987}}; sweetness; Mithkah, a place in the Desert; Mithcah.","strongs_number":"h4989"},"h4990":{"pronunciation":"mith-red-awth'","unicode":"מִתְרְדָת","translit":"Mithrᵉdâth","definition":"of Persian origin; Mithredath, the name of two Persians; Mithredath.","strongs_number":"h4990"},"h4991":{"pronunciation":"mat-tawth'","unicode":"מַתָּת","translit":"mattâth","definition":"feminine of {{h4976}} abbreviated form; a present; gift.","strongs_number":"h4991"},"h4992":{"pronunciation":"mat-tat-taw'","unicode":"מַתַּתָּה","translit":"Mattattâh","definition":"for {{h4993}}; gift of Jah; Mattattah, an Israelite; Mattathah.","strongs_number":"h4992"},"h4993":{"pronunciation":"mat-tith-yaw'","unicode":"מַתִּתְיָה","translit":"Mattithyâh","definition":"or מַתִּתְיָהוּ; from {{h4991}} and {{h3050}}; gift of Jah; Mattithjah, the name of four Israelites; Mattithiah. n","strongs_number":"h4993"},"h4994":{"pronunciation":"naw","unicode":"נָא","translit":"nâʼ","definition":"a primitive particle of incitement and entreaty, which may usually be rendered; 'I pray', 'now', or 'then'; added mostly to verbs (in the Imperative or Future), or to interjections, occasionally to an adverb or conjunction; I beseech (pray) thee (you), go to, now, oh.","strongs_number":"h4994"},"h4995":{"pronunciation":"naw","unicode":"נָא","translit":"nâʼ","definition":"apparently from {{h5106}} in the sense of harshness from refusal; properly, tough, i.e. uncooked (flesh); raw.","strongs_number":"h4995"},"h4996":{"pronunciation":"no","unicode":"נֹא","translit":"Nôʼ","definition":"of Egyptian origin; No (i.e. Thebes), the capital of Upper Egypt; No. Compare {{h528}}.","strongs_number":"h4996"},"h4997":{"pronunciation":"node","unicode":"נֹאד","translit":"nôʼd","definition":"or נאוֹדlemma נֹאוד vowel, corrected to נאוֹדxlit nôʼwd corrected to nʼôwd; also (feminine) נֹאדָה; from an unused root of uncertain signification; a (skin or leather) bag (for fluids); bottle.","strongs_number":"h4997"},"h4998":{"pronunciation":"naw-aw'","unicode":"נָאָה","translit":"nâʼâh","definition":"a primitive root; properly, to be at home, i.e. (by implication) to be pleasant (or suitable), i.e. beautiful; be beautiful, become, be comely.","strongs_number":"h4998"},"h4999":{"pronunciation":"naw-aw'","unicode":"נָאָה","translit":"nâʼâh","definition":"from {{h4998}}; a home; figuratively, a pasture; habitation, house, pasture, pleasant place.","strongs_number":"h4999"},"h5000":{"pronunciation":"naw-veh'","unicode":"נָאוֶה","translit":"nâʼveh","definition":"from {{h4998}} or {{h5116}}; suitable, or beautiful; becometh, comely, seemly.","strongs_number":"h5000"}}