{"h5501":{"pronunciation":"seh-khee'","unicode":"סְחִי","translit":"çᵉchîy","definition":"from {{h5500}}; refuse (as swept off); offscouring.","strongs_number":"h5501"},"h5502":{"pronunciation":"saw-khaf'","unicode":"סָחַף","translit":"çâchaph","definition":"a primitive root; to scrape off; sweep (away).","strongs_number":"h5502"},"h5503":{"pronunciation":"saw-khar'","unicode":"סָחַר","translit":"çâchar","definition":"a primitive root; to travel round (specifically as a pedlar); intensively, to palpitate; go about, merchant(-man), occupy with, pant, trade, traffick.","strongs_number":"h5503"},"h5504":{"pronunciation":"sakh'-ar","unicode":"סַחַר","translit":"çachar","definition":"from {{h5503}}; profit (from trade); merchandise.","strongs_number":"h5504"},"h5505":{"pronunciation":"saw-khar'","unicode":"סָחַר","translit":"çâchar","definition":"from {{h5503}}; an emporium; abstractly, profit (from trade); mart, merchandise.","strongs_number":"h5505"},"h5506":{"pronunciation":"sekh-o-raw'","unicode":"סְחֹרָה","translit":"çᵉchôrâh","definition":"from {{h5503}}; traffic; merchandise.","strongs_number":"h5506"},"h5507":{"pronunciation":"so-khay-raw'","unicode":"סֹחֵרָה","translit":"çôchêrâh","definition":"properly, active participle feminine of {{h5503}}; something surrounding the person, i.e. a shield; buckler.","strongs_number":"h5507"},"h5508":{"pronunciation":"so-kheh'-reth","unicode":"סֹחֵרֶת","translit":"çôchêreth","definition":"similar to {{h5507}}; probably a (black) tile (or tessara) for laying borders with; black marble.","strongs_number":"h5508"},"h5509":{"pronunciation":"seeg","unicode":"סִיג","translit":"çîyg","definition":"or סוּג; (Ezekiel 22:18), from {{h5472}} in the sense of refuse; scoria; dross.","strongs_number":"h5509"},"h5510":{"pronunciation":"see-vawn'","unicode":"סִיוָן","translit":"Çîyvân","definition":"probably of Persian origin; Sivan, the third Hebrew month; Sivan.","strongs_number":"h5510"},"h5511":{"pronunciation":"see-khone'","unicode":"סִיחוֹן","translit":"Çîychôwn","definition":"or סִיחֹן; from the same as {{h5477}}; tempestuous; Sichon, an Amoritish king; Sihon.","strongs_number":"h5511"},"h5512":{"pronunciation":"seen","unicode":"סִין","translit":"Çîyn","definition":"of uncertain derivation; Sin the name of an Egyptian town and (probably) desert adjoining; Sin.","strongs_number":"h5512"},"h5513":{"pronunciation":"see-nee'","unicode":"סִינִי","translit":"Çîynîy","definition":"from an otherwise unknown name of a man; a Sinite, or descendant of one of the sons of Canaan; Sinite.","strongs_number":"h5513"},"h5514":{"pronunciation":"see-nah'-ee","unicode":"סִינַי","translit":"Çîynay","definition":"of uncertain derivation; Sinai, mountain of Arabia; Sinai.","strongs_number":"h5514"},"h5515":{"pronunciation":"see-neem'","unicode":"סִינִים","translit":"Çîynîym","definition":"plural of an otherwise unknown name; Sinim, a distant Oriental region; Sinim.","strongs_number":"h5515"},"h5516":{"pronunciation":"see-ser-aw'","unicode":"סִיסְרָא","translit":"Çîyçᵉrâʼ","definition":"of uncertain derivation; Sisera, the name of a Canaanitish king and of one of the Nethinim; Sisera.","strongs_number":"h5516"},"h5517":{"pronunciation":"see-ah'","unicode":"סִיעָא","translit":"Çîyʻâʼ","definition":"or סִיעֲהָא; from an unused root meaning to converse; congregation; Sia or Siaha, one of the Nethinim; Sia, Siaha.","strongs_number":"h5517"},"h5518":{"pronunciation":"seer","unicode":"סִיר","translit":"çîyr","definition":"or (feminine) סִירָה; or סִרָה; (Jeremiah 52:18), from a primitive root meaning to boil up; a pot; also a thorn (as springing up rapidly); by implication, a hook; caldron, fishhook, pan, (wash-)pot, thorn.","strongs_number":"h5518"},"h5519":{"pronunciation":"sawk","unicode":"סָךְ","translit":"çâk","definition":"from {{h5526}}; properly, a thicket of men, i.e. a crowd; multitude.","strongs_number":"h5519"},"h5520":{"pronunciation":"soke","unicode":"סֹךְ","translit":"çôk","definition":"from {{h5526}}; a hut (as of entwined boughs); also a lair; covert, den, pavilion, tabernacle.","strongs_number":"h5520"},"h5521":{"pronunciation":"sook-kaw'","unicode":"סֻכָּה","translit":"çukkâh","definition":"feminine of {{h5520}}; a hut or lair; booth, cottage, covert, pavilion, tabernacle, tent.","strongs_number":"h5521"},"h5522":{"pronunciation":"sik-kooth'","unicode":"סִכּוּת","translit":"çikkûwth","definition":"feminine of {{h5519}}; an (idolatrous) booth; tabernacle.","strongs_number":"h5522"},"h5523":{"pronunciation":"sook-kohth'","unicode":"סֻכּוֹת","translit":"Çukkôwth","definition":"or סֻכֹּת; plural of {{h5521}}; booths; Succoth, the name of a place in Egypt and of three in Palestine; Succoth.","strongs_number":"h5523"},"h5524":{"pronunciation":"sook-kohth' ben-ohth'","unicode":"סֻכּוֹת בְּנוֹת","translit":"Çukkôwth bᵉnôwth","definition":"from {{h5523}} and the (irregular) plural of {{h1323}}; booths of (the) daughters; brothels, i.e. idoalatrous tents for impure purpose; Succothbenoth.","strongs_number":"h5524"},"h5525":{"pronunciation":"sook-kee'","unicode":"סֻכִּי","translit":"Çukkîy","definition":"patrial from an unknown name (perhaps {{h5520}}); a Sukkite, or inhabitant of some place near Egypt (i.e. hut-dwellers); Sukkiims.","strongs_number":"h5525"},"h5526":{"pronunciation":"saw-kak'","unicode":"סָכַךְ","translit":"çâkak","definition":"or שָׂכַךְ; (Exodus 33:22), a primitive root; properly, to entwine as a screen; by implication, to fence in, cover over, (figuratively) protect; cover, defence, defend, hedge in, join together, set, shut up.","strongs_number":"h5526"},"h5527":{"pronunciation":"sek-aw-kaw'","unicode":"סְכָכָה","translit":"Çᵉkâkâh","definition":"from {{h5526}}; inclosure; Secacah, a place in Palestine; Secacah.","strongs_number":"h5527"},"h5528":{"pronunciation":"saw-kal'","unicode":"סָכַל","translit":"çâkal","definition":"for {{h3688}}; to be silly; do (make, play the, turn into) fool(-ish, -ishly, -ishness).","strongs_number":"h5528"},"h5529":{"pronunciation":"seh'-kal","unicode":"סֶכֶל","translit":"çekel","definition":"from {{h5528}}; silliness; concretely and collectively, dolts; folly.","strongs_number":"h5529"},"h5530":{"pronunciation":"saw-kawl'","unicode":"סָכָל","translit":"çâkâl","definition":"from {{h5528}}; silly; fool(-ish), sottish.","strongs_number":"h5530"},"h5531":{"pronunciation":"sik-looth'","unicode":"סִכְלוּת","translit":"çiklûwth","definition":"or שִׂכְלוּת; (Ecclesiastes 1:17), from {{h5528}}; silliness; folly, foolishness.","strongs_number":"h5531"},"h5532":{"pronunciation":"saw-kan'","unicode":"סָכַן","translit":"çâkan","definition":"a primitive root; to be familiar with; by implication, to minister to, be serviceable to, to cherish, be customary; acquaint (self), be advantage, × ever, (be, (un-)) profit(-able), treasurer, be wont.","strongs_number":"h5532"},"h5533":{"pronunciation":"saw-kan'","unicode":"סָכַן","translit":"çâkan","definition":"probably a denominative from {{h7915}}; properly, to cut, i.e. damage; also to grow (causatively, make) poor; endanger, impoverish.","strongs_number":"h5533"},"h5534":{"pronunciation":"saw-kar'","unicode":"סָכַר","translit":"çâkar","definition":"a primitive root; to shut up; by implication, to surrender; stop, give over. See also {{h5462}}, {{h7936}}.","strongs_number":"h5534"},"h5535":{"pronunciation":"saw-kath'","unicode":"סָכַת","translit":"çâkath","definition":"a primitive root to be silent; by implication, to observe quietly; take heed.","strongs_number":"h5535"},"h5536":{"pronunciation":"sal","unicode":"סַל","translit":"çal","definition":"from {{h5549}}; properly, a willow twig (as pendulous), i.e. an osier; but only as woven into a basket; basket.","strongs_number":"h5536"},"h5537":{"pronunciation":"saw-law'","unicode":"סָלָא","translit":"çâlâʼ","definition":"a primitive root; to suspend in a balance, i.e. weigh; compare.","strongs_number":"h5537"},"h5538":{"pronunciation":"sil-law'","unicode":"סִלָּא","translit":"Çillâʼ","definition":"from {{h5549}}; an embankment; Silla, a place in Jerusalem; Silla.","strongs_number":"h5538"},"h5539":{"pronunciation":"saw-lad'","unicode":"סָלַד","translit":"çâlad","definition":"a primitive root; probably to leap (with joy), i.e. exult; harden self.","strongs_number":"h5539"},"h5540":{"pronunciation":"seh'-led","unicode":"סֶלֶד","translit":"Çeled","definition":"from {{h5539}}; exultation; Seled, an Israelite; Seled.","strongs_number":"h5540"},"h5541":{"pronunciation":"saw-law'","unicode":"סָלָה","translit":"çâlâh","definition":"a primitive root; to hang up, i.e. weigh, or (figuratively) contemn; tread down (under foot), value.","strongs_number":"h5541"},"h5542":{"pronunciation":"seh'-law","unicode":"סֶלָה","translit":"çelâh","definition":"from {{h5541}}; suspension (of music), i.e. pause; Selah.","strongs_number":"h5542"},"h5543":{"pronunciation":"sal-loo'","unicode":"סַלּוּ","translit":"Çallûw","definition":"or סַלּוּא; or סָלוּא; or סַלַּי; from {{h5541}}; weighed; Sallu or Sallai, the name of two Israelites; Sallai, Sallu, Salu.","strongs_number":"h5543"},"h5544":{"pronunciation":"sil-lone'","unicode":"סִלּוֹן","translit":"çillôwn","definition":"or סַלּוֹן; from {{h5541}}; a prickle (as if pendulous); brier, thorn.","strongs_number":"h5544"},"h5545":{"pronunciation":"saw-lakh'","unicode":"סָלַח","translit":"çâlach","definition":"a primitive root; to forgive; forgive, pardon, spare.","strongs_number":"h5545"},"h5546":{"pronunciation":"saw-lawkh'","unicode":"סַלָּח","translit":"çallâch","definition":"from {{h5545}}; placable; ready to forgive.","strongs_number":"h5546"},"h5547":{"pronunciation":"sel-ee-khaw'","unicode":"סְלִיחָה","translit":"çᵉlîychâh","definition":"from {{h5545}}; pardon; forgiveness, pardon.","strongs_number":"h5547"},"h5548":{"pronunciation":"sal-kaw'","unicode":"סַלְכָה","translit":"Çalkâh","definition":"from an unused root. meaning to walk; walking; Salcah, a place East of the Jordan; Salcah, Salchah.","strongs_number":"h5548"},"h5549":{"pronunciation":"saw-lal'","unicode":"סָלַל","translit":"çâlal","definition":"a primitive root; to mound up (especially a turnpike); figurative, to exalt; reflexively, to oppose (as by a dam); cast up, exalt (self), extol, make plain, raise up.","strongs_number":"h5549"},"h5550":{"pronunciation":"so-lel-aw'","unicode":"סֹלְלָה","translit":"çôlᵉlâh","definition":"or סוֹלְלָה; active participle feminine of {{h5549}}, but used passively; a military mound, i.e. rampart of besiegers; bank, mount.","strongs_number":"h5550"},"h5551":{"pronunciation":"sool-lawm'","unicode":"סֻלָּם","translit":"çullâm","definition":"from {{h5549}}; a stair-case; ladder.","strongs_number":"h5551"},"h5552":{"pronunciation":"sal-sil-law'","unicode":"סַלְסִלָּה","translit":"çalçillâh","definition":"from {{h5541}}; a twig (as pendulous); basket.","strongs_number":"h5552"},"h5553":{"pronunciation":"seh'-lah","unicode":"סֶלַע","translit":"çelaʻ","definition":"from an unused root meaning to be lofty; a craggy rock, literally or figuratively (a fortress); (ragged) rock, stone(-ny), strong hold.","strongs_number":"h5553"},"h5554":{"pronunciation":"seh'-lah","unicode":"סֶלַע","translit":"Çelaʻ","definition":"the same as {{h5553}}; Sela, the rock-city of Idumaea; rock, Sela(-h).","strongs_number":"h5554"},"h5555":{"pronunciation":"seh'-lah hammakh-lek-oth'","unicode":"סֶלַע הַמַּחְלְקוֹת","translit":"Çelaʻ ham-machlᵉqôwth","definition":"from {{h5553}} and the plural of {{h4256}} with the article interposed; rock of the divisions; Sela-ham-Machlekoth, a place in Palestine; Sela-hammalekoth.","strongs_number":"h5555"},"h5556":{"pronunciation":"sol-awm'","unicode":"סׇלְעָם","translit":"çolʻâm","definition":"apparently from the same as {{h5553}} in the sense of crushing as with a rock, i.e. consuming; a kind of locust (from its destructiveness); bald locust.","strongs_number":"h5556"},"h5557":{"pronunciation":"saw-laf'","unicode":"סָלַף","translit":"çâlaph","definition":"a primitive root; properly, to wrench, i.e. (figuratively) to subvert; overthrow, pervert.","strongs_number":"h5557"},"h5558":{"pronunciation":"seh'-lef","unicode":"סֶלֶף","translit":"çeleph","definition":"from {{h5557}}; distortion, i.e. (figuratively) viciousness; perverseness.","strongs_number":"h5558"},"h5559":{"pronunciation":"sel-eek'","unicode":"סְלִק","translit":"çᵉliq","definition":"(Aramaic) a primitive root; to ascend; come (up).","strongs_number":"h5559"},"h5560":{"pronunciation":"so'-leth","unicode":"סֹלֶת","translit":"çôleth","definition":"from an unused root meaning to strip; flour (as chipped off); (fine) flour, meal.","strongs_number":"h5560"},"h5561":{"pronunciation":"sam","unicode":"סַם","translit":"çam","definition":"from an unused root meaning to smell sweet; an aroma; sweet (spice).","strongs_number":"h5561"},"h5562":{"pronunciation":"sam-gar' neb-o'","unicode":"סַמְגַּר נְבוֹ","translit":"Çamgar Nᵉbôw","definition":"of foreign origin; Samgar-Nebo, a Babylonian general; Samgar-nebo.","strongs_number":"h5562"},"h5563":{"pronunciation":"sem-aw-dar'","unicode":"סְמָדַר","translit":"çᵉmâdar","definition":"of uncertain derivation; a vine blossom; used also adverbially, abloom; tender grape.","strongs_number":"h5563"},"h5564":{"pronunciation":"saw-mak'","unicode":"סָמַךְ","translit":"çâmak","definition":"a primitive root; to prop (literally or figuratively); reflexively, to lean upon or take hold of (in a favorable or unfavorable sense); bear up, establish, (up-) hold, lay, lean, lie hard, put, rest self, set self, stand fast, stay (self), sustain.","strongs_number":"h5564"},"h5565":{"pronunciation":"sem-ak-yaw'-hoo","unicode":"סְמַכְיָהוּ","translit":"Çᵉmakyâhûw","definition":"from {{h5564}} and {{h3050}}; supported of Jah; Semakjah, an Israelite; Semachiah.","strongs_number":"h5565"},"h5566":{"pronunciation":"seh'-mel","unicode":"סֶמֶל","translit":"çemel","definition":"or סֵמֶל; from an unused root meaning to resemble; a likeness; figure, idol, image.","strongs_number":"h5566"},"h5567":{"pronunciation":"saw-man'","unicode":"סָמַן","translit":"çâman","definition":"a primitive root; to designate; appointed.","strongs_number":"h5567"},"h5568":{"pronunciation":"saw-mar'","unicode":"סָמַר","translit":"çâmar","definition":"a primitive root; to be erect, i.e. bristle as hair; stand up, tremble.","strongs_number":"h5568"},"h5569":{"pronunciation":"saw-mar'","unicode":"סָמָר","translit":"çâmâr","definition":"from {{h5568}}; bristling, i.e. shaggy; rough.","strongs_number":"h5569"},"h5570":{"pronunciation":"sen-aw-aw'","unicode":"סְנָאָה","translit":"Çᵉnâʼâh","definition":"from an unused root meaning to prick; thorny; Senaah, a place in Palestine; Senaah, Hassenaah (with the article).","strongs_number":"h5570"},"h5571":{"pronunciation":"san-bal-lat'","unicode":"סַנְבַלַּט","translit":"Çanballaṭ","definition":"of foreign origin; Sanballat, a Persian satrap of Samaria; Sanballat.","strongs_number":"h5571"},"h5572":{"pronunciation":"sen-eh'","unicode":"סְנֶה","translit":"çᵉneh","definition":"from an unused root meaning to prick; a bramble; bush.","strongs_number":"h5572"},"h5573":{"pronunciation":"seh-neh'","unicode":"סֶנֶה","translit":"Çeneh","definition":"the same as {{h5572}}; thorn; Seneh, a crag in Palestine; Seneh.","strongs_number":"h5573"},"h5574":{"pronunciation":"sen-oo-aw'","unicode":"סְנוּאָה","translit":"Çᵉnûwʼâh","definition":"or סְנֻאָה from the same as {{h5570}}; pointed; (used with the article as a proper name) Senuah, the name of two Israelites; Hasenuah (including the art), Senuah.","strongs_number":"h5574"},"h5575":{"pronunciation":"san-vare'","unicode":"סַנְוֵר","translit":"çanvêr","definition":"of uncertain derivation; (in plural) blindness; blindness.","strongs_number":"h5575"},"h5576":{"pronunciation":"san-khay-reeb'","unicode":"סַנְחֵרִיב","translit":"Çanchêrîyb","definition":"of foreign origin; Sancherib, an Assyrian king; Sennacherib.","strongs_number":"h5576"},"h5577":{"pronunciation":"san-seen'","unicode":"סַנְסִן","translit":"çançin","definition":"from an unused root meaning to be pointed; a twig (as tapering); bough.","strongs_number":"h5577"},"h5578":{"pronunciation":"san-san-naw'","unicode":"סַנְסַנָּה","translit":"Çançannâh","definition":"feminine of a form of {{h5577}}; a bough; Sansannah, a place in Palestine; Sansannah.","strongs_number":"h5578"},"h5579":{"pronunciation":"sen-ap-peer'","unicode":"סְנַפִּיר","translit":"çᵉnappîyr","definition":"of uncertain derivation; a fin (collectively); fins.","strongs_number":"h5579"},"h5580":{"pronunciation":"sawce","unicode":"סָס","translit":"çâç","definition":"from the same as {{h5483}}; a moth (from the agility of the fly); moth.","strongs_number":"h5580"},"h5581":{"pronunciation":"sis-mah'-ee","unicode":"סִסְמַי","translit":"Çiçmay","definition":"of uncertain derivation; Sismai, an Israelite; Sisamai.","strongs_number":"h5581"},"h5582":{"pronunciation":"saw-ad'","unicode":"סָעַד","translit":"çâʻad","definition":"a primitive root; to support (mostly figurative); comfort, establish, hold up, refresh self, strengthen, be upholden.","strongs_number":"h5582"},"h5583":{"pronunciation":"seh-ad'","unicode":"סְעַד","translit":"çᵉʻad","definition":"(Aramaic) corresponding to {{h5582}}; to aid; helping.","strongs_number":"h5583"},"h5584":{"pronunciation":"saw-aw'","unicode":"סָעָה","translit":"çâʻâh","definition":"a primitive root; to rush; storm.","strongs_number":"h5584"},"h5585":{"pronunciation":"saw-eef'","unicode":"סָעִיף","translit":"çâʻîyph","definition":"from {{h5586}}; a fissure (of rocks); also a bough (as subdivided); (outmost) branch, clift, top.","strongs_number":"h5585"},"h5586":{"pronunciation":"saw-af'","unicode":"סָעַף","translit":"çâʻaph","definition":"a primitive root; properly, to divide up; but used only as denominative from {{h5585}},; to disbranch (a tree); top.","strongs_number":"h5586"},"h5587":{"pronunciation":"saw-eef'","unicode":"סָעִף","translit":"çâʻiph","definition":"or שָׂעִף; from {{h5586}}; divided (in mind), i.e. (abstractly) a sentiment; opinion.","strongs_number":"h5587"},"h5588":{"pronunciation":"say-afe'","unicode":"סֵעֵף","translit":"çêʻêph","definition":"from {{h5586}}; divided (in mind), i.e. (concretely) a skeptic; thought.","strongs_number":"h5588"},"h5589":{"pronunciation":"seh-ap-paw'","unicode":"סְעַפָּה","translit":"çᵉʻappâh","definition":"feminine of {{h5585}}; a twig or branch; bough. Compare {{h5634}}.","strongs_number":"h5589"},"h5590":{"pronunciation":"saw-ar'","unicode":"סָעַר","translit":"çâʻar","definition":"a primitive root; to rush upon; by implication, to toss (transitive or intransitive, literal or figurative); be (toss with) tempest(-uous), be sore, troubled, come out as a (drive with the, scatter with a) whirlwind.","strongs_number":"h5590"},"h5591":{"pronunciation":"sah'-ar","unicode":"סַעַר","translit":"çaʻar","definition":"or (feminine) סְעָרָה; from {{h5590}}; a hurricane; storm(-y), tempest, whirlwind.","strongs_number":"h5591"},"h5592":{"pronunciation":"saf","unicode":"סַף","translit":"çaph","definition":"from {{h5605}}, in its original sense of containing; a vestibule (as a limit); also a dish (for holding blood or wine); bason, bowl, cup, door (post), gate, post, threshold.","strongs_number":"h5592"},"h5593":{"pronunciation":"saf","unicode":"סַף","translit":"Çaph","definition":"the same as {{h5592}}; Saph, a Philistine; Saph. Compare {{h5598}}.","strongs_number":"h5593"},"h5594":{"pronunciation":"saw-fad'","unicode":"סָפַד","translit":"çâphad","definition":"a primitive root; properly, to tear the hair and beat the breasts (as Orientals do in grief); generally to lament; by implication, to wail; lament, mourn(-er), wail.","strongs_number":"h5594"},"h5595":{"pronunciation":"saw-faw'","unicode":"סָפָה","translit":"çâphâh","definition":"a primitive root; properly, to scrape (literally, to shave; but usually figuratively) together (i.e. to accumulate or increase) or away (i.e. to scatter, remove, or ruin; intransitively, to perish); add, augment, consume, destroy, heap, join, perish, put.","strongs_number":"h5595"},"h5596":{"pronunciation":"saw-fakh'","unicode":"סָפַח","translit":"çâphach","definition":"or שָׂפַח; (Isaiah 3:17), a primitive root; properly, to scrape out, but in certain peculiar senses (of removal or association); abiding, gather together, cleave, smite with the scab.","strongs_number":"h5596"},"h5597":{"pronunciation":"sap-pakh'-ath","unicode":"סַפַּחַת","translit":"çappachath","definition":"from {{h5596}}; the mange (as making the hair fall off); scab.","strongs_number":"h5597"},"h5598":{"pronunciation":"sip-pah'-ee","unicode":"סִפַּי","translit":"Çippay","definition":"from {{h5592}}; bason-like; Sippai, a Philistine; Sippai. Compare {{h5593}}.","strongs_number":"h5598"},"h5599":{"pronunciation":"saw-fee'-akh","unicode":"סָפִיחַ","translit":"çâphîyach","definition":"from {{h5596}}; something (spontaneously) falling off, i.e. a self-sown crop; figuratively, a freshet; (such) things as (which) grow (of themselves), which groweth of its own accord (itself).","strongs_number":"h5599"},"h5600":{"pronunciation":"sef-ee-naw'","unicode":"סְפִינָה","translit":"çᵉphîynâh","definition":"from {{h5603}}; a (sea-going) vessel (as ceiled with a deck); ship.","strongs_number":"h5600"}}