{"h5801":{"pronunciation":"iz-zaw-bone'","unicode":"עִזָּבוֹן","translit":"ʻizzâbôwn","definition":"from {{h5800}} in the sense of letting go (for a price, i.e. selling); trade, i.e. the place (mart) or the payment (revenue); fair, ware.","strongs_number":"h5801"},"h5802":{"pronunciation":"az-book'","unicode":"עַזְבּוּק","translit":"ʻAzbûwq","definition":"from {{h5794}} and the root of {{h950}}; stern depopulator; Azbuk, an Israelite; Azbuk.","strongs_number":"h5802"},"h5803":{"pronunciation":"az-gawd'","unicode":"עַזְגָּד","translit":"ʻAzgâd","definition":"from {{h5794}} and {{h1409}}; stern troop; Azgad, an Israelite; Azgad.","strongs_number":"h5803"},"h5804":{"pronunciation":"az-zaw'","unicode":"עַזָּה","translit":"ʻAzzâh","definition":"feminine of {{h5794}}; strong; Azzah, a place in Palestine; Azzah, Gaza.","strongs_number":"h5804"},"h5805":{"pronunciation":"az-oo-baw'","unicode":"עֲזוּבָה","translit":"ʻăzûwbâh","definition":"feminine passive participle of {{h5800}}; desertion (of inhabitants); forsaking.","strongs_number":"h5805"},"h5806":{"pronunciation":"az-oo-baw'","unicode":"עֲזוּבָה","translit":"ʻĂzûwbâh","definition":"the same as {{h5805}}; Azubah, the name of two Israelitesses; Azubah.","strongs_number":"h5806"},"h5807":{"pronunciation":"ez-ooz'","unicode":"עֱזוּז","translit":"ʻĕzûwz","definition":"from {{h5810}}; forcibleness; might, strength.","strongs_number":"h5807"},"h5808":{"pronunciation":"iz-zooz'","unicode":"עִזּוּז","translit":"ʻizzûwz","definition":"from {{h5810}}; forcible; collectively and concretely, an army; power, strong.","strongs_number":"h5808"},"h5809":{"pronunciation":"az-zoor'","unicode":"עַזּוּר","translit":"ʻAzzûwr","definition":"or עַזֻּר; from {{h5826}}; helpful; Azzur, the name of three Israelites; Azur, Azzur.","strongs_number":"h5809"},"h5810":{"pronunciation":"aw-zaz'","unicode":"עָזַז","translit":"ʻâzaz","definition":"a primitive root; to be stout (literally or figuratively); harden, impudent, prevail, strengthen (self), be strong.","strongs_number":"h5810"},"h5811":{"pronunciation":"aw-zawz'","unicode":"עָזָז","translit":"ʻÂzâz","definition":"from {{h5810}}; strong; Azaz, an Israelite; Azaz.","strongs_number":"h5811"},"h5812":{"pronunciation":"az-az-yaw'-hoo","unicode":"עֲזַזְיָהוּ","translit":"ʻĂzazyâhûw","definition":"from {{h5810}} and {{h3050}}; Jah has strengthened; Azazjah, the name of three Israelites; Azaziah.","strongs_number":"h5812"},"h5813":{"pronunciation":"ooz-zee'","unicode":"עֻזִּי","translit":"ʻUzzîy","definition":"from {{h5810}}; forceful; Uzzi, the name of six Israelites; Uzzi.","strongs_number":"h5813"},"h5814":{"pronunciation":"ooz-zee-yaw'","unicode":"עֻזִּיָּא","translit":"ʻUzzîyâʼ","definition":"perhaps for {{h5818}}; Uzzija, an Israelite; Uzzia.","strongs_number":"h5814"},"h5815":{"pronunciation":"az-ee-ale'","unicode":"עֲזִיאֵל","translit":"ʻĂzîyʼêl","definition":"from {{h5756}} and {{h410}}; strengthened of God; Aziel, an Israelite; Aziel. Compare {{h3268}}.","strongs_number":"h5815"},"h5816":{"pronunciation":"ooz-zee-ale'","unicode":"עֻזִּיאֵל","translit":"ʻUzzîyʼêl","definition":"from {{h5797}} and {{h410}}; strength of God; Uzziel, the name of six Israelites; Uzziel.","strongs_number":"h5816"},"h5817":{"pronunciation":"oz-zee-ay-lee'","unicode":"עׇזִּיאֵלִי","translit":"ʻOzzîyʼêlîy","definition":"patronymically from {{h5816}}; an Uzzielite (collectively) or descendants of Uzziel; Uzzielites.","strongs_number":"h5817"},"h5818":{"pronunciation":"ooz-zee-yaw'","unicode":"עֻזִּיָּה","translit":"ʻUzzîyâh","definition":"or עֻזִּיָּהוּ; from {{h5797}} and {{h3050}}; strength of Jah; Uzzijah, the name of five Israelites; Uzziah.","strongs_number":"h5818"},"h5819":{"pronunciation":"az-ee-zaw'","unicode":"עֲזִיזָא","translit":"ʻĂzîyzâʼ","definition":"from {{h5756}}; strengthfulness; Aziza, an Israelite; Aziza.","strongs_number":"h5819"},"h5820":{"pronunciation":"az-maw'-veth","unicode":"עַזְמָוֶת","translit":"ʻAzmâveth","definition":"from {{h5794}} and {{h4194}}; strong one of death; Azmaveth, the name of three Israelites and of a place in Palestine; Azmaveth. See also {{h1041}}.","strongs_number":"h5820"},"h5821":{"pronunciation":"az-zawn'","unicode":"עַזָּן","translit":"ʻAzzân","definition":"from {{h5794}}; strong one; Azzan, an Israelite; Azzan.","strongs_number":"h5821"},"h5822":{"pronunciation":"oz-nee-yaw'","unicode":"עׇזְנִיָּה","translit":"ʻoznîyâh","definition":"probably feminine of {{h5797}}; probably the sea-eagle (from its strength); ospray.","strongs_number":"h5822"},"h5823":{"pronunciation":"aw-zak'","unicode":"עָזַק","translit":"ʻâzaq","definition":"a primitive root; to grub over; fence about.","strongs_number":"h5823"},"h5824":{"pronunciation":"iz-kaw'","unicode":"עִזְקָא","translit":"ʻizqâʼ","definition":"(Aramaic) from a root corresponding to {{h5823}}; a signet-ring (as engraved); signet.","strongs_number":"h5824"},"h5825":{"pronunciation":"az-ay-kaw'","unicode":"עֲזֵקָה","translit":"ʻĂzêqâh","definition":"from {{h5823}}; tilled; Azekah, a place in Palestine; Azekah.","strongs_number":"h5825"},"h5826":{"pronunciation":"aw-zar'","unicode":"עָזַר","translit":"ʻâzar","definition":"a primitive root; to surround, i.e. protect or aid; help, succour.","strongs_number":"h5826"},"h5827":{"pronunciation":"eh'-zer","unicode":"עֶזֶר","translit":"ʻEzer","definition":"from {{h5826}}; help; Ezer, the name of two Israelites; Ezer. Compare {{h5829}}.","strongs_number":"h5827"},"h5828":{"pronunciation":"ay'-zer","unicode":"עֵזֶר","translit":"ʻêzer","definition":"from {{h5826}}; aid; help.","strongs_number":"h5828"},"h5829":{"pronunciation":"ay'-zer","unicode":"עֵזֶר","translit":"ʻÊzer","definition":"the same as {{h5828}}; Ezer, the name of four Israelites; Ezer. Compare {{h5827}}.","strongs_number":"h5829"},"h5830":{"pronunciation":"ez-raw'","unicode":"עֶזְרָא","translit":"ʻEzrâʼ","definition":"a variation of {{h5833}}; Ezra, an Israelite; Ezra.","strongs_number":"h5830"},"h5831":{"pronunciation":"ez-raw'","unicode":"עֶזְרָא","translit":"ʻEzrâʼ","definition":"(Aramaic) corresponding to {{h5830}}; Ezra, an Israelite; Ezra.","strongs_number":"h5831"},"h5832":{"pronunciation":"az-ar-ale'","unicode":"עֲזַרְאֵל","translit":"ʻĂzarʼêl","definition":"from {{h5826}} and {{h410}}; God has helped; Azarel, the name of five Israelites; Azarael, Azareel.","strongs_number":"h5832"},"h5833":{"pronunciation":"ez-raw'","unicode":"עֶזְרָה","translit":"ʻezrâh","definition":"or עֶזְרָת; (Psalm 60:11 (13); Psalm 108:12 (13)), feminine of {{h5828}}; aid; help(-ed, -er).","strongs_number":"h5833"},"h5834":{"pronunciation":"ez-raw'","unicode":"עֶזְרָה","translit":"ʻEzrâh","definition":"the same as {{h5833}}; Ezrah, an Israelite; Ezrah.","strongs_number":"h5834"},"h5835":{"pronunciation":"az-aw-raw'","unicode":"עֲזָרָה","translit":"ʻăzârâh","definition":"from {{h5826}} in its original meaning of surrounding; an inclosure; also a border; court, settle.","strongs_number":"h5835"},"h5836":{"pronunciation":"ez-ree'","unicode":"עֶזְרִי","translit":"ʻEzrîy","definition":"from {{h5828}}; helpful; Ezri, an Israelite; Ezri.","strongs_number":"h5836"},"h5837":{"pronunciation":"az-ree-ale'","unicode":"עַזְרִיאֵל","translit":"ʻAzrîyʼêl","definition":"from {{h5828}} and {{h410}}; help of God; Azriel, the name of three Israelites; Azriel.","strongs_number":"h5837"},"h5838":{"pronunciation":"az-ar-yaw'","unicode":"עֲזַרְיָה","translit":"ʻĂzaryâh","definition":"or עֲזַרְיָהוּ; from {{h5826}} and {{h3050}}; Jah has helped; Azarjah, the name of nineteen Israelites; Azariah.","strongs_number":"h5838"},"h5839":{"pronunciation":"az-ar-yaw'","unicode":"עֲזַרְיָה","translit":"ʻĂzaryâh","definition":"(Aramaic) corresponding to {{h5838}}; Azarjah, one of Daniel's companions; Azariah.","strongs_number":"h5839"},"h5840":{"pronunciation":"az-ree-kawm'","unicode":"עַזְרִיקָם","translit":"ʻAzrîyqâm","definition":"from {{h5828}} and active participle of {{h6965}}; help of an enemy; Azrikam, the name of four Israelites; Azrikam.","strongs_number":"h5840"},"h5841":{"pronunciation":"az-zaw-thee'","unicode":"עַזָּתִי","translit":"ʻAzzâthîy","definition":"patrial from {{h5804}}; an Azzathite or inhabitant of Azzah; Gazathite, Gazite.","strongs_number":"h5841"},"h5842":{"pronunciation":"ate","unicode":"עֵט","translit":"ʻêṭ","definition":"from {{h5860}} (contracted) in the sense of swooping, i.e. side-long stroke; a stylus or marking stick; pen.","strongs_number":"h5842"},"h5843":{"pronunciation":"ay-taw'","unicode":"עֵטָא","translit":"ʻêṭâʼ","definition":"(Aramaic) from {{h3272}}; prudence; counsel.","strongs_number":"h5843"},"h5844":{"pronunciation":"aw-taw'","unicode":"עָטָה","translit":"ʻâṭâh","definition":"a primitive root; to wrap, i.e. cover, veil, clothe, or roll; array self, be clad, (put a) cover (-ing, self), fill, put on, × surely, turn aside.","strongs_number":"h5844"},"h5845":{"pronunciation":"at-een'","unicode":"עֲטִין","translit":"ʻăṭîyn","definition":"from an unused root meaning apparently to contain; a receptacle (for milk, i.e. pail; figuratively, breast); breast.","strongs_number":"h5845"},"h5846":{"pronunciation":"at-ee-shaw'","unicode":"עֲטִישָׁה","translit":"ʻăṭîyshâh","definition":"from an unused root meaning to sneeze; sneezing; sneezing.","strongs_number":"h5846"},"h5847":{"pronunciation":"at-al-lafe'","unicode":"עֲטַלֵּף","translit":"ʻăṭallêph","definition":"of uncertain derivation; a bat; bat.","strongs_number":"h5847"},"h5848":{"pronunciation":"aw-taf'","unicode":"עָטַף","translit":"ʻâṭaph","definition":"a primitive root; to shroud, i.e. clothe (whether transitive or reflex.); hence (from the idea of darkness) to languish; cover (over), fail, faint, feebler, hide self, be overwhelmed, swoon.","strongs_number":"h5848"},"h5849":{"pronunciation":"aw-tar'","unicode":"עָטַר","translit":"ʻâṭar","definition":"a primitive root; to encircle (for attack or protection); especially to crown (literally or figuratively); compass, crown.","strongs_number":"h5849"},"h5850":{"pronunciation":"at-aw-raw'","unicode":"עֲטָרָה","translit":"ʻăṭârâh","definition":"from {{h5849}}; a crown; crown.","strongs_number":"h5850"},"h5851":{"pronunciation":"at-aw-raw'","unicode":"עֲטָרָה","translit":"ʻĂṭârâh","definition":"the same as {{h5850}}; Atarah, an Israelitess; Atarah.","strongs_number":"h5851"},"h5852":{"pronunciation":"at-aw-roth'","unicode":"עֲטָרוֹת","translit":"ʻĂṭârôwth","definition":"or עֲטָרֹת; plural of {{h5850}}; Ataroth, the name (thus simply) of two places in Palestine; Ataroth.","strongs_number":"h5852"},"h5853":{"pronunciation":"at-roth' ad-dawr'","unicode":"עַטְרוֹת אַדָּר","translit":"ʻAṭrôwth ʼAddâr","definition":"from the same as {{h5852}} and {{h146}}; crowns of Addar; Atroth-Addar, a place in Palestine; Ataroth-adar(-addar).","strongs_number":"h5853"},"h5854":{"pronunciation":"at-roth' bayth yoawb'","unicode":"עַטְרוֹת בֵּית יוֹאָב","translit":"ʻAṭrôwth bêyth Yôwʼâb","definition":"from the same as {{h5852}} and {{h1004}} and {{h3097}}; crowns of the house of Joab; Atroth-beth-Joab, a place in Palestine; Ataroth the house of Joab.","strongs_number":"h5854"},"h5855":{"pronunciation":"at-roth' sho-fawn'","unicode":"עַטְרוֹת שׁוֹפָן","translit":"ʻAṭrôwth Shôwphân","definition":"from the same as {{h5852}} and a name otherwise unused (being from the same as {{h8226}}) meaning hidden; crowns of Shophan; Atroth-Shophan, a place in Palestine; Atroth, Shophan (as if two places).","strongs_number":"h5855"},"h5856":{"pronunciation":"ee","unicode":"עִי","translit":"ʻîy","definition":"from {{h5753}}; a ruin (as if overturned); heap.","strongs_number":"h5856"},"h5857":{"pronunciation":"ah'ee","unicode":"עַי","translit":"ʻAy","definition":"or (feminine) עַיָּא; (Nehemiah 11:31), or עַיָּת; (Isaiah 10:28), for {{h5856}}; Ai, Aja or Ajath, a place in Palestine; Ai, Aija, Aijath, Hai.","strongs_number":"h5857"},"h5858":{"pronunciation":"ay-bawl'","unicode":"עֵיבָל","translit":"ʻÊybâl","definition":"perhaps from an unused root probably meaning to be bald; bare; Ebal, a mountain of Palestine; Ebal.","strongs_number":"h5858"},"h5859":{"pronunciation":"ee-yone'","unicode":"עִיּוֹן","translit":"ʻÎyôwn","definition":"from {{h5856}}; ruin; Ijon, a place in Palestine; Ijon.","strongs_number":"h5859"},"h5860":{"pronunciation":"eet","unicode":"עִיט","translit":"ʻîyṭ","definition":"a primitive root; to swoop down upon (literally or figuratively); fly, rail.","strongs_number":"h5860"},"h5861":{"pronunciation":"ah'-yit","unicode":"עַיִט","translit":"ʻayiṭ","definition":"from {{h5860}}; a hawk or other bird of prey; bird, fowl, ravenous (bird).","strongs_number":"h5861"},"h5862":{"pronunciation":"ay-tawm'","unicode":"עֵיטָם","translit":"ʻÊyṭâm","definition":"from {{h5861}}; hawk-ground; Etam, a place in Palestine; Etam.","strongs_number":"h5862"},"h5863":{"pronunciation":"ee-yay' haw-ab-aw-reem'","unicode":"עִיֵּי הָעֲבָרִים","translit":"ʻÎyêy hâ-ʻĂbârîym","definition":"from the plural of {{h5856}} and the plural of the active participle of {{h5674}} with the article interposed; ruins of the passers; Ije-ha-Abarim, a place near Palestine; Ije-abarim.","strongs_number":"h5863"},"h5864":{"pronunciation":"ee-yeem'","unicode":"עִיִּים","translit":"ʻÎyîym","definition":"plural of {{h5856}}; ruins; Ijim, a place in the Desert.; Iim.","strongs_number":"h5864"},"h5865":{"pronunciation":"ay-lome'","unicode":"עֵילוֹם","translit":"ʻêylôwm","definition":"for {{h5769}}; ever.","strongs_number":"h5865"},"h5866":{"pronunciation":"ee-lah'-ee","unicode":"עִילַי","translit":"ʻÎylay","definition":"from {{h5927}}; elevated; Ilai, an Israelite; Ilai.","strongs_number":"h5866"},"h5867":{"pronunciation":"ay-lawm'","unicode":"עֵילָם","translit":"ʻÊylâm","definition":"or עוֹלָם; (Ezra 10:2; Jeremiah 49:36), probably from {{h5956}}; hidden, i.e. distant; Elam, a son of Shem and his descendants, with their country; also of six Israelites; Elam.","strongs_number":"h5867"},"h5868":{"pronunciation":"ah-yawm'","unicode":"עֲיָם","translit":"ʻăyâm","definition":"of doubtful origin and authenticity; probably meaning strength; mighty.","strongs_number":"h5868"},"h5869":{"pronunciation":"ah'-yin","unicode":"עַיִן","translit":"ʻayin","definition":"probably a primitive word; an eye (literally or figuratively); by analogy, a fountain (as the eye of the landscape); affliction, outward appearance,   before,   think best, colour, conceit,   be content, countenance,   displease, eye((-brow), (-d), -sight), face,   favour, fountain, furrow (from the margin), × him,   humble, knowledge, look, (  well), × me, open(-ly),   (not) please, presence,   regard, resemblance, sight, × thee, × them,   think, × us, well, × you(-rselves).","strongs_number":"h5869"},"h5870":{"pronunciation":"ah'-yin","unicode":"עַיִן","translit":"ʻayin","definition":"(Aramaic) corresponding to {{h5869}}; an eye; eye.","strongs_number":"h5870"},"h5871":{"pronunciation":"ah'-yin","unicode":"עַיִן","translit":"ʻAyin","definition":"the same as {{h5869}}; fountain; Ajin, the name (thus simply) of two places in Palestine; Ain.","strongs_number":"h5871"},"h5872":{"pronunciation":"ane geh'-dee","unicode":"עֵין גֶּדִי","translit":"ʻÊyn Gedîy","definition":"from {{h5869}} and {{h1423}}; fountain of a kid; En-Gedi, a place in Palestine; En-gedi.","strongs_number":"h5872"},"h5873":{"pronunciation":"ane gan-neem'","unicode":"עֵין גַּנִּים","translit":"ʻÊyn Gannîym","definition":"from {{h5869}} and the plural of {{h1588}}; fountain of gardens; En-Gannim, a place in Palestine; En-gannim.","strongs_number":"h5873"},"h5874":{"pronunciation":"ane-dore'","unicode":"עֵין־דֹּאר","translit":"ʻÊyn-Dôʼr","definition":"or עֵין דּוֹר; or עֵין־דֹּר; from {{h5869}} and {{h1755}}; fountain of dwelling; En-Dor, a place in Palestine; En-dor.","strongs_number":"h5874"},"h5875":{"pronunciation":"ane-hak-ko-ray'","unicode":"עֵין הַקּוֹרֵא","translit":"ʻÊyn haq-Qôwrêʼ","definition":"from {{h5869}} and the active participle of {{h7121}}; fountain of One calling; En-hak-Kore, a place near Palestine; En-hakhore.","strongs_number":"h5875"},"h5876":{"pronunciation":"ane khad-daw'","unicode":"עֵין חַדָּה","translit":"ʻÊyn Chaddâh","definition":"from {{h5869}} and the feminine of a derivative from {{h2300}}; fountain of sharpness; En-Chaddah, a place in Palestine; En-haddah.","strongs_number":"h5876"},"h5877":{"pronunciation":"ane khaw-tsore'","unicode":"עֵין חָצוֹר","translit":"ʻÊyn Châtsôwr","definition":"from {{h5869}} and the same as {{h2674}}; fountain of a village; En-Chatsor, a place in Palestine; En-hazor.","strongs_number":"h5877"},"h5878":{"pronunciation":"ane khar-ode'","unicode":"עֵין חֲרֹד","translit":"ʻÊyn Chărôd","definition":"from {{h5869}} and a derivative of {{h2729}}; fountain of trembling; En-Charod, a place in Palestine; well of Harod.","strongs_number":"h5878"},"h5879":{"pronunciation":"ay-nah'-yim","unicode":"עֵינַיִם","translit":"ʻÊynayim","definition":"or עֵינָם; dual of {{h5869}}; double fountain; Enajim or Enam, a place in Palestine; Enaim, openly (Genesis 38:21).","strongs_number":"h5879"},"h5880":{"pronunciation":"ane mish-pawt'","unicode":"עֵין מִשְׁפָּט","translit":"ʻÊyn Mishpâṭ","definition":"from {{h5869}} and {{h4941}}; fountain of judgment; En-Mishpat, a place near Palestine; En-mishpat.","strongs_number":"h5880"},"h5881":{"pronunciation":"ay-nawn'","unicode":"עֵינָן","translit":"ʻÊynân","definition":"from {{h5869}}; having eyes; Enan, an Israelite; Enan. Compare {{h2704}}.","strongs_number":"h5881"},"h5882":{"pronunciation":"ane eg-lah'-yim","unicode":"עֵין עֶגְלַיִם","translit":"ʻÊyn ʻEglayim","definition":"עַיִן and the dual of {{h5695}}; fountain of two calves; En-Eglajim, a place in Palestine; En-eglaim.","strongs_number":"h5882"},"h5883":{"pronunciation":"ane ro-gale'","unicode":"עֵין רֹגֵל","translit":"ʻÊyn Rôgêl","definition":"from {{h5869}} and the active participle of {{h7270}}; fountain of a traveller; En-Rogel, a place near Jerusalem; En-rogel.","strongs_number":"h5883"},"h5884":{"pronunciation":"ane rim-mone'","unicode":"עֵין רִמּוֹן","translit":"ʻÊyn Rimmôwn","definition":"from {{h5869}} and {{h7416}}; fountain of a pomegranate; En-Rimmon, a place in Palestine; En-rimmon.","strongs_number":"h5884"},"h5885":{"pronunciation":"ane sheh'-mesh","unicode":"עֵין שֶׁמֶשׁ","translit":"ʻÊyn Shemesh","definition":"from {{h5869}} and {{h8121}}; fountain of the sun; En-Shemesh, a place in Palestine; Enshemesh.","strongs_number":"h5885"},"h5886":{"pronunciation":"ane tan-neem'","unicode":"עֵין תַּנִּים","translit":"ʻÊyn Tannîym","definition":"from {{h5869}} and the plural of {{h8565}}; fountain of jackals; En-Tannim, a pool near Jerusalem; dragon well.","strongs_number":"h5886"},"h5887":{"pronunciation":"ane tap-poo'-akh","unicode":"עֵין תַּפּוּחַ","translit":"ʻÊyn Tappûwach","definition":"from {{h5869}} and {{h8598}}; fountain of an apple-tree; En-Tappuach, a place in Palestine; En-tappuah.","strongs_number":"h5887"},"h5888":{"pronunciation":"aw-yafe'","unicode":"עָיֵף","translit":"ʻâyêph","definition":"a primitive root; to languish; be wearied.","strongs_number":"h5888"},"h5889":{"pronunciation":"aw-yafe'","unicode":"עָיֵף","translit":"ʻâyêph","definition":"from {{h5888}}; languid; faint, thirsty, weary.","strongs_number":"h5889"},"h5890":{"pronunciation":"ay-faw'","unicode":"עֵיפָה","translit":"ʻêyphâh","definition":"feminine from {{h5774}}; obscurity (as if from covering); darkness.","strongs_number":"h5890"},"h5891":{"pronunciation":"ay-faw'","unicode":"עֵיפָה","translit":"ʻÊyphâh","definition":"the same as {{h5890}}; Ephah, the name of a son of Midian, and of the region settled by him; also of an Israelite and of an Israelitess; Ephah.","strongs_number":"h5891"},"h5892":{"pronunciation":"eer","unicode":"עִיר","translit":"ʻîyr","definition":"or (in the plural) עָר; or עָיַר; (Judges 10:4), from {{h5782}}; a city (a place guarded by waking or a watch) in the widest sense (even of a mere encampment or post); Ai (from margin), city, court (from margin), town.","strongs_number":"h5892"},"h5893":{"pronunciation":"eer","unicode":"עִיר","translit":"ʻÎyr","definition":"the same as {{h5892}}; Ir, an Israelite; Ir.","strongs_number":"h5893"},"h5894":{"pronunciation":"eer","unicode":"עִיר","translit":"ʻîyr","definition":"(Aramaic) from a root corresponding to {{h5782}}; a watcher, i.e. an angel (as guardian); watcher.","strongs_number":"h5894"},"h5895":{"pronunciation":"ah'-yeer","unicode":"עַיִר","translit":"ʻayir","definition":"from {{h5782}} in the sense of raising (i.e. bearing a burden); properly, a young ass (as just broken to a load); hence an ass-colt; (ass) colt, foal, young ass.","strongs_number":"h5895"},"h5896":{"pronunciation":"ee-raw'","unicode":"עִירָא","translit":"ʻÎyrâʼ","definition":"from {{h5782}}; wakefulness; Ira, the name of three Israelites; Ira.","strongs_number":"h5896"},"h5897":{"pronunciation":"ee-rawd'","unicode":"עִירָד","translit":"ʻÎyrâd","definition":"from the same as {{h6166}}; fugitive; Irad, an antediluvian; Irad.","strongs_number":"h5897"},"h5898":{"pronunciation":"eer ham-meh'-lakh","unicode":"עִיר הַמֶּלַח","translit":"ʻÎyr ham-Melach","definition":"from {{h5892}} and {{h4417}} with the article of substance interp.; city of (the) salt; Irham-Melach, a place near Palestine; the city of salt.","strongs_number":"h5898"},"h5899":{"pronunciation":"eer hat-tem-aw-reem'","unicode":"עִיר הַתְּמָרִים","translit":"ʻÎyr hat-Tᵉmârîym","definition":"from {{h5892}} and the plural of {{h8558}} with the article interpolated; city of the palmtrees; Ir-hat-Temarim, a place in Palestine; the city of palmtrees.","strongs_number":"h5899"},"h5900":{"pronunciation":"ee-roo'","unicode":"עִירוּ","translit":"ʻÎyrûw","definition":"from {{h5892}}; a citizen; Iru, an Israelite; Iru.","strongs_number":"h5900"}}