{"h601":{"pronunciation":"an-aw-faw'","unicode":"אֲנָפָה","translit":"ʼănâphâh","definition":"from {{h599}}; an unclean bird, perhaps the parrot (from its irascibility); heron.","strongs_number":"h601"},"h602":{"pronunciation":"aw-nak'","unicode":"אָנַק","translit":"ʼânaq","definition":"a primitive root; to shriek; cry, groan.","strongs_number":"h602"},"h603":{"pronunciation":"an-aw-kaw'","unicode":"אֲנָקָה","translit":"ʼănâqâh","definition":"from {{h602}}; shrieking; crying out, groaning, sighing.","strongs_number":"h603"},"h604":{"pronunciation":"an-aw-kaw'","unicode":"אֲנָקָה","translit":"ʼănâqâh","definition":"the same as {{h603}}; some kind of lizard, probably the gecko (from its wail); ferret.","strongs_number":"h604"},"h605":{"pronunciation":"aw-nash'","unicode":"אָנַשׁ","translit":"ʼânash","definition":"a primitive root; to be frail, feeble, or (figuratively) melancholy; desperate(-ly wicked), incurable, sick, woeful.","strongs_number":"h605"},"h606":{"pronunciation":"en-awsh'","unicode":"אֱנָשׁ","translit":"ʼĕnâsh","definition":"(Aramaic) or אֱנַשׁ; (Aramaic), corresponding to {{h582}}; a man; man,   whosoever.","strongs_number":"h606"},"h607":{"pronunciation":"an-taw'","unicode":"אַנְתָּה","translit":"ʼantâh","definition":"(Aramaic) corresponding to {{h859}}; thou; as for thee, thou.","strongs_number":"h607"},"h608":{"pronunciation":"an-toon'","unicode":"אַנְתּוּן","translit":"ʼantûwn","definition":"(Aramaic) plural of {{h607}}; ye; ye.","strongs_number":"h608"},"h609":{"pronunciation":"aw-saw'","unicode":"אָסָא","translit":"ʼÂçâʼ","definition":"of uncertain derivation; Asa, the name of a king and of a Levite; Asa.","strongs_number":"h609"},"h610":{"pronunciation":"aw-sook'","unicode":"אָסוּךְ","translit":"ʼâçûwk","definition":"from {{h5480}}; anointed, i.e. an oil-flask; pot.","strongs_number":"h610"},"h611":{"pronunciation":"aws-sone'","unicode":"אָסוֹן","translit":"ʼâçôwn","definition":"of uncertain derivation; hurt; mischief.","strongs_number":"h611"},"h612":{"pronunciation":"ay-soor'","unicode":"אֵסוּר","translit":"ʼêçûwr","definition":"from {{h631}}; a bond (especially manacles of a prisoner); band,   prison.","strongs_number":"h612"},"h613":{"pronunciation":"es-oor'","unicode":"אֱסוּר","translit":"ʼĕçûwr","definition":"(Aramaic) corresponding to {{h612}}; band, imprisonment.","strongs_number":"h613"},"h614":{"pronunciation":"aw-seef'","unicode":"אָסִיף","translit":"ʼâçîyph","definition":"or אָסִף; from {{h622}}; gathered, i.e. (abstractly) a gathering in of crops; ingathering.","strongs_number":"h614"},"h615":{"pronunciation":"aw-sere'","unicode":"אָסִיר","translit":"ʼâçîyr","definition":"from {{h631}}; bound, i.e. a captive; (those which are) bound, prisoner.","strongs_number":"h615"},"h616":{"pronunciation":"as-sere'","unicode":"אַסִּיר","translit":"ʼaççîyr","definition":"for {{h615}}; prisoner.","strongs_number":"h616"},"h617":{"pronunciation":"as-sere'","unicode":"אַסִּיר","translit":"ʼAççîyr","definition":"the same as {{h616}}; prisoner; Assir, the name of two Israelites; Assir.","strongs_number":"h617"},"h618":{"pronunciation":"aw-sawm'","unicode":"אָסָם","translit":"ʼâçâm","definition":"from an unused root meaning to heap together; a storehouse (only in the plural); barn, storehouse.","strongs_number":"h618"},"h619":{"pronunciation":"as-naw'","unicode":"אַסְנָה","translit":"ʼAçnâh","definition":"of uncertain derivation; Asnah, one of the Nethinim; Asnah.","strongs_number":"h619"},"h620":{"pronunciation":"os-nap-par'","unicode":"אׇסְנַפַּר","translit":"ʼOçnappar","definition":"of foreign derivation; Osnappar, an Assyrian king; Asnapper.","strongs_number":"h620"},"h621":{"pronunciation":"aw-se-nath'","unicode":"אָסְנַת","translit":"ʼÂçᵉnath","definition":"of Egyptian derivation; Asenath, the wife of Joseph; Asenath.","strongs_number":"h621"},"h622":{"pronunciation":"aw-saf'","unicode":"אָסַף","translit":"ʼâçaph","definition":"a primitive root; to gather for any purpose; hence, to receive, take away, i.e. remove (destroy, leave behind, put up, restore, etc.); assemble, bring, consume, destroy, felch, gather (in, together, up again), × generally, get (him), lose, put all together, receive, recover (another from leprosy), (be) rereward, × surely, take (away, into, up), × utterly, withdraw.","strongs_number":"h622"},"h623":{"pronunciation":"aw-sawf'","unicode":"אָסָף","translit":"ʼÂçâph","definition":"from {{h622}}; collector; Asaph, the name of three Israelites, and of the family of the first; Asaph.","strongs_number":"h623"},"h624":{"pronunciation":"aw-soof'","unicode":"אָסֻף","translit":"ʼâçuph","definition":"passive participle of {{h622}}; collected (only in the plural), i.e. a collection of offerings; threshold, Asuppim.","strongs_number":"h624"},"h625":{"pronunciation":"o'-sef","unicode":"אֹסֶף","translit":"ʼôçeph","definition":"from {{h622}}; a collection (of fruits); gathering.","strongs_number":"h625"},"h626":{"pronunciation":"as-ay-faw'","unicode":"אֲסֵפָה","translit":"ʼăçêphâh","definition":"from {{h622}}; a collection of people (only adverbial); × together.","strongs_number":"h626"},"h627":{"pronunciation":"as-up-paw'","unicode":"אֲסֻפָּה","translit":"ʼăçuppâh","definition":"feminine of {{h624}}; a collection of (learned) men (only in the plural); assembly.","strongs_number":"h627"},"h628":{"pronunciation":"as-pes-oof'","unicode":"אֲסְפְּסֻף","translit":"ʼăçpᵉçuph","definition":"by reduplication from {{h624}}; gathered up together, i.e. a promiscuous assemblage (of people); mixt multitude.","strongs_number":"h628"},"h629":{"pronunciation":"os-par-naw'","unicode":"אׇסְפַּרְנָא","translit":"ʼoçparnâʼ","definition":"(Aramaic) of Persian derivation; diligently; fast, forthwith, speed(-ily).","strongs_number":"h629"},"h630":{"pronunciation":"as-paw-thaw'","unicode":"אַסְפָּתָא","translit":"ʼAçpâthâʼ","definition":"of Persian derivation; Aspatha, a son of Haman; Aspatha.","strongs_number":"h630"},"h631":{"pronunciation":"aw-sar'","unicode":"אָסַר","translit":"ʼâçar","definition":"a primitive root; to yoke or hitch; by analogy, to fasten in any sense, to join battle; bind, fast, gird, harness, hold, keep, make ready, order, prepare, prison(-er), put in bonds, set in array, tie.","strongs_number":"h631"},"h632":{"pronunciation":"es-sawr'","unicode":"אֱסָר","translit":"ʼĕçâr","definition":"or אִסָּר; from {{h631}}; an obligation or vow (of abstinence); binding, bond.","strongs_number":"h632"},"h633":{"pronunciation":"es-sawr'","unicode":"אֱסָר","translit":"ʼĕçâr","definition":"(Aramaic) corresponding to {{h632}} in a legal sense; an interdict; decree.","strongs_number":"h633"},"h634":{"pronunciation":"ay-sar' Chad-dohn'","unicode":"אֵסַר־חַדּוֹן","translit":"ʼÊçar-Chaddôwn","definition":"of foreign derivation; Esarchaddon, an Assyrian king; Esar-haddon.","strongs_number":"h634"},"h635":{"pronunciation":"es-tare'","unicode":"אֶסְתֵּר","translit":"ʼEçtêr","definition":"of Persian derivation; Ester, the Jewish heroine; Esther.","strongs_number":"h635"},"h636":{"pronunciation":"aw","unicode":"אָע","translit":"ʼâʻ","definition":"(Aramaic) corresponding to {{h6086}}; a tree or wood; timber, wood.","strongs_number":"h636"},"h637":{"pronunciation":"af","unicode":"אַף","translit":"ʼaph","definition":"a primitive particle; meaning accession (used as an adverb or conjunction); also or yea; adversatively though; also, + although, and (furthermore, yet), but, even, + how much less (more, rather than), moreover, with, yea.","strongs_number":"h637"},"h638":{"pronunciation":"af","unicode":"אַף","translit":"ʼaph","definition":"(Aramaic) corresponding to {{h637}}; also.","strongs_number":"h638"},"h639":{"pronunciation":"af","unicode":"אַף","translit":"ʼaph","definition":"from {{h599}}; properly, the nose or nostril; hence, the face, and occasionally a person; also (from the rapid breathing in passion) ire; anger(-gry),   before, countenance, face,   forebearing, forehead,   (long-) suffering, nose, nostril, snout, × worthy, wrath.","strongs_number":"h639"},"h640":{"pronunciation":"aw-fad'","unicode":"אָפַד","translit":"ʼâphad","definition":"a primitive root [rather a denominative from {{h646}}]; to gird on (the ephod); bind, gird.","strongs_number":"h640"},"h641":{"pronunciation":"ay-fode'","unicode":"אֵפֹד","translit":"ʼÊphôd","definition":"the same as {{h646}} shortened; Ephod, an Israelite; Ephod.","strongs_number":"h641"},"h642":{"pronunciation":"ay-food-daw'","unicode":"אֵפֻדָּה","translit":"ʼêphuddâh","definition":"feminine of {{h646}}; a girding on (of the ephod); hence, generally, a plating (of metal); ephod, ornament.","strongs_number":"h642"},"h643":{"pronunciation":"ap-peh'-den","unicode":"אַפֶּדֶן","translit":"ʼappeden","definition":"apparently of foreign derivation; a pavilion or palace-tent; palace.","strongs_number":"h643"},"h644":{"pronunciation":"aw-faw'","unicode":"אָפָה","translit":"ʼâphâh","definition":"a primitive root; to cook, especially to bake; bake(-r, (-meats)).","strongs_number":"h644"},"h645":{"pronunciation":"ay-fo'","unicode":"אֵפוֹ","translit":"ʼêphôw","definition":"or אֵפוֹא; from {{h6311}}; strictly a demonstrative particle, here; but used of time, now or then; here, now, where?","strongs_number":"h645"},"h646":{"pronunciation":"ay-fode'","unicode":"אֵפוֹד","translit":"ʼêphôwd","definition":"rarely אֵפֹד; probably of foreign derivation; a girdle; specifically the ephod or highpriest's shoulder-piece; also generally, an image; ephod.","strongs_number":"h646"},"h647":{"pronunciation":"af-ee'-akh","unicode":"אֲפִיחַ","translit":"ʼĂphîyach","definition":"perhaps from {{h6315}}; breeze; Aphiach, an Israelite; Aphiah.","strongs_number":"h647"},"h648":{"pronunciation":"aw-feel'","unicode":"אָפִיל","translit":"ʼâphîyl","definition":"from the same as {{h651}} (in the sense of weakness); unripe; not grown up.","strongs_number":"h648"},"h649":{"pronunciation":"ap-pah'-yim","unicode":"אַפַּיִם","translit":"ʼAppayim","definition":"dual of {{h639}}; two nostrils; Appajim, an Israelite; Appaim.","strongs_number":"h649"},"h650":{"pronunciation":"aw-feek'","unicode":"אָפִיק","translit":"ʼâphîyq","definition":"from {{h622}}; properly, containing, i.e. a tube; also a bed or valley of a stream; also a strong thing or a hero; brook, channel, mighty, river,   scale, stream, strong piece.","strongs_number":"h650"},"h651":{"pronunciation":"aw-fale'","unicode":"אָפֵל","translit":"ʼâphêl","definition":"from an unused root meaning to set as the sun; dusky; very dark.","strongs_number":"h651"},"h652":{"pronunciation":"o'fel","unicode":"אֹפֶל","translit":"ʼôphel","definition":"from the same as {{h651}}; dusk; darkness, obscurity, privily.","strongs_number":"h652"},"h653":{"pronunciation":"af-ay-law'","unicode":"אֲפֵלָה","translit":"ʼăphêlâh","definition":"feminine of {{h651}}; duskiness, figuratively, misfortune; concrete, concealment; dark, darkness, gloominess, × thick.","strongs_number":"h653"},"h654":{"pronunciation":"ef-lawl'","unicode":"אֶפְלָל","translit":"ʼEphlâl","definition":"from {{h6419}}; judge; Ephlal, an Israelite; Ephlal.","strongs_number":"h654"},"h655":{"pronunciation":"o'-fen","unicode":"אֹפֶן","translit":"ʼôphen","definition":"from an unused root meaning to revolve; a turn, i.e. a season; fitly.","strongs_number":"h655"},"h656":{"pronunciation":"aw-face'","unicode":"אָפֵס","translit":"ʼâphêç","definition":"a primitive root; to disappear, i.e. cease; be clean gone (at an end, brought to nought), fail.","strongs_number":"h656"},"h657":{"pronunciation":"eh'-fes","unicode":"אֶפֶס","translit":"ʼepheç","definition":"from {{h656}}; (sometimes like {{h6466}}); cessation, i.e. an end (especially of the earth); often used adverb, no further; also the ankle (in the dual), as being the extremity of the leg or foot; ankle, but (only), end, howbeit, less than nothing, nevertheless (where), no, none (beside), not (any, -withstanding), thing of nought, save(-ing), there, uttermost part, want, without (cause).","strongs_number":"h657"},"h658":{"pronunciation":"eh'-fes dam-meem'","unicode":"אֶפֶס דַּמִּים","translit":"ʼEpheç Dammîym","definition":"from {{h657}} and the plural of {{h1818}}; boundary of blood-drops; Ephes-Dammim, a place in Palestine; Ephes-dammim.","strongs_number":"h658"},"h659":{"pronunciation":"eh'-fah","unicode":"אֵפַע","translit":"ʼêphaʻ","definition":"from an unused root probably meaning to breathe; properly, a breath, i.e. nothing; of nought.","strongs_number":"h659"},"h660":{"pronunciation":"ef-eh'","unicode":"אֶפְעֶה","translit":"ʼephʻeh","definition":"from {{h659}} (in the sense of hissing); an asp or other venomous serpent; viper.","strongs_number":"h660"},"h661":{"pronunciation":"aw-faf'","unicode":"אָפַף","translit":"ʼâphaph","definition":"a primitive root; to surround; compass.","strongs_number":"h661"},"h662":{"pronunciation":"aw-fak'","unicode":"אָפַק","translit":"ʼâphaq","definition":"a primitive root; to contain, i.e. (reflex.) abstain; force (oneself), restrain.","strongs_number":"h662"},"h663":{"pronunciation":"af-ake'","unicode":"אֲפֵק","translit":"ʼĂphêq","definition":"or אֲפִיק; from {{h662}} (in the sense of strength); fortress; Aphek (or Aphik), the name of three places in Palestine; Aphek, Aphik.","strongs_number":"h663"},"h664":{"pronunciation":"af-ay-kaw'","unicode":"אֲפֵקָה","translit":"ʼĂphêqâh","definition":"feminine of {{h663}}; fortress; Aphekah, a place in Palestine; Aphekah.","strongs_number":"h664"},"h665":{"pronunciation":"ay'-fer","unicode":"אֵפֶר","translit":"ʼêpher","definition":"from an unused root meaning to bestrew; ashes; ashes.","strongs_number":"h665"},"h666":{"pronunciation":"af-ayr'","unicode":"אֲפֵר","translit":"ʼăphêr","definition":"from the same as {{h665}} (in the sense of covering); a turban; ashes.","strongs_number":"h666"},"h667":{"pronunciation":"ef-ro'-akh","unicode":"אֶפְרֹחַ","translit":"ʼephrôach","definition":"from {{h6524}} (in the sense of bursting the shell); the brood of a bird; young (one).","strongs_number":"h667"},"h668":{"pronunciation":"ap-pir-yone'","unicode":"אַפִּרְיוֹן","translit":"ʼappiryôwn","definition":"probably of Egyptian derivation; a palanquin; chariot.","strongs_number":"h668"},"h669":{"pronunciation":"ef-rah'-yim","unicode":"אֶפְרַיִם","translit":"ʼEphrayim","definition":"dual of masculine form of {{h672}}; double fruit; Ephrajim, a son of Joseph; also the tribe descended from him, and its territory; Ephraim, Ephraimites.","strongs_number":"h669"},"h670":{"pronunciation":"af-aw-re-sah'ee","unicode":"אֲפָרְסַי","translit":"ʼĂphârᵉçay","definition":"(Aramaic) of foreign origin (only in the plural); an Apherasite or inhabitant of an unknown region of Assyria; Apharsite.","strongs_number":"h670"},"h671":{"pronunciation":"af-ar-sek-ah'ee","unicode":"אֲפַרְסְכַי","translit":"ʼĂpharçᵉkay","definition":"(Aramaic) or אֲפַרְסַתְכַי; (Aramaic), of foreign origin (only in the plural); an Apharsekite or Apharsathkite, an unknown Assyrian tribe; Apharsachites, Apharasthchites.","strongs_number":"h671"},"h672":{"pronunciation":"ef-rawth'","unicode":"אֶפְרָת","translit":"ʼEphrâth","definition":"or אֶפְרָתָה; from {{h6509}}; fruitfulness; Ephrath, another name for Bethlehem; once (Psalm 132:6) perhaps for Ephraim; also of an Israelitish woman; Ephrath, Ephratah.","strongs_number":"h672"},"h673":{"pronunciation":"ef-rawth-ee'","unicode":"אֶפְרָתִי","translit":"ʼEphrâthîy","definition":"patrial from {{h672}}; an Ephrathite or an Ephraimite; Ephraimite, Ephrathite.","strongs_number":"h673"},"h674":{"pronunciation":"ap-pe-thome'","unicode":"אַפְּתֹם","translit":"ʼappᵉthôm","definition":"(Aramaic) of Persian origin; revenue; others at the last; revenue.","strongs_number":"h674"},"h675":{"pronunciation":"ets-bone'","unicode":"אֶצְבּוֹן","translit":"ʼEtsbôwn","definition":"or אֶצְבֹּן; of uncertain derivation; Etsbon, the name of two Israelites; Ezbon.","strongs_number":"h675"},"h676":{"pronunciation":"ets-bah'","unicode":"אֶצְבַּע","translit":"ʼetsbaʻ","definition":"from the same as {{h6648}} (in the sense of grasping); something to sieze with, i.e. a finger; by analogy, a toe; finger, toe.","strongs_number":"h676"},"h677":{"pronunciation":"ets-bah'","unicode":"אֶצְבַּע","translit":"ʼetsbaʻ","definition":"(Aramaic) corresponding to {{h676}}; finger, toe.","strongs_number":"h677"},"h678":{"pronunciation":"aw-tseel'","unicode":"אָצִיל","translit":"ʼâtsîyl","definition":"from {{h680}} (in its secondary sense of separation); an extremity (Isaiah 41:9), also a noble; chief man, noble.","strongs_number":"h678"},"h679":{"pronunciation":"ats-tseel'","unicode":"אַצִּיל","translit":"ʼatstsîyl","definition":"from {{h680}} (in its primary sense of uniting); a joint of the hand (i.e. knuckle); also (according to some) a party-wall (Ezekiel 41:8); (arm) hole, great.","strongs_number":"h679"},"h680":{"pronunciation":"aw-tsal'","unicode":"אָצַל","translit":"ʼâtsal","definition":"a primitive root; properly, to join; used only as a denominative from {{h681}}; to separate; hence, to select, refuse, contract; keep, reserve, straiten, take.","strongs_number":"h680"},"h681":{"pronunciation":"ay'-tsel","unicode":"אֵצֶל","translit":"ʼêtsel","definition":"from {{h680}} (in the sense of joining); a side; (as a preposition) near; at, (hard) by, (from) (beside), near (unto), toward, with. See also {{h1018}}.","strongs_number":"h681"},"h682":{"pronunciation":"aw-tsale'","unicode":"אָצֵל","translit":"ʼÂtsêl","definition":"from {{h680}}; noble; Atsel, the name of an Israelite, and of a place in Palestine; Azal, Azel.","strongs_number":"h682"},"h683":{"pronunciation":"ats-al-yaw'-hoo","unicode":"אֲצַלְיָהוּ","translit":"ʼĂtsalyâhûw","definition":"from {{h680}} and {{h3050}} prolonged; Jah has reserved; Atsaljah, an Israelite; Azaliah.","strongs_number":"h683"},"h684":{"pronunciation":"o'-tsem","unicode":"אֹצֶם","translit":"ʼÔtsem","definition":"from an unused root probably meaning to be strong; strength (i.e. strong); Otsem, the name of two Israelites; Ozem.","strongs_number":"h684"},"h685":{"pronunciation":"ets-aw-daw'","unicode":"אֶצְעָדָה","translit":"ʼetsʻâdâh","definition":"a variation from {{h6807}}; properly, a step-chain; by analogy, a bracelet; bracelet, chain.","strongs_number":"h685"},"h686":{"pronunciation":"aw-tsar'","unicode":"אָצַר","translit":"ʼâtsar","definition":"a primitive root; to store up; (lay up in) store,   (make) treasure(-r).","strongs_number":"h686"},"h687":{"pronunciation":"ay'-tser","unicode":"אֶצֶר","translit":"ʼEtser","definition":"from {{h686}}; treasure; Etser, an Idumaean; Ezer.","strongs_number":"h687"},"h688":{"pronunciation":"ek-dawkh'","unicode":"אֶקְדָּח","translit":"ʼeqdâch","definition":"from {{h6916}}; burning, i.e. a carbuncle or other fiery gem; carbuncle.","strongs_number":"h688"},"h689":{"pronunciation":"ak-ko'","unicode":"אַקּוֹ","translit":"ʼaqqôw","definition":"probably from {{h602}}; slender, i.e. the ibex; wild goat.","strongs_number":"h689"},"h690":{"pronunciation":"ar-aw'","unicode":"אֲרָא","translit":"ʼărâʼ","definition":"probably for {{h738}}; lion; Ara, an Israelite; Ara.","strongs_number":"h690"},"h691":{"pronunciation":"er-ale'","unicode":"אֶרְאֵל","translit":"ʼerʼêl","definition":"probably for {{h739}}; a hero (collectively); valiant one.","strongs_number":"h691"},"h692":{"pronunciation":"ar-ay-lee'","unicode":"אַרְאֵלִי","translit":"ʼArʼêlîy","definition":"from {{h691}}; heroic; Areli (or an Arelite, collectively), an Israelite and his descendants; Areli, Arelites.","strongs_number":"h692"},"h693":{"pronunciation":"aw-rab'","unicode":"אָרַב","translit":"ʼârab","definition":"a primitive root; to lurk; (lie in) ambush(-ment), lay (lie in) wait.","strongs_number":"h693"},"h694":{"pronunciation":"ar-awb'","unicode":"אֲרָב","translit":"ʼĂrâb","definition":"from {{h693}}; ambush; Arab, a place in Palestine; Arab.","strongs_number":"h694"},"h695":{"pronunciation":"eh'-reb","unicode":"אֶרֶב","translit":"ʼereb","definition":"from {{h693}}; ambuscade; den, lie in wait.","strongs_number":"h695"},"h696":{"pronunciation":"o'-reb","unicode":"אֹרֶב","translit":"ʼôreb","definition":"the same as {{h695}}; wait.","strongs_number":"h696"},"h697":{"pronunciation":"ar-beh'","unicode":"אַרְבֶּה","translit":"ʼarbeh","definition":"from {{h7235}}; a locust (from its rapid increase); grasshopper, locust.","strongs_number":"h697"},"h698":{"pronunciation":"or-ob-aw'","unicode":"אׇרֳבָה","translit":"ʼorŏbâh","definition":"feminine of {{h696}} (only in the plural); ambuscades; spoils.","strongs_number":"h698"},"h699":{"pronunciation":"ar-oob-baw'","unicode":"אֲרֻבָּה","translit":"ʼărubbâh","definition":"feminine participle passive of {{h693}} (as if for lurking); a lattice; (by implication) a window, dovecot (because of the pigeon-holes), chimney (with its apertures for smoke), sluice (with openings for water); chimney, window.","strongs_number":"h699"},"h700":{"pronunciation":"ar-oob-both","unicode":"אֲרֻבּוֹת","translit":"ʼĂrubbôwth","definition":"plural of {{h699}}; Arubboth, a place in Palestine; Aruboth.","strongs_number":"h700"}}