{"h6201":{"pronunciation":"aw-raf'","unicode":"עָרַף","translit":"ʻâraph","definition":"a primitive root; to droop; hence, to drip; drop (down).","strongs_number":"h6201"},"h6202":{"pronunciation":"aw-raf'","unicode":"עָרַף","translit":"ʻâraph","definition":"a primitive root (identical with through the idea of slopping); properly, to bend downward; but used only as a denominative from {{h6203}},; to break the neck; hence (figuratively) to destroy; that is beheaded, break down, break (cut off, strike off) neck.","strongs_number":"h6202"},"h6203":{"pronunciation":"o-ref'","unicode":"עֹרֶף","translit":"ʻôreph","definition":"from {{h6202}}; the nape or back of the neck (as declining); hence, the back generally (whether literal or figurative); back ((stiff-) neck((-ed).","strongs_number":"h6203"},"h6204":{"pronunciation":"or-paw'","unicode":"עׇרְפָּה","translit":"ʻOrpâh","definition":"feminine of {{h6203}}; mane; Orpah, a Moabitess; Orpah.","strongs_number":"h6204"},"h6205":{"pronunciation":"ar-aw-fel'","unicode":"עֲרָפֶל","translit":"ʻărâphel","definition":"probably from {{h6201}}; gloom (as of a lowering sky); (gross, thick) dark (cloud, -ness).","strongs_number":"h6205"},"h6206":{"pronunciation":"aw-rats'","unicode":"עָרַץ","translit":"ʻârats","definition":"a primitive root; to awe or (intransitive) to dread; hence, to harass; be affrighted (afraid, dread, feared, terrified), break, dread, fear, oppress, prevail, shake terribly.","strongs_number":"h6206"},"h6207":{"pronunciation":"aw-rak'","unicode":"עָרַק","translit":"ʻâraq","definition":"a primitive root; to gnaw, i.e. (figuratively) eat (by hyberbole); also (participle) a pain; fleeing, sinew.","strongs_number":"h6207"},"h6208":{"pronunciation":"ar-kee'","unicode":"עַרְקִי","translit":"ʻArqîy","definition":"patrial from an unused name meaning a tush; an Arkite or inhabitant of Erek; Arkite.","strongs_number":"h6208"},"h6209":{"pronunciation":"aw-rar'","unicode":"עָרַר","translit":"ʻârar","definition":"a primitive root; to bare; figuratively, to demolish; make bare, break, raise up (perhaps by clerical error for raze), × utterly.","strongs_number":"h6209"},"h6210":{"pronunciation":"eh'res","unicode":"עֶרֶשׂ","translit":"ʻeres","definition":"from an unused root meaning perhaps to arch; a couch (properly, with a canopy); bed(-stead), couch.","strongs_number":"h6210"},"h6211":{"pronunciation":"awsh","unicode":"עָשׁ","translit":"ʻâsh","definition":"from {{h6244}}; a moth; moth. See also {{h5906}}.","strongs_number":"h6211"},"h6212":{"pronunciation":"eh'seb","unicode":"עֶשֶׂב","translit":"ʻeseb","definition":"from an unused root meaning to glisten (or be green); grass (or any tender shoot); grass, herb.","strongs_number":"h6212"},"h6213":{"pronunciation":"aw-saw'","unicode":"עָשָׂה","translit":"ʻâsâh","definition":"a primitive root; to do or make, in the broadest sense and widest application; accomplish, advance, appoint, apt, be at, become, bear, bestow, bring forth, bruise, be busy, × certainly, have the charge of, commit, deal (with), deck,   displease, do, (ready) dress(-ed), (put in) execute(-ion), exercise, fashion,   feast, (fight-) ing man,   finish, fit, fly, follow, fulfill, furnish, gather, get, go about, govern, grant, great,   hinder, hold (a feast), × indeed,   be industrious,   journey, keep, labour, maintain, make, be meet, observe, be occupied, offer,   officer, pare, bring (come) to pass, perform, pracise, prepare, procure, provide, put, requite, × sacrifice, serve, set, shew, × sin, spend, × surely, take, × thoroughly, trim, × very,   vex, be (warr-) ior, work(-man), yield, use.","strongs_number":"h6213"},"h6214":{"pronunciation":"as-aw-ale'","unicode":"עֲשָׂהאֵל","translit":"ʻĂsâhʼêl","definition":"from {{h6213}} and {{h410}}; God has made; Asahel, the name of four Israelites; Asahel.","strongs_number":"h6214"},"h6215":{"pronunciation":"ay-sawv'","unicode":"עֵשָׂו","translit":"ʻÊsâv","definition":"apparently a form of the passive participle of {{h6213}} in the original sense of handling; rough (i.e. sensibly felt); Esav, a son of Isaac, including his posterity; Esau.","strongs_number":"h6215"},"h6216":{"pronunciation":"aw-shoke'","unicode":"עָשׁוֹק","translit":"ʻâshôwq","definition":"from {{h6231}}; oppressive (as noun, a tyrant); oppressor.","strongs_number":"h6216"},"h6217":{"pronunciation":"aw-shook'","unicode":"עָשׁוּק","translit":"ʻâshûwq","definition":"or עָשֻׁק; passive participle of {{h6231}}; used in plural masculine as abstractly, tyranny; oppressed(-ion). [Doubtful.]","strongs_number":"h6217"},"h6218":{"pronunciation":"aw-sore'","unicode":"עָשׂוֹר","translit":"ʻâsôwr","definition":"or עָשֹׂר; from {{h6235}}; ten; by abbreviated form ten strings, and so a decachord; (instrument of) ten (strings, -th).","strongs_number":"h6218"},"h6219":{"pronunciation":"aw-shoth'","unicode":"עָשׁוֹת","translit":"ʻâshôwth","definition":"from {{h6245}}; shining, i.e. polished; bright.","strongs_number":"h6219"},"h6220":{"pronunciation":"ash-vawth'","unicode":"עַשְׁוָת","translit":"ʻAshvâth","definition":"for {{h6219}}; bright; Ashvath, an Israelite; Ashvath.","strongs_number":"h6220"},"h6221":{"pronunciation":"as-ee-ale'","unicode":"עֲשִׂיאֵל","translit":"ʻĂsîyʼêl","definition":"from {{h6213}} and {{h410}}; made of God; Asiel, an Israelite; Asiel.","strongs_number":"h6221"},"h6222":{"pronunciation":"aw-saw-yaw'","unicode":"עֲשָׂיָה","translit":"ʻĂsâyâh","definition":"from {{h6213}} and {{h3050}}; Jah has made; Asajah, the name of three or four Israelites; Asaiah.","strongs_number":"h6222"},"h6223":{"pronunciation":"aw-sheer'","unicode":"עָשִׁיר","translit":"ʻâshîyr","definition":"from {{h6238}}; rich, whether literal or figurative (noble); rich (man).","strongs_number":"h6223"},"h6224":{"pronunciation":"as-ee-ree'","unicode":"עֲשִׂירִי","translit":"ʻăsîyrîy","definition":"from {{h6235}}; tenth; by abbreviation, tenth month or (feminine) part; tenth (part).","strongs_number":"h6224"},"h6225":{"pronunciation":"aw-shan'","unicode":"עָשַׁן","translit":"ʻâshan","definition":"a primitive root; to smoke, whether literal or figurative; be angry (be on a) smoke.","strongs_number":"h6225"},"h6226":{"pronunciation":"aw-shane'","unicode":"עָשֵׁן","translit":"ʻâshên","definition":"from {{h6225}}; smoky; smoking.","strongs_number":"h6226"},"h6227":{"pronunciation":"aw-shawn'","unicode":"עָשָׁן","translit":"ʻâshân","definition":"from {{h6225}}; smoke, literally or figuratively (vapor, dust, anger); smoke(-ing).","strongs_number":"h6227"},"h6228":{"pronunciation":"aw-shawn'","unicode":"עָשָׁן","translit":"ʻÂshân","definition":"the same as {{h6227}}; Ashan, a place in Palestine; Ashan.","strongs_number":"h6228"},"h6229":{"pronunciation":"aw-sak","unicode":"עָשַׂק","translit":"ʻâsaq","definition":"a primitive root (identical with {{h6231}}); to press upon, i.e. quarrel; strive with.","strongs_number":"h6229"},"h6230":{"pronunciation":"ay'sek","unicode":"עֵשֶׂק","translit":"ʻêseq","definition":"from {{h6229}}; strife; Esek.","strongs_number":"h6230"},"h6231":{"pronunciation":"aw-shak'","unicode":"עָשַׁק","translit":"ʻâshaq","definition":"a primitive root (compare {{h6229}}); to press upon, i.e. oppress, defraud, violate, overflow; get deceitfully, deceive, defraud, drink up, (use) oppress(-ion), -or), do violence (wrong).","strongs_number":"h6231"},"h6232":{"pronunciation":"ay-shek'","unicode":"עֵשֶׁק","translit":"ʻÊsheq","definition":"from {{h6231}}; oppression; Eshek, an Israelite; Eshek.","strongs_number":"h6232"},"h6233":{"pronunciation":"o'-shek","unicode":"עֹשֶׁק","translit":"ʻôsheq","definition":"from {{h6231}}; injury, fraud, (subjectively) distress, (concretely) unjust gain; cruelly, extortion, oppression, thing (deceitfully gotten).","strongs_number":"h6233"},"h6234":{"pronunciation":"osh-kaw'","unicode":"עׇשְׁקָה","translit":"ʻoshqâh","definition":"feminine of {{h6233}}; anguish; oppressed.","strongs_number":"h6234"},"h6235":{"pronunciation":"eh'ser","unicode":"עֶשֶׂר","translit":"ʻeser","definition":"masculine of term עֲשָׂרָה; from {{h6237}}; ten (as an accumulation to the extent of the digits); ten, (fif-, seven-) teen.","strongs_number":"h6235"},"h6236":{"pronunciation":"as-ar'","unicode":"עֲשַׂר","translit":"ʻăsar","definition":"(Aramaic) masculine עֲשְׂרָה (Aramaic); corresponding to {{h6235}}; ten; ten,   twelve.","strongs_number":"h6236"},"h6237":{"pronunciation":"aw-sar'","unicode":"עָשַׂר","translit":"ʻâsar","definition":"a primitive root (identical with {{h6238}}); to accumulate; but used only as denominative from {{h6235}}; to tithe, i.e. to take or give a tenth; × surely, give (take) the tenth, (have, take) tithe(-ing, -s), × truly.","strongs_number":"h6237"},"h6238":{"pronunciation":"aw-shar'","unicode":"עָשַׁר","translit":"ʻâshar","definition":"a primitive root; properly, to accumulate; chiefly (specifically) to grow (causatively, make) rich; be(-come, en-, make, make self, wax) rich, make (1 Kings 22:48 marg). See {{h6240}}.","strongs_number":"h6238"},"h6239":{"pronunciation":"o'-sher","unicode":"עֹשֶׁר","translit":"ʻôsher","definition":"from {{h6238}}; wealth; × far (richer), riches.","strongs_number":"h6239"},"h6240":{"pronunciation":"aw-sawr'","unicode":"עָשָׂר","translit":"ʻâsâr","definition":"for {{h6235}}; ten (only in combination), i.e. -teen; also (ordinal) -teenth; (eigh-, fif-, four-, nine-, seven-, six-, thir-) teen(-th), + eleven(-th), + sixscore thousand, + twelve(-th).","strongs_number":"h6240"},"h6241":{"pronunciation":"is-saw-rone'","unicode":"עִשָּׂרוֹן","translit":"ʻissârôwn","definition":"or עִשָּׂרֹן; from {{h6235}}; (fractional) a tenth part; tenth deal.","strongs_number":"h6241"},"h6242":{"pronunciation":"es-reem'","unicode":"עֶשְׂרִים","translit":"ʻesrîym","definition":"from {{h6235}}; twenty; also (ordinal) twentieth; (six-) score, twenty(-ieth).","strongs_number":"h6242"},"h6243":{"pronunciation":"es-reen'","unicode":"עֶשְׂרִין","translit":"ʻesrîyn","definition":"(Aramaic) corresponding to {{h6242}}; twenty.","strongs_number":"h6243"},"h6244":{"pronunciation":"aw-shaysh'","unicode":"עָשֵׁשׁ","translit":"ʻâshêsh","definition":"a primitive root; probably to shrink, i.e. fail; be consumed.","strongs_number":"h6244"},"h6245":{"pronunciation":"aw-shath'","unicode":"עָשַׁת","translit":"ʻâshath","definition":"a primitive root; probably to be sleek, i.e. glossy; hence (through the idea of polishing) to excogitate (as if forming in the mind); shine, think.","strongs_number":"h6245"},"h6246":{"pronunciation":"ash-eeth'","unicode":"עֲשִׁת","translit":"ʻăshith","definition":"(Aramaic) corresponding to {{h6245}}; to purpose; think.","strongs_number":"h6246"},"h6247":{"pronunciation":"eh'-sheth","unicode":"עֶשֶׁת","translit":"ʻesheth","definition":"from {{h6245}}; a fabric; bright.","strongs_number":"h6247"},"h6248":{"pronunciation":"ash-tooth'","unicode":"עַשְׁתּוּת","translit":"ʻashtûwth","definition":"from {{h6245}}; cogitation; thought.","strongs_number":"h6248"},"h6249":{"pronunciation":"ash-tay'","unicode":"עַשְׁתֵּי","translit":"ʻashtêy","definition":"apparently masculine plural construction of {{h6247}} in the sense of an afterthought (used only in connection with {{h6240}} in lieu of {{h259}}); eleven or (ordinal) eleventh; eleven(-th).","strongs_number":"h6249"},"h6250":{"pronunciation":"esh-to-naw'","unicode":"עֶשְׁתֹּנָה","translit":"ʻeshtônâh","definition":"from {{h6245}}; thinking; thought.","strongs_number":"h6250"},"h6251":{"pronunciation":"ash-ter-aw'","unicode":"עַשְׁתְּרָה","translit":"ʻashtᵉrâh","definition":"probably from {{h6238}}; increase; flock.","strongs_number":"h6251"},"h6252":{"pronunciation":"ash-taw-roth'","unicode":"עַשְׁתָּרוֹת","translit":"ʻAshtârôwth","definition":"or עַשְׁתָּרֹת; plural of {{h6251}}; Ashtaroth, the name of a Sidonian deity, and of a place East of the Jordan; Asharoth, Astaroth. See also {{h1045}}, {{h6253}}, {{h6255}}.","strongs_number":"h6252"},"h6253":{"pronunciation":"ash-to'reth","unicode":"עַשְׁתֹּרֶת","translit":"ʻAshtôreth","definition":"probably for {{h6251}}; Ashtoreth, the Phoenician goddess of love (and increase); Ashtoreth.","strongs_number":"h6253"},"h6254":{"pronunciation":"ash-ter-aw-thee'","unicode":"עַשְׁתְּרָתִי","translit":"ʻAshtᵉrâthîy","definition":"patrial from {{h6252}}; an Ashterathite or inhabitant of Ashtaroth; Ashterathite.","strongs_number":"h6254"},"h6255":{"pronunciation":"ash-ter-oth' kar-nah'-yim","unicode":"עַשְׁתְּרֹת קַרְנַיִם","translit":"ʻAshtᵉrôth Qarnayim","definition":"from {{h6252}} and the dual of {{h7161}}; Ashtaroth of (the) double horns (a symbol of the deity); Ashteroth-Karnaim, a place East of the Jordan; Ashtoreth Karnaim.","strongs_number":"h6255"},"h6256":{"pronunciation":"ayth","unicode":"עֵת","translit":"ʻêth","definition":"from {{h5703}}; time, especially (adverb with preposition) now, when, etc.; after, (al-) ways, × certain,   continually,   evening, long, (due) season, so (long) as, (even-, evening-, noon-) tide, (meal-), what) time, when.","strongs_number":"h6256"},"h6257":{"pronunciation":"aw-thad'","unicode":"עָתַד","translit":"ʻâthad","definition":"a primitive root; to prepare; make fit, be ready to become.","strongs_number":"h6257"},"h6258":{"pronunciation":"at-taw'","unicode":"עַתָּה","translit":"ʻattâh","definition":"from {{h6256}}; at this time, whether adverb, conjunction or expletive; henceforth, now, straightway, this time, whereas.","strongs_number":"h6258"},"h6259":{"pronunciation":"aw-thood'","unicode":"עָתוּד","translit":"ʻâthûwd","definition":"passive participle of {{h6257}}; prepared; ready.","strongs_number":"h6259"},"h6260":{"pronunciation":"at-tood'","unicode":"עַתּוּד","translit":"ʻattûwd","definition":"or עַתֻּד; from {{h6257}}; prepared, i.e. full grown; spoken only (in plural) of he-goats, or (figuratively) leaders of the people; chief one, (he) goat, ram.","strongs_number":"h6260"},"h6261":{"pronunciation":"it-tee'","unicode":"עִתִּי","translit":"ʻittîy","definition":"from {{h6256}}; timely; fit.","strongs_number":"h6261"},"h6262":{"pronunciation":"at-tah'ee","unicode":"עַתַּי","translit":"ʻAttay","definition":"for {{h6261}}; Attai, the name of three Israelites; Attai.","strongs_number":"h6262"},"h6263":{"pronunciation":"ath-eed'","unicode":"עֲתִיד","translit":"ʻăthîyd","definition":"(Aramaic) corresponding to {{h6264}}; prepared; ready.","strongs_number":"h6263"},"h6264":{"pronunciation":"aw-theed'","unicode":"עָתִיד","translit":"ʻâthîyd","definition":"from {{h6257}}; prepared; by implication, skilful; feminine plural the future; also treasure; things that shall come, ready, treasures.","strongs_number":"h6264"},"h6265":{"pronunciation":"ath-aw-yaw'","unicode":"עֲתָיָה","translit":"ʻĂthâyâh","definition":"from {{h5790}} and {{h3050}}; Jah has helped; Athajah, an Israelite; Athaiah.","strongs_number":"h6265"},"h6266":{"pronunciation":"aw-theek'","unicode":"עָתִיק","translit":"ʻâthîyq","definition":"from {{h6275}}; properly, antique, i.e. venerable or splendid; durable.","strongs_number":"h6266"},"h6267":{"pronunciation":"at-teek'","unicode":"עַתִּיק","translit":"ʻattîyq","definition":"from {{h6275}}; removed, i.e. weaned; also antique; ancient, drawn.","strongs_number":"h6267"},"h6268":{"pronunciation":"at-teek'","unicode":"עַתִּיק","translit":"ʻattîyq","definition":"(Aramaic) corresponding to {{h6267}}; venerable; ancient.","strongs_number":"h6268"},"h6269":{"pronunciation":"ath-awk'","unicode":"עֲתָךְ","translit":"ʻĂthâk","definition":"from an unused root meaning to sojourn; lodging; Athak, a place in Palestine; Athach.","strongs_number":"h6269"},"h6270":{"pronunciation":"ath-lah'ee","unicode":"עַתְלַי","translit":"ʻAthlay","definition":"from an unused root meaning to compress; constringent; Athlai, an Israelite; Athlai.","strongs_number":"h6270"},"h6271":{"pronunciation":"ath-al-yaw'","unicode":"עֲתַלְיָה","translit":"ʻĂthalyâh","definition":"or עֲתַלְיָהוּ; from the same as {{h6270}} and {{h3050}}; Jah has constrained; Athaljah, the name of an Israelitess and two Israelites; Athaliah.","strongs_number":"h6271"},"h6272":{"pronunciation":"aw-tham","unicode":"עָתַם","translit":"ʻâtham","definition":"a primitive root; probably to glow, i.e. (figuratively) be desolated; be darkened.","strongs_number":"h6272"},"h6273":{"pronunciation":"oth-nee'","unicode":"עׇתְנִי","translit":"ʻOthnîy","definition":"from an unused root meaning to force; forcible; Othni, an Israelite; Othni.","strongs_number":"h6273"},"h6274":{"pronunciation":"oth-nee-ale'","unicode":"עׇתְנִיאֵל","translit":"ʻOthnîyʼêl","definition":"from the same as {{h6273}} and {{h410}}; force of God; Othniel, an Israelite; Othniel.","strongs_number":"h6274"},"h6275":{"pronunciation":"aw-thak'","unicode":"עָתַק","translit":"ʻâthaq","definition":"a primitive root; to remove (intransitive or transitive) figuratively, to grow old; specifically, to transcribe; copy out, leave off, become (wax) old, remove.","strongs_number":"h6275"},"h6276":{"pronunciation":"aw-thake'","unicode":"עָתֵק","translit":"ʻâthêq","definition":"from {{h6275}}; antique, i.e. valued; durable.","strongs_number":"h6276"},"h6277":{"pronunciation":"aw-thawk'","unicode":"עָתָק","translit":"ʻâthâq","definition":"from {{h6275}} in the sense of license; impudent; arrogancy, grievous (hard) things, stiff.","strongs_number":"h6277"},"h6278":{"pronunciation":"ayth kaw-tseen'","unicode":"עֵת קָצִין","translit":"ʻÊth Qâtsîyn","definition":"from {{h6256}} and {{h7011}}; time of a judge; Eth-Katsin, a place in Palestine; Ittahkazin (by including directive enclitic).","strongs_number":"h6278"},"h6279":{"pronunciation":"aw-thar'","unicode":"עָתַר","translit":"ʻâthar","definition":"a primitive root (rather denominative from {{h6281}}); to burn incense in worship, i.e. intercede (reciprocally, listen to prayer); intreat, (make) pray(-er).","strongs_number":"h6279"},"h6280":{"pronunciation":"aw-thar'","unicode":"עָתַר","translit":"ʻâthar","definition":"a primitive root; to be (causatively, make) abundant; deceitful, multiply.","strongs_number":"h6280"},"h6281":{"pronunciation":"eh'ther","unicode":"עֶתֶר","translit":"ʻEther","definition":"from {{h6280}}; abundance; Ether, a place in Palestine; Ether.","strongs_number":"h6281"},"h6282":{"pronunciation":"aw-thawr'","unicode":"עָתָר","translit":"ʻâthâr","definition":"from {{h6280}}; also compare {{h6279}}; incense (as increasing to a volume of smoke); hence\ta worshipper; suppliant, thick.","strongs_number":"h6282"},"h6283":{"pronunciation":"ath-eh'-reth","unicode":"עֲתֶרֶת","translit":"ʻăthereth","definition":"from {{h6280}}; copiousness; abundance. p","strongs_number":"h6283"},"h6284":{"pronunciation":"paw-aw'","unicode":"פָּאָה","translit":"pâʼâh","definition":"a primitive root; to puff, i.e. blow away; scatter into corners.","strongs_number":"h6284"},"h6285":{"pronunciation":"pay-aw'","unicode":"פֵּאָה","translit":"pêʼâh","definition":"feminine of {{h6311}}; properly, mouth in a figurative sense, i.e. direction, region, extremity; corner, end, quarter, side.","strongs_number":"h6285"},"h6286":{"pronunciation":"paw-ar'","unicode":"פָּאַר","translit":"pâʼar","definition":"a primitive root; also denominative from {{h6288}},; to gleam, i.e. (causatively) embellish; figuratively, to boast; also to explain (i.e. make clear) oneself; to shake a tree; beautify, boast self, go over the boughs, glorify (self), glory, vaunt self.","strongs_number":"h6286"},"h6287":{"pronunciation":"peh-ayr'","unicode":"פְּאֵר","translit":"pᵉʼêr","definition":"from {{h6286}}; an embellishment, i.e. fancy head-dress; beauty, bonnet, goodly, ornament, tire.","strongs_number":"h6287"},"h6288":{"pronunciation":"peh-o-raw'","unicode":"פְּאֹרָה","translit":"pᵉʼôrâh","definition":"or פֹּרָאה; or פֻּארָה; from {{h6286}}; properly, ornamentation, i.e. (plural) foliage (including the limbs) as bright green; bough, branch, sprig.","strongs_number":"h6288"},"h6289":{"pronunciation":"paw-roor'","unicode":"פָּארוּר","translit":"pâʼrûwr","definition":"from {{h6286}}; properly, illuminated, i.e. a glow; as noun, a flush (of anxiety); blackness.","strongs_number":"h6289"},"h6290":{"pronunciation":"paw-rawn'","unicode":"פָּארָן","translit":"Pâʼrân","definition":"from {{h6286}}; ornamental; Paran, a desert of Arabia; Paran.","strongs_number":"h6290"},"h6291":{"pronunciation":"pag","unicode":"פַּג","translit":"pag","definition":"from an unused root meaning to be torpid, i.e.; crude; an unripe fig; green figuratively","strongs_number":"h6291"},"h6292":{"pronunciation":"pig-gool'","unicode":"פִּגּוּל","translit":"piggûwl","definition":"or פִּגֻּל; from an unused root meaning to stink; properly, fetid, i.e. (figuratively) unclean (ceremonially); abominable(-tion, thing).","strongs_number":"h6292"},"h6293":{"pronunciation":"paw-gah'","unicode":"פָּגַע","translit":"pâgaʻ","definition":"a primitive root; to impinge, by accident or violence, or (figuratively) by importunity; come (betwixt), cause to entreat, fall (upon), make intercession, intercessor, intreat, lay, light (upon), meet (together), pray, reach, run.","strongs_number":"h6293"},"h6294":{"pronunciation":"peh'-gah","unicode":"פֶּגַע","translit":"pegaʻ","definition":"from {{h6293}}; impact (casual); chance, occurent.","strongs_number":"h6294"},"h6295":{"pronunciation":"pag-ee-ale'","unicode":"פַּגְעִיאֵל","translit":"Pagʻîyʼêl","definition":"from {{h6294}} and {{h410}}; accident of God; Pagiel, an Israelite; Pagiel.","strongs_number":"h6295"},"h6296":{"pronunciation":"paw-gar'","unicode":"פָּגַר","translit":"pâgar","definition":"a primitive root; to relax, i.e. become exhausted; be faint.","strongs_number":"h6296"},"h6297":{"pronunciation":"peh'gher","unicode":"פֶּגֶר","translit":"peger","definition":"from {{h6296}}; a carcase (as limp), whether of man or beast; figuratively, an idolatrous image; carcase, corpse, dead body.","strongs_number":"h6297"},"h6298":{"pronunciation":"paw-gash'","unicode":"פָּגַשׁ","translit":"pâgash","definition":"a primitive root; to come in contact with, whether by accident or violence; figuratively, to concur; meet (with, together).","strongs_number":"h6298"},"h6299":{"pronunciation":"paw-daw'","unicode":"פָּדָה","translit":"pâdâh","definition":"a primitive root; to sever, i.e. ransom; generally to release, preserve; × at all, deliver, × by any means, ransom, (that are to be, let be) redeem(-ed), rescue, × surely.","strongs_number":"h6299"},"h6300":{"pronunciation":"ped-ah-ale'","unicode":"פְּדַהְאֵל","translit":"Pᵉdahʼêl","definition":"from {{h6299}} and {{h410}}; God has ransomed; Pedahel, an Israelite; Pedahel.","strongs_number":"h6300"}}