{"h701":{"pronunciation":"ar-bee'","unicode":"אַרְבִּי","translit":"ʼArbîy","definition":"patrial from {{h694}}; an Arbite or native of Arab; Arbite.","strongs_number":"h701"},"h702":{"pronunciation":"ar-bah'","unicode":"אַרְבַּע","translit":"ʼarbaʻ","definition":"masculine אַרְבָּעָה; from {{h7251}}; four; four.","strongs_number":"h702"},"h703":{"pronunciation":"ar-bah'","unicode":"אַרְבַּע","translit":"ʼarbaʻ","definition":"(Aramaic) corresponding to {{h702}}; four.","strongs_number":"h703"},"h704":{"pronunciation":"ar-bah'","unicode":"אַרְבַּע","translit":"ʼArbaʻ","definition":"the same as {{h702}}; Arba, one of the Anakim; Arba.","strongs_number":"h704"},"h705":{"pronunciation":"ar-baw-eem'","unicode":"אַרְבָּעִים","translit":"ʼarbâʻîym","definition":"multiple of {{h702}}; forty; forty.","strongs_number":"h705"},"h706":{"pronunciation":"ar-bah-tah'-yim","unicode":"אַרְבַּעְתַּיִם","translit":"ʼarbaʻtayim","definition":"dual of {{h702}}; fourfold; fourfold.","strongs_number":"h706"},"h707":{"pronunciation":"aw-rag'","unicode":"אָרַג","translit":"ʼârag","definition":"a primitive root; to plait or weave; weaver(-r).","strongs_number":"h707"},"h708":{"pronunciation":"eh'-reg","unicode":"אֶרֶג","translit":"ʼereg","definition":"from {{h707}}; a weaving; a braid; also a shuttle; beam, weaver's shuttle.","strongs_number":"h708"},"h709":{"pronunciation":"ar-gobe'","unicode":"אַרְגֹּב","translit":"ʼArgôb","definition":"from the same as {{h7263}}; stony; Argob, a district of Palestine; Argob.","strongs_number":"h709"},"h710":{"pronunciation":"arg-ev-awn'","unicode":"אַרְגְּוָן","translit":"ʼargᵉvân","definition":"a variation for {{h713}}; purple; purple.","strongs_number":"h710"},"h711":{"pronunciation":"arg-ev-awn'","unicode":"אַרְגְּוָן","translit":"ʼargᵉvân","definition":"(Aramaic) corresponding to {{h710}}; purple.","strongs_number":"h711"},"h712":{"pronunciation":"ar-gawz'","unicode":"אַרְגָּז","translit":"ʼargâz","definition":"perhaps from {{h7264}} (in the sense of being suspended),; a box (as a pannier); coffer.","strongs_number":"h712"},"h713":{"pronunciation":"ar-gaw-mawn'","unicode":"אַרְגָּמָן","translit":"ʼargâmân","definition":"of foreign origin; purple (the color or the dyed stuff); purple.","strongs_number":"h713"},"h714":{"pronunciation":"ard","unicode":"אַרְדְּ","translit":"ʼArd","definition":"from an unused root probably meaning to wander; fugitive; Ard, the name of two Israelites; Ard.","strongs_number":"h714"},"h715":{"pronunciation":"ar-dohn'","unicode":"אַרְדּוֹן","translit":"ʼArdôwn","definition":"from the same as {{h714}}; roaming; Ardon, an Israelite; Ardon.","strongs_number":"h715"},"h716":{"pronunciation":"ar-dee","unicode":"אַרְדִּי","translit":"ʼArdîy","definition":"patronymic from {{h714}}; an Ardite (collectively) or descendant of Ard; Ardites.","strongs_number":"h716"},"h717":{"pronunciation":"aw-raw'","unicode":"אָרָה","translit":"ʼârâh","definition":"a primitive root; to pluck; gather, pluck.","strongs_number":"h717"},"h718":{"pronunciation":"ar-oo'","unicode":"אֲרוּ","translit":"ʼărûw","definition":"(Aramaic) probably akin to {{h431}}; lo!; behold, lo.","strongs_number":"h718"},"h719":{"pronunciation":"ar-vad'","unicode":"אַרְוַד","translit":"ʼArvad","definition":"probably from {{h7300}}; a refuge for the roving; Arvad, an island-city of Palestine; Arvad.","strongs_number":"h719"},"h720":{"pronunciation":"ar-ode'","unicode":"אֲרוֹד","translit":"ʼĂrôwd","definition":"an orthographical variation of {{h719}}; fugitive; Arod, an Israelite; Arod.","strongs_number":"h720"},"h721":{"pronunciation":"ar-vaw-dee'","unicode":"אַרְוָדִי","translit":"ʼArvâdîy","definition":"patrial from {{h719}}; an Arvadite or citizen of Arvad; Arvadite.","strongs_number":"h721"},"h722":{"pronunciation":"ar-o-dee'","unicode":"אֲרוֹדִי","translit":"ʼĂrôwdîy","definition":"patronymic from {{h721}}; an Arodite or descendant of Arod; Arodi, Arodites.","strongs_number":"h722"},"h723":{"pronunciation":"oor-vaw'","unicode":"אֻרְוָה","translit":"ʼurvâh","definition":"or אֲרָיָה; from {{h717}} (in the sense of feeding); a herding-place for an animal; stall.","strongs_number":"h723"},"h724":{"pronunciation":"ar-oo-kaw'","unicode":"אֲרוּכָה","translit":"ʼărûwkâh","definition":"or אֲרֻכָה; feminine passive participle of {{h748}} (in the sense of restoring to soundness); wholeness (literally or figuratively); health, made up, perfected.","strongs_number":"h724"},"h725":{"pronunciation":"ar-oo-maw'","unicode":"אֲרוּמָה","translit":"ʼĂrûwmâh","definition":"a variation of {{h7316}}; height; Arumah, a place in Palestine; Arumah.","strongs_number":"h725"},"h726":{"pronunciation":"ar-o-mee'","unicode":"אֲרוֹמִי","translit":"ʼĂrôwmîy","definition":"a clerical error for {{h130}}; an Edomite (as in the margin); Syrian.","strongs_number":"h726"},"h727":{"pronunciation":"aw-rone'","unicode":"אָרוֹן","translit":"ʼârôwn","definition":"or אָרֹן; from {{h717}} (in the sense of gathering); a box; ark, chest, coffin.","strongs_number":"h727"},"h728":{"pronunciation":"ar-av-naw'","unicode":"אֲרַוְנָה","translit":"ʼĂravnâh","definition":"or (by transposition) אוֹרְנָה; or אַרְנִיָּהlemma אַנִיָּה missing resh, corrected to אַרְנִיָּה; all by orthographical variation for {{h771}}; Aravnah (or Arnijah or Ornah), a Jebusite; Araunah.","strongs_number":"h728"},"h729":{"pronunciation":"aw-raz'","unicode":"אָרַז","translit":"ʼâraz","definition":"a primitive root; to be firm; used only in the passive participle as a denominative from {{h730}}; of cedar; made of cedar.","strongs_number":"h729"},"h730":{"pronunciation":"eh-rez'","unicode":"אֶרֶז","translit":"ʼerez","definition":"from {{h729}}; a cedar tree (from the tenacity of its roots); cedar (tree).","strongs_number":"h730"},"h731":{"pronunciation":"ar-zaw'","unicode":"אַרְזָה","translit":"ʼarzâh","definition":"feminine of {{h730}}; cedar wainscoating; cedar work.","strongs_number":"h731"},"h732":{"pronunciation":"aw-rakh'","unicode":"אָרַח","translit":"ʼârach","definition":"a primitive root; to travel; go, wayfaring (man).","strongs_number":"h732"},"h733":{"pronunciation":"aw-rakh'","unicode":"אָרַח","translit":"ʼÂrach","definition":"from {{h732}}; way faring; Arach, the name of three Israelites; Arah.","strongs_number":"h733"},"h734":{"pronunciation":"o'-rakh","unicode":"אֹרַח","translit":"ʼôrach","definition":"from {{h732}}; a well-trodden road (literally or figuratively); also a caravan; manner, path, race, rank, traveller, troop, (by-, high-) way.","strongs_number":"h734"},"h735":{"pronunciation":"o'-rakh","unicode":"אֹרַח","translit":"ʼôrach","definition":"(Aramaic) corresponding to {{h734}}; a road; way.","strongs_number":"h735"},"h736":{"pronunciation":"o-rekh-aw'","unicode":"אֹרְחָה","translit":"ʼôrᵉchâh","definition":"feminine active participle of {{h732}}; a caravan; (travelling) company.","strongs_number":"h736"},"h737":{"pronunciation":"ar-oo-khaw'","unicode":"אֲרֻחָה","translit":"ʼăruchâh","definition":"feminine passive participle of {{h732}} (in the sense of appointing); a ration of food; allowance, diet, dinner, victuals.","strongs_number":"h737"},"h738":{"pronunciation":"ar-ee'","unicode":"אֲרִי","translit":"ʼărîy","definition":"or (prolonged) אַרְיֵה; from {{h717}} (in the sense of violence); a lion; (young) lion,   pierce (from the margin).","strongs_number":"h738"},"h739":{"pronunciation":"ar-ee-ale'","unicode":"אֲרִיאֵל","translit":"ʼărîyʼêl","definition":"or אֲרִאֵל; from {{h738}} and {{h410}}; lion of God; i.e. heroic; lionlike men.","strongs_number":"h739"},"h740":{"pronunciation":"ar-ee-ale'","unicode":"אֲרִיאֵל","translit":"ʼĂrîyʼêl","definition":"the same as {{h739}}; Ariel, a symbolical name for Jerusalem, also the name of an Israelite; Ariel.","strongs_number":"h740"},"h741":{"pronunciation":"ar-ee-ale'","unicode":"אֲרִאֵיל","translit":"ʼăriʼêyl","definition":"either by transposition for {{h739}} or, more probably, an orthographical variation for {{h2025}}; the altar of the temple; altar.","strongs_number":"h741"},"h742":{"pronunciation":"ar-ee-dah'-ee","unicode":"אֲרִידַי","translit":"ʼĂrîyday","definition":"of Persian origin; Aridai, a son of Haman; Aridai.","strongs_number":"h742"},"h743":{"pronunciation":"ar-ee-daw-thaw'","unicode":"אֲרִידָתָא","translit":"ʼĂrîydâthâʼ","definition":"of Persian origin; Aridatha, a son of Haman; Aridatha.","strongs_number":"h743"},"h744":{"pronunciation":"ar-yay'","unicode":"אַרְיֵה","translit":"ʼaryêh","definition":"(Aramaic) corresponding to {{h738}}; lion.","strongs_number":"h744"},"h745":{"pronunciation":"ar-yay'","unicode":"אַרְיֵה","translit":"ʼAryêh","definition":"the same as {{h738}}; lion; Arjeh, an Israelite; Arieh.","strongs_number":"h745"},"h746":{"pronunciation":"ar-yoke'","unicode":"אֲרְיוֹךְ","translit":"ʼĂryôwk","definition":"of foreign origin; Arjok, the name of two Babylonians; Arioch.","strongs_number":"h746"},"h747":{"pronunciation":"ar-ee-sah'-ee","unicode":"אֲרִיסַי","translit":"ʼĂrîyçay","definition":"of Persian origin; Arisai, a son of Haman; Arisai.","strongs_number":"h747"},"h748":{"pronunciation":"aw-rak'","unicode":"אָרַךְ","translit":"ʼârak","definition":"a primitive root; to be (causative, make) long (literally or figuratively); defer, draw out, lengthen, (be, become, make, pro-) long,   (out-, over-) live, tarry (long).","strongs_number":"h748"},"h749":{"pronunciation":"ar-ak'","unicode":"אֲרַךְ","translit":"ʼărak","definition":"(Aramaic) properly, corresponding to {{h748}}, but used only in the sense of reaching to a given point; to suit; be meet.","strongs_number":"h749"},"h750":{"pronunciation":"aw-rake'","unicode":"אָרֵךְ","translit":"ʼârêk","definition":"from {{h748}}; long; long(-suffering, -winged), patient, slow (to anger).","strongs_number":"h750"},"h751":{"pronunciation":"eh'-rek","unicode":"אֶרֶךְ","translit":"ʼErek","definition":"from {{h748}}; length; Erek, a place in Babylon; Erech.","strongs_number":"h751"},"h752":{"pronunciation":"aw-roke'","unicode":"אָרֹךְ","translit":"ʼârôk","definition":"from {{h748}}; long; long.","strongs_number":"h752"},"h753":{"pronunciation":"o'rek","unicode":"אֹרֶךְ","translit":"ʼôrek","definition":"from {{h748}}; length; forever, length, long.","strongs_number":"h753"},"h754":{"pronunciation":"ar-kaw'","unicode":"אַרְכָּא","translit":"ʼarkâʼ","definition":"(Aramaic) or אַרְכָּה; (Aramaic), from {{h749}}; length; lengthening, prolonged.","strongs_number":"h754"},"h755":{"pronunciation":"ar-koo-baw'","unicode":"אַרְכֻבָה","translit":"ʼarkubâh","definition":"(Aramaic) from an unused root corresponding to {{h7392}} (in the sense of bending the knee); the knee; knee.","strongs_number":"h755"},"h756":{"pronunciation":"ar-kev-ah'ee","unicode":"אַרְכְּוַי","translit":"ʼArkᵉvay","definition":"(Aramaic) patrial from {{h751}}; an Arkevite (collectively) or native of Erek; Archevite.","strongs_number":"h756"},"h757":{"pronunciation":"ar-kee'","unicode":"אַרְכִּי","translit":"ʼArkîy","definition":"patrial from another place (in Palestine) of similar name with {{h751}}; an Arkite or native of Erek; Archi, Archite.","strongs_number":"h757"},"h758":{"pronunciation":"arawm'","unicode":"אֲרָם","translit":"ʼĂrâm","definition":"from the same as {{h759}}; the highland; Aram or Syria, and its inhabitants; also the name of the son of Shem, a grandson of Nahor, and of an Israelite; Aram, Mesopotamia, Syria, Syrians.","strongs_number":"h758"},"h759":{"pronunciation":"ar-mone'","unicode":"אַרְמוֹן","translit":"ʼarmôwn","definition":"from an unused root (meaning to be elevated); a citadel (from its height); castle, palace. Compare {{h2038}}.","strongs_number":"h759"},"h760":{"pronunciation":"ar-am' tso-baw'","unicode":"אֲרַם צוֹבָה","translit":"ʼĂram Tsôwbâh","definition":"from {{h758}} and {{h6678}}; Aram of Tsoba (or Coele-Syria); Aram-zobah.","strongs_number":"h760"},"h761":{"pronunciation":"ar-am-mee'","unicode":"אֲרַמִּי","translit":"ʼĂrammîy","definition":"patrial from {{h758}}; an Aramite or Aramaean; Syrian, Aramitess.","strongs_number":"h761"},"h762":{"pronunciation":"ar-aw-meeth'","unicode":"אֲרָמִית","translit":"ʼĂrâmîyth","definition":"feminine of {{h761}}; (only adverbial) in Aramæan; in the Syrian language (tongue), in Syriac.","strongs_number":"h762"},"h763":{"pronunciation":"ar-am' nah-har-ah'-yim","unicode":"אֲרַם נַהֲרַיִם","translit":"ʼĂram Nahărayim","definition":"from {{h758}} and the dual of {{h5104}}; Aram of (the) two rivers (Euphrates and Tigris) or Mesopotamia; Aram-naharaim, Mesopotamia.","strongs_number":"h763"},"h764":{"pronunciation":"ar-mo-nee'","unicode":"אַרְמֹנִי","translit":"ʼArmônîy","definition":"from {{h759}}; palatial; Armoni, an Israelite; Armoni.","strongs_number":"h764"},"h765":{"pronunciation":"ar-awn'","unicode":"אֲרָן","translit":"ʼĂrân","definition":"from {{h7442}}; stridulous; Aran, an Edomite; Aran.","strongs_number":"h765"},"h766":{"pronunciation":"o'-ren","unicode":"אֹרֶן","translit":"ʼôren","definition":"from the same as {{h765}} (in the sense of strength); the ash tree (from its toughness); ash.","strongs_number":"h766"},"h767":{"pronunciation":"o'-ren","unicode":"אֹרֶן","translit":"ʼÔren","definition":"the same as {{h766}}; Oren, an Israelite; Oren.","strongs_number":"h767"},"h768":{"pronunciation":"ar-neh'-beth","unicode":"אַרְנֶבֶת","translit":"ʼarnebeth","definition":"of uncertain derivation; the hare; hare.","strongs_number":"h768"},"h769":{"pronunciation":"ar-nohn'","unicode":"אַרְנוֹן","translit":"ʼArnôwn","definition":"or אַרְנֹןlemma אַרְנן missing vowel, corrected to אַרְנֹן; from {{h7442}}; a brawling stream; the Arnon, a river east of the Jordan, also its territory; Arnon.","strongs_number":"h769"},"h770":{"pronunciation":"ar-nawn'","unicode":"אַרְנָן","translit":"ʼArnân","definition":"probably from the same as {{h769}}; noisy; Arnan, an Israelite; Arnan.","strongs_number":"h770"},"h771":{"pronunciation":"or-nawn'","unicode":"אׇרְנָן","translit":"ʼOrnân","definition":"probably from {{h766}}; strong; Ornan, a Jebusite; Ornan. See {{h728}}.","strongs_number":"h771"},"h772":{"pronunciation":"ar-ah'","unicode":"אֲרַע","translit":"ʼăraʻ","definition":"(Aramaic) corresponding to {{h776}}; the earth; by implication (figuratively) low; earth, interior.","strongs_number":"h772"},"h773":{"pronunciation":"arh-eeth'","unicode":"אַרְעִית","translit":"ʼarʻîyth","definition":"(Aramaic) feminine of {{h772}}; the bottom; bottom.","strongs_number":"h773"},"h774":{"pronunciation":"ar-pawd'","unicode":"אַרְפָּד","translit":"ʼArpâd","definition":"from {{h7502}}; spread out; Arpad, a place in Syria; Arpad, Arphad.","strongs_number":"h774"},"h775":{"pronunciation":"ar-pak-shad'","unicode":"אַרְפַּכְשַׁד","translit":"ʼArpakshad","definition":"probably of foreign origin; Arpakshad, a son of Noah; also the region settled by him; Arphaxad.","strongs_number":"h775"},"h776":{"pronunciation":"eh'-rets","unicode":"אֶרֶץ","translit":"ʼerets","definition":"from an unused root probably meaning to be firm; the earth (at large, or partitively a land); × common, country, earth, field, ground, land, × natins, way, + wilderness, world.","strongs_number":"h776"},"h777":{"pronunciation":"ar-tsaw'","unicode":"אַרְצָא","translit":"ʼartsâʼ","definition":"from {{h776}}; earthiness; Artsa, an Israelite; Arza.","strongs_number":"h777"},"h778":{"pronunciation":"ar-ak'","unicode":"אֲרַק","translit":"ʼăraq","definition":"(Aramaic) by transmutation for {{h772}}; the earth; earth.","strongs_number":"h778"},"h779":{"pronunciation":"aw-rar'","unicode":"אָרַר","translit":"ʼârar","definition":"a primitive root; to execrate; × bitterly curse.","strongs_number":"h779"},"h780":{"pronunciation":"ar-aw-rat'","unicode":"אֲרָרַט","translit":"ʼĂrâraṭ","definition":"of foreign origin; Ararat (or rather Armenia); Ararat, Armenia.","strongs_number":"h780"},"h781":{"pronunciation":"aw-ras'","unicode":"אָרַשׂ","translit":"ʼâras","definition":"a primitive root; to engage for matrimony; betroth, espouse.","strongs_number":"h781"},"h782":{"pronunciation":"ar-eh'-sheth","unicode":"אֲרֶשֶׁת","translit":"ʼăresheth","definition":"from {{h781}} (in the sense of desiring to possess); a longing for; request.","strongs_number":"h782"},"h783":{"pronunciation":"ar-takh-shash-taw'","unicode":"אַרְתַּחְשַׁשְׁתָּא","translit":"ʼArtachshashtâʼ","definition":"or אַרְתַּחְשַׁשְׁתְּא; or by permutation אַרְתַּחְשַׁסְתְּא; of foreign origin; Artachshasta (or Artaxerxes), a title (rather than name) of several Persian kings; Artaxerxes.","strongs_number":"h783"},"h784":{"pronunciation":"aysh","unicode":"אֵשׁ","translit":"ʼêsh","definition":"a primitive word; fire (literally or figuratively); burning, fiery, fire, flaming, hot.","strongs_number":"h784"},"h785":{"pronunciation":"aysh","unicode":"אֵשׁ","translit":"ʼêsh","definition":"(Aramaic) corresponding to {{h784}}; flame.","strongs_number":"h785"},"h786":{"pronunciation":"eesh","unicode":"אִשׁ","translit":"ʼish","definition":"identical (in origin and formation) with {{h784}}; entity, used only adverbially, there is or are; are there, none can. Compare {{h3426}}.","strongs_number":"h786"},"h787":{"pronunciation":"ohsh","unicode":"אֹשׁ","translit":"ʼôsh","definition":"(Aramaic) corresponding (by transposition and abbreviation) to {{h803}}; a foundation; foundation.","strongs_number":"h787"},"h788":{"pronunciation":"ash-bale'","unicode":"אַשְׁבֵּל","translit":"ʼAshbêl","definition":"probably from the same as {{h7640}}; flowing; Ashbel, an Israelite; Ashbel.","strongs_number":"h788"},"h789":{"pronunciation":"ash-bay-lee'","unicode":"אַשְׁבֵּלִי","translit":"ʼAshbêlîy","definition":"patronymic from {{h788}}; an Ashbelite (collectively) or descendant of Ashbel; Ashbelites.","strongs_number":"h789"},"h790":{"pronunciation":"esh-bawn'","unicode":"אֶשְׁבָּן","translit":"ʼEshbân","definition":"probably from the same as {{h7644}}; vigorous; Eshban, an Idumaean; Eshban.","strongs_number":"h790"},"h791":{"pronunciation":"ash-bay'-ah","unicode":"אַשְׁבֵּעַ","translit":"ʼAshbêaʻ","definition":"from {{h7650}}; adjurer; Asbea, an Israelite; Ashbea.","strongs_number":"h791"},"h792":{"pronunciation":"esh-bah'-al","unicode":"אֶשְׁבַּעַל","translit":"ʼEshbaʻal","definition":"from {{h376}} and {{h1168}}; man of Baal; Eshbaal (or Ishbosheth), a son of Saul; Eshbaal.","strongs_number":"h792"},"h793":{"pronunciation":"eh'-shed","unicode":"אֶשֶׁד","translit":"ʼeshed","definition":"from an unused root meaning to pour; an outpouring; stream.","strongs_number":"h793"},"h794":{"pronunciation":"ash-ay-daw'","unicode":"אֲשֵׁדָה","translit":"ʼăshêdâh","definition":"feminine of {{h793}}; a ravine; springs.","strongs_number":"h794"},"h795":{"pronunciation":"ash-dode'","unicode":"אַשְׁדּוֹד","translit":"ʼAshdôwd","definition":"from {{h7703}}; ravager; Ashdod, a place in Palestine; Ahdod.","strongs_number":"h795"},"h796":{"pronunciation":"ash-do-dee'","unicode":"אַשְׁדּוֹדִי","translit":"ʼAshdôwdîy","definition":"patrial from {{h795}}; an Ashdodite (often collectively) or inhabitant of Asdod; Ashdodites, of Ashdod.","strongs_number":"h796"},"h797":{"pronunciation":"ash-do-deeth'","unicode":"אַשְׁדּוֹדִית","translit":"ʼAshdôwdîyth","definition":"feminine of {{h796}}; (only adverb) in the language of Ashdod; in the speech of Ashdod.","strongs_number":"h797"},"h798":{"pronunciation":"ash-doth' hap-pisgaw'","unicode":"אַשְׁדּוֹת הַפִּסְגָּה","translit":"ʼAshdôwth hap-Piçgâh","definition":"from the plural of {{h794}} and {{h6449}} with the article interposed; ravines of the Pisgah; Ashdoth-Pisgah, a place east of the Jordan; Ashdoth-pisgah.","strongs_number":"h798"},"h799":{"pronunciation":"esh-dawth'","unicode":"אֶשְׁדָּת","translit":"ʼeshdâth","definition":"from {{h784}} and {{h1881}}; a fire-law; fiery law.","strongs_number":"h799"},"h800":{"pronunciation":"esh-shaw'","unicode":"אֶשָּׁה","translit":"ʼeshshâh","definition":"feminine of {{h784}}; fire; fire.","strongs_number":"h800"}}