{"h7201":{"pronunciation":"raw-aw'","unicode":"רָאָה","translit":"râʼâh","definition":"from {{h7200}}; a bird of prey (probably the vulture, from its sharp sight); glede. Compare {{h1676}}.","strongs_number":"h7201"},"h7202":{"pronunciation":"raw-eh'","unicode":"רָאֶה","translit":"râʼeh","definition":"from {{h7200}}; seeing, i.e. experiencing; see.","strongs_number":"h7202"},"h7203":{"pronunciation":"ro-eh'","unicode":"רֹאֶה","translit":"rôʼeh","definition":"active participle of {{h7200}}; a seer (as often rendered); but also (abstractly) a vision; vision.","strongs_number":"h7203"},"h7204":{"pronunciation":"ro-ay'","unicode":"רֹאֵה","translit":"Rôʼêh","definition":"for {{h7203}}; prophet; Roeh, an Israelite; Haroeh (including the article).","strongs_number":"h7204"},"h7205":{"pronunciation":"reh-oo-bane'","unicode":"רְאוּבֵן","translit":"Rᵉʼûwbên","definition":"from the imperative of {{h7200}} and {{h1121}}; see ye a son; Reuben, a son of Jacob; Reuben.","strongs_number":"h7205"},"h7206":{"pronunciation":"reh-oob-ay-nee'","unicode":"רְאוּבֵנִי","translit":"Rᵉʼûwbênîy","definition":"patronymic from {{h7205}}; a Reubenite or descendant of Reuben; children of Reuben, Reubenites.","strongs_number":"h7206"},"h7207":{"pronunciation":"rah-av-aw'","unicode":"רַאֲוָה","translit":"raʼăvâh","definition":"from {{h7200}}; sight, i.e. satisfaction; behold.","strongs_number":"h7207"},"h7208":{"pronunciation":"reh-oo-maw'","unicode":"רְאוּמָה","translit":"Rᵉʼûwmâh","definition":"feminine passive participle of {{h7213}}; raised; Reumah, a Syrian woman; Reumah.","strongs_number":"h7208"},"h7209":{"pronunciation":"reh-ee'","unicode":"רְאִי","translit":"rᵉʼîy","definition":"from {{h7200}}; a mirror (as seen); looking glass.","strongs_number":"h7209"},"h7210":{"pronunciation":"ro-ee'","unicode":"רֳאִי","translit":"rŏʼîy","definition":"from {{h7200}}; sight, whether abstractly (vision) or concretely (a spectacle); gazingstock, look to, (that) see(-th).","strongs_number":"h7210"},"h7211":{"pronunciation":"reh-aw-yaw'","unicode":"רְאָיָה","translit":"Rᵉʼâyâh","definition":"from {{h7200}} and {{h3050}}; Jah has seen; Reajah, the name of three Israelites; Reaia, Reaiah.","strongs_number":"h7211"},"h7212":{"pronunciation":"reh-eeth'","unicode":"רְאִית","translit":"rᵉʼîyth","definition":"from {{h7200}}; sight; beholding.","strongs_number":"h7212"},"h7213":{"pronunciation":"raw-am'","unicode":"רָאַם","translit":"râʼam","definition":"a primitive root; to rise; be lifted up.","strongs_number":"h7213"},"h7214":{"pronunciation":"reh-ame'","unicode":"רְאֵם","translit":"rᵉʼêm","definition":"or רְאֵיםlemma רְאיֵם second vowel, corrected to רְאֵים; or רֵים; or רֵם; from {{h7213}}; a wild bull (from its conspicuousness); unicorn.","strongs_number":"h7214"},"h7215":{"pronunciation":"raw-maw'","unicode":"רָאמָה","translit":"râʼmâh","definition":"from {{h7213}}; something high in value, i.e. perhaps coral; coral.","strongs_number":"h7215"},"h7216":{"pronunciation":"raw-moth'","unicode":"רָאמוֹת","translit":"Râʼmôwth","definition":"or רָאמֹתxlit Râmôth corrected to Râʼmôth; plural of {{h7215}}; heights; Ramoth, the name of two places in Palestine; Ramoth.","strongs_number":"h7216"},"h7217":{"pronunciation":"raysh","unicode":"רֵאשׁ","translit":"rêʼsh","definition":"(Aramaic) corresponding to {{h7218}}; the head; figuratively, the sum; chief, head, sum.","strongs_number":"h7217"},"h7218":{"pronunciation":"roshe","unicode":"רֹאשׁ","translit":"rôʼsh","definition":"from an unused root apparently meaning to shake; the head (as most easily shaken), whether literal or figurative (in many applications, of place, time, rank, itc.); band, beginning, captain, chapiter, chief(-est place, man, things), company, end, × every (man), excellent, first, forefront, (be-)head, height, (on) high(-est part, (priest)), × lead, × poor, principal, ruler, sum, top.","strongs_number":"h7218"},"h7219":{"pronunciation":"roshe","unicode":"רֹאשׁ","translit":"rôʼsh","definition":"or רוֹשׁ; (Deuteronomy 32:32), apparently the same as {{h7218}}; a poisonous plant, probably the poppy (from its conspicuous head); generally poison (even of serpents); gall, hemlock, poison, venom.","strongs_number":"h7219"},"h7220":{"pronunciation":"roshe","unicode":"רֹאשׁ","translit":"Rôʼsh","definition":"probably the same as {{h7218}}; Rosh, the name of an Israelite and of a foreign nation; Rosh.","strongs_number":"h7220"},"h7221":{"pronunciation":"ree-shaw'","unicode":"רִאשָׁה","translit":"riʼshâh","definition":"from the same as {{h7218}}; a beginning; beginning.","strongs_number":"h7221"},"h7222":{"pronunciation":"ro-shaw'","unicode":"רֹאשָׁה","translit":"rôʼshâh","definition":"feminine of {{h7218}}; the head; head(-stone).","strongs_number":"h7222"},"h7223":{"pronunciation":"ree-shone'","unicode":"רִאשׁוֹן","translit":"riʼshôwn","definition":"or רִאשֹׁן; from {{h7221}}; first, in place, time or rank (as adjective or noun); ancestor, (that were) before(-time), beginning, eldest, first, fore(-father) (-most), former (thing), of old time, past.","strongs_number":"h7223"},"h7224":{"pronunciation":"ree-sho-nee'","unicode":"רִאשֹׁנִי","translit":"riʼshônîy","definition":"from {{h7223}}; first; first.","strongs_number":"h7224"},"h7225":{"pronunciation":"ray-sheeth'","unicode":"רֵאשִׁית","translit":"rêʼshîyth","definition":"from the same as {{h7218}}; the first, in place, time, order or rank (specifically, a firstfruit); beginning, chief(-est), first(-fruits, part, time), principal thing.","strongs_number":"h7225"},"h7226":{"pronunciation":"rah-ash-oth'","unicode":"רַאֲשֹׁת","translit":"raʼăshôth","definition":"from {{h7218}}; a pillow (being for the head); bolster.","strongs_number":"h7226"},"h7227":{"pronunciation":"rab","unicode":"רַב","translit":"rab","definition":"by contracted from {{h7231}}; abundant (in quantity, size, age, number, rank, quality); (in) abound(-undance, -ant, -antly), captain, elder, enough, exceedingly, full, great(-ly, man, one), increase, long (enough, (time)), (do, have) many(-ifold, things, a time), (ship-)master, mighty, more, (too, very) much, multiply(-tude), officer, often(-times), plenteous, populous, prince, process (of time), suffice(-lent).","strongs_number":"h7227"},"h7228":{"pronunciation":"rab","unicode":"רַב","translit":"rab","definition":"by contraction from {{h7232}}; (or perhaps the same as {{h7227}}); an archer; archer.","strongs_number":"h7228"},"h7229":{"pronunciation":"rab","unicode":"רַב","translit":"rab","definition":"(Aramaic) corresponding to {{h7227}}; captain, chief, great, lord, master, stout.","strongs_number":"h7229"},"h7230":{"pronunciation":"robe","unicode":"רֹב","translit":"rôb","definition":"from {{h7231}}; abundance (in any respect); abundance(-antly), all, × common (sort), excellent, great(-ly, -ness, number), huge, be increased, long, many, more in number, most, much, multitude, plenty(-ifully), × very (age).","strongs_number":"h7230"},"h7231":{"pronunciation":"raw-bab'","unicode":"רָבַב","translit":"râbab","definition":"a primitive root; (compare {{h7241}}); also as denominative from {{h7233}}; properly, to cast together , i.e. increase, especially in number; to multiply by the myriad; increase, be many(-ifold), be more, multiply, ten thousands.","strongs_number":"h7231"},"h7232":{"pronunciation":"raw-bab'","unicode":"רָבַב","translit":"râbab","definition":"a primitive root (rather identical with {{h7231}} through the idea of projection); to shoot an arrow; shoot.","strongs_number":"h7232"},"h7233":{"pronunciation":"reb-aw-baw'","unicode":"רְבָבָה","translit":"rᵉbâbâh","definition":"from {{h7231}}; abundance (in number), i.e. (specifically) a myriad (whether definite or indefinite); many, million, × multiply, ten thousand.","strongs_number":"h7233"},"h7234":{"pronunciation":"raw-bad'","unicode":"רָבַד","translit":"râbad","definition":"a primitive root; to spread; deck.","strongs_number":"h7234"},"h7235":{"pronunciation":"raw-baw'","unicode":"רָבָה","translit":"râbâh","definition":"a primitive root; to increase (in whatever respect); (bring in) abundance (× -antly),   archer (by mistake for {{h7232}}), be in authority, bring up, × continue, enlarge, excel, exceeding(-ly), be full of, (be, make) great(-er, -ly, × -ness), grow up, heap, increase, be long, (be, give, have, make, use) many (a time), (any, be, give, give the, have) more (in number), (ask, be, be so, gather, over, take, yield) much (greater, more), (make to) multiply, nourish, plenty(-eous), × process (of time), sore, store, thoroughly, very.","strongs_number":"h7235"},"h7236":{"pronunciation":"reb-aw'","unicode":"רְבָה","translit":"rᵉbâh","definition":"(Aramaic) corresponding to {{h7235}}; make a great man, grow.","strongs_number":"h7236"},"h7237":{"pronunciation":"rab-baw'","unicode":"רַבָּה","translit":"Rabbâh","definition":"feminine of {{h7227}}; great; Rabbah, the name of two places in Palestine, East and West; Rabbah, Rabbath.","strongs_number":"h7237"},"h7238":{"pronunciation":"reb-oo'","unicode":"רְבוּ","translit":"rᵉbûw","definition":"(Aramaic) from a root corresponding to {{h7235}}; increase (of dignity); greatness, majesty.","strongs_number":"h7238"},"h7239":{"pronunciation":"rib-bo'","unicode":"רִבּוֹ","translit":"ribbôw","definition":"from {{h7231}}; or רִבּוֹא from {{h7231}}; a myriad, i.e. indefinitely, large number; great things, ten ((eight) -een, (for) -ty,   sixscore,   threescore, × twenty, (twen) -ty) thousand.","strongs_number":"h7239"},"h7240":{"pronunciation":"rib-bo'","unicode":"רִבּוֹ","translit":"ribbôw","definition":"(Aramaic) corresponding to {{h7239}}; × ten thousand times ten thousand.","strongs_number":"h7240"},"h7241":{"pronunciation":"raw-beeb'","unicode":"רָבִיב","translit":"râbîyb","definition":"from {{h7231}}; a rain (as an accumulation of drops); shower.","strongs_number":"h7241"},"h7242":{"pronunciation":"raw-beed'","unicode":"רָבִיד","translit":"râbîyd","definition":"from {{h7234}}; a collar (as spread around the neck); chain.","strongs_number":"h7242"},"h7243":{"pronunciation":"reb-ee-ee'","unicode":"רְבִיעִי","translit":"rᵉbîyʻîy","definition":"or רְבִעִי; from {{h7251}}; fourth; also (fractionally) a fourth; foursquare, fourth (part).","strongs_number":"h7243"},"h7244":{"pronunciation":"reb-ee-ah'-ee","unicode":"רְבִיעַי","translit":"rᵉbîyʻay","definition":"(Aramaic) corresponding to {{h7243}}; fourth.","strongs_number":"h7244"},"h7245":{"pronunciation":"rab-beeth'","unicode":"רַבִּית","translit":"Rabbîyth","definition":"from {{h7231}}; multitude; Rabbith, a place in Palestine; Rabbith.","strongs_number":"h7245"},"h7246":{"pronunciation":"raw-bak'","unicode":"רָבַךְ","translit":"râbak","definition":"a primitive root; to soak (bread in oil); baken, (that which is) fried.","strongs_number":"h7246"},"h7247":{"pronunciation":"rib-law'","unicode":"רִבְלָה","translit":"Riblâh","definition":"from an unused root meaning to be fruitful; fertile; Riblah, a place in Syria; Riblah.","strongs_number":"h7247"},"h7248":{"pronunciation":"rab-mawg'","unicode":"רַב־מָג","translit":"Rab-Mâg","definition":"from {{h7227}} and a foreign word for a Magian; chief Magian; Rab-Mag, a Babylonian official; Rab-mag.","strongs_number":"h7248"},"h7249":{"pronunciation":"rab-saw-reece'","unicode":"רַב־סָרִיס","translit":"Rab-Çârîyç","definition":"from {{h7227}} and a foreign word for a eunuch; chief chamberlain; Rab-Saris, a Babylonian official; Rab-saris.","strongs_number":"h7249"},"h7250":{"pronunciation":"raw-bah'","unicode":"רָבַע","translit":"râbaʻ","definition":"a primitive root; to squat or lie out flat, i.e. (specifically) in copulation; let gender, lie down.","strongs_number":"h7250"},"h7251":{"pronunciation":"raw-bah'","unicode":"רָבַע","translit":"râbaʻ","definition":"a primitive root (rather identical with {{h7250}} through the idea of sprawling 'at all fours' (or possibly the reverse is the order of deriv.); compare {{h702}}); properly, to be four (sided); used only as denominative of {{h7253}}; to be quadrate; (four-) square(-d).","strongs_number":"h7251"},"h7252":{"pronunciation":"reh'-bah","unicode":"רֶבַע","translit":"rebaʻ","definition":"from {{h7250}}; prostration (for sleep); lying down.","strongs_number":"h7252"},"h7253":{"pronunciation":"reh'-bah","unicode":"רֶבַע","translit":"rebaʻ","definition":"from {{h7251}}; a fourth (part or side); fourth part, side, square.","strongs_number":"h7253"},"h7254":{"pronunciation":"reh'-bah","unicode":"רֶבַע","translit":"Rebaʻ","definition":"the same as {{h7253}}; Reba, a Midianite; Reba.","strongs_number":"h7254"},"h7255":{"pronunciation":"ro'-bah","unicode":"רֹבַע","translit":"rôbaʻ","definition":"from {{h7251}}; a quarter; fourth participle","strongs_number":"h7255"},"h7256":{"pronunciation":"rib-bay'-ah","unicode":"רִבֵּעַ","translit":"ribbêaʻ","definition":"from {{h7251}}; a descendant of the fourth generation, i.e. great great grandchild; fourth.","strongs_number":"h7256"},"h7257":{"pronunciation":"raw-bats'","unicode":"רָבַץ","translit":"râbats","definition":"a primitive root; to crouch (on all four legs folded, like a recumbent animal); by implication, to recline, repose, brood, lurk, imbed; crouch (down), fall down, make a fold, lay, (cause to, make to) lie (down), make to rest, sit.","strongs_number":"h7257"},"h7258":{"pronunciation":"reh'-bets","unicode":"רֵבֶץ","translit":"rêbets","definition":"from {{h7257}}; a couch or place of repose; where each lay, lie down in, resting place.","strongs_number":"h7258"},"h7259":{"pronunciation":"rib-kaw'","unicode":"רִבְקָה","translit":"Ribqâh","definition":"from an unused root probably meaning to clog by tying up the fetlock; fettering (by beauty); Ribkah, the wife of Isaac; Rebekah.","strongs_number":"h7259"},"h7260":{"pronunciation":"rab-rab'","unicode":"רַבְרַב","translit":"rabrab","definition":"(Aramaic) from {{h7229}}; huge (in size); domineering (in character); (very) great (things).","strongs_number":"h7260"},"h7261":{"pronunciation":"rab-reb-awn'","unicode":"רַבְרְבָן","translit":"rabrᵉbân","definition":"(Aramaic) from {{h7260}}; a magnate; lord, prince.","strongs_number":"h7261"},"h7262":{"pronunciation":"rab-shaw-kay'","unicode":"רַבְשָׁקֵה","translit":"Rabshâqêh","definition":"from {{h7227}} and {{h8248}}; chief butler; Rabshakeh, a Babylonian official; Rabshakeh.","strongs_number":"h7262"},"h7263":{"pronunciation":"reh'-gheb","unicode":"רֶגֶב","translit":"regeb","definition":"from an unused root meaning to pile together; a lump of clay; clod.","strongs_number":"h7263"},"h7264":{"pronunciation":"raw-gaz'","unicode":"רָגַז","translit":"râgaz","definition":"a primitive root; to quiver (with any violent emotion, especially anger or fear); be afraid, stand in awe, disquiet, fall out, fret, move, provoke, quake, rage, shake, tremble, trouble, be wroth.","strongs_number":"h7264"},"h7265":{"pronunciation":"reg-az'","unicode":"רְגַז","translit":"rᵉgaz","definition":"(Aramaic) corresponding to {{h7264}}; provoke unto wrath.","strongs_number":"h7265"},"h7266":{"pronunciation":"reg-az'","unicode":"רְגַז","translit":"rᵉgaz","definition":"(Aramaic) from {{h7265}}; violent anger; rage.","strongs_number":"h7266"},"h7267":{"pronunciation":"ro'-ghez","unicode":"רֹגֶז","translit":"rôgez","definition":"from {{h7264}}; commotion, restlessness (of a horse), crash (of thunder), disquiet, anger; fear, noise, rage, trouble(-ing), wrath.","strongs_number":"h7267"},"h7268":{"pronunciation":"rag-gawz'","unicode":"רַגָּז","translit":"raggâz","definition":"intensive from {{h7264}}; timid; trembling.","strongs_number":"h7268"},"h7269":{"pronunciation":"rog-zaw'","unicode":"רׇגְזָה","translit":"rogzâh","definition":"feminine of {{h7267}}; trepidation; trembling.","strongs_number":"h7269"},"h7270":{"pronunciation":"raw-gal'","unicode":"רָגַל","translit":"râgal","definition":"a primitive root;\talso as denominative from {{h7272}}; to walk along; but only in specifically, applications, to reconnoiter, to be a tale-bearer (i.e. slander); to lead about; backbite, search, slander, (e-) spy (out), teach to go, view.","strongs_number":"h7270"},"h7271":{"pronunciation":"reg-al'","unicode":"רְגַל","translit":"rᵉgal","definition":"(Aramaic) corresponding to {{h7272}}; foot.","strongs_number":"h7271"},"h7272":{"pronunciation":"reh'-gel","unicode":"רֶגֶל","translit":"regel","definition":"from {{h7270}}; a foot (as used in walking); by implication, a step; by euphemistically the pudenda; × be able to endure, × according as, × after, × coming, × follow, (broken-)foot(-ed, -stool), × great toe, × haunt, × journey, leg,   piss,   possession, time.","strongs_number":"h7272"},"h7273":{"pronunciation":"rag-lee'","unicode":"רַגְלִי","translit":"raglîy","definition":"from {{h7272}}; a footman (soldier); (on) foot(-man).","strongs_number":"h7273"},"h7274":{"pronunciation":"ro-gel-eem'","unicode":"רֹגְלִים","translit":"Rôgᵉlîym","definition":"plural of active participle of {{h7270}}; fullers (as tramping the cloth in washing); Rogelim, a place East of the Jordan; Rogelim.","strongs_number":"h7274"},"h7275":{"pronunciation":"raw-gam'","unicode":"רָגַם","translit":"râgam","definition":"a primitive root (compare {{h7263}}, {{h7321}}, {{h7551}}); to cast together (stones), i.e. to lapidate; × certainly, stone.","strongs_number":"h7275"},"h7276":{"pronunciation":"reh'-gem","unicode":"רֶגֶם","translit":"Regem","definition":"from {{h7275}}; stoneheap; Regem, an Israelite; Regem.","strongs_number":"h7276"},"h7277":{"pronunciation":"rig-maw'","unicode":"רִגְמָה","translit":"rigmâh","definition":"feminine of the same as {{h7276}}; a pile (of stones), i.e. (figuratively) a throng; council.","strongs_number":"h7277"},"h7278":{"pronunciation":"reh'-gem meh'-lek","unicode":"רֶגֶם מֶלֶךְ","translit":"Regem Melek","definition":"from {{h7276}} and {{h4428}}; king's heap; Regem-Melek, an Israelite; Regem-melech.","strongs_number":"h7278"},"h7279":{"pronunciation":"raw-gan'","unicode":"רָגַן","translit":"râgan","definition":"a primitive root; to grumble, i.e. rebel; murmur.","strongs_number":"h7279"},"h7280":{"pronunciation":"raw-gah'","unicode":"רָגַע","translit":"râgaʻ","definition":"a primitive root; properly, to toss violently and suddenly (the sea with waves, the skin with boils); figuratively (in a favorable manner) to settle, i.e. quiet; specifically, to wink (from the motion of the eye-lids); break, divide, find ease, be a moment, (cause, give, make to) rest, make suddenly.","strongs_number":"h7280"},"h7281":{"pronunciation":"reh'-gah","unicode":"רֶגַע","translit":"regaʻ","definition":"from {{h7280}}.; a wink (of the eyes), i.e. a very short space of time; instant, moment, space, suddenly.","strongs_number":"h7281"},"h7282":{"pronunciation":"raw-gay'-ah","unicode":"רָגֵעַ","translit":"râgêaʻ","definition":"from {{h7280}}; restful, i.e. peaceable; that are quiet.","strongs_number":"h7282"},"h7283":{"pronunciation":"raw-gash'","unicode":"רָגַשׁ","translit":"râgash","definition":"a primitive root; to be tumultuous; rage.","strongs_number":"h7283"},"h7284":{"pronunciation":"reg-ash'","unicode":"רְגַשׁ","translit":"rᵉgash","definition":"(Aramaic) corresponding to {{h7283}}; to gather tumultuously; assemble (together).","strongs_number":"h7284"},"h7285":{"pronunciation":"reh'-ghesh","unicode":"רֶגֶשׁ","translit":"regesh","definition":"or (feminine) רִגְשָׁה; from {{h7283}}; a tumultuous crowd; company, insurrection.","strongs_number":"h7285"},"h7286":{"pronunciation":"raw-dad'","unicode":"רָדַד","translit":"râdad","definition":"a primitive root; to tread in pieces, i.e. (figuratively) to conquer, or (specifically) to overlay; spend, spread, subdue.","strongs_number":"h7286"},"h7287":{"pronunciation":"raw-daw'","unicode":"רָדָה","translit":"râdâh","definition":"a primitive root; to tread down, i.e. subjugate; specifically, to crumble off; (come to, make to) have dominion, prevail against, reign, (bear, make to) rule,(-r, over), take.","strongs_number":"h7287"},"h7288":{"pronunciation":"rad-dah'-ee","unicode":"רַדַּי","translit":"Radday","definition":"intensive from {{h7287}}; domineering; Raddai, an Israelite; Raddai.","strongs_number":"h7288"},"h7289":{"pronunciation":"raw-deed'","unicode":"רָדִיד","translit":"râdîyd","definition":"from {{h7286}} in the sense of spreading; a veil (as expanded); vail, veil.","strongs_number":"h7289"},"h7290":{"pronunciation":"raw-dam'","unicode":"רָדַם","translit":"râdam","definition":"a primitive root; to stun, i.e. stupefy (with sleep or death); (be fast a-, be in a deep, cast into a dead, that) sleep(-er, -eth).","strongs_number":"h7290"},"h7291":{"pronunciation":"raw-daf'","unicode":"רָדַף","translit":"râdaph","definition":"a primitive root; to run after (usually with hostile intent; figuratively [of time] gone by); chase, put to flight, follow (after, on), hunt, (be under) persecute(-ion, -or), pursue(-r).","strongs_number":"h7291"},"h7292":{"pronunciation":"raw-hab'","unicode":"רָהַב","translit":"râhab","definition":"a primitive root; to urge severely, i.e. (figuratively) importune, embolden, capture, act insolently; overcome, behave self proudly, make sure, strengthen.","strongs_number":"h7292"},"h7293":{"pronunciation":"rah'-hab","unicode":"רַהַב","translit":"rahab","definition":"from {{h7292}},; bluster(-er); proud, strength.","strongs_number":"h7293"},"h7294":{"pronunciation":"rah'-hab","unicode":"רַהַב","translit":"Rahab","definition":"the same as {{h7293}}; Rahab (i.e. boaster), an epithet of Egypt; Rahab.","strongs_number":"h7294"},"h7295":{"pronunciation":"raw-hawb'","unicode":"רָהָב","translit":"râhâb","definition":"from {{h7292}}; insolent; proud.","strongs_number":"h7295"},"h7296":{"pronunciation":"ro'-hab","unicode":"רֹהָב","translit":"rôhâb","definition":"from {{h7292}}; pride; strength.","strongs_number":"h7296"},"h7297":{"pronunciation":"raw-haw'","unicode":"רָהָה","translit":"râhâh","definition":"a primitive root; to fear; be afraid.","strongs_number":"h7297"},"h7298":{"pronunciation":"rah'-hat","unicode":"רַהַט","translit":"rahaṭ","definition":"from an unused root apparently meaning to hollow out; a channel or watering-box; by resemblance a ringlet of hair (as forming parallel lines); gallery, gutter, trough.","strongs_number":"h7298"},"h7299":{"pronunciation":"rave","unicode":"רֵו","translit":"rêv","definition":"(Aramaic) from a root corresponding to {{h7200}}; aspect; form.","strongs_number":"h7299"},"h7300":{"pronunciation":"rood","unicode":"רוּד","translit":"rûwd","definition":"a primitive root; to tramp about, i.e. ramble (free or disconsolate); have the dominion, be lord, mourn, rule.","strongs_number":"h7300"}}