{"h7301":{"pronunciation":"raw-vaw'","unicode":"רָוָה","translit":"râvâh","definition":"a primitive root; to slake the thirst (occasionally of other appetites); bathe, make drunk, (take the) fill, satiate, (abundantly) satisfy, soak, water (abundantly).","strongs_number":"h7301"},"h7302":{"pronunciation":"raw-veh'","unicode":"רָוֶה","translit":"râveh","definition":"from {{h7301}}; sated (with drink); drunkenness, watered.","strongs_number":"h7302"},"h7303":{"pronunciation":"ro-hag-aw'","unicode":"רוֹהֲגָה","translit":"Rôwhăgâh","definition":"from an unused root probably meaning to cry out; outcry; Rohagah, an Israelite; Rohgah.","strongs_number":"h7303"},"h7304":{"pronunciation":"raw-vakh'","unicode":"רָוַח","translit":"râvach","definition":"a primitive root (identical with {{h7306}}); properly, to breathe freely, i.e. revive; by implication, to have ample room; be refreshed, large.","strongs_number":"h7304"},"h7305":{"pronunciation":"reh'-vakh","unicode":"רֶוַח","translit":"revach","definition":"from {{h7304}}; room, literally (an interval) or figuratively (deliverance); enlargement, space.","strongs_number":"h7305"},"h7306":{"pronunciation":"roo'-akh","unicode":"רוּחַ","translit":"rûwach","definition":"a primitive root; properly, to blow, i.e. breathe; only (literally) to smell or (by implication, perceive (figuratively, to anticipate, enjoy); accept, smell, × touch, make of quick understanding.","strongs_number":"h7306"},"h7307":{"pronunciation":"roo'-akh","unicode":"רוּחַ","translit":"rûwach","definition":"from {{h7306}}; wind; by resemblance breath, i.e. a sensible (or even violent) exhalation; figuratively, life, anger, unsubstantiality; by extension, a region of the sky; by resemblance spirit, but only of a rational being (including its expression and functions); air, anger, blast, breath, × cool, courage, mind, × quarter, × side, spirit(-ual), tempest, × vain, (whirl-) wind(-y).","strongs_number":"h7307"},"h7308":{"pronunciation":"roo'-akh","unicode":"רוּחַ","translit":"rûwach","definition":"(Aramaic) corresponding to {{h7307}}; mind, spirit, wind.","strongs_number":"h7308"},"h7309":{"pronunciation":"rev-aw-khaw'","unicode":"רְוָחָה","translit":"rᵉvâchâh","definition":"feminine of {{h7305}}; relief; breathing, respite.","strongs_number":"h7309"},"h7310":{"pronunciation":"rev-aw-yaw'","unicode":"רְוָיָה","translit":"rᵉvâyâh","definition":"from {{h7301}}; satisfaction; runneth over, wealthy.","strongs_number":"h7310"},"h7311":{"pronunciation":"room","unicode":"רוּם","translit":"rûwm","definition":"a primitive root; to be high actively, to rise or raise (in various applications, literally or figuratively); bring up, exalt (self), extol, give, go up, haughty, heave (up), (be, lift up on, make on, set up on, too) high(-er, one), hold up, levy, lift(-er) up, (be) lofty, (× a-) loud, mount up, offer (up),   presumptuously, (be) promote(-ion), proud, set up, tall(-er), take (away, off, up), breed worms.","strongs_number":"h7311"},"h7312":{"pronunciation":"room","unicode":"רוּם","translit":"rûwm","definition":"or רֻם; from {{h7311}}; (literally) elevation or (figuratively) elation; haughtiness, height, × high.","strongs_number":"h7312"},"h7313":{"pronunciation":"room","unicode":"רוּם","translit":"rûwm","definition":"(Aramaic) corresponding to {{h7311}}; extol, lift up (self), set up.","strongs_number":"h7313"},"h7314":{"pronunciation":"room","unicode":"רוּם","translit":"rûwm","definition":"(Aramaic) from {{h7313}}; (literally) altitude; height.","strongs_number":"h7314"},"h7315":{"pronunciation":"rome","unicode":"רוֹם","translit":"rôwm","definition":"from {{h7311}}; elevation, i.e. (adverbially) aloft; on high.","strongs_number":"h7315"},"h7316":{"pronunciation":"roo-maw'","unicode":"רוּמָה","translit":"Rûwmâh","definition":"from {{h7311}}; height; Rumah, a place in Palestine; Rumah.","strongs_number":"h7316"},"h7317":{"pronunciation":"ro-maw'","unicode":"רוֹמָה","translit":"rôwmâh","definition":"feminine of {{h7315}}; elation, i.e. (adverbially) proudly; haughtily.","strongs_number":"h7317"},"h7318":{"pronunciation":"ro-mawm'","unicode":"רוֹמָם","translit":"rôwmâm","definition":"from {{h7426}}; exaltation, i.e. (figuratively and specifically) praise; be extolled.","strongs_number":"h7318"},"h7319":{"pronunciation":"ro-mem-aw'","unicode":"רוֹמְמָה","translit":"rôwmᵉmâh","definition":"feminine active participle of {{h7426}}; exaltation, i.e. praise; high.","strongs_number":"h7319"},"h7320":{"pronunciation":"ro-mam'-tee eh'-zer","unicode":"רוֹמַמְתִּי עֶזֶר","translit":"Rôwmamtîy ʻEzer","definition":"(or Romam from {{h7311}} and {{h5828}}; I have raised up a help; Romamti-Ezer, an Israelite; Romamti-ezer.","strongs_number":"h7320"},"h7321":{"pronunciation":"roo-ah'","unicode":"רוּעַ","translit":"rûwaʻ","definition":"a primitive root; to mar (especially by breaking); figuratively, to split the ears (with sound), i.e. shout (for alarm or joy); blow an alarm, cry (alarm, aloud, out), destroy, make a joyful noise, smart, shout (for joy), sound an alarm, triumph.","strongs_number":"h7321"},"h7322":{"pronunciation":"roof","unicode":"רוּף","translit":"rûwph","definition":"a primitive root; properly, to triturate (in a mortar), i.e. (figuratively) to agitate (by concussion); tremble.","strongs_number":"h7322"},"h7323":{"pronunciation":"roots","unicode":"רוּץ","translit":"rûwts","definition":"a primitive root; to run (for whatever reason, especially to rush); break down, divide speedily, footman, guard, bring hastily, (make) run (away, through), post.","strongs_number":"h7323"},"h7324":{"pronunciation":"rook","unicode":"רוּק","translit":"rûwq","definition":"a primitive root; to pour out (literally or figuratively), i.e. empty; × arm, cast out, draw (out), (make) empty, pour forth (out).","strongs_number":"h7324"},"h7325":{"pronunciation":"roor","unicode":"רוּר","translit":"rûwr","definition":"a primitive root; to slaver (with spittle), i.e. (by analogy) to emit a fluid (ulcerous or natural); run.","strongs_number":"h7325"},"h7326":{"pronunciation":"roosh","unicode":"רוּשׁ","translit":"rûwsh","definition":"a primitive root; to be destitute; lack, needy, (make self) poor (man).","strongs_number":"h7326"},"h7327":{"pronunciation":"rooth","unicode":"רוּת","translit":"Rûwth","definition":"probably for {{h7468}}; friend; Ruth, a Moabitess; Ruth.","strongs_number":"h7327"},"h7328":{"pronunciation":"rawz","unicode":"רָז","translit":"râz","definition":"(Aramaic) from an unused root probably meaning; to attenuate, i.e. (figuratively) hide; a mystery; secret.","strongs_number":"h7328"},"h7329":{"pronunciation":"raw-zaw'","unicode":"רָזָה","translit":"râzâh","definition":"a primitive root; to emaciate, i.e. make (become) thin (literally or figuratively); famish, wax lean.","strongs_number":"h7329"},"h7330":{"pronunciation":"raw-zeh'","unicode":"רָזֶה","translit":"râzeh","definition":"from {{h7329}}; thin; lean.","strongs_number":"h7330"},"h7331":{"pronunciation":"rez-one'","unicode":"רְזוֹן","translit":"Rᵉzôwn","definition":"from {{h7336}}; prince; Rezon, a Syrian; Rezon.","strongs_number":"h7331"},"h7332":{"pronunciation":"raw-zone'","unicode":"רָזוֹן","translit":"râzôwn","definition":"from {{h7329}}; thinness; leanness, × scant.","strongs_number":"h7332"},"h7333":{"pronunciation":"raw-zone'","unicode":"רָזוֹן","translit":"râzôwn","definition":"from {{h7336}}; a dignitary; prince.","strongs_number":"h7333"},"h7334":{"pronunciation":"raw-zee'","unicode":"רָזִי","translit":"râzîy","definition":"from {{h7329}}; thinness; leanness.","strongs_number":"h7334"},"h7335":{"pronunciation":"raw-zam'","unicode":"רָזַם","translit":"râzam","definition":"a primitive root; to twinkle the eye (in mockery); wink.","strongs_number":"h7335"},"h7336":{"pronunciation":"raw-zan'","unicode":"רָזַן","translit":"râzan","definition":"a primitive root; probably to be heavy, i.e. (figuratively) honorable; prince, ruler.","strongs_number":"h7336"},"h7337":{"pronunciation":"raw-khab'","unicode":"רָחַב","translit":"râchab","definition":"a primitive root; to broaden (intransitive or transitive, literal or figurative); be an en-(make) large(-ing), make room, make (open) wide.","strongs_number":"h7337"},"h7338":{"pronunciation":"rakh'-ab","unicode":"רַחַב","translit":"rachab","definition":"from {{h7337}}; a width; breadth, broad place.","strongs_number":"h7338"},"h7339":{"pronunciation":"rekh-obe'","unicode":"רְחֹב","translit":"rᵉchôb","definition":"or רְחוֹב; from {{h7337}}; a width, i.e. (concretely) avenue or area; broad place (way), street. See also {{h1050}}.","strongs_number":"h7339"},"h7340":{"pronunciation":"rekh-obe'","unicode":"רְחֹב","translit":"Rᵉchôb","definition":"or רְחוֹב; the same as {{h7339}}; Rechob, the name of a place in Syria, also of a Syrian and an Israelite; Rehob.","strongs_number":"h7340"},"h7341":{"pronunciation":"ro'-khab","unicode":"רֹחַב","translit":"rôchab","definition":"from {{h7337}}; width (literally or figuratively); breadth, broad, largeness, thickness, wideness.","strongs_number":"h7341"},"h7342":{"pronunciation":"raw-khawb'","unicode":"רָחָב","translit":"râchâb","definition":"from {{h7337}}; roomy, in any (or every) direction, literally or figuratively; broad, large, at liberty, proud, wide.","strongs_number":"h7342"},"h7343":{"pronunciation":"raw-khawb'","unicode":"רָחָב","translit":"Râchâb","definition":"the same as {{h7342}}; proud; Rachab, a Canaanitess; Rahab.","strongs_number":"h7343"},"h7344":{"pronunciation":"rekh-o-both'","unicode":"רְחֹבוֹת","translit":"Rᵉchôbôwth","definition":"or רְחֹבֹת; plural of {{h7339}}; streets; Rechoboth, a place in Assyria and one in Palestine; Rehoboth.","strongs_number":"h7344"},"h7345":{"pronunciation":"rekh-ab-yaw'","unicode":"רְחַבְיָה","translit":"Rᵉchabyâh","definition":"or רְחַבְיָהוּ; from {{h7337}} and {{h3050}}; Jah has enlarged; Rechabjah, an Israelite; Rehabiah.","strongs_number":"h7345"},"h7346":{"pronunciation":"rekh-ab-awm'","unicode":"רְחַבְעָם","translit":"Rᵉchabʻâm","definition":"from {{h7337}} and {{h5971}}; a people has enlarged; Rechabam, an Israelite king; Rehoboam.","strongs_number":"h7346"},"h7347":{"pronunciation":"ray-kheh'","unicode":"רֵחֶה","translit":"rêcheh","definition":"from an unused root meaning to pulverize; a mill-stone; mill (stone).","strongs_number":"h7347"},"h7348":{"pronunciation":"rekh-oom'","unicode":"רְחוּם","translit":"Rᵉchûwm","definition":"a form of {{h7349}}; Rechum, the name of a Persian and of three Israelites; Rehum.","strongs_number":"h7348"},"h7349":{"pronunciation":"rakh-oom'","unicode":"רַחוּם","translit":"rachûwm","definition":"from {{h7355}}; compassionate; full of compassion, merciful.","strongs_number":"h7349"},"h7350":{"pronunciation":"raw-khoke'","unicode":"רָחוֹק","translit":"râchôwq","definition":"or רָחֹק; from {{h7368}}; remote, literally or figuratively, of place or time; specifically, precious; often used adverbially (with preposition); (a-) far (abroad, off), long ago, of old, space, great while to come.","strongs_number":"h7350"},"h7351":{"pronunciation":"rekh-eet'","unicode":"רְחִיט","translit":"rᵉchîyṭ","definition":"from the same as {{h7298}}; a panel (as resembling a trough); rafter.","strongs_number":"h7351"},"h7352":{"pronunciation":"rakh-eek'","unicode":"רַחִיק","translit":"rachîyq","definition":"(Aramaic) corresponding to {{h7350}}; far.","strongs_number":"h7352"},"h7353":{"pronunciation":"raw-kale'","unicode":"רָחֵל","translit":"râchêl","definition":"from an unused root meaning to journey; a ewe [the females being the predominant element of a flock] (as a good traveller); ewe, sheep.","strongs_number":"h7353"},"h7354":{"pronunciation":"raw-khale'","unicode":"רָחֵל","translit":"Râchêl","definition":"the same as {{h7353}}; Rachel, a wife of Jacob; Rachel.","strongs_number":"h7354"},"h7355":{"pronunciation":"raw-kham'","unicode":"רָחַם","translit":"râcham","definition":"a primitive root; to fondle; by implication, to love, especially to compassionate; have compassion (on, upon), love, (find, have, obtain, shew) mercy(-iful, on, upon), (have) pity, Ruhamah, × surely.","strongs_number":"h7355"},"h7356":{"pronunciation":"rakh'-am","unicode":"רַחַם","translit":"racham","definition":"from {{h7355}}; compassion (in the plural); by extension, the womb (as cherishing the fetus); by implication, a maiden; bowels, compassion, damsel, tender love, (great, tender) mercy, pity, womb.","strongs_number":"h7356"},"h7357":{"pronunciation":"rakh'-am","unicode":"רַחַם","translit":"Racham","definition":"the same as {{h7356}}; pity; Racham, an Israelite; Raham.","strongs_number":"h7357"},"h7358":{"pronunciation":"rekh'-em","unicode":"רֶחֶם","translit":"rechem","definition":"from {{h7355}}; (compare {{h7356}}); the womb; matrix, womb.","strongs_number":"h7358"},"h7359":{"pronunciation":"rekh-ame'","unicode":"רְחֵם","translit":"rᵉchêm","definition":"(Aramaic) corresponding to {{h7356}}; (plural) pity; mercy.","strongs_number":"h7359"},"h7360":{"pronunciation":"raw-khawm'","unicode":"רָחָם","translit":"râchâm","definition":"or (feminine) רָחָמָה; from {{h7355}}; a kind of vulture (supposed to be tender towards its young); gier-eagle.","strongs_number":"h7360"},"h7361":{"pronunciation":"rakh-am-aw'","unicode":"רַחֲמָה","translit":"rachămâh","definition":"feminine of {{h7356}}; a maiden; damsel.","strongs_number":"h7361"},"h7362":{"pronunciation":"rakh-maw-nee'","unicode":"רַחְמָנִי","translit":"rachmânîy","definition":"from {{h7355}}; compassionate; pitiful.","strongs_number":"h7362"},"h7363":{"pronunciation":"raw-khaf'","unicode":"רָחַף","translit":"râchaph","definition":"a primitive root; to brood; by implication, to be relaxed; flutter, move, shake.","strongs_number":"h7363"},"h7364":{"pronunciation":"raw-khats'","unicode":"רָחַץ","translit":"râchats","definition":"a primitive root; to lave (the whole or a part of a thing); bathe (self), wash (self).","strongs_number":"h7364"},"h7365":{"pronunciation":"rekh-ats'","unicode":"רְחַץ","translit":"rᵉchats","definition":"(Aramaic) corresponding to {{h7364}} (probably through the accessory idea of ministering as a servant at the bath); to attend upon; trust.","strongs_number":"h7365"},"h7366":{"pronunciation":"rakh'-ats","unicode":"רַחַץ","translit":"rachats","definition":"from {{h7364}}; a bath; wash(-pot).","strongs_number":"h7366"},"h7367":{"pronunciation":"rakh-tsaw'","unicode":"רַחְצָה","translit":"rachtsâh","definition":"feminine of {{h7366}}; a bathing place; washing.","strongs_number":"h7367"},"h7368":{"pronunciation":"raw-khak'","unicode":"רָחַק","translit":"râchaq","definition":"a primitive root; to widen (in any direction), i.e. (intransitively) recede or (transitively) remove (literally or figuratively, of place or relation); (a-, be, cast, drive, get, go, keep (self), put, remove, be too, (wander), withdraw) far (away, off), loose, × refrain, very, (be) a good way (off).","strongs_number":"h7368"},"h7369":{"pronunciation":"raw-khake'","unicode":"רָחֵק","translit":"râchêq","definition":"from {{h7368}}; remote; that are far.","strongs_number":"h7369"},"h7370":{"pronunciation":"raw-khash'","unicode":"רָחַשׁ","translit":"râchash","definition":"a primitive root; to gush; indite.","strongs_number":"h7370"},"h7371":{"pronunciation":"rakh'-ath","unicode":"רַחַת","translit":"rachath","definition":"from {{h7306}}; a winnowing-fork (as blowing the chaff away); shovel.","strongs_number":"h7371"},"h7372":{"pronunciation":"raw-tab'","unicode":"רָטַב","translit":"râṭab","definition":"a primitive root; to be moist; be wet.","strongs_number":"h7372"},"h7373":{"pronunciation":"raw-tobe'","unicode":"רָטֹב","translit":"râṭôb","definition":"from {{h7372}}; moist (with sap); green.","strongs_number":"h7373"},"h7374":{"pronunciation":"reh'-tet","unicode":"רֶטֶט","translit":"reṭeṭ","definition":"from an unused root meaning to tremble; terror; fear.","strongs_number":"h7374"},"h7375":{"pronunciation":"roo-taf-ash'","unicode":"רֻטֲפַשׁ","translit":"ruṭăphash","definition":"a root compounded from {{h7373}} and {{h2954}}; to be rejuvenated; be fresh.","strongs_number":"h7375"},"h7376":{"pronunciation":"raw-tash'","unicode":"רָטַשׁ","translit":"râṭâsh","definition":"a primitive root; to dash down; dash (in pieces).","strongs_number":"h7376"},"h7377":{"pronunciation":"ree","unicode":"רִי","translit":"rîy","definition":"from {{h7301}}; irrigation, i.e. a shower; watering.","strongs_number":"h7377"},"h7378":{"pronunciation":"reeb","unicode":"רִיב","translit":"rîyb","definition":"or רוּב; a primitive root; properly, to toss, i.e. grapple; mostly figuratively, to wrangle, i.e. hold a controversy; (by implication) to defend; adversary, chide, complain, contend, debate, × ever, × lay wait, plead, rebuke, strive, × thoroughly.","strongs_number":"h7378"},"h7379":{"pronunciation":"reeb","unicode":"רִיב","translit":"rîyb","definition":"or רִב; from {{h7378}}; a contest (personal or legal); adversary, cause, chiding, contend(-tion), controversy, multitude (from the margin), pleading, strife, strive(-ing), suit.","strongs_number":"h7379"},"h7380":{"pronunciation":"ree-bah'-ee","unicode":"רִיבַי","translit":"Rîybay","definition":"from {{h7378}}; contentious; Ribai, an Israelite; Ribai.","strongs_number":"h7380"},"h7381":{"pronunciation":"ray'-akh","unicode":"רֵיחַ","translit":"rêyach","definition":"from {{h7306}}; odor (as if blown); savour, scent, smell.","strongs_number":"h7381"},"h7382":{"pronunciation":"ray'-akh","unicode":"רֵיחַ","translit":"rêyach","definition":"(Aramaic) corresponding to {{h7381}}; smell.","strongs_number":"h7382"},"h7383":{"pronunciation":"ree-faw'","unicode":"רִיפָה","translit":"rîyphâh","definition":"or רִפָה; from {{h7322}}; (only plural), grits (as pounded); ground corn, wheat.","strongs_number":"h7383"},"h7384":{"pronunciation":"ree-fath'","unicode":"רִיפַת","translit":"Rîyphath","definition":"or (probably by orthographical error) דִּיפַת; of foreign origin; Riphath, a grandson of Japheth and his descendants; Riphath.","strongs_number":"h7384"},"h7385":{"pronunciation":"reek","unicode":"רִיק","translit":"rîyq","definition":"from {{h7324}}; emptiness; figuratively, a worthless thing; adverbially, in vain; empty, to no purpose, (in) vain (thing), vanity.","strongs_number":"h7385"},"h7386":{"pronunciation":"rake","unicode":"רֵיק","translit":"rêyq","definition":"or (shorter) רֵק; from {{h7324}}; empty; figuratively, worthless; emptied(-ty), vain (fellow, man).","strongs_number":"h7386"},"h7387":{"pronunciation":"ray-kawm'","unicode":"רֵיקָם","translit":"rêyqâm","definition":"from {{h7386}}; emptily; figuratively (objective) ineffectually, (subjective) undeservedly; without cause, empty, in vain, void.","strongs_number":"h7387"},"h7388":{"pronunciation":"reer","unicode":"רִיר","translit":"rîyr","definition":"from {{h7325}}; saliva; by resemblance, broth; spittle, white (of an egg).","strongs_number":"h7388"},"h7389":{"pronunciation":"raysh","unicode":"רֵישׁ","translit":"rêysh","definition":"or רֵאשׁ; or רִישׁ; from {{h7326}}; poverty; poverty.","strongs_number":"h7389"},"h7390":{"pronunciation":"rak","unicode":"רַךְ","translit":"rak","definition":"from {{h7401}}; tender (literally or figuratively); by implication, weak; faint((-hearted), soft, tender ((-hearted), one), weak.","strongs_number":"h7390"},"h7391":{"pronunciation":"roke","unicode":"רֹךְ","translit":"rôk","definition":"from {{h7401}}; softness (figuratively); tenderness.","strongs_number":"h7391"},"h7392":{"pronunciation":"raw-kab'","unicode":"רָכַב","translit":"râkab","definition":"a primitive root; to ride (on an animal or in a vehicle); causatively, to place upon (for riding or generally), to despatch; bring (on (horse-) back), carry, get (oneself) up, on (horse-) back, put, (cause to, make to) ride (in a chariot, on, -r), set.","strongs_number":"h7392"},"h7393":{"pronunciation":"reh'-keb","unicode":"רֶכֶב","translit":"rekeb","definition":"from {{h7392}}; a vehicle; by implication, a team; by extension, cavalry; by analogy a rider, i.e. the upper millstone; chariot, (upper) millstone, multitude (from the margin), wagon.","strongs_number":"h7393"},"h7394":{"pronunciation":"ray-kawb'","unicode":"רֵכָב","translit":"Rêkâb","definition":"from {{h7392}}; rider; Rekab, the name of two Arabs and of two Israelites; Rechab.","strongs_number":"h7394"},"h7395":{"pronunciation":"rak-kawb'","unicode":"רַכָּב","translit":"rakkâb","definition":"from {{h7392}}; a charioteer; chariot man, driver of a chariot, horseman.","strongs_number":"h7395"},"h7396":{"pronunciation":"rik-baw'","unicode":"רִכְבָּה","translit":"rikbâh","definition":"feminine of {{h7393}}; a chariot (collectively); chariots.","strongs_number":"h7396"},"h7397":{"pronunciation":"ray-kaw'","unicode":"רֵכָה","translit":"Rêkâh","definition":"probably feminine from {{h7401}}; softness; Rekah, a place in Palestine; Rechah.","strongs_number":"h7397"},"h7398":{"pronunciation":"rek-oob'","unicode":"רְכוּב","translit":"rᵉkûwb","definition":"from passive participle of {{h7392}}; a vehicle (as ridden on); chariot.","strongs_number":"h7398"},"h7399":{"pronunciation":"rek-oosh'","unicode":"רְכוּשׁ","translit":"rᵉkûwsh","definition":"or רְכֻשׁ; from passive participle of {{h7408}}; property (as gathered); good, riches, substance.","strongs_number":"h7399"},"h7400":{"pronunciation":"raw-keel'","unicode":"רָכִיל","translit":"râkîyl","definition":"from {{h7402}}; a scandal-monger (as travelling about); slander, carry tales, talebearer.","strongs_number":"h7400"}}