{"h7501":{"pronunciation":"ref-aw-ale'","unicode":"רְפָאֵל","translit":"Rᵉphâʼêl","definition":"from {{h7495}} and {{h410}}; God has cured; Rephael, an Israelite; Rephael.","strongs_number":"h7501"},"h7502":{"pronunciation":"raw-fad'","unicode":"רָפַד","translit":"râphad","definition":"a primitive root; to spread (a bed); by implication, to refresh; comfort, make (a bed), spread.","strongs_number":"h7502"},"h7503":{"pronunciation":"raw-faw'","unicode":"רָפָה","translit":"râphâh","definition":"a primitive root; to slacken (in many applications, literal or figurative); abate, cease, consume, draw (toward evening), fail, (be) faint, be (wax) feeble, forsake, idle, leave, let alone (go, down), (be) slack, stay, be still, be slothful, (be) weak(-en). See {{h7495}}.","strongs_number":"h7503"},"h7504":{"pronunciation":"raw-feh'","unicode":"רָפֶה","translit":"râpheh","definition":"from {{h7503}}; slack (in body or mind); weak. raphah, Raphah. See {{h7497}}, {{h7498}}. riphah. See {{h7383}}.","strongs_number":"h7504"},"h7505":{"pronunciation":"raw-foo'","unicode":"רָפוּא","translit":"Râphûwʼ","definition":"passive participle of {{h7495}}; cured; Raphu, an Israelite; Raphu.","strongs_number":"h7505"},"h7506":{"pronunciation":"reh'-fakh","unicode":"רֶפַח","translit":"Rephach","definition":"from an unused root apparently meaning to sustain; support; Rephach, an Israelite; Rephah.","strongs_number":"h7506"},"h7507":{"pronunciation":"ref-ee-daw'","unicode":"רְפִידָה","translit":"rᵉphîydâh","definition":"from {{h7502}}; a railing (as spread along); bottom.","strongs_number":"h7507"},"h7508":{"pronunciation":"ref-ee-deem'","unicode":"רְפִידִים","translit":"Rᵉphîydîym","definition":"plural of the masculine of the same as {{h7507}}; ballusters; Rephidim, a place in the Desert; Rephidim.","strongs_number":"h7508"},"h7509":{"pronunciation":"ref-aw-yaw'","unicode":"רְפָיָה","translit":"Rᵉphâyâh","definition":"from {{h7495}} and {{h3050}}; Jah has cured; Rephajah, the name of five Israelites; Rephaiah.","strongs_number":"h7509"},"h7510":{"pronunciation":"rif-yone'","unicode":"רִפְיוֹן","translit":"riphyôwn","definition":"from {{h7503}}; slackness; feebleness.","strongs_number":"h7510"},"h7511":{"pronunciation":"raw-fas'","unicode":"רָפַס","translit":"râphaç","definition":"a primitive root; to trample, i.e. prostrate; humble self, submit self.","strongs_number":"h7511"},"h7512":{"pronunciation":"ref-as'","unicode":"רְפַס","translit":"rᵉphaç","definition":"(Aramaic) corresponding to {{h7511}}; stamp.","strongs_number":"h7512"},"h7513":{"pronunciation":"raf-so-daw'","unicode":"רַפְסֹדָה","translit":"raphçôdâh","definition":"from {{h7511}}; a raft (as flat on the water); flote.","strongs_number":"h7513"},"h7514":{"pronunciation":"raw-fak'","unicode":"רָפַק","translit":"râphaq","definition":"a primitive root; to recline; lean.","strongs_number":"h7514"},"h7515":{"pronunciation":"raw-fas'","unicode":"רָפַשׂ","translit":"râphas","definition":"a primitive root; to trample, i.e. roil water; foul, trouble.","strongs_number":"h7515"},"h7516":{"pronunciation":"reh'-fesh","unicode":"רֶפֶשׁ","translit":"rephesh","definition":"from {{h7515}}; mud (as roiled); mire.","strongs_number":"h7516"},"h7517":{"pronunciation":"reh'-feth","unicode":"רֶפֶת","translit":"repheth","definition":"probably from {{h7503}}; a stall for cattle (from their resting there); stall.","strongs_number":"h7517"},"h7518":{"pronunciation":"rats","unicode":"רַץ","translit":"rats","definition":"contracted from {{h7533}}; a fragment; piece.","strongs_number":"h7518"},"h7519":{"pronunciation":"raw-tsaw'","unicode":"רָצָא","translit":"râtsâʼ","definition":"a primitive root; to run; also to delight in; accept, run.","strongs_number":"h7519"},"h7520":{"pronunciation":"raw-tsad'","unicode":"רָצַד","translit":"râtsad","definition":"a primitive root; probably to look askant, i.e. (figuratively) be jealous; leap.","strongs_number":"h7520"},"h7521":{"pronunciation":"raw-tsaw'","unicode":"רָצָה","translit":"râtsâh","definition":"a primitive root; to be pleased with; specifically, to satisfy a debt; (be) accept(-able), accomplish, set affection, approve, consent with, delight (self), enjoy, (be, have a) favour(-able), like, observe, pardon, (be, have, take) please(-ure), reconcile self.","strongs_number":"h7521"},"h7522":{"pronunciation":"raw-tsone'","unicode":"רָצוֹן","translit":"râtsôwn","definition":"or רָצֹן; from {{h7521}}; delight (especially as shown); (be) acceptable(-ance, -ed), delight, desire, favour, (good) pleasure, (own, self, voluntary) will, as...(what) would.","strongs_number":"h7522"},"h7523":{"pronunciation":"raw-tsakh'","unicode":"רָצַח","translit":"râtsach","definition":"a primitive root; properly, to dash in pieces, i.e. kill (a human being), especially to murder; put to death, kill, (man-) slay(-er), murder(-er).","strongs_number":"h7523"},"h7524":{"pronunciation":"reh-tsakh","unicode":"רֶצַח","translit":"retsach","definition":"from {{h7523}}; a crushing; specifically, a murder-cry; slaughter, sword.","strongs_number":"h7524"},"h7525":{"pronunciation":"rits-yaw'","unicode":"רִצְיָא","translit":"Ritsyâʼ","definition":"from {{h7521}}; delight; Ritsjah, an Israelite; Rezia.","strongs_number":"h7525"},"h7526":{"pronunciation":"rets-een'","unicode":"רְצִין","translit":"Rᵉtsîyn","definition":"probably for {{h7522}}; Retsin, the name of a Syrian and of an Israelite; Rezin.","strongs_number":"h7526"},"h7527":{"pronunciation":"raw-tsah'","unicode":"רָצַע","translit":"râtsaʻ","definition":"a primitive root; to pierce; bore.","strongs_number":"h7527"},"h7528":{"pronunciation":"raw-tsaf'","unicode":"רָצַף","translit":"râtsaph","definition":"a denominative from {{h7529}}; to tessellate, i.e. embroider (as if with bright stones); pave.","strongs_number":"h7528"},"h7529":{"pronunciation":"reh'-tsef","unicode":"רֶצֶף","translit":"retseph","definition":"for {{h7565}}; a red-hot stone (for baking); coal.","strongs_number":"h7529"},"h7530":{"pronunciation":"reh'-tsef","unicode":"רֶצֶף","translit":"Retseph","definition":"the same as {{h7529}}; Retseph, a place in Assyria; Rezeph.","strongs_number":"h7530"},"h7531":{"pronunciation":"rits-paw'","unicode":"רִצְפָּה","translit":"ritspâh","definition":"feminine of {{h7529}}; a hot stone; also a tessellated pavement; live coal, pavement.","strongs_number":"h7531"},"h7532":{"pronunciation":"rits-paw'","unicode":"רִצְפָּה","translit":"Ritspâh","definition":"the same as {{h7531}}; Ritspah, an Israelitess; Rizpah.","strongs_number":"h7532"},"h7533":{"pronunciation":"raw-tsats'","unicode":"רָצַץ","translit":"râtsats","definition":"a primitive root; to crack in pieces, literally or figuratively; break, bruise, crush, discourage, oppress, struggle together.","strongs_number":"h7533"},"h7534":{"pronunciation":"rak","unicode":"רַק","translit":"raq","definition":"from {{h7556}} in its original sense; emaciated (as if flattened out); lean(-fleshed), thin.","strongs_number":"h7534"},"h7535":{"pronunciation":"rak","unicode":"רַק","translit":"raq","definition":"the same as {{h7534}} as a noun; properly, leanness, i.e. (figuratively) limitation; only adverbial, merely, or conjunctional, although; but, even, except, howbeit howsoever, at the least, nevertheless, nothing but, notwithstanding, only, save, so (that), surely, yet (so), in any wise.","strongs_number":"h7535"},"h7536":{"pronunciation":"roke","unicode":"רֹק","translit":"rôq","definition":"from {{h7556}}; spittle; spit(-ting, -tle).","strongs_number":"h7536"},"h7537":{"pronunciation":"raw-kab'","unicode":"רָקַב","translit":"râqab","definition":"a primitive root; to decay (as by worm-eating); rot.","strongs_number":"h7537"},"h7538":{"pronunciation":"raw-kawb'","unicode":"רָקָב","translit":"râqâb","definition":"from {{h7537}}; decay (by caries); rottenness (thing).","strongs_number":"h7538"},"h7539":{"pronunciation":"rik-kaw-bone'","unicode":"רִקָּבוֹן","translit":"riqqâbôwn","definition":"from {{h7538}}; decay (by caries); rotten.","strongs_number":"h7539"},"h7540":{"pronunciation":"raw-kad'","unicode":"רָקַד","translit":"râqad","definition":"a primitive root; properly, to stamp, i.e. to spring about (wildly or for joy); dance, jump, leap, skip.","strongs_number":"h7540"},"h7541":{"pronunciation":"rak-kaw'","unicode":"רַקָּה","translit":"raqqâh","definition":"feminine of {{h7534}}; properly, thinness, i.e. the side of the head; temple.","strongs_number":"h7541"},"h7542":{"pronunciation":"rak-kone'","unicode":"רַקּוֹן","translit":"Raqqôwn","definition":"from {{h7534}}; thinness; Rakkon, a place in Palestine; Rakkon.","strongs_number":"h7542"},"h7543":{"pronunciation":"raw-kakh'","unicode":"רָקַח","translit":"râqach","definition":"a primitive root; to perfume; apothecary, compound, make (ointment), prepare, spice.","strongs_number":"h7543"},"h7544":{"pronunciation":"reh'-kakh","unicode":"רֶקַח","translit":"reqach","definition":"from {{h7543}}; properly, perfumery, i.e. (by implication) spicery (for flavor); spiced.","strongs_number":"h7544"},"h7545":{"pronunciation":"ro'-kakh","unicode":"רֹקַח","translit":"rôqach","definition":"from {{h7543}}; an aromatic; confection, ointment.","strongs_number":"h7545"},"h7546":{"pronunciation":"rak-kawkh'","unicode":"רַקָּח","translit":"raqqâch","definition":"from {{h7543}}; a male perfumer; apothecary.","strongs_number":"h7546"},"h7547":{"pronunciation":"rak-koo'-akh","unicode":"רַקֻּחַ","translit":"raqquach","definition":"from {{h7543}}; a scented substance; perfume.","strongs_number":"h7547"},"h7548":{"pronunciation":"rak-kaw-khaw'","unicode":"רַקָּחָה","translit":"raqqâchâh","definition":"feminine of {{h7547}}; a female perfumer; confectioner.","strongs_number":"h7548"},"h7549":{"pronunciation":"raw-kee'-ah","unicode":"רָקִיעַ","translit":"râqîyaʻ","definition":"from {{h7554}}; properly, an expanse, i.e. the firmament or (apparently) visible arch of the sky; firmament.","strongs_number":"h7549"},"h7550":{"pronunciation":"raw-keek'","unicode":"רָקִיק","translit":"râqîyq","definition":"from, {{h7556}} in its original sense; a thin cake; cake, wafer.","strongs_number":"h7550"},"h7551":{"pronunciation":"raw-kam'","unicode":"רָקַם","translit":"râqam","definition":"a primitive root; to variegate color, i.e. embroider; by implication, to fabricate; embroiderer, needlework, curiously work.","strongs_number":"h7551"},"h7552":{"pronunciation":"reh'-kem","unicode":"רֶקֶם","translit":"Reqem","definition":"from {{h7551}}; versicolor; Rekem, the name of a place in Palestine, also of a Midianite and an Israelite; Rekem.","strongs_number":"h7552"},"h7553":{"pronunciation":"rik-maw'","unicode":"רִקְמָה","translit":"riqmâh","definition":"from {{h7551}}; variegation of color; specifically, embroidery; broidered (work), divers colours, (raiment of) needlework (on both sides).","strongs_number":"h7553"},"h7554":{"pronunciation":"raw-kah'","unicode":"רָקַע","translit":"râqaʻ","definition":"a primitive root; to pound the earth (as a sign of passion); by analogy to expand (by hammering); by implication, to overlay (with thin sheets of metal); beat, make broad, spread abroad (forth, over, out, into plates), stamp, stretch.","strongs_number":"h7554"},"h7555":{"pronunciation":"rik-koo'-ah","unicode":"רִקֻּעַ","translit":"riqquaʻ","definition":"from {{h7554}}; beaten out, i.e. a (metallic) plate; broad.","strongs_number":"h7555"},"h7556":{"pronunciation":"raw-kak'","unicode":"רָקַק","translit":"râqaq","definition":"a primitive root; to spit; spit.","strongs_number":"h7556"},"h7557":{"pronunciation":"rak-kath'","unicode":"רַקַּת","translit":"Raqqath","definition":"from {{h7556}} in its original sense of diffusing; a beach (as expanded shingle); Rakkath, a place in Palestine; Rakkath.","strongs_number":"h7557"},"h7558":{"pronunciation":"rish-yone'","unicode":"רִשְׁיוֹן","translit":"rishyôwn","definition":"from an unused root meaning to have leave; a permit; grant.","strongs_number":"h7558"},"h7559":{"pronunciation":"raw-sham'","unicode":"רָשַׁם","translit":"râsham","definition":"a primitive root; to record; note.","strongs_number":"h7559"},"h7560":{"pronunciation":"resh-am'","unicode":"רְשַׁם","translit":"rᵉsham","definition":"(Aramaic) corresponding to {{h7559}}; sign, write.","strongs_number":"h7560"},"h7561":{"pronunciation":"raw-shah'","unicode":"רָשַׁע","translit":"râshaʻ","definition":"a primitive root; to be (causatively, do or declare) wrong; by implication, to disturb, violate; condemn, make trouble, vex, be (commit, deal, depart, do) wicked(-ly, -ness).","strongs_number":"h7561"},"h7562":{"pronunciation":"reh'-shah","unicode":"רֶשַׁע","translit":"reshaʻ","definition":"from {{h7561}}; a wrong (especially moral); iniquity, wicked(-ness).","strongs_number":"h7562"},"h7563":{"pronunciation":"raw-shaw'","unicode":"רָשָׁע","translit":"râshâʻ","definition":"from {{h7561}}; morally wrong; concretely, an (actively) bad person; condemned, guilty, ungodly, wicked (man), that did wrong.","strongs_number":"h7563"},"h7564":{"pronunciation":"rish-aw'","unicode":"רִשְׁעָה","translit":"rishʻâh","definition":"feminine of {{h7562}}; wrong (especially moral); fault, wickedly(-ness).","strongs_number":"h7564"},"h7565":{"pronunciation":"reh'-shef","unicode":"רֶשֶׁף","translit":"resheph","definition":"from {{h8313}}; a live coal; by analogy lightning; figuratively, an arrow, (as flashing through the air); specifically, fever; arrow, (burning) coal, burning heat,   spark, hot thunderbolt.","strongs_number":"h7565"},"h7566":{"pronunciation":"reh'-shef","unicode":"רֶשֶׁף","translit":"Resheph","definition":"the same as {{h7565}}; Resheph, an Israelite; Resheph.","strongs_number":"h7566"},"h7567":{"pronunciation":"raw-shash'","unicode":"רָשַׁשׁ","translit":"râshash","definition":"a primitive root; to demolish; impoverish.","strongs_number":"h7567"},"h7568":{"pronunciation":"reh'-sheth","unicode":"רֶשֶׁת","translit":"resheth","definition":"from {{h3423}}; a net (as catching animals); net(-work).","strongs_number":"h7568"},"h7569":{"pronunciation":"rat-toke'","unicode":"רַתּוֹק","translit":"rattôwq","definition":"from {{h7576}}; a chain; chain.","strongs_number":"h7569"},"h7570":{"pronunciation":"raw-thakh'","unicode":"רָתַח","translit":"râthach","definition":"a primitive root; to boil; boil.","strongs_number":"h7570"},"h7571":{"pronunciation":"reh'-thakh","unicode":"רֶתַח","translit":"rethach","definition":"from {{h7570}}; a boiling; × (boil) well.","strongs_number":"h7571"},"h7572":{"pronunciation":"rat-tee-kaw'","unicode":"רַתִּיקָה","translit":"rattîyqâh","definition":"from {{h7576}}; a chain; chain.","strongs_number":"h7572"},"h7573":{"pronunciation":"raw-tham'","unicode":"רָתַם","translit":"râtham","definition":"a primitive root; to yoke up (to the pole of a vehicle); bind.","strongs_number":"h7573"},"h7574":{"pronunciation":"reh'-them","unicode":"רֶתֶם","translit":"rethem","definition":"or רֹתֶם; from {{h7573}}; the Spanish broom (from its pole-like stems); juniper (tree).","strongs_number":"h7574"},"h7575":{"pronunciation":"rith-maw'","unicode":"רִתְמָה","translit":"Rithmâh","definition":"feminine of {{h7574}}; Rithmah, a place in the Desert; Rithmah.","strongs_number":"h7575"},"h7576":{"pronunciation":"raw-thak'","unicode":"רָתַק","translit":"râthaq","definition":"a primitive root; to fasten; bind.","strongs_number":"h7576"},"h7577":{"pronunciation":"reth-oo-kaw'","unicode":"רְתֻקָה","translit":"rᵉthuqâh","definition":"feminine passive participle of {{h7576}}; something fastened, i.e. a chain; chain.","strongs_number":"h7577"},"h7578":{"pronunciation":"reth-ayth'","unicode":"רְתֵת","translit":"rᵉthêth","definition":"for {{h7374}}; terror; trembling.","strongs_number":"h7578"},"h7579":{"pronunciation":"sahw-ab'","unicode":"שָׁאַב","translit":"shâʼab","definition":"a primitive root; to bale up water; (woman to) draw(-er, water).","strongs_number":"h7579"},"h7580":{"pronunciation":"shaw-ag'","unicode":"שָׁאַג","translit":"shâʼag","definition":"a primitive root; to rumble or moan; × mightily, roar.","strongs_number":"h7580"},"h7581":{"pronunciation":"sheh-aw-gaw'","unicode":"שְׁאָגָה","translit":"shᵉʼâgâh","definition":"from {{h7580}}; a rumbling or moan; roaring.","strongs_number":"h7581"},"h7582":{"pronunciation":"shaw-aw'","unicode":"שָׁאָה","translit":"shâʼâh","definition":"a primitive root; to rush; by implication, to desolate; be desolate, (make a) rush(-ing), (lay) waste.","strongs_number":"h7582"},"h7583":{"pronunciation":"shaw-aw'","unicode":"שָׁאָה","translit":"shâʼâh","definition":"a primitive root (identical with through the idea of whirling to giddiness); to stun, i.e. (intransitively) be astonished; wonder.","strongs_number":"h7583"},"h7584":{"pronunciation":"shah-av-aw'","unicode":"שַׁאֲוָה","translit":"shaʼăvâh","definition":"from {{h7582}}; a tempest (as rushing); desolation.","strongs_number":"h7584"},"h7585":{"pronunciation":"sheh-ole'","unicode":"שְׁאוֹל","translit":"shᵉʼôwl","definition":"or שְׁאֹל; from {{h7592}}; hades or the world of the dead (as if a subterranean retreat), including its accessories and inmates; grave, hell, pit.","strongs_number":"h7585"},"h7586":{"pronunciation":"shaw-ool'","unicode":"שָׁאוּל","translit":"Shâʼûwl","definition":"passive participle of {{h7592}}; asked; Shaul, the name of an Edomite and two Israelites; Saul, Shaul.","strongs_number":"h7586"},"h7587":{"pronunciation":"shaw-oo-lee'","unicode":"שָׁאוּלִי","translit":"Shâʼûwlîy","definition":"patronymic from {{h7856}}; a Shaülite or descendant of Shaul; Shaulites.","strongs_number":"h7587"},"h7588":{"pronunciation":"shaw-one'","unicode":"שָׁאוֹן","translit":"shâʼôwn","definition":"from {{h7582}}; uproar (as of rushing); by implication, destruction; × horrible, noise, pomp, rushing, tumult (× -uous).","strongs_number":"h7588"},"h7589":{"pronunciation":"sheh-awt'","unicode":"שְׁאָט","translit":"shᵉʼâṭ","definition":"from an unused root meaning to push aside; contempt; despite(-ful).","strongs_number":"h7589"},"h7590":{"pronunciation":"shawt","unicode":"שָׁאט","translit":"shâʼṭ","definition":"for active part of {{h7750}} (compare {{h7589}}); one contemning; that (which) despise(-d).","strongs_number":"h7590"},"h7591":{"pronunciation":"sheh-ee-yaw'","unicode":"שְׁאִיָּה","translit":"shᵉʼîyâh","definition":"from {{h7582}}; desolation; destruction.","strongs_number":"h7591"},"h7592":{"pronunciation":"shaw-al'","unicode":"שָׁאַל","translit":"shâʼal","definition":"or שָׁאֵל; a primitive root; to inquire; by implication, to request; by extension, to demand; ask (counsel, on), beg, borrow, lay to charge, consult, demand, desire, × earnestly, enquire,   greet, obtain leave, lend, pray, request, require,   salute, × straitly, × surely, wish.","strongs_number":"h7592"},"h7593":{"pronunciation":"sheh-ale'","unicode":"שְׁאֵל","translit":"shᵉʼêl","definition":"(Aramaic) corresponding to {{h7592}}; ask, demand, require.","strongs_number":"h7593"},"h7594":{"pronunciation":"sheh-awl'","unicode":"שְׁאָל","translit":"Shᵉʼâl","definition":"from {{h7592}}; request; Sheal, an Israelite; Sheal.","strongs_number":"h7594"},"h7595":{"pronunciation":"sheh-ay-law'","unicode":"שְׁאֵלָא","translit":"shᵉʼêlâʼ","definition":"(Aramaic) from {{h7593}}; properly, a question (at law), i.e. judicial decision or mandate; demand.","strongs_number":"h7595"},"h7596":{"pronunciation":"sheh-ay-law'","unicode":"שְׁאֵלָה","translit":"shᵉʼêlâh","definition":"or שֵׁלָה; (1 Samuel 1:17), from {{h7592}}; a petition; by implication, a loan; loan, petition, request.","strongs_number":"h7596"},"h7597":{"pronunciation":"sheh-al-tee-ale'","unicode":"שְׁאַלְתִּיאֵל","translit":"Shᵉʼaltîyʼêl","definition":"or שַׁלְתִּיאֵל; from {{h7592}} and {{h410}}; I have asked God; Shealtiel, an Israelite; Shalthiel, Shealtiel.","strongs_number":"h7597"},"h7598":{"pronunciation":"sheh-al-tee-ale'","unicode":"שְׁאַלְתִּיאֵל","translit":"Shᵉʼaltîyʼêl","definition":"(Aramaic) corresponding to {{h7597}}; Shealtiel.","strongs_number":"h7598"},"h7599":{"pronunciation":"shaw-an'","unicode":"שָׁאַן","translit":"shâʼan","definition":"a primitive root; to loll, i.e. be peaceful; be at ease, be quiet, rest. See also {{h1052}}.","strongs_number":"h7599"},"h7600":{"pronunciation":"shah-an-awn'","unicode":"שַׁאֲנָן","translit":"shaʼănân","definition":"from {{h7599}}; secure; in a bad sense, haughty; that is at ease, quiet, tumult. Compare {{h7946}}.","strongs_number":"h7600"}}