{"h7801":{"pronunciation":"shoo-shan-kee'","unicode":"שׁוּשַׁנְכִי","translit":"Shûwshankîy","definition":"(Aramaic) of foreign origin; a Shushankite (collectively) or inhabitants of some unknown place in Assyrian; Susanchites.","strongs_number":"h7801"},"h7802":{"pronunciation":"shoo-shan' ay-dooth'","unicode":"שׁוּשַׁן עֵדוּת","translit":"Shûwshan ʻÊdûwth","definition":"or (plural of former) שׁוֹשַׁנִּים עֵדוּתlemma שׁוֹשַׁנִּיס עֵדוּת samekh, corrected to שׁוֹשַׁנִּים עֵדוּת; from {{h7799}} and {{h5715}}; lily (or trumpet) of assemblage; Shushan-Eduth or Shoshannim-Eduth, the title of a popular song; Shoshannim-Eduth, Shushan-eduth.","strongs_number":"h7802"},"h7803":{"pronunciation":"shoo-theh'-lakh","unicode":"שׁוּתֶלַח","translit":"Shûwthelach","definition":"probably from {{h7582}} and the same as {{h8520}}; crash of breakage; Shuthelach, the name of two Israelites; Shuthelah.","strongs_number":"h7803"},"h7804":{"pronunciation":"shez-ab'","unicode":"שְׁזַב","translit":"shᵉzab","definition":"(Aramaic) corresponding to {{h5800}}; to leave, i.e. (causatively) free; deliver.","strongs_number":"h7804"},"h7805":{"pronunciation":"shaw-zaf'","unicode":"שָׁזַף","translit":"shâzaph","definition":"a primitive root; to tan (by sunburning); figuratively (as if by a piercing ray) to scan; look up, see.","strongs_number":"h7805"},"h7806":{"pronunciation":"shaw-zar'","unicode":"שָׁזַר","translit":"shâzar","definition":"a primitive root; to twist (a thread of straw); twine.","strongs_number":"h7806"},"h7807":{"pronunciation":"shakh","unicode":"שַׁח","translit":"shach","definition":"from {{h7817}}; sunk, i.e. downcast; humble.","strongs_number":"h7807"},"h7808":{"pronunciation":"say'-akh","unicode":"שֵׂחַ","translit":"sêach","definition":"for {{h7879}}; communion, i.e. (reflexively) meditation; thought.","strongs_number":"h7808"},"h7809":{"pronunciation":"shaw-khad'","unicode":"שָׁחַד","translit":"shâchad","definition":"a primitive root; to donate, i.e. bribe; hire, give a reward.","strongs_number":"h7809"},"h7810":{"pronunciation":"shakh'-ad","unicode":"שַׁחַד","translit":"shachad","definition":"from {{h7809}}; a donation (venal or redemptive); bribe(-ry), gift, present, reward.","strongs_number":"h7810"},"h7811":{"pronunciation":"saw-khaw'","unicode":"שָׂחָה","translit":"sâchâh","definition":"a primitive root; to swim; causatively, to inundate; (make to) swim.","strongs_number":"h7811"},"h7812":{"pronunciation":"shaw-khaw'","unicode":"שָׁחָה","translit":"shâchâh","definition":"a primitive root; to depress, i.e. prostrate (especially reflexive, in homage to royalty or God); bow (self) down, crouch, fall down (flat), humbly beseech, do (make) obeisance, do reverence, make to stoop, worship.","strongs_number":"h7812"},"h7813":{"pronunciation":"saw'-khoo","unicode":"שָׂחוּ","translit":"sâchûw","definition":"from {{h7811}}; a pond (for swimming); to swim in.","strongs_number":"h7813"},"h7814":{"pronunciation":"sekh-oke'","unicode":"שְׂחוֹק","translit":"sᵉchôwq","definition":"or שְׂחֹק; from {{h7832}}; laughter (in merriment or defiance); derision, laughter(-ed to scorn, -ing), mocked, sport.","strongs_number":"h7814"},"h7815":{"pronunciation":"shekh-ore'","unicode":"שְׁחוֹר","translit":"shᵉchôwr","definition":"from {{h7835}}; dinginess, i.e. perhaps soot; coal.","strongs_number":"h7815"},"h7816":{"pronunciation":"shekh-ooth'","unicode":"שְׁחוּת","translit":"shᵉchûwth","definition":"from {{h7812}}; pit; pit.","strongs_number":"h7816"},"h7817":{"pronunciation":"shaw-khakh'","unicode":"שָׁחַח","translit":"shâchach","definition":"a primitive root; to sink or depress (reflexive or causative); bend, bow (down), bring (cast) down, couch, humble self, be (bring) low, stoop.","strongs_number":"h7817"},"h7818":{"pronunciation":"saw-khat'","unicode":"שָׂחַט","translit":"sâchaṭ","definition":"a primitive root; to tread out, i.e. squeeze (grapes); press.","strongs_number":"h7818"},"h7819":{"pronunciation":"shaw-khat'","unicode":"שָׁחַט","translit":"shâchaṭ","definition":"a primitive root; to slaughter (in sacrifice or massacre); kill, offer, shoot out, slay, slaughter.","strongs_number":"h7819"},"h7820":{"pronunciation":"shaw-khat'","unicode":"שָׁחַט","translit":"shâchaṭ","definition":"a primitive root (identical with {{h7819}} through the idea of striking); to hammer out; beat.","strongs_number":"h7820"},"h7821":{"pronunciation":"shekh-ee-taw'","unicode":"שְׁחִיטָה","translit":"shᵉchîyṭâh","definition":"from {{h7819}}; slaughter; killing.","strongs_number":"h7821"},"h7822":{"pronunciation":"shekh-een'","unicode":"שְׁחִין","translit":"shᵉchîyn","definition":"from an unused root probably meaning to burn; inflammation, i.e. an ulcer; boil, botch.","strongs_number":"h7822"},"h7823":{"pronunciation":"shaw-khece'","unicode":"שָׁחִיס","translit":"shâchîyç","definition":"or סָחִישׁ; from an unused root apparently meaning to sprout; after-growth; (that) which springeth of the same.","strongs_number":"h7823"},"h7824":{"pronunciation":"shaw-kheef'","unicode":"שָׁחִיף","translit":"shâchîyph","definition":"from the same as {{h7828}}; a board (as chipped thin); cieled with.","strongs_number":"h7824"},"h7825":{"pronunciation":"shekh-eeth'","unicode":"שְׁחִית","translit":"shᵉchîyth","definition":"from {{h7812}}; a pit-fall (literally or figuratively); destruction, pit.","strongs_number":"h7825"},"h7826":{"pronunciation":"shakh'-al","unicode":"שַׁחַל","translit":"shachal","definition":"from an unused root probably meaning to roar; a lion (from his characteristic roar); (fierce) lion.","strongs_number":"h7826"},"h7827":{"pronunciation":"shekh-ay'-leth","unicode":"שְׁחֵלֶת","translit":"shᵉchêleth","definition":"apparently from the same as {{h7826}} through some obscure idea, perhaps that of peeling off by concussion of sound; a scale or shell, i.e. the aromatic mussel.; onycha.","strongs_number":"h7827"},"h7828":{"pronunciation":"shakh'-af","unicode":"שַׁחַף","translit":"shachaph","definition":"from an unused root meaning to peel, i.e. emaciate; the gull (as thin); cuckoo.","strongs_number":"h7828"},"h7829":{"pronunciation":"shakh-eh'-feth","unicode":"שַׁחֶפֶת","translit":"shachepheth","definition":"from the same as {{h7828}}; emaciation; consumption.","strongs_number":"h7829"},"h7830":{"pronunciation":"shakh'-ats","unicode":"שַׁחַץ","translit":"shachats","definition":"from an unused root apparently meaning to strut; haughtiness (as evinced by the attitude); × lion, pride.","strongs_number":"h7830"},"h7831":{"pronunciation":"shakh-ats-ome'","unicode":"שַׁחֲצוֹם","translit":"Shachătsôwm","definition":"from the same as {{h7830}}; proudly; Shachatsom, a place in Palestine; Shahazimah (from the margin).","strongs_number":"h7831"},"h7832":{"pronunciation":"saw-khak'","unicode":"שָׂחַק","translit":"sâchaq","definition":"a primitive root; to laugh (in pleasure or detraction); by implication, to play; deride, have in derision, laugh, make merry, mock(-er), play, rejoice, (laugh to) scorn, be in (make) sport.","strongs_number":"h7832"},"h7833":{"pronunciation":"shaw-khak'","unicode":"שָׁחַק","translit":"shâchaq","definition":"a primitive root; to comminate (by trituration or attrition); beat, wear.","strongs_number":"h7833"},"h7834":{"pronunciation":"shakh'-ak","unicode":"שַׁחַק","translit":"shachaq","definition":"from {{h7833}}; a powder (as beaten small); by analogy, a thin vapor; by extension, the firmament; cloud, small dust, heaven, sky.","strongs_number":"h7834"},"h7835":{"pronunciation":"shaw-khar'","unicode":"שָׁחַר","translit":"shâchar","definition":"a primitive root (identical with {{h7836}} through the idea of the duskiness of early dawn); to be dim or dark (in color); be black.","strongs_number":"h7835"},"h7836":{"pronunciation":"shaw-khar'","unicode":"שָׁחַר","translit":"shâchar","definition":"a primitive root; properly, to dawn, i.e. (figuratively) be (up) early at any task (with the implication of earnestness); by extension, to search for (with painstaking); (do something) betimes, enquire early, rise (seek) betimes, seek diligently) early, in the morning).","strongs_number":"h7836"},"h7837":{"pronunciation":"shakh'-ar","unicode":"שַׁחַר","translit":"shachar","definition":"from {{h7836}}; dawn (literal, figurative or adverbial); day(-spring), early, light, morning, whence riseth.","strongs_number":"h7837"},"h7838":{"pronunciation":"shaw-khore'","unicode":"שָׁחֹר","translit":"shâchôr","definition":"or שָׁחוֹר; from {{h7835}}; properly, dusky, but also (absol.) jetty; black.","strongs_number":"h7838"},"h7839":{"pronunciation":"shakh-ar-ooth'","unicode":"שַׁחֲרוּת","translit":"shachărûwth","definition":"from {{h7836}}; a dawning, i.e. (figuratively) juvenescence; youth.","strongs_number":"h7839"},"h7840":{"pronunciation":"shekh-ar-kho'-reth","unicode":"שְׁחַרְחֹרֶת","translit":"shᵉcharchôreth","definition":"from {{h7835}}; swarthy; black.","strongs_number":"h7840"},"h7841":{"pronunciation":"shekh-ar-yaw'","unicode":"שְׁחַרְיָה","translit":"Shᵉcharyâh","definition":"from {{h7836}} and {{h3050}}; Jah has sought; Shecharjah, an Israelite; Shehariah.","strongs_number":"h7841"},"h7842":{"pronunciation":"shakh-ar-ah'-yim","unicode":"שַׁחֲרַיִם","translit":"Shachărayim","definition":"dual of {{h7837}}; double dawn; Shacharajim, an Israelite; Shaharaim.","strongs_number":"h7842"},"h7843":{"pronunciation":"shaw-khath'","unicode":"שָׁחַת","translit":"shâchath","definition":"a primitive root; to decay, i.e. (causatively) ruin (literally or figuratively); batter, cast off, corrupt(-er, thing), destroy(-er, -uction), lose, mar, perish, spill, spoiler, × utterly, waste(-r).","strongs_number":"h7843"},"h7844":{"pronunciation":"shekh-ath'","unicode":"שְׁחַת","translit":"shᵉchath","definition":"(Aramaic) corresponding to {{h7843}}; corrupt, fault.","strongs_number":"h7844"},"h7845":{"pronunciation":"shakh'-ath","unicode":"שַׁחַת","translit":"shachath","definition":"from {{h7743}}; a pit (especially as a trap); figuratively, destruction; corruption, destruction, ditch, grave, pit.","strongs_number":"h7845"},"h7846":{"pronunciation":"sayte","unicode":"שֵׂט","translit":"sêṭ","definition":"or סֵט; from {{h7750}}; a departure from right, i.e. sin; revolter, that turn aside.","strongs_number":"h7846"},"h7847":{"pronunciation":"saw-taw'","unicode":"שָׂטָה","translit":"sâṭâh","definition":"a primitive root; to deviate from duty; decline, go aside, turn.","strongs_number":"h7847"},"h7848":{"pronunciation":"shit-taw'","unicode":"שִׁטָּה","translit":"shiṭṭâh","definition":"feminine of a derivative (only in the plural שִׁטִּים; meaning the sticks of wood) from the same as {{h7850}}; the acacia (from its scourging thorns); shittah, shittim. See also {{h1029}}.","strongs_number":"h7848"},"h7849":{"pronunciation":"shaw-takh'","unicode":"שָׁטַח","translit":"shâṭach","definition":"a primitive root; to expand; all abroad, enlarge, spread, stretch out.","strongs_number":"h7849"},"h7850":{"pronunciation":"sho-tate'","unicode":"שֹׁטֵט","translit":"shôṭêṭ","definition":"active participle of an otherwise unused root meaning (properly, to pierce; but only as a denominative from {{h7752}}); to flog; a goad; scourge.","strongs_number":"h7850"},"h7851":{"pronunciation":"shit-teem'","unicode":"שִׁטִּים","translit":"Shiṭṭîym","definition":"the same as the plural of {{h7848}}; acacia trees; Shittim, a place East of the Jordan; Shittim.","strongs_number":"h7851"},"h7852":{"pronunciation":"saw-tam'","unicode":"שָׂטַם","translit":"sâṭam","definition":"a primitive root; properly, to lurk for, i.e. persecute; hate, oppose self against.","strongs_number":"h7852"},"h7853":{"pronunciation":"saw-tan'","unicode":"שָׂטַן","translit":"sâṭan","definition":"a primitive root; to attack, (figuratively) accuse; (be an) adversary, resist.","strongs_number":"h7853"},"h7854":{"pronunciation":"saw-tawn'","unicode":"שָׂטָן","translit":"sâṭân","definition":"from {{h7853}}; an opponent; especially (with the article prefixed) Satan, the arch-enemy of good; adversary, Satan, withstand.","strongs_number":"h7854"},"h7855":{"pronunciation":"sit-naw'","unicode":"שִׂטְנָה","translit":"siṭnâh","definition":"from {{h7853}}; opposition (by letter); accusation.","strongs_number":"h7855"},"h7856":{"pronunciation":"sit-naw'","unicode":"שִׂטְנָה","translit":"Siṭnâh","definition":"the same as {{h7855}}; Sitnah, the name of a well in Pal; Sitnah.","strongs_number":"h7856"},"h7857":{"pronunciation":"shaw-taf'","unicode":"שָׁטַף","translit":"shâṭaph","definition":"a primitive root; to gush; by implication, to inundate, cleanse; by analogy, to gallop, conquer; drown, (over-) flow(-whelm, rinse, run, rush, (throughly) wash (away).","strongs_number":"h7857"},"h7858":{"pronunciation":"sheh'-tef","unicode":"שֶׁטֶף","translit":"sheṭeph","definition":"or שֵׁטֶף; from {{h7857}}; a deluge (literally or figuratively); flood, outrageous, overflowing.","strongs_number":"h7858"},"h7859":{"pronunciation":"shet-ar'","unicode":"שְׁטַר","translit":"shᵉṭar","definition":"(Aramaic) of uncertain derivation; a side; side.","strongs_number":"h7859"},"h7860":{"pronunciation":"sho-tare'","unicode":"שֹׁטֵר","translit":"shôṭêr","definition":"active participle of an otherwise unused root probably meaning to write; properly, a scribe, i.e. (by analogy or implication) an official superintendent or magistrate; officer, overseer, ruler.","strongs_number":"h7860"},"h7861":{"pronunciation":"shit-rah'-ee","unicode":"שִׁטְרַי","translit":"Shiṭray","definition":"from the same as {{h7860}}; magisterial; Shitrai, an Israelite; Shitrai.","strongs_number":"h7861"},"h7862":{"pronunciation":"shah'-ee","unicode":"שַׁי","translit":"shay","definition":"probably from {{h7737}}; a gift (as available); present.","strongs_number":"h7862"},"h7863":{"pronunciation":"see","unicode":"שִׂיא","translit":"sîyʼ","definition":"from the same as {{h7721}} by permutation; elevation; excellency.","strongs_number":"h7863"},"h7864":{"pronunciation":"sheh-yaw'","unicode":"שְׁיָא","translit":"Shᵉyâʼ","definition":"for {{h7724}}; Sheja, an Israelite; Sheva (from the margin).","strongs_number":"h7864"},"h7865":{"pronunciation":"see-ohn'","unicode":"שִׂיאֹן","translit":"Sîyʼôn","definition":"from {{h7863}}; peak; Sion, the summit of Mount Hermon; Sion.","strongs_number":"h7865"},"h7866":{"pronunciation":"shee-ohn'","unicode":"שִׁיאוֹן","translit":"Shîyʼôwn","definition":"from the same as {{h7722}}; ruin; Shijon, a place in Palestine; Shihon.","strongs_number":"h7866"},"h7867":{"pronunciation":"seeb","unicode":"שִׂיב","translit":"sîyb","definition":"a primitive root; properly, to become aged, i.e. (by implication) to grow gray; (be) grayheaded.","strongs_number":"h7867"},"h7868":{"pronunciation":"seeb","unicode":"שִׂיב","translit":"sîyb","definition":"(Aramaic) corresponding to {{h7867}}; elder.","strongs_number":"h7868"},"h7869":{"pronunciation":"sabe","unicode":"שֵׂיב","translit":"sêyb","definition":"from {{h7867}}; old age; age.","strongs_number":"h7869"},"h7870":{"pronunciation":"shee-baw'","unicode":"שִׁיבָה","translit":"shîybâh","definition":"by permutation from {{h7725}}; a return (of property); captivity.","strongs_number":"h7870"},"h7871":{"pronunciation":"shee-baw'","unicode":"שִׁיבָה","translit":"shîybâh","definition":"from {{h3427}}; residence; while...lay.","strongs_number":"h7871"},"h7872":{"pronunciation":"say-baw'","unicode":"שֵׂיבָה","translit":"sêybâh","definition":"feminine of {{h7869}}; old age; (be) gray (grey hoar,-y) hairs (head,-ed), old age.","strongs_number":"h7872"},"h7873":{"pronunciation":"seeg","unicode":"שִׂיג","translit":"sîyg","definition":"from {{h7734}}; a withdrawal (into a private place); pursuing.","strongs_number":"h7873"},"h7874":{"pronunciation":"seed","unicode":"שִׂיד","translit":"sîyd","definition":"a primitive root probably meaning to boil up (compare {{h7736}}); used only as denominative from {{h7875}}; to plaster; plaister.","strongs_number":"h7874"},"h7875":{"pronunciation":"seed","unicode":"שִׂיד","translit":"sîyd","definition":"from {{h7874}}; lime (as boiling when slacked); lime, plaister.","strongs_number":"h7875"},"h7876":{"pronunciation":"shaw-yaw'","unicode":"שָׁיָה","translit":"shâyâh","definition":"a primitive root; to keep in memory; be unmindful. (Render Deuteronomy 32:18, 'A Rock bore thee, thou must recollect; and (yet) thou hast forgotten,' etc.)","strongs_number":"h7876"},"h7877":{"pronunciation":"shee-zaw'","unicode":"שִׁיזָא","translit":"Shîyzâʼ","definition":"of unknown derivation; Shiza, an Israelite; Shiza.","strongs_number":"h7877"},"h7878":{"pronunciation":"see'-akh","unicode":"שִׂיחַ","translit":"sîyach","definition":"a primitive root; to ponder, i.e. (by implication) converse (with oneself, and hence, aloud) or (transitively) utter; commune, complain, declare, meditate, muse, pray, speak, talk (with).","strongs_number":"h7878"},"h7879":{"pronunciation":"see'-akh","unicode":"שִׂיחַ","translit":"sîyach","definition":"from {{h7878}}; a contemplation; by implication, an utterance; babbling, communication, complaint, meditation, prayer, talk.","strongs_number":"h7879"},"h7880":{"pronunciation":"see'-akh","unicode":"שִׂיחַ","translit":"sîyach","definition":"from {{h7878}}; a shoot (as if uttered or put forth), i.e. (generally) shrubbery; bush, plant, shrub.","strongs_number":"h7880"},"h7881":{"pronunciation":"see-khaw'","unicode":"שִׂיחָה","translit":"sîychâh","definition":"feminine of {{h7879}}; reflection; by extension, devotion; meditation, prayer.","strongs_number":"h7881"},"h7882":{"pronunciation":"shee-khaw'","unicode":"שִׁיחָה","translit":"shîychâh","definition":"for {{h7745}}; a pit-fall; pit.","strongs_number":"h7882"},"h7883":{"pronunciation":"shee-khore'","unicode":"שִׁיחוֹר","translit":"Shîychôwr","definition":"or שִׁחוֹר; or שִׁחֹר; probably from {{h7835}}; dark, i.e. turbid; Shichor, a stream of Egypt; Shihor, Sihor.","strongs_number":"h7883"},"h7884":{"pronunciation":"shee-khore' lib-nawth'","unicode":"שִׁיחוֹר לִבְנָת","translit":"Shîychôwr Libnâth","definition":"from the same as {{h7883}} and {{h3835}}; darkish whiteness; Shichor-Libnath, a stream of Palestine; Shihor-libnath.","strongs_number":"h7884"},"h7885":{"pronunciation":"shay'-yit","unicode":"שַׁיִט","translit":"shayiṭ","definition":"from {{h7751}}; also (compare {{h7752}}); an oar; a scourge (figuratively); oar, scourge.","strongs_number":"h7885"},"h7886":{"pronunciation":"shee-lo'","unicode":"שִׁילֹה","translit":"Shîylôh","definition":"from {{h7951}}; tranquil; Shiloh, an epithet of the Messiah; Shiloh.","strongs_number":"h7886"},"h7887":{"pronunciation":"shee-lo'","unicode":"שִׁילֹה","translit":"Shîylôh","definition":"or שִׁלֹה; or שִׁילוֹ; or שִׁלוֹ; from the same as {{h7886}}; Shiloh, a place in Palestine; Shiloh.","strongs_number":"h7887"},"h7888":{"pronunciation":"shee-lo-nee'","unicode":"שִׁילוֹנִי","translit":"Shîylôwnîy","definition":"or שִׁילֹנִי; or שִׁלֹנִי; from {{h7887}}; a Shilonite or inhabitant of Shiloh; Shilonite.","strongs_number":"h7888"},"h7889":{"pronunciation":"shee-mone'","unicode":"שִׁימוֹן","translit":"Shîymôwn","definition":"apparently for {{h3452}}; desert; Shimon, an Israelite; Shimon.","strongs_number":"h7889"},"h7890":{"pronunciation":"shah'-yin","unicode":"שַׁיִן","translit":"shayin","definition":"from an unused root meaning to urinate; urine; piss.","strongs_number":"h7890"},"h7891":{"pronunciation":"sheer","unicode":"שִׁיר","translit":"shîyr","definition":"or (the original form) שׁוּר; (1 Samuel 18:6), a primitive root (rather identical with {{h7788}} through the idea of strolling minstrelsy); to sing; behold (by mistake for {{h7789}}), sing(-er, -ing man, -ing woman).","strongs_number":"h7891"},"h7892":{"pronunciation":"sheer","unicode":"שִׁיר","translit":"shîyr","definition":"or feminine שִׁירָה; from {{h7891}}; a song; abstractly, singing; musical(-ick), × sing(-er, -ing), song.","strongs_number":"h7892"},"h7893":{"pronunciation":"shah'-yish","unicode":"שַׁיִשׁ","translit":"shayish","definition":"from an unused root meaning to bleach, i.e. whiten;\tSee {{h8336}}.; white, i.e. marble.","strongs_number":"h7893"},"h7894":{"pronunciation":"shee-shaw'","unicode":"שִׁישָׁא","translit":"Shîyshâʼ","definition":"from the same as {{h7893}}; whiteness; Shisha, an Israelite; Shisha.","strongs_number":"h7894"},"h7895":{"pronunciation":"shee-shak'","unicode":"שִׁישַׁק","translit":"Shîyshaq","definition":"or שׁוּשַׁק; of Egyptian derivation; Shishak, an Egyptian king; Shishak.","strongs_number":"h7895"},"h7896":{"pronunciation":"sheeth","unicode":"שִׁית","translit":"shîyth","definition":"a primitive root; to place (in a very wide application); apply, appoint, array, bring, consider, lay (up), let alone, × look, make, mark, put (on),   regard, set, shew, be stayed, × take.","strongs_number":"h7896"},"h7897":{"pronunciation":"sheeth","unicode":"שִׁית","translit":"shîyth","definition":"from {{h7896}}; a dress (as put on); attire.","strongs_number":"h7897"},"h7898":{"pronunciation":"shah'-yith","unicode":"שַׁיִת","translit":"shayith","definition":"from {{h7896}}; scrub or trash, i.e. wild growth of weeds or briers (as if put on the field); thorns.","strongs_number":"h7898"},"h7899":{"pronunciation":"sake","unicode":"שֵׂךְ","translit":"sêk","definition":"from {{h5526}} in the sense of {{h7753}}; a brier (as of a hedge); prick.","strongs_number":"h7899"},"h7900":{"pronunciation":"soke","unicode":"שֹׂךְ","translit":"sôk","definition":"from {{h5526}} in the sense of {{h7753}}; a booth (as interlaced); tabernacle.","strongs_number":"h7900"}}