{"h7901":{"pronunciation":"shaw-kab'","unicode":"שָׁכַב","translit":"shâkab","definition":"a primitive root; to lie down (for rest, sexual connection, decease or any other purpose); × at all, cast down, (lover-)lay (self) (down), (make to) lie (down, down to sleep, still with), lodge, ravish, take rest, sleep, stay.","strongs_number":"h7901"},"h7902":{"pronunciation":"shek-aw-baw'","unicode":"שְׁכָבָה","translit":"shᵉkâbâh","definition":"from {{h7901}}; a lying down (of dew, or for the sexual act); × carnally, copulation, × lay, seed.","strongs_number":"h7902"},"h7903":{"pronunciation":"shek-o'-beth","unicode":"שְׁכֹבֶת","translit":"shᵉkôbeth","definition":"from {{h7901}}; a (sexual) lying with; × lie.","strongs_number":"h7903"},"h7904":{"pronunciation":"shaw-kaw'","unicode":"שָׁכָה","translit":"shâkâh","definition":"a primitive root; to roam (through lust); in the morning (by mistake for {{h7925}}).","strongs_number":"h7904"},"h7905":{"pronunciation":"sook-kaw'","unicode":"שֻׂכָּה","translit":"sukkâh","definition":"feminine of {{h7900}} in the sense of {{h7899}}; a dart (as pointed like a thorn); barbed iron.","strongs_number":"h7905"},"h7906":{"pronunciation":"say'-koo","unicode":"שֵׂכוּ","translit":"Sêkûw","definition":"from an unused root apparently meaning to surmount; an observatory (with the article); Seku, a place in Palestine; Sechu.","strongs_number":"h7906"},"h7907":{"pronunciation":"sek-vee'","unicode":"שֶׂכְוִי","translit":"sekvîy","definition":"from the same as {{h7906}}; observant, i.e. (concretely) the mind; heart.","strongs_number":"h7907"},"h7908":{"pronunciation":"shek-ole'","unicode":"שְׁכוֹל","translit":"shᵉkôwl","definition":"infinitive of {{h7921}}; bereavement; loss of children, spoiling.","strongs_number":"h7908"},"h7909":{"pronunciation":"shak-kool'","unicode":"שַׁכּוּל","translit":"shakkûwl","definition":"or שַׁכֻּל; from {{h7921}}; bereaved; barren, bereaved (robbed) of children (whelps).","strongs_number":"h7909"},"h7910":{"pronunciation":"shik-kore'","unicode":"שִׁכּוֹר","translit":"shikkôwr","definition":"or שִׁכֹּר; from {{h7937}}; intoxicated, as a state or a habit; drunk(-ard, -en, -en man).","strongs_number":"h7910"},"h7911":{"pronunciation":"shaw-kakh'","unicode":"שָׁכַח","translit":"shâkach","definition":"or שָׁכֵחַ; a primitive root; to mislay, i.e. to be oblivious of, from want of memory or attention; × at all, (cause to) forget.","strongs_number":"h7911"},"h7912":{"pronunciation":"shek-akh'","unicode":"שְׁכַח","translit":"shᵉkach","definition":"(Aramaic) corresponding to {{h7911}} through the idea of disclosure of a covered or forgotten thing; to discover (literally or figuratively); find.","strongs_number":"h7912"},"h7913":{"pronunciation":"shaw-kay'-akh","unicode":"שָׁכֵחַ","translit":"shâkêach","definition":"from {{h7911}}; oblivious; forget.","strongs_number":"h7913"},"h7914":{"pronunciation":"sek-ee-yaw'","unicode":"שְׂכִיָּה","translit":"sᵉkîyâh","definition":"feminine from the same as {{h7906}}; a conspicuous object; picture.","strongs_number":"h7914"},"h7915":{"pronunciation":"sak-keen'","unicode":"שַׂכִּין","translit":"sakkîyn","definition":"intensive perhaps from the same as {{h7906}} in the sense of {{h7753}}; a knife (as pointed or edged); knife.","strongs_number":"h7915"},"h7916":{"pronunciation":"saw-keer'","unicode":"שָׂכִיר","translit":"sâkîyr","definition":"from {{h7936}}; a man at wages\tby the day or year; hired (man, servant), hireling.","strongs_number":"h7916"},"h7917":{"pronunciation":"sek-ee-raw'","unicode":"שְׂכִירָה","translit":"sᵉkîyrâh","definition":"feminine of {{h7916}}; a hiring; that is hired.","strongs_number":"h7917"},"h7918":{"pronunciation":"shaw-kak'","unicode":"שָׁכַךְ","translit":"shâkak","definition":"a primitive root; to weave (i.e. lay) a trap; figuratively, (through the idea of secreting) to allay (passions; physically, abate a flood); appease, assuage, make to cease, pacify, set.","strongs_number":"h7918"},"h7919":{"pronunciation":"saw-kal'","unicode":"שָׂכַל","translit":"sâkal","definition":"a primitive root; to be (causatively, make or act) circumspect and hence, intelligent; consider, expert, instruct, prosper, (deal) prudent(-ly), (give) skill(-ful), have good success, teach, (have, make to) understand(-ing), wisdom, (be, behave self, consider, make) wise(-ly), guide wittingly.","strongs_number":"h7919"},"h7920":{"pronunciation":"sek-al'","unicode":"שְׂכַל","translit":"sᵉkal","definition":"(Aramaic) corresponding to {{h7919}}; consider.","strongs_number":"h7920"},"h7921":{"pronunciation":"shaw-kole'","unicode":"שָׁכֹל","translit":"shâkôl","definition":"a primitive root; properly, to miscarry, i.e. suffer abortion; by analogy, to bereave (literally or figuratively); bereave (of children), barren, cast calf (fruit, young), be (make) childless, deprive, destroy, × expect, lose children, miscarry, rob of children, spoil.","strongs_number":"h7921"},"h7922":{"pronunciation":"seh'-kel","unicode":"שֶׂכֶל","translit":"sekel","definition":"or שֵׂכֶל; from {{h7919}}; intelligence; by implication, success; discretion, knowledge, policy, prudence, sense, understanding, wisdom, wise.","strongs_number":"h7922"},"h7923":{"pronunciation":"shik-koo-leem'","unicode":"שִׁכֻּלִים","translit":"shikkulîym","definition":"plural from {{h7921}}; childlessness (by continued bereavements); to have after loss of others.","strongs_number":"h7923"},"h7924":{"pronunciation":"sok-leth-aw-noo'","unicode":"שׇׂכְלְתָנוּ","translit":"soklᵉthânûw","definition":"(Aramaic) from {{h7920}}; intelligence; understanding.","strongs_number":"h7924"},"h7925":{"pronunciation":"shaw-kam'","unicode":"שָׁכַם","translit":"shâkam","definition":"a primitive root; properly, to incline (the shoulder to a burden); but used only as denominative from {{h7926}}; literally, to load up (on the back of man or beast), i.e. to start early in the morning; (arise, be up, get (oneself) up, rise up) early (betimes), morning.","strongs_number":"h7925"},"h7926":{"pronunciation":"shek-em'","unicode":"שְׁכֶם","translit":"shᵉkem","definition":"from {{h7925}}; the neck (between the shoulders) as the place of burdens; figuratively, the spur of a hill; back, × consent, portion, shoulder.","strongs_number":"h7926"},"h7927":{"pronunciation":"shek-em'","unicode":"שְׁכֶם","translit":"Shᵉkem","definition":"the same as {{h7926}}; ridge; Shekem, a place in Palestine; Shechem.","strongs_number":"h7927"},"h7928":{"pronunciation":"sheh'-kem","unicode":"שֶׁכֶם","translit":"Shekem","definition":"for {{h7926}}; Shekem, the name of a Hivite and two Israelites; Shechem.","strongs_number":"h7928"},"h7929":{"pronunciation":"shik-maw'","unicode":"שִׁכְמָה","translit":"shikmâh","definition":"feminine of {{h7926}}; the shoulderbone; shoulder blade.","strongs_number":"h7929"},"h7930":{"pronunciation":"shik-mee'","unicode":"שִׁכְמִי","translit":"Shikmîy","definition":"patronymic from {{h7928}}; a Shikmite (collectively), or descendants of Shekem; Shichemites.","strongs_number":"h7930"},"h7931":{"pronunciation":"shaw-kan'","unicode":"שָׁכַן","translit":"shâkan","definition":"a primitive root (apparently akin (by transmission) to {{h7901}} through the idea of lodging; compare {{h5531}}, {{h7925}}); to reside or permanently stay (literally or figuratively); abide, continue, (cause to, make to) dwell(-er), have habitation, inhabit, lay, place, (cause to) remain, rest, set (up).","strongs_number":"h7931"},"h7932":{"pronunciation":"shek-an'","unicode":"שְׁכַן","translit":"shᵉkan","definition":"(Aramaic) corresponding to {{h7931}}; cause to dwell, have habitation.","strongs_number":"h7932"},"h7933":{"pronunciation":"sheh'-ken","unicode":"שֶׁכֶן","translit":"sheken","definition":"from {{h7931}}; a residence; habitation.","strongs_number":"h7933"},"h7934":{"pronunciation":"shaw-kane'","unicode":"שָׁכֵן","translit":"shâkên","definition":"from {{h7931}}; a resident; by extension, a fellow-citizen; inhabitant, neighbour, nigh.","strongs_number":"h7934"},"h7935":{"pronunciation":"shek-an-yaw'","unicode":"שְׁכַנְיָה","translit":"Shᵉkanyâh","definition":"or (prolonged) שְׁכַנְיָהוּ; from {{h7931}} and {{h3050}}; Jah has dwelt; Shekanjah, the name of nine Israelites; Shecaniah, Shechaniah.","strongs_number":"h7935"},"h7936":{"pronunciation":"saw-kar'","unicode":"שָׂכַר","translit":"sâkar","definition":"or (by permutation) סָכַר; (Ezra 4:5), a primitive root (apparently akin (by prosthesis) to {{h3739}} through the idea of temporary purchase; compare {{h7937}}); to hire; earn wages, hire (out self), reward, × surely.","strongs_number":"h7936"},"h7937":{"pronunciation":"shaw-kar'","unicode":"שָׁכַר","translit":"shâkar","definition":"a primitive root; to become tipsy; in a qualified sense, to satiate with a stimulating drink or (figuratively) influence; (be filled with) drink (abundantly), (be, make) drunk(-en), be merry. (Superlative of {{h8248}}.)","strongs_number":"h7937"},"h7938":{"pronunciation":"seh'-ker","unicode":"שֶׂכֶר","translit":"seker","definition":"from {{h7936}}; wages; reward, sluices.","strongs_number":"h7938"},"h7939":{"pronunciation":"saw-kawr'","unicode":"שָׂכָר","translit":"sâkâr","definition":"from {{h7936}}; payment of contract; concretely, salary, fare, maintenance; by implication, compensation, benefit; hire, price, reward(-ed), wages, worth.","strongs_number":"h7939"},"h7940":{"pronunciation":"saw-kar'","unicode":"שָׂכָר","translit":"Sâkâr","definition":"the same as {{h7939}}; recompense; Sakar, the name of two Israelites; Sacar.","strongs_number":"h7940"},"h7941":{"pronunciation":"shay-kawr'","unicode":"שֵׁכָר","translit":"shêkâr","definition":"from {{h7937}}; an intoxicant, i.e. intensely alcoholic liquor; strong drink,   drunkard, strong wine.","strongs_number":"h7941"},"h7942":{"pronunciation":"shik-ker-one'","unicode":"שִׁכְּרוֹן","translit":"Shikkᵉrôwn","definition":"for {{h7943}}; drunkenness, Shikkeron, a place in Palestine; Shicron.","strongs_number":"h7942"},"h7943":{"pronunciation":"shik-kaw-rone'","unicode":"שִׁכָּרוֹן","translit":"shikkârôwn","definition":"from {{h7937}}; intoxication; (be) drunken(-ness).","strongs_number":"h7943"},"h7944":{"pronunciation":"shal","unicode":"שַׁל","translit":"shal","definition":"from {{h7952}} abbreviated form; a fault; error.","strongs_number":"h7944"},"h7945":{"pronunciation":"shel","unicode":"שֶׁל","translit":"shel","definition":"for the rel. {{h834}}; used with prepositional prefix, and often followed by some pronominal affix; on account of, whatsoever, whichsoever; cause, sake.","strongs_number":"h7945"},"h7946":{"pronunciation":"shal-an-awn'","unicode":"שַׁלְאֲנָן","translit":"shalʼănân","definition":"for {{h7600}}; tranquil; being at ease.","strongs_number":"h7946"},"h7947":{"pronunciation":"shaw-lab'","unicode":"שָׁלַב","translit":"shâlab","definition":"a primitive root; to space off; intensive (evenly) to make equi-distant; equally distant, set in order.","strongs_number":"h7947"},"h7948":{"pronunciation":"shaw-lawb'","unicode":"שָׁלָב","translit":"shâlâb","definition":"from {{h7947}}; a spacer or raised interval, i.e. the stile in a frame or panel; ledge.","strongs_number":"h7948"},"h7949":{"pronunciation":"shaw-lag'","unicode":"שָׁלַג","translit":"shâlag","definition":"a primitive root; properly, meaning to be white; used only as denominative from {{h7950}}; to be snow-white (with the linen clothing of the slain); be as snow.","strongs_number":"h7949"},"h7950":{"pronunciation":"sheh'-leg","unicode":"שֶׁלֶג","translit":"sheleg","definition":"from {{h7949}}; snow (probably from its whiteness); snow(-y).","strongs_number":"h7950"},"h7951":{"pronunciation":"shaw-law'","unicode":"שָׁלָה","translit":"shâlâh","definition":"or שָׁלַו; (Job 3:26), a primitive root; to be tranquil, i.e. secure or successful; be happy, prosper, be in safety.","strongs_number":"h7951"},"h7952":{"pronunciation":"shaw-law'","unicode":"שָׁלָה","translit":"shâlâh","definition":"a primitive root (probably identical with {{h7953}} through the idea of educing); to mislead; deceive, be negligent.","strongs_number":"h7952"},"h7953":{"pronunciation":"shaw-law'","unicode":"שָׁלָה","translit":"shâlâh","definition":"a primitive root (rather cognate (by contraction) to the base of {{h5394}}, {{h7997}} and their congeners through the idea of extracting); to draw out or off, i.e. remove (the soul by death); take away.","strongs_number":"h7953"},"h7954":{"pronunciation":"shel-aw'","unicode":"שְׁלָה","translit":"shᵉlâh","definition":"(Aramaic) corresponding to {{h7951}}; to be secure; at rest.","strongs_number":"h7954"},"h7955":{"pronunciation":"shaw-law'","unicode":"שָׁלָה","translit":"shâlâh","definition":"(Aramaic) from a root corresponding to {{h7952}}; a wrong; thing amiss.","strongs_number":"h7955"},"h7956":{"pronunciation":"shay-law'","unicode":"שֵׁלָה","translit":"Shêlâh","definition":"the same as {{h7596}} (shortened); request; Shelah, the name of a postdiluvian patriarch and of an Israelite; Shelah.","strongs_number":"h7956"},"h7957":{"pronunciation":"shal-heh'-beth","unicode":"שַׁלְהֶבֶת","translit":"shalhebeth","definition":"from the same as {{h3851}} with sibilant prefix; a flare of fire; (flaming) flame.","strongs_number":"h7957"},"h7958":{"pronunciation":"sel-awv'","unicode":"שְׂלָו","translit":"sᵉlâv","definition":"or שְׂלָיו; by orthographical variation from {{h7951}} through the idea of sluggishness; the quail collectively (as slow in flight from its weight); quails.","strongs_number":"h7958"},"h7959":{"pronunciation":"sheh'-lev","unicode":"שֶׁלֶו","translit":"shelev","definition":"from {{h7951}}; security; prosperity.","strongs_number":"h7959"},"h7960":{"pronunciation":"shaw-loo'","unicode":"שָׁלוּ","translit":"shâlûw","definition":"(Aramaic) or שָׁלוּת; (Aramaic), from the same as {{h7955}}; a fault; error, × fail, thing amiss.","strongs_number":"h7960"},"h7961":{"pronunciation":"shaw-lave'","unicode":"שָׁלֵו","translit":"shâlêv","definition":"or שָׁלֵיו; feminine שְׁלֵוָה; from {{h7951}}; tranquil; (in a bad sense) careless; abstractly, security; (being) at ease, peaceable, (in) prosper(-ity), quiet(-ness), wealthy.","strongs_number":"h7961"},"h7962":{"pronunciation":"shal-vaw'","unicode":"שַׁלְוָה","translit":"shalvâh","definition":"from {{h7951}}; security (genuine or false); abundance, peace(-ably), prosperity, quietness.","strongs_number":"h7962"},"h7963":{"pronunciation":"shel-ay-vaw'","unicode":"שְׁלֵוָה","translit":"shᵉlêvâh","definition":"(Aramaic) corresponding to {{h7962}}; safety; tranquillity. See also {{h7961}}.","strongs_number":"h7963"},"h7964":{"pronunciation":"shil-loo'-akh","unicode":"שִׁלּוּחַ","translit":"shillûwach","definition":"or שִׁלֻּחַ; from {{h7971}}; (only in plural) a dismissal, i.e. (of a wife) divorce (especially the document); also (of a daughter) dower; presents, have sent back.","strongs_number":"h7964"},"h7965":{"pronunciation":"shaw-lome'","unicode":"שָׁלוֹם","translit":"shâlôwm","definition":"or שָׁלֹם; from {{h7999}}; safe, i.e. (figuratively) well, happy, friendly; also (abstractly) welfare, i.e. health, prosperity, peace; × do, familiar, × fare, favour,   friend, × great, (good) health, (× perfect, such as be at) peace(-able, -ably), prosper(-ity, -ous), rest, safe(-ty), salute, welfare, (× all is, be) well, × wholly.","strongs_number":"h7965"},"h7966":{"pronunciation":"shil-loom'","unicode":"שִׁלּוּם","translit":"shillûwm","definition":"or שִׁלֻּם; from {{h7999}}; a requital, i.e. (secure) retribution, (venal) a fee; recompense, reward.","strongs_number":"h7966"},"h7967":{"pronunciation":"shal-loom'","unicode":"שַׁלּוּם","translit":"Shallûwm","definition":"or (shorter) שַׁלֻּם; the same as {{h7966}}; Shallum, the name of fourteen Israelites; Shallum.","strongs_number":"h7967"},"h7968":{"pronunciation":"shal-loon'","unicode":"שַׁלּוּן","translit":"Shallûwn","definition":"probably for {{h7967}}; Shallun, an Israelite; Shallum.","strongs_number":"h7968"},"h7969":{"pronunciation":"shaw-loshe'","unicode":"שָׁלוֹשׁ","translit":"shâlôwsh","definition":"or שָׁלֹשׁ; masculine שְׁלוֹשָׁה; or שְׁלֹשָׁה; a primitive number; three; occasionally (ordinal) third, or (multiple) thrice; fork,   often(-times), third, thir(-teen, -teenth), three,   thrice. Compare {{h7991}}.","strongs_number":"h7969"},"h7970":{"pronunciation":"shel-o-sheem'","unicode":"שְׁלוֹשִׁים","translit":"shᵉlôwshîym","definition":"or שְׁלֹשִׁים; multiple of {{h7969}}; thirty; or (ordinal) thirtieth; thirty, thirtieth. Compare {{h7991}}.","strongs_number":"h7970"},"h7971":{"pronunciation":"shaw-lakh'","unicode":"שָׁלַח","translit":"shâlach","definition":"a primitive root; to send away, for, or out (in a great variety of applications); × any wise, appoint, bring (on the way), cast (away, out), conduct, × earnestly, forsake, give (up), grow long, lay, leave, let depart (down, go, loose), push away, put (away, forth, in, out), reach forth, send (away, forth, out), set, shoot (forth, out), sow, spread, stretch forth (out).","strongs_number":"h7971"},"h7972":{"pronunciation":"shel-akh'","unicode":"שְׁלַח","translit":"shᵉlach","definition":"(Aramaic) corresponding to {{h7971}}; put, send.","strongs_number":"h7972"},"h7973":{"pronunciation":"sheh'-lakh","unicode":"שֶׁלַח","translit":"shelach","definition":"from {{h7971}}; a missile of attack, i.e. spear; also (figuratively) a shoot of growth; i.e. branch; dart, plant, × put off, sword, weapon.","strongs_number":"h7973"},"h7974":{"pronunciation":"sheh'-lakh","unicode":"שֶׁלַח","translit":"Shelach","definition":"the same as {{h7973}}; Shelach, a postdiluvian patriarch; Salah, Shelah. Compare {{h7975}}.","strongs_number":"h7974"},"h7975":{"pronunciation":"shee-lo'-akh","unicode":"שִׁלֹחַ","translit":"Shilôach","definition":"or (in imitation of {{h7974}}) שֶׁלַח; (Nehemiah 3:15), from {{h7971}}; rill; Shiloach, a fountain of Jerusalem; Shiloah, Siloah.","strongs_number":"h7975"},"h7976":{"pronunciation":"shil-loo-khaw'","unicode":"שִׁלֻּחָה","translit":"shilluchâh","definition":"feminine of {{h7964}}; a shoot; branch.","strongs_number":"h7976"},"h7977":{"pronunciation":"shil-khee'","unicode":"שִׁלְחִי","translit":"Shilchîy","definition":"from {{h7973}}; missive, i.e. armed; Shilchi, an Israelite; Shilhi.","strongs_number":"h7977"},"h7978":{"pronunciation":"shil-kheem'","unicode":"שִׁלְחִים","translit":"Shilchîym","definition":"plural of {{h7973}}; javelins or sprouts; Shilchim, a place in Palestine; Shilhim.","strongs_number":"h7978"},"h7979":{"pronunciation":"shool-khawn'","unicode":"שֻׁלְחָן","translit":"shulchân","definition":"from {{h7971}}; a table (as spread out); by implication, a meal; table.","strongs_number":"h7979"},"h7980":{"pronunciation":"shaw-lat'","unicode":"שָׁלַט","translit":"shâlaṭ","definition":"a primitive root; to dominate, i.e. govern; by implication, to permit; (bear, have) rule, have dominion, give (have) power.","strongs_number":"h7980"},"h7981":{"pronunciation":"shel-ate'","unicode":"שְׁלֵט","translit":"shᵉlêṭ","definition":"(Aramaic) corresponding to {{h7980}}; have the mastery, have power, bear rule, be (make) ruler.","strongs_number":"h7981"},"h7982":{"pronunciation":"sheh'-let","unicode":"שֶׁלֶט","translit":"sheleṭ","definition":"from {{h7980}}; probably a shield (as controlling, i.e. protecting the person); shield.","strongs_number":"h7982"},"h7983":{"pronunciation":"shil-tone'","unicode":"שִׁלְטוֹן","translit":"shilṭôwn","definition":"from {{h7980}}; a potentate; power.","strongs_number":"h7983"},"h7984":{"pronunciation":"shil-tone'","unicode":"שִׁלְטוֹן","translit":"shilṭôwn","definition":"(Aramaic) or שִׁלְטֹןlemma שִׁלְטן missing vowel, corrected to שִׁלְטֹן; corresponding to {{h7983}}; ruler.","strongs_number":"h7984"},"h7985":{"pronunciation":"shol-tawn'","unicode":"שׇׁלְטָן","translit":"sholṭân","definition":"(Aramaic) from {{h7981}}; empire (abstractly or concretely); dominion.","strongs_number":"h7985"},"h7986":{"pronunciation":"shal-leh'-teth","unicode":"שַׁלֶּטֶת","translit":"shalleṭeth","definition":"feminine from {{h7980}}; a vixen; imperious.","strongs_number":"h7986"},"h7987":{"pronunciation":"shel-ee'","unicode":"שְׁלִי","translit":"shᵉlîy","definition":"from {{h7951}}; privacy; quietly.","strongs_number":"h7987"},"h7988":{"pronunciation":"shil-yaw'","unicode":"שִׁלְיָה","translit":"shilyâh","definition":"feminine from {{h7953}}; a fetus or babe (as extruded in birth); young one.","strongs_number":"h7988"},"h7989":{"pronunciation":"shal-leet'","unicode":"שַׁלִּיט","translit":"shallîyṭ","definition":"from {{h7980}}; potent; concretely, a prince or warrior; governor, mighty, that hath power, ruler.","strongs_number":"h7989"},"h7990":{"pronunciation":"shal-leet'","unicode":"שַׁלִּיט","translit":"shallîyṭ","definition":"(Aramaic) corresponding to {{h7989}}; mighty; abstractly, permission; concretely, a premier; captain, be lawful, rule(-r).","strongs_number":"h7990"},"h7991":{"pronunciation":"shaw-leesh'","unicode":"שָׁלִישׁ","translit":"shâlîysh","definition":"or שָׁלוֹשׁ; (1 Chronicles 11:11; 1 Chronicles 12:18), or שָׁלֹשׁ; (2 Samuel 23:13), from {{h7969}}; a triple, i.e. (as a musical instrument) a triangle (or perhaps rather three-stringed lute); also (as an indefinite, great quantity) a three-fold measure (perhaps a treble ephah); also (as an officer) a general of the third rank (upward, i.e. the highest); captain, instrument of musick, (great) lord, (great) measure, prince, three (from the margin).","strongs_number":"h7991"},"h7992":{"pronunciation":"shel-ee-shee'","unicode":"שְׁלִישִׁי","translit":"shᵉlîyshîy","definition":"ordinal from {{h7969}}; third; feminine a third (part); by extension, a third (day, year or time); specifically, a third-story cell); third (part, rank, time), three (years old).","strongs_number":"h7992"},"h7993":{"pronunciation":"shaw-lak","unicode":"שָׁלַךְ","translit":"shâlak","definition":"a primitive root; to throw out, down or away (literally or figuratively); adventure, cast (away, down, forth, off, out), hurl, pluck, throw.","strongs_number":"h7993"},"h7994":{"pronunciation":"shaw-lawk'","unicode":"שָׁלָךְ","translit":"shâlâk","definition":"from {{h7993}}; bird of prey, usually thought to be the pelican (from casting itself into the sea); cormorant.","strongs_number":"h7994"},"h7995":{"pronunciation":"shal-leh'-keth","unicode":"שַׁלֶּכֶת","translit":"shalleketh","definition":"from {{h7993}}; a felling (of trees); when cast.","strongs_number":"h7995"},"h7996":{"pronunciation":"shal-leh'-keth","unicode":"שַׁלֶּכֶת","translit":"Shalleketh","definition":"the same as {{h7995}}; Shalleketh, a gate in Jerusalem; Shalleketh.","strongs_number":"h7996"},"h7997":{"pronunciation":"shaw-lal'","unicode":"שָׁלַל","translit":"shâlal","definition":"a primitive root; to drop or strip; by implication, to plunder; let fall, make self a prey, × of purpose, (make a, (take)) spoil.","strongs_number":"h7997"},"h7998":{"pronunciation":"shaw-lawl'","unicode":"שָׁלָל","translit":"shâlâl","definition":"from {{h7997}}; booty; prey, spoil.","strongs_number":"h7998"},"h7999":{"pronunciation":"shaw-lam'","unicode":"שָׁלַם","translit":"shâlam","definition":"a primitive root; to be safe (in mind, body or estate); figuratively, to be (causatively, make) completed; by implication, to be friendly; by extension, to reciprocate (in various applications); make amends, (make an) end, finish, full, give again, make good, (re-) pay (again), (make) (to) (be at) peace(-able), that is perfect, perform, (make) prosper(-ous), recompense, render, requite, make restitution, restore, reward, × surely.","strongs_number":"h7999"},"h8000":{"pronunciation":"shel-am'","unicode":"שְׁלַם","translit":"shᵉlam","definition":"(Aramaic) corresponding to {{h7999}}; to complete, to restore; deliver, finish.","strongs_number":"h8000"}}