{"h8101":{"pronunciation":"shim-aw-thee'","unicode":"שִׁמְעָתִי","translit":"Shimʻâthîy","definition":"patronymically from {{h8093}}; a Shimathite (collectively) or descendants of Shimah; Shimeathites.","strongs_number":"h8101"},"h8102":{"pronunciation":"sheh'-mets","unicode":"שֶׁמֶץ","translit":"shemets","definition":"from an unused root meaning to emit a sound; an inkling; a little.","strongs_number":"h8102"},"h8103":{"pronunciation":"shim-tsaw'","unicode":"שִׁמְצָה","translit":"shimtsâh","definition":"feminine of {{h8102}}; scornful whispering (of hostile spectators); shame.","strongs_number":"h8103"},"h8104":{"pronunciation":"shaw-mar'","unicode":"שָׁמַר","translit":"shâmar","definition":"a primitive root; properly, to hedge about (as with thorns), i.e. guard; generally, to protect, attend to, etc.; beward, be circumspect, take heed (to self), keep(-er, self), mark, look narrowly, observe, preserve, regard, reserve, save (self), sure, (that lay) wait (for), watch(-man).","strongs_number":"h8104"},"h8105":{"pronunciation":"sheh'-mer","unicode":"שֶׁמֶר","translit":"shemer","definition":"from {{h8104}}; something preserved, i.e. the settlings (plural only) of wine; dregs, (wines on the) lees.","strongs_number":"h8105"},"h8106":{"pronunciation":"sheh'-mer","unicode":"שֶׁמֶר","translit":"Shemer","definition":"the same as {{h8105}}; Shemer, the name of three Israelites; Shamer, Shemer.","strongs_number":"h8106"},"h8107":{"pronunciation":"shim-moor'","unicode":"שִׁמֻּר","translit":"shimmur","definition":"from {{h8104}}; an observance; × be (much) observed.","strongs_number":"h8107"},"h8108":{"pronunciation":"shom-raw'","unicode":"שׇׁמְרָה","translit":"shomrâh","definition":"feminine of an unused noun from {{h8104}} meaning a guard; watchfulness; watch.","strongs_number":"h8108"},"h8109":{"pronunciation":"shem-oo-raw'","unicode":"שְׁמֻרָה","translit":"shᵉmurâh","definition":"feminine of passive participle of {{h8104}}; something guarded, i.e. an eye-lid; waking.","strongs_number":"h8109"},"h8110":{"pronunciation":"shim-rone'","unicode":"שִׁמְרוֹן","translit":"Shimrôwn","definition":"from {{h8105}} in its original sense; guardianship; Shimron, the name of an Israelite and of a place in Palestine; Shimron.","strongs_number":"h8110"},"h8111":{"pronunciation":"sho-mer-one'","unicode":"שֹׁמְרוֹן","translit":"Shômᵉrôwn","definition":"from the active participle of {{h8104}}; watch-station; Shomeron, a place in Palestine; Samaria.","strongs_number":"h8111"},"h8112":{"pronunciation":"shim-rone' mer-one'","unicode":"שִׁמְרוֹן מְראוֹן","translit":"Shimrôwn Mᵉrʼôwn","definition":"from {{h8110}} and a derivative of {{h4754}}; guard of lashing; Shimron-Meron, a place in Palestine; Shimon-meron.","strongs_number":"h8112"},"h8113":{"pronunciation":"shim-ree'","unicode":"שִׁמְרִי","translit":"Shimrîy","definition":"from {{h8105}} in its original sense; watchful; Shimri, the name of four Israelites; Shimri.","strongs_number":"h8113"},"h8114":{"pronunciation":"shem-ar-yaw'","unicode":"שְׁמַרְיָה","translit":"Shᵉmaryâh","definition":"or שְׁמַרְיָהוּ; from {{h8104}} and {{h3050}}; Jah has guarded; Shemarjah, the name of four Israelites; Shamariah, Shemariah.","strongs_number":"h8114"},"h8115":{"pronunciation":"shom-rah'-yin","unicode":"שׇׁמְרַיִן","translit":"Shomrayin","definition":"(Aramaic) corresponding to {{h8111}}; Shomrain, a place in Palestine; Samaria.","strongs_number":"h8115"},"h8116":{"pronunciation":"shim-reeth'","unicode":"שִׁמְרִית","translit":"Shimrîyth","definition":"feminine of {{h8113}}; female guard; Shimrith, a Moabitess; Shimrith.","strongs_number":"h8116"},"h8117":{"pronunciation":"shim-ro-nee'","unicode":"שִׁמְרֹנִי","translit":"Shimrônîy","definition":"patronymically from {{h8110}}; a Shimronite (collectively) or descendants of Shimron; Shimronites.","strongs_number":"h8117"},"h8118":{"pronunciation":"sho-mer-o-nee'","unicode":"שֹׁמרֹנִי","translit":"Shômrônîy","definition":"patrial from {{h8111}}; a Shomeronite (collectively) or inhabitants of Shomeron; Samaritans.","strongs_number":"h8118"},"h8119":{"pronunciation":"shim-rawth'","unicode":"שִׁמְרָת","translit":"Shimrâth","definition":"from {{h8104}}; guardship; Shimrath, an Israelite; Shimrath.","strongs_number":"h8119"},"h8120":{"pronunciation":"shem-ash'","unicode":"שְׁמַשׁ","translit":"shᵉmash","definition":"(Aramaic) corresponding to the root of {{h8121}} through the idea of activity implied in day-light; to serve; minister.","strongs_number":"h8120"},"h8121":{"pronunciation":"sheh'-mesh","unicode":"שֶׁמֶשׁ","translit":"shemesh","definition":"from an unused root meaning to be brilliant; the sun; by implication, the east; figuratively, a ray, i.e. (architectural) a notched battlement; east side(-ward), sun (rising),   west(-ward), window. See also {{h1053}}.","strongs_number":"h8121"},"h8122":{"pronunciation":"sheh'-mesh","unicode":"שֶׁמֶשׁ","translit":"shemesh","definition":"(Aramaic) corresponding to {{h8121}}; the sun; sun.","strongs_number":"h8122"},"h8123":{"pronunciation":"shim-shone'","unicode":"שִׁמְשׁוֹן","translit":"Shimshôwn","definition":"from {{h8121}}; sunlight; Shimshon, an Israelite; Samson.","strongs_number":"h8123"},"h8124":{"pronunciation":"shim-shah'-ee","unicode":"שִׁמְשַׁי","translit":"Shimshay","definition":"(Aramaic) from {{h8122}}; sunny; Shimshai, a Samaritan; Shimshai.","strongs_number":"h8124"},"h8125":{"pronunciation":"sham-sher-ah'-ee","unicode":"שַׁמְשְׁרַי","translit":"Shamshᵉray","definition":"apparently from {{h8121}}; sunlike; Shamsherai, an Israelite; Shamsherai.","strongs_number":"h8125"},"h8126":{"pronunciation":"shoo-maw-thee'","unicode":"שֻׁמָתִי","translit":"Shumâthîy","definition":"patronymically from an unused name from {{h7762}} probably meaning garlic-smell; a Shumathite (collectively) or descendants of Shumah; Shumathites.","strongs_number":"h8126"},"h8127":{"pronunciation":"shane","unicode":"שֵׁן","translit":"shên","definition":"from {{h8150}}; compare\t{{h8143}}; a tooth (as sharp); specifically ivory; figuratively, a cliff; crag, × forefront, ivory, × sharp, tooth.","strongs_number":"h8127"},"h8128":{"pronunciation":"shane","unicode":"שֵׁן","translit":"shên","definition":"(Aramaic) corresponding to {{h8127}}; a tooth; tooth.","strongs_number":"h8128"},"h8129":{"pronunciation":"shane","unicode":"שֵׁן","translit":"Shên","definition":"the same as {{h8127}}; crag; Shen, a place in Palestine; Shen.","strongs_number":"h8129"},"h8130":{"pronunciation":"saw-nay'","unicode":"שָׂנֵא","translit":"sânêʼ","definition":"a primitive root; to hate (personally); enemy, foe, (be) hate(-ful, -r), odious, × utterly.","strongs_number":"h8130"},"h8131":{"pronunciation":"sen-ay'","unicode":"שְׂנֵא","translit":"sᵉnêʼ","definition":"(Aramaic) corresponding to {{h8130}}; hate.","strongs_number":"h8131"},"h8132":{"pronunciation":"shaw-naw'","unicode":"שָׁנָא","translit":"shânâʼ","definition":"a primitive root; to alter; change.","strongs_number":"h8132"},"h8133":{"pronunciation":"shen-aw'","unicode":"שְׁנָא","translit":"shᵉnâʼ","definition":"(Aramaic) corresponding to {{h8132}}; alter, change, (be) diverse.","strongs_number":"h8133"},"h8134":{"pronunciation":"shin-awb'","unicode":"שִׁנְאָב","translit":"Shinʼâb","definition":"probably from {{h8132}} and {{h1}}; a father has turned; Shinab, a Canaanite; Shinab.","strongs_number":"h8134"},"h8135":{"pronunciation":"sin-aw'","unicode":"שִׂנְאָה","translit":"sinʼâh","definition":"from {{h8130}}; hate; exceedingly, hate(-ful, -red).","strongs_number":"h8135"},"h8136":{"pronunciation":"shin-awn'","unicode":"שִׁנְאָן","translit":"shinʼân","definition":"from {{h8132}}; change, i.e. repetition; × angels.","strongs_number":"h8136"},"h8137":{"pronunciation":"shen-ats-tsar'","unicode":"שֶׁנְאַצַּר","translit":"Shenʼatstsar","definition":"apparently of Babylonian origin; Shenatstsar, an Israelite; Senazar.","strongs_number":"h8137"},"h8138":{"pronunciation":"shaw-naw'","unicode":"שָׁנָה","translit":"shânâh","definition":"a primitive root; to fold, i.e. duplicate (literally or figuratively); by implication, to transmute (transitive or intransitive); do (speak, strike) again, alter, double, (be given to) change, disguise, (be) diverse, pervert, prefer, repeat, return, do the second time.","strongs_number":"h8138"},"h8139":{"pronunciation":"shen-aw'","unicode":"שְׁנָה","translit":"shᵉnâh","definition":"(Aramaic) corresponding to {{h8142}}; sleep.","strongs_number":"h8139"},"h8140":{"pronunciation":"shen-aw'","unicode":"שְׁנָה","translit":"shᵉnâh","definition":"(Aramaic) corresponding to {{h8141}}; year.","strongs_number":"h8140"},"h8141":{"pronunciation":"shaw-neh'","unicode":"שָׁנֶה","translit":"shâneh","definition":"(in plural or (feminine) שָׁנָה; from {{h8138}}; a year (as a revolution of time); whole age, × long,   old, year(× -ly).","strongs_number":"h8141"},"h8142":{"pronunciation":"shay-naw'","unicode":"שֵׁנָה","translit":"shênâh","definition":"or שֵׁנָא; (Psalm 127:2), from {{h3462}}; sleep; sleep.","strongs_number":"h8142"},"h8143":{"pronunciation":"shen-hab-beem'","unicode":"שֶׁנְהַבִּים","translit":"shenhabbîym","definition":"from {{h8127}} and the plural apparently of a foreign word; probably, tooth of elephants, i.e. ivory tusk; ivory.","strongs_number":"h8143"},"h8144":{"pronunciation":"shaw-nee'","unicode":"שָׁנִי","translit":"shânîy","definition":"of uncertain derivation; crimson, properly, the insect or its color, also stuff dyed with it; crimson, scarlet (thread).","strongs_number":"h8144"},"h8145":{"pronunciation":"shay-nee'","unicode":"שֵׁנִי","translit":"shênîy","definition":"from {{h8138}}; properly, double, i.e. second; also adverbially, again; again, either (of them), (an-) other, second (time).","strongs_number":"h8145"},"h8146":{"pronunciation":"saw-nee'","unicode":"שָׂנִיא","translit":"sânîyʼ","definition":"from {{h8130}}; hated; hated.","strongs_number":"h8146"},"h8147":{"pronunciation":"shen-ah'-yim","unicode":"שְׁנַיִם","translit":"shᵉnayim","definition":"dual of {{h8145}}; feminine שְׁתַּיִם; two; also (as ordinal) twofold; both, couple, double, second, twain,   twelfth,   twelve,   twenty (sixscore) thousand, twice, two.","strongs_number":"h8147"},"h8148":{"pronunciation":"shen-ee-naw'","unicode":"שְׁנִינָה","translit":"shᵉnîynâh","definition":"from {{h8150}}; something pointed, i.e. a gibe; byword, taunt.","strongs_number":"h8148"},"h8149":{"pronunciation":"shen-eer'","unicode":"שְׁנִיר","translit":"Shᵉnîyr","definition":"or שְׂנִיר; from an unused root meaning to be pointed; peak; Shenir or Senir, a summit of Lebanon; Senir, Shenir.","strongs_number":"h8149"},"h8150":{"pronunciation":"shaw-nan'","unicode":"שָׁנַן","translit":"shânan","definition":"a primitive root; to point (transitive or intransitive); intensively, to pierce; figuratively, to inculcate; prick, sharp(-en), teach diligently, whet.","strongs_number":"h8150"},"h8151":{"pronunciation":"shaw-nas'","unicode":"שָׁנַס","translit":"shânaç","definition":"a primitive root; to compress (with a belt); gird up.","strongs_number":"h8151"},"h8152":{"pronunciation":"shin-awr'","unicode":"שִׁנְעָר","translit":"Shinʻâr","definition":"probably of foreign derivation; Shinar, a plain in Babylonia; Shinar.","strongs_number":"h8152"},"h8153":{"pronunciation":"shen-awth'","unicode":"שְׁנָת","translit":"shᵉnâth","definition":"from {{h3462}}; sleep; sleep.","strongs_number":"h8153"},"h8154":{"pronunciation":"shaw-saw'","unicode":"שָׁסָה","translit":"shâçâh","definition":"or שָׁשָׂה; (Isaiah 10:13), a primitive root; to plunder; destroyer, rob, spoil(-er).","strongs_number":"h8154"},"h8155":{"pronunciation":"shaw-sas'","unicode":"שָׁסַס","translit":"shâçaç","definition":"a primitive root; to plunder; rifle, spoil.","strongs_number":"h8155"},"h8156":{"pronunciation":"shaw-sah'","unicode":"שָׁסַע","translit":"shâçaʻ","definition":"a primitive root; to split or tear; figuratively, to upbraid; cleave, (be) cloven (footed), rend, stay.","strongs_number":"h8156"},"h8157":{"pronunciation":"sheh'-sah","unicode":"שֶׁסַע","translit":"sheçaʻ","definition":"from {{h8156}}; a fissure; cleft, clovenfooted.","strongs_number":"h8157"},"h8158":{"pronunciation":"shaw-saf'","unicode":"שָׁסַף","translit":"shâçaph","definition":"a primitive root; to cut in pieces, i.e. slaughter; hew in pieces.","strongs_number":"h8158"},"h8159":{"pronunciation":"shaw-aw'","unicode":"שָׁעָה","translit":"shâʻâh","definition":"a primitive root; to gaze at or about (properly, for help); by implication, to inspect, consider, compassionate, be nonplussed (as looking around in amazement) or bewildered; depart, be dim, be dismayed, look (away), regard, have respect, spare, turn.","strongs_number":"h8159"},"h8160":{"pronunciation":"shaw-aw'","unicode":"שָׁעָה","translit":"shâʻâh","definition":"(Aramaic) from a root corresponding to {{h8159}}; properly, a look, i.e. a moment; hour.","strongs_number":"h8160"},"h8161":{"pronunciation":"shah'-at-aw","unicode":"שַׁעֲטָה","translit":"shaʻăṭâh","definition":"feminine from an unused root meaning to stamp; a clatter (of hoofs); stamping.","strongs_number":"h8161"},"h8162":{"pronunciation":"shah-at-naze'","unicode":"שַׁעַטְנֵז","translit":"shaʻaṭnêz","definition":"probably of foreign derivation; linsey-woolsey, i.e. cloth of linen and wool carded and spun together; garment of divers sorts, linen and wollen.","strongs_number":"h8162"},"h8163":{"pronunciation":"saw-eer'","unicode":"שָׂעִיר","translit":"sâʻîyr","definition":"or שָׂעִר; from {{h8175}}; shaggy; as noun, a he-goat; by analogy, a faun; devil, goat, hairy, kid, rough, satyr.","strongs_number":"h8163"},"h8164":{"pronunciation":"saw-eer'","unicode":"שָׂעִיר","translit":"sâʻîyr","definition":"formed the same as {{h8163}}; a shower (as tempestuous); small rain.","strongs_number":"h8164"},"h8165":{"pronunciation":"say-eer'","unicode":"שֵׂעִיר","translit":"Sêʻîyr","definition":"formed like {{h8163}}; rough; Seir, a mountain of Idumaea and its aboriginal occupants, also one in Palestine; Seir.","strongs_number":"h8165"},"h8166":{"pronunciation":"seh-ee-raw'","unicode":"שְׂעִירָה","translit":"sᵉʻîyrâh","definition":"feminine of {{h8163}}; a she-goat; kid.","strongs_number":"h8166"},"h8167":{"pronunciation":"seh-ee-raw'","unicode":"שְׂעִירָה","translit":"Sᵉʻîyrâh","definition":"formed as {{h8166}}; roughness; Seirah, a place in Palestine; Seirath.","strongs_number":"h8167"},"h8168":{"pronunciation":"sho'-al","unicode":"שֹׁעַל","translit":"shôʻal","definition":"from an unused root meaning to hollow out; the palm; by extension, a handful; handful, hollow of the hand.","strongs_number":"h8168"},"h8169":{"pronunciation":"shah-al-beem'","unicode":"שַׁעַלְבִים","translit":"Shaʻalbîym","definition":"or שַׁעֲלַבִּין; plural from {{h7776}}; fox-holes; Shaalbim or Shaalabbin, a place in Palestine; Shaalabbin, Shaalbim.","strongs_number":"h8169"},"h8170":{"pronunciation":"shah-al-bo-nee'","unicode":"שַׁעַלְבֹנִי","translit":"Shaʻalbônîy","definition":"patrial from {{h8169}}; a Shaalbonite or inhabitant of Shaalbin; Shaalbonite.","strongs_number":"h8170"},"h8171":{"pronunciation":"shah-al-eem'","unicode":"שַׁעֲלִים","translit":"Shaʻălîym","definition":"plural of {{h7776}}; foxes; Shaalim, a place in Palestine; Shalim.","strongs_number":"h8171"},"h8172":{"pronunciation":"shaw-an'","unicode":"שָׁעַן","translit":"shâʻan","definition":"a primitive root; to support one's self; lean, lie, rely, rest (on, self), stay.","strongs_number":"h8172"},"h8173":{"pronunciation":"shaw-ah'","unicode":"שָׁעַע","translit":"shâʻaʻ","definition":"a primitive root; (in a good acceptation) to look upon (with complacency), i.e. fondle, please or amuse (self); (in a bad one) to look about (in dismay), i.e. stare; cry (out) (by confusion with {{h7768}}), dandle, delight (self), play, shut.","strongs_number":"h8173"},"h8174":{"pronunciation":"shah'-af","unicode":"שַׁעַף","translit":"Shaʻaph","definition":"from {{h5586}}; fluctuation; Shaaph, the name of two Israelites; Shaaph.","strongs_number":"h8174"},"h8175":{"pronunciation":"saw-ar'","unicode":"שָׂעַר","translit":"sâʻar","definition":"a primitive root; to storm; by implication, to shiver, i.e. fear; be (horribly) afraid, fear, hurl as a storm, be tempestuous, come like (take away as with) a whirlwind.","strongs_number":"h8175"},"h8176":{"pronunciation":"shaw-ar'","unicode":"שָׁעַר","translit":"shâʻar","definition":"a primitive root; to split or open, i.e. (literally, but only as denominative from {{h8179}}); compare see {{h7778}}; to act as gatekeeper; (figuratively) to estimate; think.","strongs_number":"h8176"},"h8177":{"pronunciation":"seh-ar'","unicode":"שְׂעַר","translit":"sᵉʻar","definition":"(Aramaic) corresponding to {{h8181}}; hair; hair.","strongs_number":"h8177"},"h8178":{"pronunciation":"sah'-ar","unicode":"שַׂעַר","translit":"saʻar","definition":"from {{h8175}}; a terror; affrighted, × horribly, × sore, storm. See {{h8181}}.","strongs_number":"h8178"},"h8179":{"pronunciation":"shah'-ar","unicode":"שַׁעַר","translit":"shaʻar","definition":"from {{h8176}} in its original sense; an opening, i.e. door or gate; city, door, gate, port (× -er).","strongs_number":"h8179"},"h8180":{"pronunciation":"shah'-ar","unicode":"שַׁעַר","translit":"shaʻar","definition":"from {{h8176}}; a measure (as a section); (hundred-) fold.","strongs_number":"h8180"},"h8181":{"pronunciation":"say-awr'","unicode":"שֵׂעָר","translit":"sêʻâr","definition":"or שַׂעַר; (Isaiah 7:20), from {{h8175}} in the sense of dishevelling; hair (as if tossed or bristling); hair(-y), × rough.","strongs_number":"h8181"},"h8182":{"pronunciation":"sho-awr'","unicode":"שֹׁעָר","translit":"shôʻâr","definition":"from {{h8176}}; harsh or horrid, i.e. offensive; vile.","strongs_number":"h8182"},"h8183":{"pronunciation":"seh-aw-raw'","unicode":"שְׂעָרָה","translit":"sᵉʻârâh","definition":"feminine of {{h8178}}; a hurricane; storm, tempest.","strongs_number":"h8183"},"h8184":{"pronunciation":"seh-o-raw'","unicode":"שְׂעֹרָה","translit":"sᵉʻôrâh","definition":"or שְׂעוֹרָה (feminine meaning the plant); and (masculine meaning the grain); also שְׂעֹר; or שְׂעוֹר; from {{h8175}} in the sense of roughness; barley (as villose); barley.","strongs_number":"h8184"},"h8185":{"pronunciation":"sah-ar-aw'","unicode":"שַׂעֲרָה","translit":"saʻărâh","definition":"feminine of {{h8181}}; hairiness; hair.","strongs_number":"h8185"},"h8186":{"pronunciation":"shah-ar-oo-raw'","unicode":"שַׁעֲרוּרָה","translit":"shaʻărûwrâh","definition":"or שַׁעֲרִירִיָּה; or שַׁעֲרֻרִת; feminine from {{h8176}} in the sense of {{h8175}}; something fearful; horrible thing.","strongs_number":"h8186"},"h8187":{"pronunciation":"sheh-ar-yaw'","unicode":"שְׁעַרְיָה","translit":"Shᵉʻaryâh","definition":"from {{h8176}} and {{h3050}}; Jah has stormed; Shearjah, an Israelite; Sheariah.","strongs_number":"h8187"},"h8188":{"pronunciation":"seh-o-reem'","unicode":"שְׂעֹרִים","translit":"Sᵉʻôrîym","definition":"masculine plural of {{h8184}}; barley grains; Seorim, an Israelite; Seorim.","strongs_number":"h8188"},"h8189":{"pronunciation":"shah-ar-ah'-yim","unicode":"שַׁעֲרַיִם","translit":"Shaʻărayim","definition":"dual of {{h8179}}; double gates; Shaarajim, a place in Palestine; Shaaraim.","strongs_number":"h8189"},"h8190":{"pronunciation":"shah-ash-gaz'","unicode":"שַׁעַשְׁגַּז","translit":"Shaʻashgaz","definition":"of Persian derivation; Shaashgaz, a eunuch of Xerxes; Shaashgaz.","strongs_number":"h8190"},"h8191":{"pronunciation":"shah-shoo'-ah","unicode":"שַׁעְשֻׁעַ","translit":"shaʻshuaʻ","definition":"from {{h8173}}; enjoyment; delight, pleasure.","strongs_number":"h8191"},"h8192":{"pronunciation":"shaw-faw'","unicode":"שָׁפָה","translit":"shâphâh","definition":"a primitive root; to abrade, i.e. bare; high, stick out.","strongs_number":"h8192"},"h8193":{"pronunciation":"saw-faw'","unicode":"שָׂפָה","translit":"sâphâh","definition":"or (in dual and plural) שֶׂפֶת; probably from {{h5595}} or {{h8192}} through the idea of termination (compare {{h5490}}); the lip (as a natural boundary); by implication, language; by analogy, a margin (of a vessel, water, cloth, etc.); band, bank, binding, border, brim, brink, edge, language, lip, prating, (sea-)shore, side, speech, talk, (vain) words.","strongs_number":"h8193"},"h8194":{"pronunciation":"shaw-faw'","unicode":"שָׁפָה","translit":"shâphâh","definition":"from {{h8192}} in the sense of clarifying; a cheese (as strained from the whey); cheese.","strongs_number":"h8194"},"h8195":{"pronunciation":"shef-o'","unicode":"שְׁפוֹ","translit":"Shᵉphôw","definition":"or שְׁפִי; from {{h8192}}; baldness (compare {{h8205}}); Shepho or Shephi, an Idumaean; Shephi, Shepho.","strongs_number":"h8195"},"h8196":{"pronunciation":"shef-ote'","unicode":"שְׁפוֹט","translit":"shᵉphôwṭ","definition":"or שְׁפוּט; from {{h8199}}; a judicial sentence, i.e. punishment; judgment.","strongs_number":"h8196"},"h8197":{"pronunciation":"shef-oo-fawm'","unicode":"שְׁפוּפָם","translit":"Shᵉphûwphâm","definition":"or שְׁפוּפָן; from the same as {{h8207}}; serpent-like; Shephupham, an Israelite; Shephuphan, Shupham.","strongs_number":"h8197"},"h8198":{"pronunciation":"shif-khaw'","unicode":"שִׁפְחָה","translit":"shiphchâh","definition":"feminine from an unused root meaning to spread out (as a family; see {{h4940}}); a female slave (as a member of the household); (bond-, hand-) maid(-en, -servant), wench, bondwoman, womanservant.","strongs_number":"h8198"},"h8199":{"pronunciation":"shaw-fat'","unicode":"שָׁפַט","translit":"shâphaṭ","definition":"a primitive root; to judge, i.e. pronounce sentence (for or against); by implication, to vindicate or punish; by extenssion, to govern; passively, to litigate (literally or figuratively); avenge, × that condemn, contend, defend, execute (judgment), (be a) judge(-ment), × needs, plead, reason, rule.","strongs_number":"h8199"},"h8200":{"pronunciation":"shef-at'","unicode":"שְׁפַט","translit":"shᵉphaṭ","definition":"(Aramaic) corresponding to {{h8199}}; to judge; magistrate.","strongs_number":"h8200"}}