{"h8201":{"pronunciation":"sheh'-fet","unicode":"שֶׁפֶט","translit":"shepheṭ","definition":"from {{h8199}}; a sentence, i.e. infliction; judgment.","strongs_number":"h8201"},"h8202":{"pronunciation":"shaw-fawt'","unicode":"שָׁפָט","translit":"Shâphâṭ","definition":"from {{h8199}}; judge; Shaphat, the name of four Israelites; Shaphat.","strongs_number":"h8202"},"h8203":{"pronunciation":"shef-at-yaw'","unicode":"שְׁפַטְיָה","translit":"Shᵉphaṭyâh","definition":"or שְׁפַטְיָהוּ; from {{h8199}} and {{h3050}}; Jah has judged; Shephatjah, the name of ten Israelites; Shephatiah.","strongs_number":"h8203"},"h8204":{"pronunciation":"shif-tawn'","unicode":"שִׁפְטָן","translit":"Shiphṭân","definition":"from {{h8199}}; judge-like; Shiphtan, an Israelite; Shiphtan.","strongs_number":"h8204"},"h8205":{"pronunciation":"shef-ee'","unicode":"שְׁפִי","translit":"shᵉphîy","definition":"from {{h8192}}; bareness; concretely, a bare hill or plain; high place, stick out.","strongs_number":"h8205"},"h8206":{"pronunciation":"shoop-peem'","unicode":"שֻׁפִּים","translit":"Shuppîym","definition":"plural of an unused noun from the same as {{h8207}} and meaning the same; serpents; Shuppim, an Israelite; Shuppim.","strongs_number":"h8206"},"h8207":{"pronunciation":"shef-ee-fone'","unicode":"שְׁפִיפֹן","translit":"shᵉphîyphôn","definition":"from an unused root meaning the same as {{h7779}}; a kind of serpent (as snapping), probably the cerastes or horned adder; adder.","strongs_number":"h8207"},"h8208":{"pronunciation":"shaf-eer'","unicode":"שָׁפִיר","translit":"Shâphîyr","definition":"from {{h8231}}; beautiful; Shaphir, a place in Palestine; Saphir.","strongs_number":"h8208"},"h8209":{"pronunciation":"shap-peer'","unicode":"שַׁפִּיר","translit":"shappîyr","definition":"(Aramaic) intensive of a form corresponding to {{h8208}}; beautiful; fair.","strongs_number":"h8209"},"h8210":{"pronunciation":"shaw-fak'","unicode":"שָׁפַךְ","translit":"shâphak","definition":"a primitive root; to spill forth (blood, a libation, liquid metal; or even a solid, i.e. to mound up); also (figuratively) to expend (life, soul, complaint, money, etc.); intensively, to sprawl out; cast (up), gush out, pour (out), shed(-der, out), slip.","strongs_number":"h8210"},"h8211":{"pronunciation":"sheh'-fek","unicode":"שֶׁפֶךְ","translit":"shephek","definition":"from {{h8210}}; an emptying place, e.g. an ash-heap; are poured out.","strongs_number":"h8211"},"h8212":{"pronunciation":"shof-kaw'","unicode":"שׇׁפְכָה","translit":"shophkâh","definition":"feminine of a derivative from {{h8210}}; a pipe (for pouring forth, e.g. wine), i.e. the penis; privy member.","strongs_number":"h8212"},"h8213":{"pronunciation":"shaw-fale'","unicode":"שָׁפֵל","translit":"shâphêl","definition":"a primitive root; to depress or sink (especially figuratively, to humiliate, intransitive or transitive); abase, bring (cast, put) down, debase, humble (self), be (bring, lay, make, put) low(-er).","strongs_number":"h8213"},"h8214":{"pronunciation":"shef-al'","unicode":"שְׁפַל","translit":"shᵉphal","definition":"(Aramaic) corresponding to {{h8213}}; abase, humble, put down, subdue.","strongs_number":"h8214"},"h8215":{"pronunciation":"shef-al'","unicode":"שְׁפַל","translit":"shᵉphal","definition":"(Aramaic) from {{h8214}}; low; basest.","strongs_number":"h8215"},"h8216":{"pronunciation":"shay'-fel","unicode":"שֶׁפֶל","translit":"shephel","definition":"from {{h8213}}; an humble rank; low estate (place).","strongs_number":"h8216"},"h8217":{"pronunciation":"shaw-fawl'","unicode":"שָׁפָל","translit":"shâphâl","definition":"from {{h8213}}; depressed, literally or figuratively; base(-st), humble, low(-er, -ly).","strongs_number":"h8217"},"h8218":{"pronunciation":"shif-law'","unicode":"שִׁפְלָה","translit":"shiphlâh","definition":"feminine of {{h8216}}; depression; low place.","strongs_number":"h8218"},"h8219":{"pronunciation":"shef-ay-law'","unicode":"שְׁפֵלָה","translit":"shᵉphêlâh","definition":"from {{h8213}}; Lowland, i.e. (with the article) the maritime slope of Palestine; low country, (low) plain, vale(-ley).","strongs_number":"h8219"},"h8220":{"pronunciation":"shif-looth'","unicode":"שִׁפְלוּת","translit":"shiphlûwth","definition":"from {{h8213}}; remissness; idleness.","strongs_number":"h8220"},"h8221":{"pronunciation":"shef-awm'","unicode":"שְׁפָם","translit":"Shᵉphâm","definition":"probably from {{h8192}}; bare spot; Shepham, a place in or near Palestine; Shepham.","strongs_number":"h8221"},"h8222":{"pronunciation":"saw-fawm'","unicode":"שָׂפָם","translit":"sâphâm","definition":"from {{h8193}}; the beard (as a lip-piece); beard, (upper) lip.","strongs_number":"h8222"},"h8223":{"pronunciation":"shaw-fawm'","unicode":"שָׁפָם","translit":"Shâphâm","definition":"formed like {{h8221}}; baldly; Shapham, an Israelite; Shapham.","strongs_number":"h8223"},"h8224":{"pronunciation":"sif-moth'","unicode":"שִׂפְמוֹת","translit":"Siphmôwth","definition":"feminine plural of {{h8221}}; Siphmoth, a place in Palestine; Siphmoth.","strongs_number":"h8224"},"h8225":{"pronunciation":"shif-mee'","unicode":"שִׁפְמִי","translit":"Shiphmîy","definition":"patrial from {{h8221}}; a Shiphmite or inhabitant of Shepham; Shiphmite.","strongs_number":"h8225"},"h8226":{"pronunciation":"saw-fan'","unicode":"שָׂפַן","translit":"sâphan","definition":"a primitive root; to conceal (as a valuable); treasure.","strongs_number":"h8226"},"h8227":{"pronunciation":"shaw-fawn'","unicode":"שָׁפָן","translit":"shâphân","definition":"from {{h8226}}; a species of rock-rabbit (from its hiding), i.e. probably the hyrax; coney.","strongs_number":"h8227"},"h8228":{"pronunciation":"sheh'-fah","unicode":"שֶׁפַע","translit":"shephaʻ","definition":"from an unused root meaning to abound; resources; abundance.","strongs_number":"h8228"},"h8229":{"pronunciation":"shif-aw'","unicode":"שִׁפְעָה","translit":"shiphʻâh","definition":"feminine of {{h8228}}; copiousness; abundance, company, multitude.","strongs_number":"h8229"},"h8230":{"pronunciation":"shif-ee'","unicode":"שִׁפְעִי","translit":"Shiphʻîy","definition":"from {{h8228}}; copious; Shiphi, an Israelite; Shiphi.","strongs_number":"h8230"},"h8231":{"pronunciation":"shaw-far'","unicode":"שָׁפַר","translit":"shâphar","definition":"a primitive root; to glisten, i.e. (figuratively) be (causatively, make) fair; × goodly.","strongs_number":"h8231"},"h8232":{"pronunciation":"shef-ar'","unicode":"שְׁפַר","translit":"shᵉphar","definition":"(Aramaic) corresponding to {{h8231}}; to be beautiful; be acceptable, please,   think good.","strongs_number":"h8232"},"h8233":{"pronunciation":"sheh'-fer","unicode":"שֶׁפֶר","translit":"shepher","definition":"from {{h8231}}; beauty; × goodly.","strongs_number":"h8233"},"h8234":{"pronunciation":"sheh'-fer","unicode":"שֶׁפֶר","translit":"Shepher","definition":"the same as {{h8233}}; Shepher, a place in the Desert; Shapper.","strongs_number":"h8234"},"h8235":{"pronunciation":"shif-raw'","unicode":"שִׁפְרָה","translit":"shiphrâh","definition":"from {{h8231}}; brightness; garnish.","strongs_number":"h8235"},"h8236":{"pronunciation":"shif-raw'","unicode":"שִׁפְרָה","translit":"Shiphrâh","definition":"the same as {{h8235}}; Shiphrah, an Israelitess; Shiphrah.","strongs_number":"h8236"},"h8237":{"pronunciation":"shaf-roor'","unicode":"שַׁפְרוּר","translit":"shaphrûwr","definition":"from {{h8231}}; splendid, i.e. a tapestry or canopy; royal pavilion.","strongs_number":"h8237"},"h8238":{"pronunciation":"shef-ar-far'","unicode":"שְׁפַרְפַר","translit":"shᵉpharphar","definition":"(Aramaic) from {{h8231}}; the dawn (as brilliant with aurora); × very early in the morning.","strongs_number":"h8238"},"h8239":{"pronunciation":"shaw-fath'","unicode":"שָׁפַת","translit":"shâphath","definition":"a primitive root; to locate, i.e. (generally) hang on or (figuratively) establish, reduce; bring, ordain, set on.","strongs_number":"h8239"},"h8240":{"pronunciation":"shaw-fawth'","unicode":"שָׁפָת","translit":"shâphâth","definition":"from {{h8239}}; a (double) stall (for cattle); also a (two-pronged) hook (for flaying animals on); hook, pot.","strongs_number":"h8240"},"h8241":{"pronunciation":"sheh'-tsef","unicode":"שֶׁצֶף","translit":"shetseph","definition":"from {{h7857}} (for alliteration with {{h7110}}); an outburst (of anger); little.","strongs_number":"h8241"},"h8242":{"pronunciation":"sak","unicode":"שַׂק","translit":"saq","definition":"from {{h8264}}; properly, a mesh (as allowing a liquid to run through), i.e. coarse loose cloth or sacking (used in mourning and for bagging); hence, a bag (for grain, etc.); sack(-cloth, -clothes).","strongs_number":"h8242"},"h8243":{"pronunciation":"shawk","unicode":"שָׁק","translit":"shâq","definition":"(Aramaic) corresponding to {{h7785}}; the leg; leg.","strongs_number":"h8243"},"h8244":{"pronunciation":"saw-kad'","unicode":"שָׂקַד","translit":"sâqad","definition":"a primitive root; to fasten; bind.","strongs_number":"h8244"},"h8245":{"pronunciation":"shaw-kad'","unicode":"שָׁקַד","translit":"shâqad","definition":"a primitive root; to be alert, i.e. sleepless; hence to be on the lookout (whether for good or ill); hasten, remain, wake, watch (for).","strongs_number":"h8245"},"h8246":{"pronunciation":"shaw-kad'","unicode":"שָׁקַד","translit":"shâqad","definition":"a denominative from {{h8247}}; to be (intensively, make) almond-shaped; make like (unto, after the fashion of) almonds.","strongs_number":"h8246"},"h8247":{"pronunciation":"shaw-kade'","unicode":"שָׁקֵד","translit":"shâqêd","definition":"from {{h8245}}; the almond (tree or nut; as being the earliest in bloom); almond (tree).","strongs_number":"h8247"},"h8248":{"pronunciation":"shaw-kaw'","unicode":"שָׁקָה","translit":"shâqâh","definition":"a primitive root; to quaff, i.e. (causatively) to irrigate or furnish a potion to; cause to (give, give to, let, make to) drink, drown, moisten, water. See {{h7937}}, {{h8354}}.","strongs_number":"h8248"},"h8249":{"pronunciation":"shif-koov'","unicode":"שִׁקֻּו","translit":"shiqquv","definition":"from {{h8248}}; (plural collective) a draught; drink.","strongs_number":"h8249"},"h8250":{"pronunciation":"shik-koo'-ee","unicode":"שִׁקּוּי","translit":"shiqqûwy","definition":"from {{h8248}}; a beverage; moisture, i.e. (figuratively) refreshment; drink, marrow.","strongs_number":"h8250"},"h8251":{"pronunciation":"shik-koots'","unicode":"שִׁקּוּץ","translit":"shiqqûwts","definition":"or שִׁקֻּץ; from {{h8262}}; disgusting, i.e. filthy; especially idolatrous or (concretely) an idol; abominable filth (idol, -ation), detestable (thing).","strongs_number":"h8251"},"h8252":{"pronunciation":"shaw-kat'","unicode":"שָׁקַט","translit":"shâqaṭ","definition":"a primitive root; to repose (usually figurative); appease, idleness, (at, be at, be in, give) quiet(-ness), (be at, be in, give, have, take) rest, settle, be still.","strongs_number":"h8252"},"h8253":{"pronunciation":"sheh'-ket","unicode":"שֶׁקֶט","translit":"sheqeṭ","definition":"from {{h8252}}; tranquillity; quietness.","strongs_number":"h8253"},"h8254":{"pronunciation":"shaw-kal'","unicode":"שָׁקַל","translit":"shâqal","definition":"a primitive root; to suspend or poise (especially in trade); pay, receive(-r), spend, × throughly, weigh.","strongs_number":"h8254"},"h8255":{"pronunciation":"sheh'-kel","unicode":"שֶׁקֶל","translit":"sheqel","definition":"from {{h8254}}; probably a weight; used as a commercial standard; shekel.","strongs_number":"h8255"},"h8256":{"pronunciation":"shik-maw'","unicode":"שִׁקְמָה","translit":"shiqmâh","definition":"or (feminine) שִׁקְמָה; of uncertain derivation; a sycamore (usually the tree); sycamore (fruit, tree).","strongs_number":"h8256"},"h8257":{"pronunciation":"shaw-kah'","unicode":"שָׁקַע","translit":"shâqaʻ","definition":"(abbreviated Amos 8:8); a primitive root; to subside; by implication, to be overflowed, cease; causatively, to abate, subdue; make deep, let down, drown, quench, sink.","strongs_number":"h8257"},"h8258":{"pronunciation":"shek-ah-roo-raw'","unicode":"שְׁקַעְרוּרָה","translit":"shᵉqaʻrûwrâh","definition":"from {{h8257}}; a depression; hollow strake.","strongs_number":"h8258"},"h8259":{"pronunciation":"shaw-kaf'","unicode":"שָׁקַף","translit":"shâqaph","definition":"a primitive root; properly, to lean out (of a window), i.e. (by implication) peep or gaze (passively, be a spectacle); appear, look (down, forth, out).","strongs_number":"h8259"},"h8260":{"pronunciation":"sheh'-kef","unicode":"שֶׁקֶף","translit":"sheqeph","definition":"from {{h8259}}; a loophole (for looking out), to admit light and air; window.","strongs_number":"h8260"},"h8261":{"pronunciation":"shaw-koof'","unicode":"שָׁקֻף","translit":"shâquph","definition":"passive participle of {{h8259}}; (compare {{h8260}}); an embrasure or opening\twith bevelled jam; light, window.","strongs_number":"h8261"},"h8262":{"pronunciation":"shaw-kats'","unicode":"שָׁקַץ","translit":"shâqats","definition":"a primitive root; to be filthy, i.e. (intensively) to loathe, pollute; abhor, make abominable, have in abomination, detest, × utterly.","strongs_number":"h8262"},"h8263":{"pronunciation":"sheh'-kets","unicode":"שֶׁקֶץ","translit":"sheqets","definition":"from {{h8262}}; filth, i.e. (figuratively and specifically) an idolatrous object; abominable(-tion).","strongs_number":"h8263"},"h8264":{"pronunciation":"shaw-kak'","unicode":"שָׁקַק","translit":"shâqaq","definition":"a primitive root; to course (like a beast of prey); by implication, to seek greedily; have appetite, justle one against another, long, range, run (to and fro).","strongs_number":"h8264"},"h8265":{"pronunciation":"saw-kar'","unicode":"שָׂקַר","translit":"sâqar","definition":"a primitive root; to ogle, i.e. blink coquettishly; wanton.","strongs_number":"h8265"},"h8266":{"pronunciation":"shaw-kar'","unicode":"שָׁקַר","translit":"shâqar","definition":"a primitive root; to cheat, i.e. be untrue (usually in words); fail, deal falsely, lie.","strongs_number":"h8266"},"h8267":{"pronunciation":"sheh'-ker","unicode":"שֶׁקֶר","translit":"sheqer","definition":"from {{h8266}}; an untruth; by implication, a sham (often adverbial); without a cause, deceit(-ful), false(-hood, -ly), feignedly, liar,   lie, lying, vain (thing), wrongfully.","strongs_number":"h8267"},"h8268":{"pronunciation":"sho'-keth","unicode":"שֹׁקֶת","translit":"shôqeth","definition":"from {{h8248}}; a trough (for watering); trough.","strongs_number":"h8268"},"h8269":{"pronunciation":"sar","unicode":"שַׂר","translit":"sar","definition":"from {{h8323}}; a head person (of any rank or class); captain (that had rule), chief (captain), general, governor, keeper, lord,(-task-)master, prince(-ipal), ruler, steward.","strongs_number":"h8269"},"h8270":{"pronunciation":"shore","unicode":"שֹׁר","translit":"shôr","definition":"from {{h8324}}; (compare {{h8306}}); a string (as twisted ), i.e. (specifically) the umbilical cord (also figuratively, as the centre of strength); navel.","strongs_number":"h8270"},"h8271":{"pronunciation":"sher-ay'","unicode":"שְׁרֵא","translit":"shᵉrêʼ","definition":"(Aramaic) a root corresponding to that of {{h8293}}; to free, separate; figuratively, to unravel, commence; by implication (of unloading beasts) to reside; begin, dissolve, dwell, loose.","strongs_number":"h8271"},"h8272":{"pronunciation":"shar-eh'-tser","unicode":"שַׁרְאֶצֶר","translit":"Sharʼetser","definition":"of foreign derivation; Sharetser, the name of an Assyrian and an Israelite; Sharezer.","strongs_number":"h8272"},"h8273":{"pronunciation":"shaw-rawb'","unicode":"שָׁרָב","translit":"shârâb","definition":"from an unused root meaning to glare; quivering glow (of the air), especially the mirage; heat, parched ground.","strongs_number":"h8273"},"h8274":{"pronunciation":"shay-rayb-yaw'","unicode":"שֵׁרֵבְיָה","translit":"Shêrêbᵉyâh","definition":"from {{h8273}} and {{h3050}}; Jah has brought heat; Sherebjah, the name of two Israelites; Sherebiah.","strongs_number":"h8274"},"h8275":{"pronunciation":"shar-beet'","unicode":"שַׁרְבִיט","translit":"sharbîyṭ","definition":"for {{h7626}}; a rod of empire; sceptre.","strongs_number":"h8275"},"h8276":{"pronunciation":"saw-rag'","unicode":"שָׂרַג","translit":"sârag","definition":"a primitive root; to intwine; wrap together, wreath.","strongs_number":"h8276"},"h8277":{"pronunciation":"saw-rad'","unicode":"שָׂרַד","translit":"sârad","definition":"a primitive root; (compare {{h8279}}); properly, to puncture, i.e. (figuratively through the idea of slipping out) to escape or survive; remain.","strongs_number":"h8277"},"h8278":{"pronunciation":"ser-awd'","unicode":"שְׂרָד","translit":"sᵉrâd","definition":"from {{h8277}}; stitching (as pierced with a needle); service.","strongs_number":"h8278"},"h8279":{"pronunciation":"seh'-red","unicode":"שֶׂרֶד","translit":"sered","definition":"from {{h8277}}; a (carpenter's) scribing-awl (for pricking or scratching measurements); line.","strongs_number":"h8279"},"h8280":{"pronunciation":"saw-raw'","unicode":"שָׂרָה","translit":"sârâh","definition":"a primitive root; to prevail; have power (as a prince).","strongs_number":"h8280"},"h8281":{"pronunciation":"shaw-raw'","unicode":"שָׁרָה","translit":"shârâh","definition":"a primitive root; to free; direct.","strongs_number":"h8281"},"h8282":{"pronunciation":"saw-raw'","unicode":"שָׂרָה","translit":"sârâh","definition":"feminine of {{h8269}}; a mistress, i.e. female noble; lady, princess, queen.","strongs_number":"h8282"},"h8283":{"pronunciation":"saw-raw'","unicode":"שָׂרָה","translit":"Sârâh","definition":"the same as {{h8282}}; Sarah, Abraham's wife; Sarah.","strongs_number":"h8283"},"h8284":{"pronunciation":"shaw-raw'","unicode":"שָׁרָה","translit":"shârâh","definition":"probably feminine of {{h7791}}; a fortification (literally or figuratively); sing (by mistake for {{h7891}}), wall.","strongs_number":"h8284"},"h8285":{"pronunciation":"shay-raw'","unicode":"שֵׁרָה","translit":"shêrâh","definition":"from {{h8324}} in its original sense of pressing; a wrist-band (as compact or clasping); bracelet.","strongs_number":"h8285"},"h8286":{"pronunciation":"ser-oog'","unicode":"שְׂרוּג","translit":"Sᵉrûwg","definition":"from {{h8276}}; tendril; Serug, a postdiluvian patriarch; Serug.","strongs_number":"h8286"},"h8287":{"pronunciation":"shaw-roo-khen'","unicode":"שָׁרוּחֶן","translit":"Shârûwchen","definition":"probably from {{h8281}} (in the sense of dwelling (compare {{h8271}}) and {{h2580}}; abode of pleasure; Sharuchen, a place in Palestine; Sharuhen.","strongs_number":"h8287"},"h8288":{"pronunciation":"ser-oke'","unicode":"שְׂרוֹךְ","translit":"sᵉrôwk","definition":"from {{h8308}}; a thong (as laced or tied); (shoe-)latchet.","strongs_number":"h8288"},"h8289":{"pronunciation":"shaw-rone'","unicode":"שָׁרוֹן","translit":"Shârôwn","definition":"probably abridged from {{h3474}}; plain; Sharon, the name of a place in Palestine; Lasharon, Sharon.","strongs_number":"h8289"},"h8290":{"pronunciation":"shaw-ro-nee'","unicode":"שָׁרוֹנִי","translit":"Shârôwnîy","definition":"patrial from {{h8289}}; a Sharonite or inhabitant of Sharon; Sharonite.","strongs_number":"h8290"},"h8291":{"pronunciation":"sar-ook'","unicode":"שָׂרוּק","translit":"sârûwq","definition":"passive participle from the same as {{h8321}}; a grapevine; principal plant. See {{h8320}}, {{h8321}}.","strongs_number":"h8291"},"h8292":{"pronunciation":"sher-oo-kaw'","unicode":"שְׁרוּקָה","translit":"shᵉrûwqâh","definition":"or (by permutation) שְׁרִיקָה; feminine passive participle of {{h8319}}; a whistling (in scorn); by analogy, a piping; bleating, hissing.","strongs_number":"h8292"},"h8293":{"pronunciation":"shay-rooth'","unicode":"שֵׁרוּת","translit":"shêrûwth","definition":"from {{h8281}} abbreviated; freedom; remnant.","strongs_number":"h8293"},"h8294":{"pronunciation":"seh'-rakh","unicode":"שֶׂרַח","translit":"Serach","definition":"by permutation for {{h5629}}; superfluity; Serach, an Israelitess; Sarah, Serah.","strongs_number":"h8294"},"h8295":{"pronunciation":"saw-rat'","unicode":"שָׂרַט","translit":"sâraṭ","definition":"a primitive root; to gash; cut in pieces, make [cuttings] pieces.","strongs_number":"h8295"},"h8296":{"pronunciation":"seh'-ret","unicode":"שֶׂרֶט","translit":"sereṭ","definition":"and שָׂרֶטֶת; from {{h8295}}; an incision; cutting.","strongs_number":"h8296"},"h8297":{"pronunciation":"saw-rah'-ee","unicode":"שָׂרַי","translit":"Sâray","definition":"from {{h8269}}; dominative; Sarai, the wife of Abraham; Sarai.","strongs_number":"h8297"},"h8298":{"pronunciation":"shaw-rah'-ee","unicode":"שָׁרַי","translit":"Shâray","definition":"probably from {{h8324}}; hostile; Sharay, an Israelite; Sharai.","strongs_number":"h8298"},"h8299":{"pronunciation":"saw-reeg'","unicode":"שָׂרִיג","translit":"sârîyg","definition":"from {{h8276}}; a tendril (as entwining); branch.","strongs_number":"h8299"},"h8300":{"pronunciation":"saw-reed'","unicode":"שָׂרִיד","translit":"sârîyd","definition":"from {{h8277}}; a survivor; × alive, left, remain(-ing), remnant, rest.","strongs_number":"h8300"}}