{"h8301":{"pronunciation":"suw-reed'","unicode":"שָׂרִיד","translit":"Sârîyd","definition":"the same as {{h8300}}; Sarid, a place in Palestine; Sarid.","strongs_number":"h8301"},"h8302":{"pronunciation":"shir-yone'","unicode":"שִׁרְיוֹן","translit":"shiryôwn","definition":"or שִׁרְיֹן; and שִׁרְיָן; also (feminine) שִׁרְיָה; and שִׁרְיֹנָה; from {{h8281}} in the original sense of turning; a corslet (as if twisted); breastplate, coat of mail, habergeon, harness. See {{h5630}}.","strongs_number":"h8302"},"h8303":{"pronunciation":"shir-yone'","unicode":"שִׁרְיוֹן","translit":"Shiryôwn","definition":"and שִׂרְיֹן; the same as {{h8304}} (i.e. sheeted with snow); Shirjon or Sirjon, a peak of the Lebanon; Sirion.","strongs_number":"h8303"},"h8304":{"pronunciation":"ser-aw-yaw'","unicode":"שְׂרָיָה","translit":"Sᵉrâyâh","definition":"or שְׂרָיָהוּ; from {{h8280}} and {{h3050}}; Jah has prevailed; Serajah, the name of nine Israelites; Seraiah.","strongs_number":"h8304"},"h8305":{"pronunciation":"ser-ee-kaw'","unicode":"שְׂרִיקָה","translit":"sᵉrîyqâh","definition":"from the same as {{h8321}} in the original sense of piercing; hetchelling (or combing flax), i.e. (concretely) tow (by extension, linen cloth); fine.","strongs_number":"h8305"},"h8306":{"pronunciation":"shaw-reer'","unicode":"שָׁרִיר","translit":"shârîyr","definition":"from {{h8324}} in the original sense as in {{h8270}} (compare {{h8326}}); a cord, i.e. (by analogy) sinew; navel.","strongs_number":"h8306"},"h8307":{"pronunciation":"sher-ee-rooth'","unicode":"שְׁרִירוּת","translit":"shᵉrîyrûwth","definition":"from {{h8324}} in the sense of twisted, i.e. firm; obstinacy; imagination, lust.","strongs_number":"h8307"},"h8308":{"pronunciation":"saw-rak'","unicode":"שָׂרַךְ","translit":"sârak","definition":"a primitive root; to interlace; traverse.","strongs_number":"h8308"},"h8309":{"pronunciation":"sher-ay-maw'","unicode":"שְׁרֵמָה","translit":"shᵉrêmâh","definition":"probably by an orthographical error for {{h7709}}; a common; field.","strongs_number":"h8309"},"h8310":{"pronunciation":"sar-seh-keem'","unicode":"שַׂרְסְכִים","translit":"Sarçᵉkîym","definition":"of foreign derivation; Sarsekim, a Babylonian general; Sarsechim.","strongs_number":"h8310"},"h8311":{"pronunciation":"saw-rah'","unicode":"שָׂרַע","translit":"sâraʻ","definition":"a primitive root; to prolong, i.e. (reflex) be deformed by excess of members; stretch out self, (have any) superfluous thing.","strongs_number":"h8311"},"h8312":{"pronunciation":"sar-af'","unicode":"שַׂרְעַף","translit":"sarʻaph","definition":"for {{h5587}}; cogitation; thought.","strongs_number":"h8312"},"h8313":{"pronunciation":"saw-raf'","unicode":"שָׂרַף","translit":"sâraph","definition":"a primitive root; to be (causatively, set) on fire; (cause to, make a) burn((-ing), up) kindle, × utterly.","strongs_number":"h8313"},"h8314":{"pronunciation":"saw-rawf'","unicode":"שָׂרָף","translit":"sârâph","definition":"from {{h8313}}; burning, i.e. (figuratively) poisonous (serpent); specifically, a saraph or symbolical creature (from their copper color); fiery (serpent), seraph.","strongs_number":"h8314"},"h8315":{"pronunciation":"saw-raf'","unicode":"שָׂרָף","translit":"Sârâph","definition":"the same as {{h8314}}; Saraph, an Israelite; Saraph.","strongs_number":"h8315"},"h8316":{"pronunciation":"ser-ay-faw'","unicode":"שְׂרֵפָה","translit":"sᵉrêphâh","definition":"from {{h8313}}; cremation; burning.","strongs_number":"h8316"},"h8317":{"pronunciation":"shaw-rats'","unicode":"שָׁרַץ","translit":"shârats","definition":"a primitive root; to wriggle, i.e. (by implication) swarm or abound; breed (bring forth, increase) abundantly (in abundance), creep, move.","strongs_number":"h8317"},"h8318":{"pronunciation":"sheh'-rets","unicode":"שֶׁרֶץ","translit":"sherets","definition":"from {{h8317}}; a swarm, i.e. active mass of minute animals; creep(-ing thing), move(-ing creature).","strongs_number":"h8318"},"h8319":{"pronunciation":"shaw-rak'","unicode":"שָׁרַק","translit":"shâraq","definition":"a primitive root; properly, to be shrill, i.e. to whistle or hiss (as a call or in scorn); hiss.","strongs_number":"h8319"},"h8320":{"pronunciation":"saw-rook'","unicode":"שָׂרֻק","translit":"sâruq","definition":"from {{h8319}}; bright red (as piercing to the sight), i.e. bay; speckled. See {{h8291}}.","strongs_number":"h8320"},"h8321":{"pronunciation":"so-rake'","unicode":"שֹׂרֵק","translit":"sôrêq","definition":"or שׂוֹרֵק; and (feminine) שֹׂרֵקָה; from {{h8319}} in the sense of redness (compare {{h8320}}); a vine stock (properly, one yielding purple grapes, the richest variety); choice(-st, noble) wine. Compare {{h8291}}.","strongs_number":"h8321"},"h8322":{"pronunciation":"sher-ay-kaw'","unicode":"שְׁרֵקָה","translit":"shᵉrêqâh","definition":"from {{h8319}}; a derision; hissing.","strongs_number":"h8322"},"h8323":{"pronunciation":"saw-rar'","unicode":"שָׂרַר","translit":"sârar","definition":"a primitive root; to have (transitively, exercise; reflexively, get) dominion; × altogether, make self a prince, (bear) rule.","strongs_number":"h8323"},"h8324":{"pronunciation":"shaw-rar'","unicode":"שָׁרַר","translit":"shârar","definition":"a primitive root; to be hostile (only active participle an opponent); enemy.","strongs_number":"h8324"},"h8325":{"pronunciation":"shaw-rawr'","unicode":"שָׁרַר","translit":"Shârar","definition":"from {{h8324}}; hostile; Sharar, an Israelite; Sharar.","strongs_number":"h8325"},"h8326":{"pronunciation":"sho'-rer","unicode":"שֹׁרֶר","translit":"shôrer","definition":"from {{h8324}} in the sense of twisting (compare {{h8270}}); the umbilical cord, i.e. (by extension) a bodice; navel.","strongs_number":"h8326"},"h8327":{"pronunciation":"shaw-rash'","unicode":"שָׁרַשׁ","translit":"shârash","definition":"a primitive root; to root, i.e. strike into the soil, or (by implication) to pluck from it; (take, cause to take) root (out).","strongs_number":"h8327"},"h8328":{"pronunciation":"sheh'-resh","unicode":"שֶׁרֶשׁ","translit":"sheresh","definition":"from {{h8327}}; a root (literally or figuratively); bottom, deep, heel, root.","strongs_number":"h8328"},"h8329":{"pronunciation":"sheh'-resh","unicode":"שֶׁרֶשׁ","translit":"Sheresh","definition":"the same as {{h8328}}; Sheresh, an Israelite; Sharesh.","strongs_number":"h8329"},"h8330":{"pronunciation":"sho'-resh","unicode":"שֹׁרֶשׁ","translit":"shôresh","definition":"(Aramaic) corresponding to {{h8328}}; root.","strongs_number":"h8330"},"h8331":{"pronunciation":"shar-shaw'","unicode":"שַׁרְשָׁה","translit":"sharshâh","definition":"from {{h8327}}; a chain (as rooted, i.e. linked); chain. Compare {{h8333}}.","strongs_number":"h8331"},"h8332":{"pronunciation":"sher-o-shoo'","unicode":"שְׁרֹשׁוּ","translit":"shᵉrôshûw","definition":"(Aramaic) from a root corresponding to {{h8327}}; eradication, i.e. (figuratively) exile; banishment.","strongs_number":"h8332"},"h8333":{"pronunciation":"shar-sher-aw'","unicode":"שַׁרְשְׁרָה","translit":"sharshᵉrâh","definition":"from {{h8327}} (compare {{h8331}}); a chain; (architectural) probably a garland; chain.","strongs_number":"h8333"},"h8334":{"pronunciation":"shaw-rath'","unicode":"שָׁרַת","translit":"shârath","definition":"a primitive root; to attend as a menial or worshipper; figuratively, to contribute to; minister (unto), (do) serve(-ant, -ice, -itor), wait on.","strongs_number":"h8334"},"h8335":{"pronunciation":"shaw-rayth'","unicode":"שָׁרֵת","translit":"shârêth","definition":"infinitive of {{h8334}}; service (in the Temple); minister(-ry).","strongs_number":"h8335"},"h8336":{"pronunciation":"shaysh","unicode":"שֵׁשׁ","translit":"shêsh","definition":"or (for alliteration with {{h4897}}) שְׁשִׁי; for {{h7893}}; bleached stuff, i.e. white linen or (by analogy) marble; × blue, fine (twined) linen, marble, silk.","strongs_number":"h8336"},"h8337":{"pronunciation":"shaysh","unicode":"שֵׁשׁ","translit":"shêsh","definition":"masculine שִׁשָּׁה; a primitive number; see {{h7797}}; six (as an overplus\tbeyond five or the fingers of the hand); as ordinal sixth; six(-teen, -teenth), sixth.","strongs_number":"h8337"},"h8338":{"pronunciation":"shaw-shaw'","unicode":"שָׁשָׁא","translit":"shâshâʼ","definition":"a primitive root; apparently,; to annihilate; leave by the sixth part (by confusion with {{h8341}}).","strongs_number":"h8338"},"h8339":{"pronunciation":"shaysh-bats-tsar'","unicode":"שֵׁשְׁבַּצַּר","translit":"Shêshᵉbatstsar","definition":"of foreign derivation; Sheshbatstsar, Zerubbabel's Persian name; Sheshbazzar.","strongs_number":"h8339"},"h8340":{"pronunciation":"shaysh-bats-tsar'","unicode":"שֵׁשְׁבַּצַּר","translit":"Shêshᵉbatstsar","definition":"(Aramaic) corresponding to {{h8339}}; Sheshbazzar.","strongs_number":"h8340"},"h8341":{"pronunciation":"shaw-shaw'","unicode":"שָׁשָׁה","translit":"shâshâh","definition":"a denominative from {{h8337}}; to sixth or divide into sixths; give the sixth participle","strongs_number":"h8341"},"h8342":{"pronunciation":"saw-sone'","unicode":"שָׂשׂוֹן","translit":"sâsôwn","definition":"or שָׂשֹׂן; from {{h7797}}; cheerfulness; specifically, welcome; gladness, joy, mirth, rejoicing.","strongs_number":"h8342"},"h8343":{"pronunciation":"shaw-shah'-ee","unicode":"שָׁשַׁי","translit":"Shâshay","definition":"perhaps from {{h8336}}; whitish; Shashai, an Israelite; Shashai.","strongs_number":"h8343"},"h8344":{"pronunciation":"shay-shah'-ee","unicode":"שֵׁשַׁי","translit":"Shêshay","definition":"probably for {{h8343}}; Sheshai, a Canaanite; Sheshai.","strongs_number":"h8344"},"h8345":{"pronunciation":"shish-shee'","unicode":"שִׁשִּׁי","translit":"shishshîy","definition":"from {{h8337}}; sixth, ordinal or (feminine) fractional; sixth (part).","strongs_number":"h8345"},"h8346":{"pronunciation":"shish-sheem'","unicode":"שִׁשִּׁים","translit":"shishshîym","definition":"multiple of {{h8337}}; sixty; sixty, three score.","strongs_number":"h8346"},"h8347":{"pronunciation":"shay-shak'","unicode":"שֵׁשַׁךְ","translit":"Shêshak","definition":"of foreign derivation; Sheshak, a symbolic name of Babylon; Sheshach.","strongs_number":"h8347"},"h8348":{"pronunciation":"shay-shawn'","unicode":"שֵׁשָׁן","translit":"Shêshân","definition":"perhaps for {{h7799}}; lily; Sheshan, an Israelite; Sheshan.","strongs_number":"h8348"},"h8349":{"pronunciation":"shaw-shak'","unicode":"שָׁשַׁק","translit":"Shâshaq","definition":"probably from the base of {{h7785}}; pedestrian; Shashak, an Israelite; Shashak.","strongs_number":"h8349"},"h8350":{"pronunciation":"shaw-shar'","unicode":"שָׁשַׁר","translit":"shâshar","definition":"perhaps from the base of {{h8324}} in the sense of that of {{h8320}}; red ochre (from its piercing color); vermillion.","strongs_number":"h8350"},"h8351":{"pronunciation":"shayth","unicode":"שֵׁת","translit":"shêth","definition":"(Numbers 24:17) from {{h7582}}; tumult; Sheth.","strongs_number":"h8351"},"h8352":{"pronunciation":"shayth","unicode":"שֵׁת","translit":"Shêth","definition":"from {{h7896}}; put, i.e. substituted; Sheth, third son of Adam; Seth, Sheth.","strongs_number":"h8352"},"h8353":{"pronunciation":"shayth","unicode":"שֵׁת","translit":"shêth","definition":"(Aramaic) or שִׁת; (Aramaic), corresponding to {{h8337}}; six(-th).","strongs_number":"h8353"},"h8354":{"pronunciation":"shaw-thaw'","unicode":"שָׁתָה","translit":"shâthâh","definition":"a primitive root; to imbibe (literally or figuratively); × assuredly, banquet, × certainly, drink(-er, -ing), drunk (× -ard), surely. (Prop. intensive of {{h8248}}.)","strongs_number":"h8354"},"h8355":{"pronunciation":"sheth-aw'","unicode":"שְׁתָה","translit":"shᵉthâh","definition":"(Aramaic) corresponding to {{h8354}}; drink.","strongs_number":"h8355"},"h8356":{"pronunciation":"shaw-thaw'","unicode":"שָׁתָה","translit":"shâthâh","definition":"from {{h7896}}; a basis, i.e. (figuratively) political or moral support; foundation, purpose.","strongs_number":"h8356"},"h8357":{"pronunciation":"shay-thaw'","unicode":"שֵׁתָה","translit":"shêthâh","definition":"from {{h7896}}; the seat (of the person); buttock.","strongs_number":"h8357"},"h8358":{"pronunciation":"sheth-ee'","unicode":"שְׁתִי","translit":"shᵉthîy","definition":"from {{h8354}}; intoxicaion; drunkenness.","strongs_number":"h8358"},"h8359":{"pronunciation":"sheth-ee'","unicode":"שְׁתִי","translit":"shᵉthîy","definition":"from {{h7896}}; a fixture, i.e. the warp in weaving; warp.","strongs_number":"h8359"},"h8360":{"pronunciation":"sheth-ee-yaw'","unicode":"שְׁתִיָּה","translit":"shᵉthîyâh","definition":"feminine of {{h8358}}; potation; drinking.","strongs_number":"h8360"},"h8361":{"pronunciation":"shit-teen'","unicode":"שִׁתִּין","translit":"shittîyn","definition":"(Aramaic) corresponding to {{h8346}} (compare {{h8353}}); sixty; threescore.","strongs_number":"h8361"},"h8362":{"pronunciation":"shaw-thal'","unicode":"שָׁתַל","translit":"shâthal","definition":"a primitive root; to transplant; plant.","strongs_number":"h8362"},"h8363":{"pronunciation":"sheth-eel'","unicode":"שְׁתִל","translit":"shᵉthil","definition":"from {{h8362}}; a sprig (as if transplanted), i.e. sucker; plant.","strongs_number":"h8363"},"h8364":{"pronunciation":"shoo-thal-kee'","unicode":"שֻׁתַלְחִי","translit":"Shuthalchîy","definition":"patronymically from {{h7803}}; a Shuthalchite (collectively) or descendants of Shuthelach; Shuthalhites.","strongs_number":"h8364"},"h8365":{"pronunciation":"shaw-tham'","unicode":"שָׁתַם","translit":"shâtham","definition":"a primitive root; to unveil (figuratively); be open.","strongs_number":"h8365"},"h8366":{"pronunciation":"shaw-than'","unicode":"שָׁתַן","translit":"shâthan","definition":"a primitive root; (causatively) to make water, i.e. urinate; piss.","strongs_number":"h8366"},"h8367":{"pronunciation":"shaw-thak'","unicode":"שָׁתַק","translit":"shâthaq","definition":"a primitive root; to subside; be calm, cease, be quiet.","strongs_number":"h8367"},"h8368":{"pronunciation":"saw-thar'","unicode":"שָׂתַר","translit":"sâthar","definition":"a primitive root; to break out (as an eruption); have in (one's) secret parts.","strongs_number":"h8368"},"h8369":{"pronunciation":"shay-thawr'","unicode":"שֵׁתָר","translit":"Shêthâr","definition":"of foreign derivation; Shethar, a Persian satrap; Shethar.","strongs_number":"h8369"},"h8370":{"pronunciation":"sheth-ar' bo-zen-ah'-ee","unicode":"שְׁתַר בּוֹזְנַי","translit":"Shᵉthar Bôwzᵉnay","definition":"of foreign derivation; Shethar-Bozenai, a Persian officer; Shetharboznai.","strongs_number":"h8370"},"h8371":{"pronunciation":"shaw-thath'","unicode":"שָׁתַת","translit":"shâthath","definition":"a primitive root; to place, i.e. array; reflex. to lie; be laid, set. t","strongs_number":"h8371"},"h8372":{"pronunciation":"taw","unicode":"תָּא","translit":"tâʼ","definition":"and (feminine) תָּאָה; (Ezekiel 40:12), from (the base of) {{h8376}}; a room (as circumscribed); (little) chamber.","strongs_number":"h8372"},"h8373":{"pronunciation":"taw-ab'","unicode":"תָּאַב","translit":"tâʼab","definition":"a primitive root; to desire; long.","strongs_number":"h8373"},"h8374":{"pronunciation":"taw-ab'","unicode":"תָּאַב","translit":"tâʼab","definition":"a primitive root (probably identical with {{h8373}} through the idea of puffing disdainfully at; compare {{h340}}); to loathe (morally); abhor.","strongs_number":"h8374"},"h8375":{"pronunciation":"tah-ab-aw'","unicode":"תַּאֲבָה","translit":"taʼăbâh","definition":"from {{h8374}} (compare {{h15}}); desire; longing.","strongs_number":"h8375"},"h8376":{"pronunciation":"taw-aw'","unicode":"תָּאָה","translit":"tâʼâh","definition":"a primitive root; to mark off, i.e. (intensively) designate; point out.","strongs_number":"h8376"},"h8377":{"pronunciation":"teh-o'","unicode":"תְּאוֹ","translit":"tᵉʼôw","definition":"and תּוֹא; (the original form), from {{h8376}}; a species of antelope (probably from the white stripe on the cheek); wild bull (ox).","strongs_number":"h8377"},"h8378":{"pronunciation":"tah-av-aw'","unicode":"תַּאֲוָה","translit":"taʼăvâh","definition":"from {{h183}} (abbreviated); a longing; by implication, a delight (subjectively, satisfaction, objectively, a charm); dainty, desire, × exceedingly, × greedily, lust(ing), pleasant. See also {{h6914}}.","strongs_number":"h8378"},"h8379":{"pronunciation":"tah-av-aw'","unicode":"תַּאֲוָה","translit":"taʼăvâh","definition":"from {{h8376}}; a limit, i.e. full extent; utmost bound.","strongs_number":"h8379"},"h8380":{"pronunciation":"taw-ome'","unicode":"תָּאוֹם","translit":"tâʼôwm","definition":"or תָּאֹם; from {{h8382}}; a twin (in plural only), literally or figuratively; twins.","strongs_number":"h8380"},"h8381":{"pronunciation":"tah-al-aw'","unicode":"תַּאֲלָה","translit":"taʼălâh","definition":"from {{h422}}; an imprecation; curse.","strongs_number":"h8381"},"h8382":{"pronunciation":"taw-am'","unicode":"תָּאַם","translit":"tâʼam","definition":"a primitive root; to be complete; but used only as denominative from {{h8380}},; to be (causatively, make) twinned, i.e. (figuratively) duplicate or (architectural) jointed; coupled (together), bear twins.","strongs_number":"h8382"},"h8383":{"pronunciation":"teh-oon'","unicode":"תְּאֻן","translit":"tᵉʼun","definition":"from {{h205}}; naughtiness, i.e. toil; lie.","strongs_number":"h8383"},"h8384":{"pronunciation":"teh-ane'","unicode":"תְּאֵן","translit":"tᵉʼên","definition":"or (in the singular, feminine) תְּאֵנָה; perhaps of foreign derivation; the fig (tree or fruit); fig (tree).","strongs_number":"h8384"},"h8385":{"pronunciation":"tah-an-aw'","unicode":"תַּאֲנָה","translit":"taʼănâh","definition":"or תֹּאֲנָה; from {{h579}}; an opportunity or (subjectively) purpose; occasion.","strongs_number":"h8385"},"h8386":{"pronunciation":"tah-an-ee-yaw'","unicode":"תַּאֲנִיָּה","translit":"taʼănîyâh","definition":"from {{h578}}; lamentation; heaviness, mourning.","strongs_number":"h8386"},"h8387":{"pronunciation":"tah-an-ath' shee-lo'","unicode":"תַּאֲנַת שִׁלֹה","translit":"Taʼănath Shilôh","definition":"from {{h8385}} and {{h7887}}; approach of Shiloh; Taanath-Shiloh, a place in Palestine; Taanath-shiloh.","strongs_number":"h8387"},"h8388":{"pronunciation":"taw-ar'","unicode":"תָּאַר","translit":"tâʼar","definition":"a primitive root; to delineate; reflex. to extend; be drawn, mark out, (Rimmon-) methoar (by union with {{h7417}}).","strongs_number":"h8388"},"h8389":{"pronunciation":"to'-ar","unicode":"תֹּאַר","translit":"tôʼar","definition":"from {{h8388}}; outline, i.e. figure or appearance; beautiful, × comely, countenance,   fair, × favoured, form, × goodly, × resemble, visage.","strongs_number":"h8389"},"h8390":{"pronunciation":"tah-ar-ay'-ah","unicode":"תַּאֲרֵעַ","translit":"Taʼărêaʻ","definition":"perhaps from {{h772}}; Taarea, an Israelite; Tarea. See {{h8475}}.","strongs_number":"h8390"},"h8391":{"pronunciation":"teh-ash-shoor'","unicode":"תְּאַשּׁוּר","translit":"tᵉʼashshûwr","definition":"from {{h833}}; a species of cedar (from its erectness); box (tree).","strongs_number":"h8391"},"h8392":{"pronunciation":"tay-baw'","unicode":"תֵּבָה","translit":"têbâh","definition":"perhaps of foreign derivation; a box; ark.","strongs_number":"h8392"},"h8393":{"pronunciation":"teb-oo-aw'","unicode":"תְּבוּאָה","translit":"tᵉbûwʼâh","definition":"from {{h935}}; income, i.e. produce (literally or figuratively); fruit, gain, increase, revenue.","strongs_number":"h8393"},"h8394":{"pronunciation":"taw-boon'","unicode":"תָּבוּן","translit":"tâbûwn","definition":"and (feminine) תְּבוּנָה; or תּוֹבֻנָה; from {{h995}}; intelligence; by implication, an argument; by extension, caprice; discretion, reason, skilfulness, understanding, wisdom.","strongs_number":"h8394"},"h8395":{"pronunciation":"teb-oo-saw'","unicode":"תְּבוּסָה","translit":"tᵉbûwçâh","definition":"from {{h947}}; a treading down, i.e. ruin; destruction.","strongs_number":"h8395"},"h8396":{"pronunciation":"taw-bore'","unicode":"תָּבוֹר","translit":"Tâbôwr","definition":"from a root corresponding to {{h8406}}; broken region; Tabor, a mountain in Palestine, also a city adjacent; Tabor.","strongs_number":"h8396"},"h8397":{"pronunciation":"teh'-bel","unicode":"תֶּבֶל","translit":"tebel","definition":"apparently from {{h1101}}; mixture, i.e. unnatural bestiality; confusion.","strongs_number":"h8397"},"h8398":{"pronunciation":"tay-bale'","unicode":"תֵּבֵל","translit":"têbêl","definition":"from {{h2986}}; the earth (as moist and therefore inhabited); by extension, the globe; by implication, its inhabitants; specifically, a particular land, as Babylonia, Palestine; habitable part, world.","strongs_number":"h8398"},"h8399":{"pronunciation":"tab-leeth'","unicode":"תַּבְלִית","translit":"tablîyth","definition":"from {{h1086}}; consumption; destruction.","strongs_number":"h8399"},"h8400":{"pronunciation":"teb-al-lool'","unicode":"תְּבַּלֻּל","translit":"tᵉballul","definition":"from {{h1101}} in the original sense of flowing; a cataract (in the eye); blemish.","strongs_number":"h8400"}}