{"h901":{"pronunciation":"baw-gode'","unicode":"בָּגוֹד","translit":"bâgôwd","definition":"from {{h898}}; treacherous; treacherous.","strongs_number":"h901"},"h902":{"pronunciation":"big-vah'ee","unicode":"בִּגְוַי","translit":"Bigvay","definition":"probably of foreign origin; Bigvai, an Israelite; Bigvai.","strongs_number":"h902"},"h903":{"pronunciation":"big-thaw'","unicode":"בִּגְתָא","translit":"Bigthâʼ","definition":"of Persian derivation; Bigtha, a eunuch of Xerxes; Bigtha.","strongs_number":"h903"},"h904":{"pronunciation":"big-thawn'","unicode":"בִּגְתָן","translit":"Bigthân","definition":"or בִּגְתָנָא; of similar derivation to {{h903}}; Bigthan or Bigthana, a eunuch of Xerxes; Bigthan, Bigthana.","strongs_number":"h904"},"h905":{"pronunciation":"bad","unicode":"בַּד","translit":"bad","definition":"from {{h909}}; properly, separation; by implication, a part of the body, branch of a tree, bar for carrying; figuratively, chief of a city; especially (with prepositional prefix) as an adverb, apart, only, besides; alone, apart, bar, besides, branch, by self, of each alike, except, only, part, staff, strength.","strongs_number":"h905"},"h906":{"pronunciation":"bad","unicode":"בַּד","translit":"bad","definition":"perhaps from {{h909}} (in the sense of divided fibres); flaxen thread or yarn; hence, a linen garment; linen.","strongs_number":"h906"},"h907":{"pronunciation":"bad","unicode":"בַּד","translit":"bad","definition":"from {{h908}}; a brag or lie; also a liar; liar, lie.","strongs_number":"h907"},"h908":{"pronunciation":"baw-daw'","unicode":"בָּדָא","translit":"bâdâʼ","definition":"a primitive root; (figuratively) to invent; devise, feign.","strongs_number":"h908"},"h909":{"pronunciation":"baw-dad'","unicode":"בָּדַד","translit":"bâdad","definition":"a primitive root; to divide, i.e. (reflex.) be solitary; alone.","strongs_number":"h909"},"h910":{"pronunciation":"baw-dawd'","unicode":"בָּדָד","translit":"bâdâd","definition":"from {{h909}}; separate; adverb, separately; alone, desolate, only, solitary.","strongs_number":"h910"},"h911":{"pronunciation":"bed-ad'","unicode":"בְּדַד","translit":"Bᵉdad","definition":"from {{h909}}; separation; Bedad, an Edomite; Bedad.","strongs_number":"h911"},"h912":{"pronunciation":"bay-de-yaw'","unicode":"בֵּדְיָה","translit":"Bêdᵉyâh","definition":"probably a shortened form {{h5662}}; servant of Jehovah; Bedejah, an Israelite; Bedeiah.","strongs_number":"h912"},"h913":{"pronunciation":"bed-eel'","unicode":"בְּדִיל","translit":"bᵉdîyl","definition":"from {{h914}}; alloy (because removed by smelting); by analogy, tin; plummet, tin.","strongs_number":"h913"},"h914":{"pronunciation":"baw-dal'","unicode":"בָּדַל","translit":"bâdal","definition":"a primitive root; to divide (in variation senses literally or figuratively, separate, distinguish, differ, select, etc.); (make, put) difference, divide (asunder), (make) separate (self, -ation), sever (out), × utterly.","strongs_number":"h914"},"h915":{"pronunciation":"baw-dawl'","unicode":"בָּדָל","translit":"bâdâl","definition":"from {{h914}}; a part; piece.","strongs_number":"h915"},"h916":{"pronunciation":"bed-o'-lakh","unicode":"בְּדֹלַח","translit":"bᵉdôlach","definition":"probably from {{h914}}; something in pieces, i.e. bdellium, a (fragrant) gum (perhaps amber); others a pearl; bdellium.","strongs_number":"h916"},"h917":{"pronunciation":"bed-awn'","unicode":"בְּדָן","translit":"Bᵉdân","definition":"probably shortened for {{h5658}}; servile; Bedan, the name of two Israelites; Bedan.","strongs_number":"h917"},"h918":{"pronunciation":"baw-dak'","unicode":"בָּדַק","translit":"bâdaq","definition":"a primitive root; to gap open; used only as a denominative from {{h919}}; to mend a breach; repair.","strongs_number":"h918"},"h919":{"pronunciation":"beh'-dek","unicode":"בֶּדֶק","translit":"bedeq","definition":"from {{h918}}; a gap or leak (in a building or a ship); breach,   calker.","strongs_number":"h919"},"h920":{"pronunciation":"bid-car'","unicode":"בִּדְקַר","translit":"Bidqar","definition":"probably from {{h1856}} with a prepositional prefix; by stabbing, i.e. assassin; Bidkar, an Israelite; Bidkar.","strongs_number":"h920"},"h921":{"pronunciation":"bed-ar'","unicode":"בְּדַר","translit":"bᵉdar","definition":"(Aramaic) corresponding (by transposition) to {{h6504}}; to scatter; scatter.","strongs_number":"h921"},"h922":{"pronunciation":"bo'-hoo","unicode":"בֹּהוּ","translit":"bôhûw","definition":"from an unused root (meaning to be empty); a vacuity, i.e. (superficially) an undistinguishable ruin; emptiness, void.","strongs_number":"h922"},"h923":{"pronunciation":"bah'-hat","unicode":"בַּהַט","translit":"bahaṭ","definition":"from an unused root (probably meaning to glisten); white marble or perhaps alabaster; red (marble).","strongs_number":"h923"},"h924":{"pronunciation":"be-hee-loo'","unicode":"בְּהִילוּ","translit":"bᵉhîylûw","definition":"(Aramaic) from {{h927}}; a hurry; only adverb, hastily; in haste.","strongs_number":"h924"},"h925":{"pronunciation":"baw-here'","unicode":"בָּהִיר","translit":"bâhîyr","definition":"from an unused root (meaning to be bright); shining; bright.","strongs_number":"h925"},"h926":{"pronunciation":"baw-hal'","unicode":"בָּהַל","translit":"bâhal","definition":"a primitive root; to tremble inwardly (or palpitate), i.e. (figuratively) be (causative, make) (suddenly) alarmed or agitated; by implication to hasten anxiously; be (make) affrighted (afraid, amazed, dismayed, rash), (be, get, make) haste(-n, -y, -ily), (give) speedy(-ily), thrust out, trouble, vex.","strongs_number":"h926"},"h927":{"pronunciation":"be-hal'","unicode":"בְּהַל","translit":"bᵉhal","definition":"(Aramaic) corresponding to {{h926}}; to terrify, hasten; in haste, trouble.","strongs_number":"h927"},"h928":{"pronunciation":"beh-haw-law'","unicode":"בֶּהָלָה","translit":"behâlâh","definition":"from {{h926}}; panic, destruction; terror, trouble.","strongs_number":"h928"},"h929":{"pronunciation":"be-hay-maw'","unicode":"בְּהֵמָה","translit":"bᵉhêmâh","definition":"from an unused root (probably meaning to be mute); properly, a dumb beast; especially any large quadruped or animal (often collective); beast, cattle.","strongs_number":"h929"},"h930":{"pronunciation":"be-hay-mohth'","unicode":"בְּהֵמוֹת","translit":"bᵉhêmôwth","definition":"in form a plural or {{h929}}, but really a singular of Egyptian derivation; a water-ox, i.e. the hippopotamus or Nile-horse; Behemoth.","strongs_number":"h930"},"h931":{"pronunciation":"bo'-hen","unicode":"בֹּהֶן","translit":"bôhen","definition":"from an unused root apparently meaning to be thick; the thumb of the hand or great toe of the foot; thumb, great toe.","strongs_number":"h931"},"h932":{"pronunciation":"bo'han","unicode":"בֹּהַן","translit":"Bôhan","definition":"an orthographical variation of {{h931}}; thumb, Bohan, an Israelite; Bohan.","strongs_number":"h932"},"h933":{"pronunciation":"bo'-hak","unicode":"בֹּהַק","translit":"bôhaq","definition":"from an unused root meaning to be pale; white scurf; freckled spot.","strongs_number":"h933"},"h934":{"pronunciation":"bo-heh'-reth","unicode":"בֹּהֶרֶת","translit":"bôhereth","definition":"feminine active participle of the same as {{h925}}; a whitish spot on the skin; bright spot.","strongs_number":"h934"},"h935":{"pronunciation":"bo","unicode":"בּוֹא","translit":"bôwʼ","definition":"a primitive root; to go or come (in a wide variety of applications); abide, apply, attain, × be, befall,   besiege, bring (forth, in, into, to pass), call, carry, × certainly, (cause, let, thing for) to come (against, in, out, upon, to pass), depart, × doubtless again,   eat,   employ, (cause to) enter (in, into, -tering, -trance, -try), be fallen, fetch,   follow, get, give, go (down, in, to war), grant,   have, × indeed, (in-) vade, lead, lift (up), mention, pull in, put, resort, run (down), send, set, × (well) stricken (in age), × surely, take (in), way.","strongs_number":"h935"},"h936":{"pronunciation":"booz","unicode":"בּוּז","translit":"bûwz","definition":"a primitive root; to disrespect; contemn, despise, × utterly.","strongs_number":"h936"},"h937":{"pronunciation":"booz","unicode":"בּוּז","translit":"bûwz","definition":"from {{h936}}; disrespect; contempt(-uously), despised, shamed.","strongs_number":"h937"},"h938":{"pronunciation":"booz","unicode":"בּוּז","translit":"Bûwz","definition":"the same as {{h937}}; Buz, the name of a son of Nahor, and of an Israelite; Buz.","strongs_number":"h938"},"h939":{"pronunciation":"boo-zaw'","unicode":"בּוּזָה","translit":"bûwzâh","definition":"feminine passive participle of {{h936}}; something scorned; an object of contempt; despised.","strongs_number":"h939"},"h940":{"pronunciation":"boo-zee'","unicode":"בּוּזִי","translit":"Bûwzîy","definition":"patronymic from {{h938}}; a Buzite or descendant of Buz; Buzite.","strongs_number":"h940"},"h941":{"pronunciation":"boo-zee'","unicode":"בּוּזִי","translit":"Bûwzîy","definition":"the same as {{h940}}; Buzi, an Israelite; Buzi.","strongs_number":"h941"},"h942":{"pronunciation":"bav-vah'ee","unicode":"בַּוַּי","translit":"Bavvay","definition":"probably of Persian origin; Bavvai, an Israelite; Bavai.","strongs_number":"h942"},"h943":{"pronunciation":"book","unicode":"בּוּךְ","translit":"bûwk","definition":"a primitive root; to involve (literally or figuratively); be entangled, (perplexed).","strongs_number":"h943"},"h944":{"pronunciation":"bool","unicode":"בּוּל","translit":"bûwl","definition":"for {{h2981}}; produce (of the earth, etc.); food, stock.","strongs_number":"h944"},"h945":{"pronunciation":"bool","unicode":"בּוּל","translit":"Bûwl","definition":"the same as {{h944}} (in the sense of rain); Bul, the eighth Hebrew month; Bul.","strongs_number":"h945"},"h946":{"pronunciation":"boo-naw'","unicode":"בּוּנָה","translit":"Bûwnâh","definition":"from {{h995}}; discretion; Bunah, an Israelite; Bunah.","strongs_number":"h946"},"h947":{"pronunciation":"boos","unicode":"בּוּס","translit":"bûwç","definition":"a primitive root; to trample (literally or figuratively); loath, tread (down, under (foot)), be polluted.","strongs_number":"h947"},"h948":{"pronunciation":"boots","unicode":"בּוּץ","translit":"bûwts","definition":"from an unused root (of the same form) meaning to bleach, i.e. (intransitive) be white; probably cotton (of some sort); fine (white) linen.","strongs_number":"h948"},"h949":{"pronunciation":"bo-tsates'","unicode":"בּוֹצֵץ","translit":"Bôwtsêts","definition":"from the same as {{h948}}; shining; Botsets, a rock near Michmash; Bozez.","strongs_number":"h949"},"h950":{"pronunciation":"boo-kaw'","unicode":"בּוּקָה","translit":"bûwqâh","definition":"feminine passive participle of an unused root (meaning to be hollow); emptiness (as adjective); empty.","strongs_number":"h950"},"h951":{"pronunciation":"bo-kare'","unicode":"בּוֹקֵר","translit":"bôwqêr","definition":"properly, active participle from {{h1239}} as denominative from {{h1241}}; a cattle-tender; herdman.","strongs_number":"h951"},"h952":{"pronunciation":"boor","unicode":"בּוּר","translit":"bûwr","definition":"a primitive root; to bore, i.e. (figuratively) examine; declare.","strongs_number":"h952"},"h953":{"pronunciation":"bore","unicode":"בּוֹר","translit":"bôwr","definition":"from {{h952}} (in the sense of {{h877}}); a pit hole (especially one used as a cistern or a prison); cistern, dungeon, fountain, pit, well.","strongs_number":"h953"},"h954":{"pronunciation":"boosh","unicode":"בּוּשׁ","translit":"bûwsh","definition":"a primitive root; properly, to pale, i.e. by implication to be ashamed; also (by implication) to be disappointed or delayed; (be, make, bring to, cause, put to, with, a-) shamed(-d), be (put to) confounded(-fusion), become dry, delay, be long.","strongs_number":"h954"},"h955":{"pronunciation":"boo-shaw'","unicode":"בּוּשָׁה","translit":"bûwshâh","definition":"feminine participle passive of {{h954}}; shame; shame.","strongs_number":"h955"},"h956":{"pronunciation":"booth","unicode":"בּוּת","translit":"bûwth","definition":"(Aramaic) apparent denominative from {{h1005}}; to lodge over night; pass the night.","strongs_number":"h956"},"h957":{"pronunciation":"baz","unicode":"בַּז","translit":"baz","definition":"from {{h962}}; plunder; booty, prey, spoil(-ed).","strongs_number":"h957"},"h958":{"pronunciation":"baw-zaw'","unicode":"בָּזָא","translit":"bâzâʼ","definition":"a primitive root; probably to cleave; spoil.","strongs_number":"h958"},"h959":{"pronunciation":"baw-zaw'","unicode":"בָּזָה","translit":"bâzâh","definition":"a primitive root; to disesteem; despise, disdain, contemn(-ptible),   think to scorn, vile person.","strongs_number":"h959"},"h960":{"pronunciation":"baw-zo'","unicode":"בָּזֹה","translit":"bâzôh","definition":"from {{h959}}; scorned; despise.","strongs_number":"h960"},"h961":{"pronunciation":"biz-zaw'","unicode":"בִּזָּה","translit":"bizzâh","definition":"feminine of {{h957}}; booty; prey, spoil.","strongs_number":"h961"},"h962":{"pronunciation":"baw-zaz'","unicode":"בָּזַז","translit":"bâzaz","definition":"a primitive root; to plunder; catch, gather, (take) for a prey, rob(-ber), spoil, take (away, spoil), × utterly.","strongs_number":"h962"},"h963":{"pronunciation":"biz-zaw-yone'","unicode":"בִּזָּיוֹן","translit":"bizzâyôwn","definition":"from {{h959}}; disesteem; contempt.","strongs_number":"h963"},"h964":{"pronunciation":"biz-yo-the-yaw'","unicode":"בִּזְיוֹתְיָה","translit":"bizyôwthᵉyâh","definition":"from {{h959}} and {{h3050}}; contempts of Jah; Bizjothjah, a place in Palestine; Bizjothjah.","strongs_number":"h964"},"h965":{"pronunciation":"baw-zawk'","unicode":"בָּזָק","translit":"bâzâq","definition":"from an unused root meaning to lighten; a flash of lightning; flash of lightning.","strongs_number":"h965"},"h966":{"pronunciation":"beh'-zak","unicode":"בֶּזֶק","translit":"Bezeq","definition":"from {{h965}}; lightning; Bezek, a place in Palestine; Bezek.","strongs_number":"h966"},"h967":{"pronunciation":"baw-zar'","unicode":"בָּזַר","translit":"bâzar","definition":"a primitive root; to disperse; scatter.","strongs_number":"h967"},"h968":{"pronunciation":"biz-thaw'","unicode":"בִּזְתָא","translit":"Bizthâʼ","definition":"of Persian origin; Biztha, a eunuch of Xerxes; Biztha.","strongs_number":"h968"},"h969":{"pronunciation":"baw-khone'","unicode":"בָּחוֹן","translit":"bâchôwn","definition":"from {{h974}}; an assayer or metals; tower.","strongs_number":"h969"},"h970":{"pronunciation":"baw-khoor'","unicode":"בָּחוּר","translit":"bâchûwr","definition":"or בָּחֻר; participle passive of {{h977}}; properly, selected, i.e. a youth (often collective); (choice) young (man), chosen, × hole.","strongs_number":"h970"},"h971":{"pronunciation":"bakh-een'","unicode":"בַּחִין","translit":"bachîyn","definition":"another form of {{h975}}; a watch-tower of besiegers; tower.","strongs_number":"h971"},"h972":{"pronunciation":"baw-kheer'","unicode":"בָּחִיר","translit":"bâchîyr","definition":"from {{h977}}; select; choose, chosen one, elect.","strongs_number":"h972"},"h973":{"pronunciation":"baw-khal'","unicode":"בָּחַל","translit":"bâchal","definition":"a primitive root; to loath; abhor, get hastily (from the margin for {{h926}}).","strongs_number":"h973"},"h974":{"pronunciation":"baw-khan'","unicode":"בָּחַן","translit":"bâchan","definition":"a primitive root; to test (especially metals); generally and figuratively, to investigate; examine, prove, tempt, try (trial).","strongs_number":"h974"},"h975":{"pronunciation":"bakh'-an","unicode":"בַּחַן","translit":"bachan","definition":"from {{h974}} (in the sense of keeping a look-out); a watch-tower; tower.","strongs_number":"h975"},"h976":{"pronunciation":"bo'-khan","unicode":"בֹּחַן","translit":"bôchan","definition":"from {{h974}}; trial; tried.","strongs_number":"h976"},"h977":{"pronunciation":"baw-khar'","unicode":"בָּחַר","translit":"bâchar","definition":"a primitive root; properly, to try, i.e. (by implication) select; acceptable, appoint, choose (choice), excellent, join, be rather, require.","strongs_number":"h977"},"h978":{"pronunciation":"bakh-ar-oo-mee'","unicode":"בַּחֲרוּמִי","translit":"Bachărûwmîy","definition":"patrial from {{h980}} (by transposition); a Bacharumite or inhabitant of Bachurim; Baharumite.","strongs_number":"h978"},"h979":{"pronunciation":"bekh-oo-rothe'","unicode":"בְּחֻרוֹת","translit":"bᵉchurôwth","definition":"or בְּחוּרוֹת; feminine plural of {{h970}}; also (masculine plural) בְּחֻרִים; youth (collectively and abstractly); young men, youth.","strongs_number":"h979"},"h980":{"pronunciation":"bakh-oo-reem'","unicode":"בַּחֻרִים","translit":"Bachurîym","definition":"or בַּחוּרִים; masculine plural of {{h970}}; young men; Bachurim, a place in Palestine; Bahurim.","strongs_number":"h980"},"h981":{"pronunciation":"baw-taw'","unicode":"בָּטָא","translit":"bâṭâʼ","definition":"or בָּטָה; a primitive root; to babble; hence, to vociferate angrily; pronounce, speak (unadvisedly).","strongs_number":"h981"},"h982":{"pronunciation":"baw-takh'","unicode":"בָּטַח","translit":"bâṭach","definition":"a primitive root; properly, to hie for refuge (but not so precipitately as {{h2620}}); figuratively, to trust, be confident or sure; be bold (confident, secure, sure), careless (one, woman), put confidence, (make to) hope, (put, make to) trust.","strongs_number":"h982"},"h983":{"pronunciation":"beh'takh","unicode":"בֶּטַח","translit":"beṭach","definition":"from {{h982}}; properly, a place of refuge; abstract, safety, both the fact (security) and the feeling (trust); often (adverb with or without preposition) safely; assurance, boldly, (without) care(-less), confidence, hope, safe(-ly, -ty), secure, surely.","strongs_number":"h983"},"h984":{"pronunciation":"beh'takh","unicode":"בֶּטַח","translit":"Beṭach","definition":"the same as {{h983}}; Betach, a place in Syria; Betah.","strongs_number":"h984"},"h985":{"pronunciation":"bit-khaw'","unicode":"בִּטְחָה","translit":"biṭchâh","definition":"feminine of {{h984}}; trust; confidence.","strongs_number":"h985"},"h986":{"pronunciation":"bit-taw-khone'","unicode":"בִּטָּחוֹן","translit":"biṭṭâchôwn","definition":"from {{h982}}; trust; confidence, hope.","strongs_number":"h986"},"h987":{"pronunciation":"bat-too-khoth'","unicode":"בַּטֻּחוֹת","translit":"baṭṭuchôwth","definition":"feminine plural from {{h982}}; security; secure.","strongs_number":"h987"},"h988":{"pronunciation":"baw-tale'","unicode":"בָּטֵל","translit":"bâṭêl","definition":"a primitive root; to desist from labor; cease.","strongs_number":"h988"},"h989":{"pronunciation":"bet-ale'","unicode":"בְּטֵל","translit":"bᵉṭêl","definition":"(Aramaic) corresponding to {{h988}}; to stop; (cause, make to), cease, hinder.","strongs_number":"h989"},"h990":{"pronunciation":"beh'-ten","unicode":"בֶּטֶן","translit":"beṭen","definition":"from an unused root probably meaning to be hollow; the belly, especially the womb; also the bosom or body of anything; belly, body,   as they be born,   within, womb.","strongs_number":"h990"},"h991":{"pronunciation":"beh'-ten","unicode":"בֶּטֶן","translit":"Beṭen","definition":"the same as {{h990}}; Beten. a place in Palestine; Beten.","strongs_number":"h991"},"h992":{"pronunciation":"bo'-ten","unicode":"בֹּטֶן","translit":"bôṭen","definition":"from {{h990}}; (only in plural) a pistachio-nut (from its form); nut.","strongs_number":"h992"},"h993":{"pronunciation":"bet-o-neem'","unicode":"בְּטֹנִים","translit":"Bᵉṭônîym","definition":"probably plural from {{h992}}; hollows; Betonim, a place in Palestine; Betonim.","strongs_number":"h993"},"h994":{"pronunciation":"bee","unicode":"בִּי","translit":"bîy","definition":"perhaps from {{h1158}} (in the sense of asking); properly, a request; used only adverbially (always with 'my Lord'); oh that!; with leave, or if it please; alas, O, oh.","strongs_number":"h994"},"h995":{"pronunciation":"bene","unicode":"בִּין","translit":"bîyn","definition":"a primitive root; to separate mentally (or distinguish), i.e.(generally) understand; attend, consider, be cunning, diligently, direct, discern, eloquent, feel, inform, instruct, have intelligence, know, look well to, mark, perceive, be prudent, regard, (can) skill(-full), teach, think, (cause, make to, get, give, have) understand(-ing), view, (deal) wise(-ly, man).","strongs_number":"h995"},"h996":{"pronunciation":"bane","unicode":"בֵּין","translit":"bêyn","definition":"(sometimes in the plural masculine or feminine); properly, the constructive form of an otherwise unused noun from {{h995}}; a distinction; but used only as a preposition,; between (repeated before each noun, often with other particles); also as a conjunction, either...or; among, asunder, at, between (-twixt...and), + from (the widest), × in, out of, whether (it be...or), within.","strongs_number":"h996"},"h997":{"pronunciation":"bane","unicode":"בֵּין","translit":"bêyn","definition":"(Aramaic) corresponding to {{h996}}; among, between.","strongs_number":"h997"},"h998":{"pronunciation":"bee-naw'","unicode":"בִּינָה","translit":"bîynâh","definition":"from {{h995}}; understanding; knowledge, meaning, × perfectly, understanding, wisdom.","strongs_number":"h998"},"h999":{"pronunciation":"bee-naw'","unicode":"בִּינָה","translit":"bîynâh","definition":"(Aramaic) corresponding to {{h998}}; knowledge.","strongs_number":"h999"},"h1000":{"pronunciation":"bay-tsaw'","unicode":"בֵּיצָה","translit":"bêytsâh","definition":"from the same as {{h948}}; an egg (from its whiteness); egg.","strongs_number":"h1000"}}